datetime,temp_max,temp_min,humidity,wind_speed,precipitation,month,temp_max_day_1,temp_min_day_1,humidity_day_1,wind_speed_day_1,temp_max_day_2,temp_min_day_2,humidity_day_2,wind_speed_day_2,temp_max_day_3,temp_min_day_3,humidity_day_3,wind_speed_day_3,temp_max_day_4,temp_min_day_4,humidity_day_4,wind_speed_day_4,temp_max_day_5,temp_min_day_5,humidity_day_5,wind_speed_day_5,temp_max_day_6,temp_min_day_6,humidity_day_6,wind_speed_day_6,temp_max_day_7,temp_min_day_7,humidity_day_7,wind_speed_day_7
2014-01-01,18.1,8.8,78,8.7,0.0,1,18.4,9.8,77.0,10.4,19.0,9.2,78.0,12.3,18.3,11.0,83.0,14.8,17.6,12.1,78.0,14.8,18.3,13.8,68.0,15.5,17.7,13.2,68.0,18.7,20.2,12.8,61.0,11.6
2014-01-02,18.4,9.8,77,10.4,0.0,1,19.0,9.2,78.0,12.3,18.3,11.0,83.0,14.8,17.6,12.1,78.0,14.8,18.3,13.8,68.0,15.5,17.7,13.2,68.0,18.7,20.2,12.8,61.0,11.6,17.8,9.9,80.0,12.7
2014-01-03,19.0,9.2,78,12.3,0.0,1,18.3,11.0,83.0,14.8,17.6,12.1,78.0,14.8,18.3,13.8,68.0,15.5,17.7,13.2,68.0,18.7,20.2,12.8,61.0,11.6,17.8,9.9,80.0,12.7,18.1,11.3,75.0,14.2
2014-01-04,18.3,11.0,83,14.8,2.3,1,17.6,12.1,78.0,14.8,18.3,13.8,68.0,15.5,17.7,13.2,68.0,18.7,20.2,12.8,61.0,11.6,17.8,9.9,80.0,12.7,18.1,11.3,75.0,14.2,18.6,11.3,66.0,11.1
2014-01-05,17.6,12.1,78,14.8,0.5,1,18.3,13.8,68.0,15.5,17.7,13.2,68.0,18.7,20.2,12.8,61.0,11.6,17.8,9.9,80.0,12.7,18.1,11.3,75.0,14.2,18.6,11.3,66.0,11.1,19.2,12.7,74.0,11.4
2014-01-06,18.3,13.8,68,15.5,0.0,1,17.7,13.2,68.0,18.7,20.2,12.8,61.0,11.6,17.8,9.9,80.0,12.7,18.1,11.3,75.0,14.2,18.6,11.3,66.0,11.1,19.2,12.7,74.0,11.4,18.9,11.1,74.0,9.3
2014-01-07,17.7,13.2,68,18.7,0.0,1,20.2,12.8,61.0,11.6,17.8,9.9,80.0,12.7,18.1,11.3,75.0,14.2,18.6,11.3,66.0,11.1,19.2,12.7,74.0,11.4,18.9,11.1,74.0,9.3,19.4,14.0,80.0,13.3
2014-01-08,20.2,12.8,61,11.6,0.0,1,17.8,9.9,80.0,12.7,18.1,11.3,75.0,14.2,18.6,11.3,66.0,11.1,19.2,12.7,74.0,11.4,18.9,11.1,74.0,9.3,19.4,14.0,80.0,13.3,18.7,11.8,78.0,12.4
2014-01-09,17.8,9.9,80,12.7,8.6,1,18.1,11.3,75.0,14.2,18.6,11.3,66.0,11.1,19.2,12.7,74.0,11.4,18.9,11.1,74.0,9.3,19.4,14.0,80.0,13.3,18.7,11.8,78.0,12.4,21.7,13.2,75.0,10.2
2014-01-10,18.1,11.3,75,14.2,0.1,1,18.6,11.3,66.0,11.1,19.2,12.7,74.0,11.4,18.9,11.1,74.0,9.3,19.4,14.0,80.0,13.3,18.7,11.8,78.0,12.4,21.7,13.2,75.0,10.2,19.4,12.0,80.0,18.9
2014-01-11,18.6,11.3,66,11.1,0.0,1,19.2,12.7,74.0,11.4,18.9,11.1,74.0,9.3,19.4,14.0,80.0,13.3,18.7,11.8,78.0,12.4,21.7,13.2,75.0,10.2,19.4,12.0,80.0,18.9,19.0,13.1,79.0,13.8
2014-01-12,19.2,12.7,74,11.4,0.0,1,18.9,11.1,74.0,9.3,19.4,14.0,80.0,13.3,18.7,11.8,78.0,12.4,21.7,13.2,75.0,10.2,19.4,12.0,80.0,18.9,19.0,13.1,79.0,13.8,18.7,11.8,79.0,14.6
2014-01-13,18.9,11.1,74,9.3,0.2,1,19.4,14.0,80.0,13.3,18.7,11.8,78.0,12.4,21.7,13.2,75.0,10.2,19.4,12.0,80.0,18.9,19.0,13.1,79.0,13.8,18.7,11.8,79.0,14.6,19.7,13.3,78.0,13.1
2014-01-14,19.4,14.0,80,13.3,0.0,1,18.7,11.8,78.0,12.4,21.7,13.2,75.0,10.2,19.4,12.0,80.0,18.9,19.0,13.1,79.0,13.8,18.7,11.8,79.0,14.6,19.7,13.3,78.0,13.1,19.7,11.2,80.0,9.8
2014-01-15,18.7,11.8,78,12.4,0.0,1,21.7,13.2,75.0,10.2,19.4,12.0,80.0,18.9,19.0,13.1,79.0,13.8,18.7,11.8,79.0,14.6,19.7,13.3,78.0,13.1,19.7,11.2,80.0,9.8,20.7,10.9,80.0,9.8
2014-01-16,21.7,13.2,75,10.2,0.0,1,19.4,12.0,80.0,18.9,19.0,13.1,79.0,13.8,18.7,11.8,79.0,14.6,19.7,13.3,78.0,13.1,19.7,11.2,80.0,9.8,20.7,10.9,80.0,9.8,19.2,10.8,75.0,15.3
2014-01-17,19.4,12.0,80,18.9,0.0,1,19.0,13.1,79.0,13.8,18.7,11.8,79.0,14.6,19.7,13.3,78.0,13.1,19.7,11.2,80.0,9.8,20.7,10.9,80.0,9.8,19.2,10.8,75.0,15.3,19.3,12.4,70.0,11.3
2014-01-18,19.0,13.1,79,13.8,0.0,1,18.7,11.8,79.0,14.6,19.7,13.3,78.0,13.1,19.7,11.2,80.0,9.8,20.7,10.9,80.0,9.8,19.2,10.8,75.0,15.3,19.3,12.4,70.0,11.3,20.1,12.5,76.0,10.7
2014-01-19,18.7,11.8,79,14.6,0.0,1,19.7,13.3,78.0,13.1,19.7,11.2,80.0,9.8,20.7,10.9,80.0,9.8,19.2,10.8,75.0,15.3,19.3,12.4,70.0,11.3,20.1,12.5,76.0,10.7,24.8,14.0,64.0,27.4
2014-01-20,19.7,13.3,78,13.1,0.0,1,19.7,11.2,80.0,9.8,20.7,10.9,80.0,9.8,19.2,10.8,75.0,15.3,19.3,12.4,70.0,11.3,20.1,12.5,76.0,10.7,24.8,14.0,64.0,27.4,19.0,11.9,53.0,25.5
2014-01-21,19.7,11.2,80,9.8,0.0,1,20.7,10.9,80.0,9.8,19.2,10.8,75.0,15.3,19.3,12.4,70.0,11.3,20.1,12.5,76.0,10.7,24.8,14.0,64.0,27.4,19.0,11.9,53.0,25.5,18.7,12.3,61.0,29.3
2014-01-22,20.7,10.9,80,9.8,0.0,1,19.2,10.8,75.0,15.3,19.3,12.4,70.0,11.3,20.1,12.5,76.0,10.7,24.8,14.0,64.0,27.4,19.0,11.9,53.0,25.5,18.7,12.3,61.0,29.3,21.6,10.6,48.0,16.3
2014-01-23,19.2,10.8,75,15.3,0.0,1,19.3,12.4,70.0,11.3,20.1,12.5,76.0,10.7,24.8,14.0,64.0,27.4,19.0,11.9,53.0,25.5,18.7,12.3,61.0,29.3,21.6,10.6,48.0,16.3,20.1,10.6,74.0,16.3
2014-01-24,19.3,12.4,70,11.3,0.0,1,20.1,12.5,76.0,10.7,24.8,14.0,64.0,27.4,19.0,11.9,53.0,25.5,18.7,12.3,61.0,29.3,21.6,10.6,48.0,16.3,20.1,10.6,74.0,16.3,18.2,13.7,68.0,17.7
2014-01-25,20.1,12.5,76,10.7,0.0,1,24.8,14.0,64.0,27.4,19.0,11.9,53.0,25.5,18.7,12.3,61.0,29.3,21.6,10.6,48.0,16.3,20.1,10.6,74.0,16.3,18.2,13.7,68.0,17.7,19.0,14.4,70.0,20.0
2014-01-26,24.8,14.0,64,27.4,0.0,1,19.0,11.9,53.0,25.5,18.7,12.3,61.0,29.3,21.6,10.6,48.0,16.3,20.1,10.6,74.0,16.3,18.2,13.7,68.0,17.7,19.0,14.4,70.0,20.0,20.0,15.6,73.0,21.7
2014-01-27,19.0,11.9,53,25.5,0.0,1,18.7,12.3,61.0,29.3,21.6,10.6,48.0,16.3,20.1,10.6,74.0,16.3,18.2,13.7,68.0,17.7,19.0,14.4,70.0,20.0,20.0,15.6,73.0,21.7,17.8,14.3,70.0,15.9
2014-01-28,18.7,12.3,61,29.3,1.0,1,21.6,10.6,48.0,16.3,20.1,10.6,74.0,16.3,18.2,13.7,68.0,17.7,19.0,14.4,70.0,20.0,20.0,15.6,73.0,21.7,17.8,14.3,70.0,15.9,17.6,13.1,74.0,15.6
2014-01-29,21.6,10.6,48,16.3,0.0,1,20.1,10.6,74.0,16.3,18.2,13.7,68.0,17.7,19.0,14.4,70.0,20.0,20.0,15.6,73.0,21.7,17.8,14.3,70.0,15.9,17.6,13.1,74.0,15.6,16.5,11.6,56.0,12.4
2014-01-30,20.1,10.6,74,16.3,0.0,1,18.2,13.7,68.0,17.7,19.0,14.4,70.0,20.0,20.0,15.6,73.0,21.7,17.8,14.3,70.0,15.9,17.6,13.1,74.0,15.6,16.5,11.6,56.0,12.4,16.7,9.6,62.0,13.8
2014-01-31,18.2,13.7,68,17.7,0.0,1,19.0,14.4,70.0,20.0,20.0,15.6,73.0,21.7,17.8,14.3,70.0,15.9,17.6,13.1,74.0,15.6,16.5,11.6,56.0,12.4,16.7,9.6,62.0,13.8,17.5,9.3,62.0,13.9
2014-02-01,19.0,14.4,70,20.0,0.0,2,20.0,15.6,73.0,21.7,17.8,14.3,70.0,15.9,17.6,13.1,74.0,15.6,16.5,11.6,56.0,12.4,16.7,9.6,62.0,13.8,17.5,9.3,62.0,13.9,17.5,11.4,59.0,14.5
2014-02-02,20.0,15.6,73,21.7,0.3,2,17.8,14.3,70.0,15.9,17.6,13.1,74.0,15.6,16.5,11.6,56.0,12.4,16.7,9.6,62.0,13.8,17.5,9.3,62.0,13.9,17.5,11.4,59.0,14.5,18.8,10.3,63.0,14.0
2014-02-03,17.8,14.3,70,15.9,1.2,2,17.6,13.1,74.0,15.6,16.5,11.6,56.0,12.4,16.7,9.6,62.0,13.8,17.5,9.3,62.0,13.9,17.5,11.4,59.0,14.5,18.8,10.3,63.0,14.0,18.8,11.2,67.0,13.1
2014-02-04,17.6,13.1,74,15.6,0.9,2,16.5,11.6,56.0,12.4,16.7,9.6,62.0,13.8,17.5,9.3,62.0,13.9,17.5,11.4,59.0,14.5,18.8,10.3,63.0,14.0,18.8,11.2,67.0,13.1,19.4,8.5,75.0,13.0
2014-02-05,16.5,11.6,56,12.4,0.0,2,16.7,9.6,62.0,13.8,17.5,9.3,62.0,13.9,17.5,11.4,59.0,14.5,18.8,10.3,63.0,14.0,18.8,11.2,67.0,13.1,19.4,8.5,75.0,13.0,19.7,13.3,77.0,19.1
2014-02-06,16.7,9.6,62,13.8,0.0,2,17.5,9.3,62.0,13.9,17.5,11.4,59.0,14.5,18.8,10.3,63.0,14.0,18.8,11.2,67.0,13.1,19.4,8.5,75.0,13.0,19.7,13.3,77.0,19.1,21.9,9.2,76.0,10.2
2014-02-07,17.5,9.3,62,13.9,0.0,2,17.5,11.4,59.0,14.5,18.8,10.3,63.0,14.0,18.8,11.2,67.0,13.1,19.4,8.5,75.0,13.0,19.7,13.3,77.0,19.1,21.9,9.2,76.0,10.2,18.7,10.6,69.0,18.8
2014-02-08,17.5,11.4,59,14.5,0.0,2,18.8,10.3,63.0,14.0,18.8,11.2,67.0,13.1,19.4,8.5,75.0,13.0,19.7,13.3,77.0,19.1,21.9,9.2,76.0,10.2,18.7,10.6,69.0,18.8,15.7,11.3,72.0,25.5
2014-02-09,18.8,10.3,63,14.0,0.0,2,18.8,11.2,67.0,13.1,19.4,8.5,75.0,13.0,19.7,13.3,77.0,19.1,21.9,9.2,76.0,10.2,18.7,10.6,69.0,18.8,15.7,11.3,72.0,25.5,17.8,13.3,75.0,19.3
2014-02-10,18.8,11.2,67,13.1,0.0,2,19.4,8.5,75.0,13.0,19.7,13.3,77.0,19.1,21.9,9.2,76.0,10.2,18.7,10.6,69.0,18.8,15.7,11.3,72.0,25.5,17.8,13.3,75.0,19.3,19.1,10.8,68.0,10.1
2014-02-11,19.4,8.5,75,13.0,0.0,2,19.7,13.3,77.0,19.1,21.9,9.2,76.0,10.2,18.7,10.6,69.0,18.8,15.7,11.3,72.0,25.5,17.8,13.3,75.0,19.3,19.1,10.8,68.0,10.1,19.0,12.0,67.0,13.7
2014-02-12,19.7,13.3,77,19.1,0.0,2,21.9,9.2,76.0,10.2,18.7,10.6,69.0,18.8,15.7,11.3,72.0,25.5,17.8,13.3,75.0,19.3,19.1,10.8,68.0,10.1,19.0,12.0,67.0,13.7,19.3,12.6,71.0,16.3
2014-02-13,21.9,9.2,76,10.2,0.0,2,18.7,10.6,69.0,18.8,15.7,11.3,72.0,25.5,17.8,13.3,75.0,19.3,19.1,10.8,68.0,10.1,19.0,12.0,67.0,13.7,19.3,12.6,71.0,16.3,20.7,13.7,80.0,16.1
2014-02-14,18.7,10.6,69,18.8,0.0,2,15.7,11.3,72.0,25.5,17.8,13.3,75.0,19.3,19.1,10.8,68.0,10.1,19.0,12.0,67.0,13.7,19.3,12.6,71.0,16.3,20.7,13.7,80.0,16.1,25.5,14.0,74.0,12.3
2014-02-15,15.7,11.3,72,25.5,2.7,2,17.8,13.3,75.0,19.3,19.1,10.8,68.0,10.1,19.0,12.0,67.0,13.7,19.3,12.6,71.0,16.3,20.7,13.7,80.0,16.1,25.5,14.0,74.0,12.3,22.9,15.0,62.0,25.2
2014-02-16,17.8,13.3,75,19.3,0.8,2,19.1,10.8,68.0,10.1,19.0,12.0,67.0,13.7,19.3,12.6,71.0,16.3,20.7,13.7,80.0,16.1,25.5,14.0,74.0,12.3,22.9,15.0,62.0,25.2,20.5,14.3,77.0,15.6
2014-02-17,19.1,10.8,68,10.1,0.0,2,19.0,12.0,67.0,13.7,19.3,12.6,71.0,16.3,20.7,13.7,80.0,16.1,25.5,14.0,74.0,12.3,22.9,15.0,62.0,25.2,20.5,14.3,77.0,15.6,20.6,13.9,75.0,17.3
2014-02-18,19.0,12.0,67,13.7,0.0,2,19.3,12.6,71.0,16.3,20.7,13.7,80.0,16.1,25.5,14.0,74.0,12.3,22.9,15.0,62.0,25.2,20.5,14.3,77.0,15.6,20.6,13.9,75.0,17.3,19.1,12.6,65.0,23.6
2014-02-19,19.3,12.6,71,16.3,0.0,2,20.7,13.7,80.0,16.1,25.5,14.0,74.0,12.3,22.9,15.0,62.0,25.2,20.5,14.3,77.0,15.6,20.6,13.9,75.0,17.3,19.1,12.6,65.0,23.6,19.5,12.8,58.0,15.3
2014-02-20,20.7,13.7,80,16.1,0.0,2,25.5,14.0,74.0,12.3,22.9,15.0,62.0,25.2,20.5,14.3,77.0,15.6,20.6,13.9,75.0,17.3,19.1,12.6,65.0,23.6,19.5,12.8,58.0,15.3,18.1,11.8,59.0,18.2
2014-02-21,25.5,14.0,74,12.3,0.0,2,22.9,15.0,62.0,25.2,20.5,14.3,77.0,15.6,20.6,13.9,75.0,17.3,19.1,12.6,65.0,23.6,19.5,12.8,58.0,15.3,18.1,11.8,59.0,18.2,18.3,10.8,64.0,15.0
2014-02-22,22.9,15.0,62,25.2,0.0,2,20.5,14.3,77.0,15.6,20.6,13.9,75.0,17.3,19.1,12.6,65.0,23.6,19.5,12.8,58.0,15.3,18.1,11.8,59.0,18.2,18.3,10.8,64.0,15.0,20.5,12.4,71.0,22.3
2014-02-23,20.5,14.3,77,15.6,0.0,2,20.6,13.9,75.0,17.3,19.1,12.6,65.0,23.6,19.5,12.8,58.0,15.3,18.1,11.8,59.0,18.2,18.3,10.8,64.0,15.0,20.5,12.4,71.0,22.3,24.4,15.6,44.0,26.7
2014-02-24,20.6,13.9,75,17.3,0.0,2,19.1,12.6,65.0,23.6,19.5,12.8,58.0,15.3,18.1,11.8,59.0,18.2,18.3,10.8,64.0,15.0,20.5,12.4,71.0,22.3,24.4,15.6,44.0,26.7,22.8,11.6,76.0,13.3
2014-02-25,19.1,12.6,65,23.6,0.0,2,19.5,12.8,58.0,15.3,18.1,11.8,59.0,18.2,18.3,10.8,64.0,15.0,20.5,12.4,71.0,22.3,24.4,15.6,44.0,26.7,22.8,11.6,76.0,13.3,22.3,14.5,59.0,18.4
2014-02-26,19.5,12.8,58,15.3,0.0,2,18.1,11.8,59.0,18.2,18.3,10.8,64.0,15.0,20.5,12.4,71.0,22.3,24.4,15.6,44.0,26.7,22.8,11.6,76.0,13.3,22.3,14.5,59.0,18.4,26.1,14.2,60.0,15.8
2014-02-27,18.1,11.8,59,18.2,0.0,2,18.3,10.8,64.0,15.0,20.5,12.4,71.0,22.3,24.4,15.6,44.0,26.7,22.8,11.6,76.0,13.3,22.3,14.5,59.0,18.4,26.1,14.2,60.0,15.8,22.5,15.0,63.0,16.6
2014-02-28,18.3,10.8,64,15.0,0.0,2,20.5,12.4,71.0,22.3,24.4,15.6,44.0,26.7,22.8,11.6,76.0,13.3,22.3,14.5,59.0,18.4,26.1,14.2,60.0,15.8,22.5,15.0,63.0,16.6,20.5,15.4,72.0,26.4
2014-03-01,20.5,12.4,71,22.3,0.0,3,24.4,15.6,44.0,26.7,22.8,11.6,76.0,13.3,22.3,14.5,59.0,18.4,26.1,14.2,60.0,15.8,22.5,15.0,63.0,16.6,20.5,15.4,72.0,26.4,20.8,15.0,65.0,20.4
2014-03-02,24.4,15.6,44,26.7,0.0,3,22.8,11.6,76.0,13.3,22.3,14.5,59.0,18.4,26.1,14.2,60.0,15.8,22.5,15.0,63.0,16.6,20.5,15.4,72.0,26.4,20.8,15.0,65.0,20.4,19.6,13.8,69.0,15.5
2014-03-03,22.8,11.6,76,13.3,0.0,3,22.3,14.5,59.0,18.4,26.1,14.2,60.0,15.8,22.5,15.0,63.0,16.6,20.5,15.4,72.0,26.4,20.8,15.0,65.0,20.4,19.6,13.8,69.0,15.5,19.2,11.7,68.0,20.6
2014-03-04,22.3,14.5,59,18.4,0.0,3,26.1,14.2,60.0,15.8,22.5,15.0,63.0,16.6,20.5,15.4,72.0,26.4,20.8,15.0,65.0,20.4,19.6,13.8,69.0,15.5,19.2,11.7,68.0,20.6,20.6,10.9,66.0,27.5
2014-03-05,26.1,14.2,60,15.8,0.0,3,22.5,15.0,63.0,16.6,20.5,15.4,72.0,26.4,20.8,15.0,65.0,20.4,19.6,13.8,69.0,15.5,19.2,11.7,68.0,20.6,20.6,10.9,66.0,27.5,17.8,12.4,65.0,27.7
2014-03-06,22.5,15.0,63,16.6,0.0,3,20.5,15.4,72.0,26.4,20.8,15.0,65.0,20.4,19.6,13.8,69.0,15.5,19.2,11.7,68.0,20.6,20.6,10.9,66.0,27.5,17.8,12.4,65.0,27.7,18.0,11.2,70.0,26.9
2014-03-07,20.5,15.4,72,26.4,0.0,3,20.8,15.0,65.0,20.4,19.6,13.8,69.0,15.5,19.2,11.7,68.0,20.6,20.6,10.9,66.0,27.5,17.8,12.4,65.0,27.7,18.0,11.2,70.0,26.9,17.3,12.8,47.0,24.3
2014-03-08,20.8,15.0,65,20.4,0.0,3,19.6,13.8,69.0,15.5,19.2,11.7,68.0,20.6,20.6,10.9,66.0,27.5,17.8,12.4,65.0,27.7,18.0,11.2,70.0,26.9,17.3,12.8,47.0,24.3,18.9,8.9,54.0,11.9
2014-03-09,19.6,13.8,69,15.5,0.2,3,19.2,11.7,68.0,20.6,20.6,10.9,66.0,27.5,17.8,12.4,65.0,27.7,18.0,11.2,70.0,26.9,17.3,12.8,47.0,24.3,18.9,8.9,54.0,11.9,26.8,11.8,41.0,19.9
2014-03-10,19.2,11.7,68,20.6,0.0,3,20.6,10.9,66.0,27.5,17.8,12.4,65.0,27.7,18.0,11.2,70.0,26.9,17.3,12.8,47.0,24.3,18.9,8.9,54.0,11.9,26.8,11.8,41.0,19.9,22.9,15.6,41.0,18.9
2014-03-11,20.6,10.9,66,27.5,0.3,3,17.8,12.4,65.0,27.7,18.0,11.2,70.0,26.9,17.3,12.8,47.0,24.3,18.9,8.9,54.0,11.9,26.8,11.8,41.0,19.9,22.9,15.6,41.0,18.9,20.0,14.0,77.0,14.2
2014-03-12,17.8,12.4,65,27.7,0.0,3,18.0,11.2,70.0,26.9,17.3,12.8,47.0,24.3,18.9,8.9,54.0,11.9,26.8,11.8,41.0,19.9,22.9,15.6,41.0,18.9,20.0,14.0,77.0,14.2,20.8,13.7,78.0,14.8
2014-03-13,18.0,11.2,70,26.9,1.3,3,17.3,12.8,47.0,24.3,18.9,8.9,54.0,11.9,26.8,11.8,41.0,19.9,22.9,15.6,41.0,18.9,20.0,14.0,77.0,14.2,20.8,13.7,78.0,14.8,21.6,14.0,72.0,16.6
2014-03-14,17.3,12.8,47,24.3,0.0,3,18.9,8.9,54.0,11.9,26.8,11.8,41.0,19.9,22.9,15.6,41.0,18.9,20.0,14.0,77.0,14.2,20.8,13.7,78.0,14.8,21.6,14.0,72.0,16.6,21.2,12.7,71.0,15.9
2014-03-15,18.9,8.9,54,11.9,0.0,3,26.8,11.8,41.0,19.9,22.9,15.6,41.0,18.9,20.0,14.0,77.0,14.2,20.8,13.7,78.0,14.8,21.6,14.0,72.0,16.6,21.2,12.7,71.0,15.9,21.1,12.3,74.0,16.2
2014-03-16,26.8,11.8,41,19.9,0.0,3,22.9,15.6,41.0,18.9,20.0,14.0,77.0,14.2,20.8,13.7,78.0,14.8,21.6,14.0,72.0,16.6,21.2,12.7,71.0,15.9,21.1,12.3,74.0,16.2,21.1,14.8,73.0,17.3
2014-03-17,22.9,15.6,41,18.9,0.1,3,20.0,14.0,77.0,14.2,20.8,13.7,78.0,14.8,21.6,14.0,72.0,16.6,21.2,12.7,71.0,15.9,21.1,12.3,74.0,16.2,21.1,14.8,73.0,17.3,21.7,14.4,71.0,18.4
2014-03-18,20.0,14.0,77,14.2,0.0,3,20.8,13.7,78.0,14.8,21.6,14.0,72.0,16.6,21.2,12.7,71.0,15.9,21.1,12.3,74.0,16.2,21.1,14.8,73.0,17.3,21.7,14.4,71.0,18.4,21.7,12.2,67.0,17.2
2014-03-19,20.8,13.7,78,14.8,0.0,3,21.6,14.0,72.0,16.6,21.2,12.7,71.0,15.9,21.1,12.3,74.0,16.2,21.1,14.8,73.0,17.3,21.7,14.4,71.0,18.4,21.7,12.2,67.0,17.2,23.1,10.4,71.0,15.2
2014-03-20,21.6,14.0,72,16.6,0.0,3,21.2,12.7,71.0,15.9,21.1,12.3,74.0,16.2,21.1,14.8,73.0,17.3,21.7,14.4,71.0,18.4,21.7,12.2,67.0,17.2,23.1,10.4,71.0,15.2,22.2,14.6,75.0,16.4
2014-03-21,21.2,12.7,71,15.9,0.0,3,21.1,12.3,74.0,16.2,21.1,14.8,73.0,17.3,21.7,14.4,71.0,18.4,21.7,12.2,67.0,17.2,23.1,10.4,71.0,15.2,22.2,14.6,75.0,16.4,24.1,14.2,71.0,17.3
2014-03-22,21.1,12.3,74,16.2,0.0,3,21.1,14.8,73.0,17.3,21.7,14.4,71.0,18.4,21.7,12.2,67.0,17.2,23.1,10.4,71.0,15.2,22.2,14.6,75.0,16.4,24.1,14.2,71.0,17.3,25.1,13.0,72.0,24.1
2014-03-23,21.1,14.8,73,17.3,0.0,3,21.7,14.4,71.0,18.4,21.7,12.2,67.0,17.2,23.1,10.4,71.0,15.2,22.2,14.6,75.0,16.4,24.1,14.2,71.0,17.3,25.1,13.0,72.0,24.1,21.6,14.3,63.0,18.1
2014-03-24,21.7,14.4,71,18.4,0.0,3,21.7,12.2,67.0,17.2,23.1,10.4,71.0,15.2,22.2,14.6,75.0,16.4,24.1,14.2,71.0,17.3,25.1,13.0,72.0,24.1,21.6,14.3,63.0,18.1,19.0,13.6,56.0,22.1
2014-03-25,21.7,12.2,67,17.2,0.0,3,23.1,10.4,71.0,15.2,22.2,14.6,75.0,16.4,24.1,14.2,71.0,17.3,25.1,13.0,72.0,24.1,21.6,14.3,63.0,18.1,19.0,13.6,56.0,22.1,20.1,14.4,59.0,20.9
2014-03-26,23.1,10.4,71,15.2,0.0,3,22.2,14.6,75.0,16.4,24.1,14.2,71.0,17.3,25.1,13.0,72.0,24.1,21.6,14.3,63.0,18.1,19.0,13.6,56.0,22.1,20.1,14.4,59.0,20.9,20.5,14.5,64.0,17.3
2014-03-27,22.2,14.6,75,16.4,0.0,3,24.1,14.2,71.0,17.3,25.1,13.0,72.0,24.1,21.6,14.3,63.0,18.1,19.0,13.6,56.0,22.1,20.1,14.4,59.0,20.9,20.5,14.5,64.0,17.3,22.2,11.7,68.0,16.9
2014-03-28,24.1,14.2,71,17.3,0.0,3,25.1,13.0,72.0,24.1,21.6,14.3,63.0,18.1,19.0,13.6,56.0,22.1,20.1,14.4,59.0,20.9,20.5,14.5,64.0,17.3,22.2,11.7,68.0,16.9,23.2,12.3,71.0,14.3
2014-03-29,25.1,13.0,72,24.1,0.0,3,21.6,14.3,63.0,18.1,19.0,13.6,56.0,22.1,20.1,14.4,59.0,20.9,20.5,14.5,64.0,17.3,22.2,11.7,68.0,16.9,23.2,12.3,71.0,14.3,22.7,14.8,73.0,18.6
2014-03-30,21.6,14.3,63,18.1,0.0,3,19.0,13.6,56.0,22.1,20.1,14.4,59.0,20.9,20.5,14.5,64.0,17.3,22.2,11.7,68.0,16.9,23.2,12.3,71.0,14.3,22.7,14.8,73.0,18.6,26.4,16.1,75.0,14.3
2014-03-31,19.0,13.6,56,22.1,0.0,3,20.1,14.4,59.0,20.9,20.5,14.5,64.0,17.3,22.2,11.7,68.0,16.9,23.2,12.3,71.0,14.3,22.7,14.8,73.0,18.6,26.4,16.1,75.0,14.3,24.0,16.4,68.0,19.6
2014-04-01,20.1,14.4,59,20.9,0.0,4,20.5,14.5,64.0,17.3,22.2,11.7,68.0,16.9,23.2,12.3,71.0,14.3,22.7,14.8,73.0,18.6,26.4,16.1,75.0,14.3,24.0,16.4,68.0,19.6,26.7,14.8,68.0,21.1
2014-04-02,20.5,14.5,64,17.3,0.0,4,22.2,11.7,68.0,16.9,23.2,12.3,71.0,14.3,22.7,14.8,73.0,18.6,26.4,16.1,75.0,14.3,24.0,16.4,68.0,19.6,26.7,14.8,68.0,21.1,21.7,15.1,72.0,17.1
2014-04-03,22.2,11.7,68,16.9,0.0,4,23.2,12.3,71.0,14.3,22.7,14.8,73.0,18.6,26.4,16.1,75.0,14.3,24.0,16.4,68.0,19.6,26.7,14.8,68.0,21.1,21.7,15.1,72.0,17.1,22.8,14.5,67.0,15.4
2014-04-04,23.2,12.3,71,14.3,0.0,4,22.7,14.8,73.0,18.6,26.4,16.1,75.0,14.3,24.0,16.4,68.0,19.6,26.7,14.8,68.0,21.1,21.7,15.1,72.0,17.1,22.8,14.5,67.0,15.4,23.2,12.5,68.0,15.8
2014-04-05,22.7,14.8,73,18.6,0.0,4,26.4,16.1,75.0,14.3,24.0,16.4,68.0,19.6,26.7,14.8,68.0,21.1,21.7,15.1,72.0,17.1,22.8,14.5,67.0,15.4,23.2,12.5,68.0,15.8,22.6,14.5,72.0,15.8
2014-04-06,26.4,16.1,75,14.3,0.0,4,24.0,16.4,68.0,19.6,26.7,14.8,68.0,21.1,21.7,15.1,72.0,17.1,22.8,14.5,67.0,15.4,23.2,12.5,68.0,15.8,22.6,14.5,72.0,15.8,22.0,15.1,68.0,16.1
2014-04-07,24.0,16.4,68,19.6,0.0,4,26.7,14.8,68.0,21.1,21.7,15.1,72.0,17.1,22.8,14.5,67.0,15.4,23.2,12.5,68.0,15.8,22.6,14.5,72.0,15.8,22.0,15.1,68.0,16.1,24.4,14.9,66.0,21.4
2014-04-08,26.7,14.8,68,21.1,0.0,4,21.7,15.1,72.0,17.1,22.8,14.5,67.0,15.4,23.2,12.5,68.0,15.8,22.6,14.5,72.0,15.8,22.0,15.1,68.0,16.1,24.4,14.9,66.0,21.4,25.1,17.1,64.0,21.7
2014-04-09,21.7,15.1,72,17.1,0.6,4,22.8,14.5,67.0,15.4,23.2,12.5,68.0,15.8,22.6,14.5,72.0,15.8,22.0,15.1,68.0,16.1,24.4,14.9,66.0,21.4,25.1,17.1,64.0,21.7,24.3,15.0,77.0,19.4
2014-04-10,22.8,14.5,67,15.4,0.0,4,23.2,12.5,68.0,15.8,22.6,14.5,72.0,15.8,22.0,15.1,68.0,16.1,24.4,14.9,66.0,21.4,25.1,17.1,64.0,21.7,24.3,15.0,77.0,19.4,24.1,16.7,71.0,17.4
2014-04-11,23.2,12.5,68,15.8,0.0,4,22.6,14.5,72.0,15.8,22.0,15.1,68.0,16.1,24.4,14.9,66.0,21.4,25.1,17.1,64.0,21.7,24.3,15.0,77.0,19.4,24.1,16.7,71.0,17.4,30.8,16.1,60.0,20.7
2014-04-12,22.6,14.5,72,15.8,0.0,4,22.0,15.1,68.0,16.1,24.4,14.9,66.0,21.4,25.1,17.1,64.0,21.7,24.3,15.0,77.0,19.4,24.1,16.7,71.0,17.4,30.8,16.1,60.0,20.7,23.4,18.3,73.0,23.0
2014-04-13,22.0,15.1,68,16.1,0.0,4,24.4,14.9,66.0,21.4,25.1,17.1,64.0,21.7,24.3,15.0,77.0,19.4,24.1,16.7,71.0,17.4,30.8,16.1,60.0,20.7,23.4,18.3,73.0,23.0,22.8,16.5,67.0,20.5
2014-04-14,24.4,14.9,66,21.4,0.0,4,25.1,17.1,64.0,21.7,24.3,15.0,77.0,19.4,24.1,16.7,71.0,17.4,30.8,16.1,60.0,20.7,23.4,18.3,73.0,23.0,22.8,16.5,67.0,20.5,22.9,15.1,67.0,16.3
2014-04-15,25.1,17.1,64,21.7,0.0,4,24.3,15.0,77.0,19.4,24.1,16.7,71.0,17.4,30.8,16.1,60.0,20.7,23.4,18.3,73.0,23.0,22.8,16.5,67.0,20.5,22.9,15.1,67.0,16.3,25.3,15.3,66.0,13.9
2014-04-16,24.3,15.0,77,19.4,0.0,4,24.1,16.7,71.0,17.4,30.8,16.1,60.0,20.7,23.4,18.3,73.0,23.0,22.8,16.5,67.0,20.5,22.9,15.1,67.0,16.3,25.3,15.3,66.0,13.9,27.0,17.6,68.0,16.6
2014-04-17,24.1,16.7,71,17.4,0.0,4,30.8,16.1,60.0,20.7,23.4,18.3,73.0,23.0,22.8,16.5,67.0,20.5,22.9,15.1,67.0,16.3,25.3,15.3,66.0,13.9,27.0,17.6,68.0,16.6,25.9,18.7,71.0,17.2
2014-04-18,30.8,16.1,60,20.7,0.0,4,23.4,18.3,73.0,23.0,22.8,16.5,67.0,20.5,22.9,15.1,67.0,16.3,25.3,15.3,66.0,13.9,27.0,17.6,68.0,16.6,25.9,18.7,71.0,17.2,26.8,18.1,74.0,20.8
2014-04-19,23.4,18.3,73,23.0,0.0,4,22.8,16.5,67.0,20.5,22.9,15.1,67.0,16.3,25.3,15.3,66.0,13.9,27.0,17.6,68.0,16.6,25.9,18.7,71.0,17.2,26.8,18.1,74.0,20.8,24.2,17.5,67.0,17.2
2014-04-20,22.8,16.5,67,20.5,0.0,4,22.9,15.1,67.0,16.3,25.3,15.3,66.0,13.9,27.0,17.6,68.0,16.6,25.9,18.7,71.0,17.2,26.8,18.1,74.0,20.8,24.2,17.5,67.0,17.2,25.4,15.7,68.0,14.8
2014-04-21,22.9,15.1,67,16.3,0.0,4,25.3,15.3,66.0,13.9,27.0,17.6,68.0,16.6,25.9,18.7,71.0,17.2,26.8,18.1,74.0,20.8,24.2,17.5,67.0,17.2,25.4,15.7,68.0,14.8,26.9,16.9,62.0,20.3
2014-04-22,25.3,15.3,66,13.9,0.0,4,27.0,17.6,68.0,16.6,25.9,18.7,71.0,17.2,26.8,18.1,74.0,20.8,24.2,17.5,67.0,17.2,25.4,15.7,68.0,14.8,26.9,16.9,62.0,20.3,27.2,14.9,69.0,17.6
2014-04-23,27.0,17.6,68,16.6,0.0,4,25.9,18.7,71.0,17.2,26.8,18.1,74.0,20.8,24.2,17.5,67.0,17.2,25.4,15.7,68.0,14.8,26.9,16.9,62.0,20.3,27.2,14.9,69.0,17.6,28.0,15.6,67.0,16.3
2014-04-24,25.9,18.7,71,17.2,0.0,4,26.8,18.1,74.0,20.8,24.2,17.5,67.0,17.2,25.4,15.7,68.0,14.8,26.9,16.9,62.0,20.3,27.2,14.9,69.0,17.6,28.0,15.6,67.0,16.3,25.7,18.6,67.0,20.2
2014-04-25,26.8,18.1,74,20.8,0.0,4,24.2,17.5,67.0,17.2,25.4,15.7,68.0,14.8,26.9,16.9,62.0,20.3,27.2,14.9,69.0,17.6,28.0,15.6,67.0,16.3,25.7,18.6,67.0,20.2,25.6,15.6,67.0,15.4
2014-04-26,24.2,17.5,67,17.2,0.0,4,25.4,15.7,68.0,14.8,26.9,16.9,62.0,20.3,27.2,14.9,69.0,17.6,28.0,15.6,67.0,16.3,25.7,18.6,67.0,20.2,25.6,15.6,67.0,15.4,33.0,18.7,48.0,15.7
2014-04-27,25.4,15.7,68,14.8,0.0,4,26.9,16.9,62.0,20.3,27.2,14.9,69.0,17.6,28.0,15.6,67.0,16.3,25.7,18.6,67.0,20.2,25.6,15.6,67.0,15.4,33.0,18.7,48.0,15.7,37.6,22.7,28.0,23.9
2014-04-28,26.9,16.9,62,20.3,0.0,4,27.2,14.9,69.0,17.6,28.0,15.6,67.0,16.3,25.7,18.6,67.0,20.2,25.6,15.6,67.0,15.4,33.0,18.7,48.0,15.7,37.6,22.7,28.0,23.9,30.8,21.6,47.0,16.9
2014-04-29,27.2,14.9,69,17.6,0.0,4,28.0,15.6,67.0,16.3,25.7,18.6,67.0,20.2,25.6,15.6,67.0,15.4,33.0,18.7,48.0,15.7,37.6,22.7,28.0,23.9,30.8,21.6,47.0,16.9,23.5,19.5,78.0,26.8
2014-04-30,28.0,15.6,67,16.3,0.0,4,25.7,18.6,67.0,20.2,25.6,15.6,67.0,15.4,33.0,18.7,48.0,15.7,37.6,22.7,28.0,23.9,30.8,21.6,47.0,16.9,23.5,19.5,78.0,26.8,24.3,19.0,67.0,20.5
2014-05-01,25.7,18.6,67,20.2,0.0,5,25.6,15.6,67.0,15.4,33.0,18.7,48.0,15.7,37.6,22.7,28.0,23.9,30.8,21.6,47.0,16.9,23.5,19.5,78.0,26.8,24.3,19.0,67.0,20.5,23.9,18.5,67.0,12.5
2014-05-02,25.6,15.6,67,15.4,0.0,5,33.0,18.7,48.0,15.7,37.6,22.7,28.0,23.9,30.8,21.6,47.0,16.9,23.5,19.5,78.0,26.8,24.3,19.0,67.0,20.5,23.9,18.5,67.0,12.5,27.4,16.7,60.0,17.4
2014-05-03,33.0,18.7,48,15.7,0.0,5,37.6,22.7,28.0,23.9,30.8,21.6,47.0,16.9,23.5,19.5,78.0,26.8,24.3,19.0,67.0,20.5,23.9,18.5,67.0,12.5,27.4,16.7,60.0,17.4,26.0,14.6,62.0,17.7
2014-05-04,37.6,22.7,28,23.9,0.0,5,30.8,21.6,47.0,16.9,23.5,19.5,78.0,26.8,24.3,19.0,67.0,20.5,23.9,18.5,67.0,12.5,27.4,16.7,60.0,17.4,26.0,14.6,62.0,17.7,24.0,16.1,64.0,17.9
2014-05-05,30.8,21.6,47,16.9,0.0,5,23.5,19.5,78.0,26.8,24.3,19.0,67.0,20.5,23.9,18.5,67.0,12.5,27.4,16.7,60.0,17.4,26.0,14.6,62.0,17.7,24.0,16.1,64.0,17.9,23.2,16.7,68.0,17.4
2014-05-06,23.5,19.5,78,26.8,0.1,5,24.3,19.0,67.0,20.5,23.9,18.5,67.0,12.5,27.4,16.7,60.0,17.4,26.0,14.6,62.0,17.7,24.0,16.1,64.0,17.9,23.2,16.7,68.0,17.4,26.5,17.3,65.0,18.1
2014-05-07,24.3,19.0,67,20.5,0.0,5,23.9,18.5,67.0,12.5,27.4,16.7,60.0,17.4,26.0,14.6,62.0,17.7,24.0,16.1,64.0,17.9,23.2,16.7,68.0,17.4,26.5,17.3,65.0,18.1,27.3,14.2,65.0,14.8
2014-05-08,23.9,18.5,67,12.5,4.9,5,27.4,16.7,60.0,17.4,26.0,14.6,62.0,17.7,24.0,16.1,64.0,17.9,23.2,16.7,68.0,17.4,26.5,17.3,65.0,18.1,27.3,14.2,65.0,14.8,30.4,17.5,60.0,14.9
2014-05-09,27.4,16.7,60,17.4,0.0,5,26.0,14.6,62.0,17.7,24.0,16.1,64.0,17.9,23.2,16.7,68.0,17.4,26.5,17.3,65.0,18.1,27.3,14.2,65.0,14.8,30.4,17.5,60.0,14.9,26.2,19.3,70.0,19.2
2014-05-10,26.0,14.6,62,17.7,0.4,5,24.0,16.1,64.0,17.9,23.2,16.7,68.0,17.4,26.5,17.3,65.0,18.1,27.3,14.2,65.0,14.8,30.4,17.5,60.0,14.9,26.2,19.3,70.0,19.2,25.3,18.2,60.0,15.5
2014-05-11,24.0,16.1,64,17.9,0.0,5,23.2,16.7,68.0,17.4,26.5,17.3,65.0,18.1,27.3,14.2,65.0,14.8,30.4,17.5,60.0,14.9,26.2,19.3,70.0,19.2,25.3,18.2,60.0,15.5,24.4,17.3,59.0,16.2
2014-05-12,23.2,16.7,68,17.4,1.3,5,26.5,17.3,65.0,18.1,27.3,14.2,65.0,14.8,30.4,17.5,60.0,14.9,26.2,19.3,70.0,19.2,25.3,18.2,60.0,15.5,24.4,17.3,59.0,16.2,25.9,16.6,62.0,16.6
2014-05-13,26.5,17.3,65,18.1,0.0,5,27.3,14.2,65.0,14.8,30.4,17.5,60.0,14.9,26.2,19.3,70.0,19.2,25.3,18.2,60.0,15.5,24.4,17.3,59.0,16.2,25.9,16.6,62.0,16.6,28.3,18.2,64.0,15.5
2014-05-14,27.3,14.2,65,14.8,0.0,5,30.4,17.5,60.0,14.9,26.2,19.3,70.0,19.2,25.3,18.2,60.0,15.5,24.4,17.3,59.0,16.2,25.9,16.6,62.0,16.6,28.3,18.2,64.0,15.5,26.5,20.3,68.0,22.8
2014-05-15,30.4,17.5,60,14.9,0.0,5,26.2,19.3,70.0,19.2,25.3,18.2,60.0,15.5,24.4,17.3,59.0,16.2,25.9,16.6,62.0,16.6,28.3,18.2,64.0,15.5,26.5,20.3,68.0,22.8,26.7,19.1,73.0,18.4
2014-05-16,26.2,19.3,70,19.2,0.0,5,25.3,18.2,60.0,15.5,24.4,17.3,59.0,16.2,25.9,16.6,62.0,16.6,28.3,18.2,64.0,15.5,26.5,20.3,68.0,22.8,26.7,19.1,73.0,18.4,27.0,18.9,73.0,17.7
2014-05-17,25.3,18.2,60,15.5,0.0,5,24.4,17.3,59.0,16.2,25.9,16.6,62.0,16.6,28.3,18.2,64.0,15.5,26.5,20.3,68.0,22.8,26.7,19.1,73.0,18.4,27.0,18.9,73.0,17.7,26.5,17.6,72.0,16.3
2014-05-18,24.4,17.3,59,16.2,0.0,5,25.9,16.6,62.0,16.6,28.3,18.2,64.0,15.5,26.5,20.3,68.0,22.8,26.7,19.1,73.0,18.4,27.0,18.9,73.0,17.7,26.5,17.6,72.0,16.3,27.5,17.3,68.0,17.0
2014-05-19,25.9,16.6,62,16.6,0.0,5,28.3,18.2,64.0,15.5,26.5,20.3,68.0,22.8,26.7,19.1,73.0,18.4,27.0,18.9,73.0,17.7,26.5,17.6,72.0,16.3,27.5,17.3,68.0,17.0,29.7,18.6,63.0,12.6
2014-05-20,28.3,18.2,64,15.5,0.0,5,26.5,20.3,68.0,22.8,26.7,19.1,73.0,18.4,27.0,18.9,73.0,17.7,26.5,17.6,72.0,16.3,27.5,17.3,68.0,17.0,29.7,18.6,63.0,12.6,35.2,20.2,57.0,13.8
2014-05-21,26.5,20.3,68,22.8,0.0,5,26.7,19.1,73.0,18.4,27.0,18.9,73.0,17.7,26.5,17.6,72.0,16.3,27.5,17.3,68.0,17.0,29.7,18.6,63.0,12.6,35.2,20.2,57.0,13.8,28.9,20.5,71.0,18.5
2014-05-22,26.7,19.1,73,18.4,0.0,5,27.0,18.9,73.0,17.7,26.5,17.6,72.0,16.3,27.5,17.3,68.0,17.0,29.7,18.6,63.0,12.6,35.2,20.2,57.0,13.8,28.9,20.5,71.0,18.5,30.4,19.1,67.0,14.2
2014-05-23,27.0,18.9,73,17.7,0.0,5,26.5,17.6,72.0,16.3,27.5,17.3,68.0,17.0,29.7,18.6,63.0,12.6,35.2,20.2,57.0,13.8,28.9,20.5,71.0,18.5,30.4,19.1,67.0,14.2,35.2,21.1,53.0,16.8
2014-05-24,26.5,17.6,72,16.3,0.0,5,27.5,17.3,68.0,17.0,29.7,18.6,63.0,12.6,35.2,20.2,57.0,13.8,28.9,20.5,71.0,18.5,30.4,19.1,67.0,14.2,35.2,21.1,53.0,16.8,27.4,20.9,63.0,23.5
2014-05-25,27.5,17.3,68,17.0,0.0,5,29.7,18.6,63.0,12.6,35.2,20.2,57.0,13.8,28.9,20.5,71.0,18.5,30.4,19.1,67.0,14.2,35.2,21.1,53.0,16.8,27.4,20.9,63.0,23.5,26.9,18.4,59.0,19.8
2014-05-26,29.7,18.6,63,12.6,0.0,5,35.2,20.2,57.0,13.8,28.9,20.5,71.0,18.5,30.4,19.1,67.0,14.2,35.2,21.1,53.0,16.8,27.4,20.9,63.0,23.5,26.9,18.4,59.0,19.8,27.4,18.9,62.0,14.8
2014-05-27,35.2,20.2,57,13.8,0.0,5,28.9,20.5,71.0,18.5,30.4,19.1,67.0,14.2,35.2,21.1,53.0,16.8,27.4,20.9,63.0,23.5,26.9,18.4,59.0,19.8,27.4,18.9,62.0,14.8,30.5,17.4,60.0,18.0
2014-05-28,28.9,20.5,71,18.5,0.0,5,30.4,19.1,67.0,14.2,35.2,21.1,53.0,16.8,27.4,20.9,63.0,23.5,26.9,18.4,59.0,19.8,27.4,18.9,62.0,14.8,30.5,17.4,60.0,18.0,41.7,23.1,45.0,27.8
2014-05-29,30.4,19.1,67,14.2,0.0,5,35.2,21.1,53.0,16.8,27.4,20.9,63.0,23.5,26.9,18.4,59.0,19.8,27.4,18.9,62.0,14.8,30.5,17.4,60.0,18.0,41.7,23.1,45.0,27.8,27.4,21.5,63.0,21.9
2014-05-30,35.2,21.1,53,16.8,0.0,5,27.4,20.9,63.0,23.5,26.9,18.4,59.0,19.8,27.4,18.9,62.0,14.8,30.5,17.4,60.0,18.0,41.7,23.1,45.0,27.8,27.4,21.5,63.0,21.9,27.2,20.6,61.0,20.6
2014-05-31,27.4,20.9,63,23.5,0.0,5,26.9,18.4,59.0,19.8,27.4,18.9,62.0,14.8,30.5,17.4,60.0,18.0,41.7,23.1,45.0,27.8,27.4,21.5,63.0,21.9,27.2,20.6,61.0,20.6,27.8,19.2,66.0,19.5
2014-06-01,26.9,18.4,59,19.8,0.0,6,27.4,18.9,62.0,14.8,30.5,17.4,60.0,18.0,41.7,23.1,45.0,27.8,27.4,21.5,63.0,21.9,27.2,20.6,61.0,20.6,27.8,19.2,66.0,19.5,27.9,19.5,69.0,18.4
2014-06-02,27.4,18.9,62,14.8,0.0,6,30.5,17.4,60.0,18.0,41.7,23.1,45.0,27.8,27.4,21.5,63.0,21.9,27.2,20.6,61.0,20.6,27.8,19.2,66.0,19.5,27.9,19.5,69.0,18.4,27.8,20.2,69.0,16.7
2014-06-03,30.5,17.4,60,18.0,0.0,6,41.7,23.1,45.0,27.8,27.4,21.5,63.0,21.9,27.2,20.6,61.0,20.6,27.8,19.2,66.0,19.5,27.9,19.5,69.0,18.4,27.8,20.2,69.0,16.7,28.6,19.7,70.0,17.1
2014-06-04,41.7,23.1,45,27.8,0.0,6,27.4,21.5,63.0,21.9,27.2,20.6,61.0,20.6,27.8,19.2,66.0,19.5,27.9,19.5,69.0,18.4,27.8,20.2,69.0,16.7,28.6,19.7,70.0,17.1,29.8,19.8,71.0,17.7
2014-06-05,27.4,21.5,63,21.9,0.0,6,27.2,20.6,61.0,20.6,27.8,19.2,66.0,19.5,27.9,19.5,69.0,18.4,27.8,20.2,69.0,16.7,28.6,19.7,70.0,17.1,29.8,19.8,71.0,17.7,28.6,19.9,71.0,19.2
2014-06-06,27.2,20.6,61,20.6,0.0,6,27.8,19.2,66.0,19.5,27.9,19.5,69.0,18.4,27.8,20.2,69.0,16.7,28.6,19.7,70.0,17.1,29.8,19.8,71.0,17.7,28.6,19.9,71.0,19.2,29.6,21.4,70.0,14.8
2014-06-07,27.8,19.2,66,19.5,0.0,6,27.9,19.5,69.0,18.4,27.8,20.2,69.0,16.7,28.6,19.7,70.0,17.1,29.8,19.8,71.0,17.7,28.6,19.9,71.0,19.2,29.6,21.4,70.0,14.8,29.9,20.9,73.0,16.4
2014-06-08,27.9,19.5,69,18.4,0.0,6,27.8,20.2,69.0,16.7,28.6,19.7,70.0,17.1,29.8,19.8,71.0,17.7,28.6,19.9,71.0,19.2,29.6,21.4,70.0,14.8,29.9,20.9,73.0,16.4,30.1,21.6,70.0,16.8
2014-06-09,27.8,20.2,69,16.7,0.0,6,28.6,19.7,70.0,17.1,29.8,19.8,71.0,17.7,28.6,19.9,71.0,19.2,29.6,21.4,70.0,14.8,29.9,20.9,73.0,16.4,30.1,21.6,70.0,16.8,30.2,22.4,65.0,18.4
2014-06-10,28.6,19.7,70,17.1,0.0,6,29.8,19.8,71.0,17.7,28.6,19.9,71.0,19.2,29.6,21.4,70.0,14.8,29.9,20.9,73.0,16.4,30.1,21.6,70.0,16.8,30.2,22.4,65.0,18.4,30.4,23.0,62.0,17.0
2014-06-11,29.8,19.8,71,17.7,0.0,6,28.6,19.9,71.0,19.2,29.6,21.4,70.0,14.8,29.9,20.9,73.0,16.4,30.1,21.6,70.0,16.8,30.2,22.4,65.0,18.4,30.4,23.0,62.0,17.0,30.9,21.9,66.0,18.5
2014-06-12,28.6,19.9,71,19.2,0.0,6,29.6,21.4,70.0,14.8,29.9,20.9,73.0,16.4,30.1,21.6,70.0,16.8,30.2,22.4,65.0,18.4,30.4,23.0,62.0,17.0,30.9,21.9,66.0,18.5,33.5,21.8,56.0,17.4
2014-06-13,29.6,21.4,70,14.8,0.0,6,29.9,20.9,73.0,16.4,30.1,21.6,70.0,16.8,30.2,22.4,65.0,18.4,30.4,23.0,62.0,17.0,30.9,21.9,66.0,18.5,33.5,21.8,56.0,17.4,31.2,22.6,59.0,25.0
2014-06-14,29.9,20.9,73,16.4,0.0,6,30.1,21.6,70.0,16.8,30.2,22.4,65.0,18.4,30.4,23.0,62.0,17.0,30.9,21.9,66.0,18.5,33.5,21.8,56.0,17.4,31.2,22.6,59.0,25.0,29.0,22.3,61.0,19.3
2014-06-15,30.1,21.6,70,16.8,0.0,6,30.2,22.4,65.0,18.4,30.4,23.0,62.0,17.0,30.9,21.9,66.0,18.5,33.5,21.8,56.0,17.4,31.2,22.6,59.0,25.0,29.0,22.3,61.0,19.3,28.6,22.2,66.0,18.6
2014-06-16,30.2,22.4,65,18.4,0.0,6,30.4,23.0,62.0,17.0,30.9,21.9,66.0,18.5,33.5,21.8,56.0,17.4,31.2,22.6,59.0,25.0,29.0,22.3,61.0,19.3,28.6,22.2,66.0,18.6,29.8,21.3,68.0,20.2
2014-06-17,30.4,23.0,62,17.0,0.0,6,30.9,21.9,66.0,18.5,33.5,21.8,56.0,17.4,31.2,22.6,59.0,25.0,29.0,22.3,61.0,19.3,28.6,22.2,66.0,18.6,29.8,21.3,68.0,20.2,30.6,21.0,66.0,18.4
2014-06-18,30.9,21.9,66,18.5,0.0,6,33.5,21.8,56.0,17.4,31.2,22.6,59.0,25.0,29.0,22.3,61.0,19.3,28.6,22.2,66.0,18.6,29.8,21.3,68.0,20.2,30.6,21.0,66.0,18.4,31.1,22.3,67.0,18.2
2014-06-19,33.5,21.8,56,17.4,0.0,6,31.2,22.6,59.0,25.0,29.0,22.3,61.0,19.3,28.6,22.2,66.0,18.6,29.8,21.3,68.0,20.2,30.6,21.0,66.0,18.4,31.1,22.3,67.0,18.2,33.0,22.0,69.0,14.5
2014-06-20,31.2,22.6,59,25.0,0.0,6,29.0,22.3,61.0,19.3,28.6,22.2,66.0,18.6,29.8,21.3,68.0,20.2,30.6,21.0,66.0,18.4,31.1,22.3,67.0,18.2,33.0,22.0,69.0,14.5,33.9,22.8,66.0,14.9
2014-06-21,29.0,22.3,61,19.3,0.0,6,28.6,22.2,66.0,18.6,29.8,21.3,68.0,20.2,30.6,21.0,66.0,18.4,31.1,22.3,67.0,18.2,33.0,22.0,69.0,14.5,33.9,22.8,66.0,14.9,34.9,23.6,65.0,18.4
2014-06-22,28.6,22.2,66,18.6,0.0,6,29.8,21.3,68.0,20.2,30.6,21.0,66.0,18.4,31.1,22.3,67.0,18.2,33.0,22.0,69.0,14.5,33.9,22.8,66.0,14.9,34.9,23.6,65.0,18.4,31.9,23.6,70.0,19.5
2014-06-23,29.8,21.3,68,20.2,0.0,6,30.6,21.0,66.0,18.4,31.1,22.3,67.0,18.2,33.0,22.0,69.0,14.5,33.9,22.8,66.0,14.9,34.9,23.6,65.0,18.4,31.9,23.6,70.0,19.5,30.6,23.4,71.0,17.3
2014-06-24,30.6,21.0,66,18.4,0.0,6,31.1,22.3,67.0,18.2,33.0,22.0,69.0,14.5,33.9,22.8,66.0,14.9,34.9,23.6,65.0,18.4,31.9,23.6,70.0,19.5,30.6,23.4,71.0,17.3,30.7,22.4,72.0,14.8
2014-06-25,31.1,22.3,67,18.2,0.0,6,33.0,22.0,69.0,14.5,33.9,22.8,66.0,14.9,34.9,23.6,65.0,18.4,31.9,23.6,70.0,19.5,30.6,23.4,71.0,17.3,30.7,22.4,72.0,14.8,31.8,22.6,68.0,17.9
2014-06-26,33.0,22.0,69,14.5,0.0,6,33.9,22.8,66.0,14.9,34.9,23.6,65.0,18.4,31.9,23.6,70.0,19.5,30.6,23.4,71.0,17.3,30.7,22.4,72.0,14.8,31.8,22.6,68.0,17.9,31.6,23.4,67.0,16.8
2014-06-27,33.9,22.8,66,14.9,0.0,6,34.9,23.6,65.0,18.4,31.9,23.6,70.0,19.5,30.6,23.4,71.0,17.3,30.7,22.4,72.0,14.8,31.8,22.6,68.0,17.9,31.6,23.4,67.0,16.8,32.8,23.2,70.0,18.4
2014-06-28,34.9,23.6,65,18.4,0.0,6,31.9,23.6,70.0,19.5,30.6,23.4,71.0,17.3,30.7,22.4,72.0,14.8,31.8,22.6,68.0,17.9,31.6,23.4,67.0,16.8,32.8,23.2,70.0,18.4,31.5,23.3,63.0,17.6
2014-06-29,31.9,23.6,70,19.5,0.0,6,30.6,23.4,71.0,17.3,30.7,22.4,72.0,14.8,31.8,22.6,68.0,17.9,31.6,23.4,67.0,16.8,32.8,23.2,70.0,18.4,31.5,23.3,63.0,17.6,31.4,23.3,66.0,15.9
2014-06-30,30.6,23.4,71,17.3,0.0,6,30.7,22.4,72.0,14.8,31.8,22.6,68.0,17.9,31.6,23.4,67.0,16.8,32.8,23.2,70.0,18.4,31.5,23.3,63.0,17.6,31.4,23.3,66.0,15.9,31.6,23.4,71.0,18.0
2014-07-01,30.7,22.4,72,14.8,0.0,7,31.8,22.6,68.0,17.9,31.6,23.4,67.0,16.8,32.8,23.2,70.0,18.4,31.5,23.3,63.0,17.6,31.4,23.3,66.0,15.9,31.6,23.4,71.0,18.0,30.7,21.7,70.0,16.3
2014-07-02,31.8,22.6,68,17.9,0.0,7,31.6,23.4,67.0,16.8,32.8,23.2,70.0,18.4,31.5,23.3,63.0,17.6,31.4,23.3,66.0,15.9,31.6,23.4,71.0,18.0,30.7,21.7,70.0,16.3,32.9,21.9,70.0,14.7
2014-07-03,31.6,23.4,67,16.8,0.0,7,32.8,23.2,70.0,18.4,31.5,23.3,63.0,17.6,31.4,23.3,66.0,15.9,31.6,23.4,71.0,18.0,30.7,21.7,70.0,16.3,32.9,21.9,70.0,14.7,33.8,22.2,70.0,15.9
2014-07-04,32.8,23.2,70,18.4,0.0,7,31.5,23.3,63.0,17.6,31.4,23.3,66.0,15.9,31.6,23.4,71.0,18.0,30.7,21.7,70.0,16.3,32.9,21.9,70.0,14.7,33.8,22.2,70.0,15.9,32.8,22.9,73.0,14.4
2014-07-05,31.5,23.3,63,17.6,0.0,7,31.4,23.3,66.0,15.9,31.6,23.4,71.0,18.0,30.7,21.7,70.0,16.3,32.9,21.9,70.0,14.7,33.8,22.2,70.0,15.9,32.8,22.9,73.0,14.4,33.6,21.2,70.0,19.2
2014-07-06,31.4,23.3,66,15.9,0.0,7,31.6,23.4,71.0,18.0,30.7,21.7,70.0,16.3,32.9,21.9,70.0,14.7,33.8,22.2,70.0,15.9,32.8,22.9,73.0,14.4,33.6,21.2,70.0,19.2,30.5,23.4,72.0,17.8
2014-07-07,31.6,23.4,71,18.0,0.0,7,30.7,21.7,70.0,16.3,32.9,21.9,70.0,14.7,33.8,22.2,70.0,15.9,32.8,22.9,73.0,14.4,33.6,21.2,70.0,19.2,30.5,23.4,72.0,17.8,30.8,23.6,65.0,20.9
2014-07-08,30.7,21.7,70,16.3,0.0,7,32.9,21.9,70.0,14.7,33.8,22.2,70.0,15.9,32.8,22.9,73.0,14.4,33.6,21.2,70.0,19.2,30.5,23.4,72.0,17.8,30.8,23.6,65.0,20.9,31.0,22.4,67.0,21.1
2014-07-09,32.9,21.9,70,14.7,0.0,7,33.8,22.2,70.0,15.9,32.8,22.9,73.0,14.4,33.6,21.2,70.0,19.2,30.5,23.4,72.0,17.8,30.8,23.6,65.0,20.9,31.0,22.4,67.0,21.1,31.3,22.0,69.0,18.7
2014-07-10,33.8,22.2,70,15.9,0.0,7,32.8,22.9,73.0,14.4,33.6,21.2,70.0,19.2,30.5,23.4,72.0,17.8,30.8,23.6,65.0,20.9,31.0,22.4,67.0,21.1,31.3,22.0,69.0,18.7,29.9,23.5,65.0,18.7
2014-07-11,32.8,22.9,73,14.4,0.0,7,33.6,21.2,70.0,19.2,30.5,23.4,72.0,17.8,30.8,23.6,65.0,20.9,31.0,22.4,67.0,21.1,31.3,22.0,69.0,18.7,29.9,23.5,65.0,18.7,29.2,23.3,66.0,18.7
2014-07-12,33.6,21.2,70,19.2,0.0,7,30.5,23.4,72.0,17.8,30.8,23.6,65.0,20.9,31.0,22.4,67.0,21.1,31.3,22.0,69.0,18.7,29.9,23.5,65.0,18.7,29.2,23.3,66.0,18.7,30.7,22.7,65.0,21.1
2014-07-13,30.5,23.4,72,17.8,0.0,7,30.8,23.6,65.0,20.9,31.0,22.4,67.0,21.1,31.3,22.0,69.0,18.7,29.9,23.5,65.0,18.7,29.2,23.3,66.0,18.7,30.7,22.7,65.0,21.1,31.5,22.7,66.0,22.1
2014-07-14,30.8,23.6,65,20.9,0.0,7,31.0,22.4,67.0,21.1,31.3,22.0,69.0,18.7,29.9,23.5,65.0,18.7,29.2,23.3,66.0,18.7,30.7,22.7,65.0,21.1,31.5,22.7,66.0,22.1,30.6,22.9,70.0,15.1
2014-07-15,31.0,22.4,67,21.1,0.0,7,31.3,22.0,69.0,18.7,29.9,23.5,65.0,18.7,29.2,23.3,66.0,18.7,30.7,22.7,65.0,21.1,31.5,22.7,66.0,22.1,30.6,22.9,70.0,15.1,31.6,23.1,71.0,17.0
2014-07-16,31.3,22.0,69,18.7,0.0,7,29.9,23.5,65.0,18.7,29.2,23.3,66.0,18.7,30.7,22.7,65.0,21.1,31.5,22.7,66.0,22.1,30.6,22.9,70.0,15.1,31.6,23.1,71.0,17.0,32.1,23.7,72.0,16.4
2014-07-17,29.9,23.5,65,18.7,0.0,7,29.2,23.3,66.0,18.7,30.7,22.7,65.0,21.1,31.5,22.7,66.0,22.1,30.6,22.9,70.0,15.1,31.6,23.1,71.0,17.0,32.1,23.7,72.0,16.4,31.4,21.8,72.0,18.5
2014-07-18,29.2,23.3,66,18.7,0.0,7,30.7,22.7,65.0,21.1,31.5,22.7,66.0,22.1,30.6,22.9,70.0,15.1,31.6,23.1,71.0,17.0,32.1,23.7,72.0,16.4,31.4,21.8,72.0,18.5,30.2,23.2,68.0,16.1
2014-07-19,30.7,22.7,65,21.1,0.0,7,31.5,22.7,66.0,22.1,30.6,22.9,70.0,15.1,31.6,23.1,71.0,17.0,32.1,23.7,72.0,16.4,31.4,21.8,72.0,18.5,30.2,23.2,68.0,16.1,30.6,22.8,66.0,15.5
2014-07-20,31.5,22.7,66,22.1,0.0,7,30.6,22.9,70.0,15.1,31.6,23.1,71.0,17.0,32.1,23.7,72.0,16.4,31.4,21.8,72.0,18.5,30.2,23.2,68.0,16.1,30.6,22.8,66.0,15.5,31.5,23.2,71.0,17.3
2014-07-21,30.6,22.9,70,15.1,0.2,7,31.6,23.1,71.0,17.0,32.1,23.7,72.0,16.4,31.4,21.8,72.0,18.5,30.2,23.2,68.0,16.1,30.6,22.8,66.0,15.5,31.5,23.2,71.0,17.3,31.9,23.3,73.0,17.4
2014-07-22,31.6,23.1,71,17.0,0.0,7,32.1,23.7,72.0,16.4,31.4,21.8,72.0,18.5,30.2,23.2,68.0,16.1,30.6,22.8,66.0,15.5,31.5,23.2,71.0,17.3,31.9,23.3,73.0,17.4,33.1,22.7,68.0,17.9
2014-07-23,32.1,23.7,72,16.4,0.0,7,31.4,21.8,72.0,18.5,30.2,23.2,68.0,16.1,30.6,22.8,66.0,15.5,31.5,23.2,71.0,17.3,31.9,23.3,73.0,17.4,33.1,22.7,68.0,17.9,31.3,23.0,71.0,16.6
2014-07-24,31.4,21.8,72,18.5,0.0,7,30.2,23.2,68.0,16.1,30.6,22.8,66.0,15.5,31.5,23.2,71.0,17.3,31.9,23.3,73.0,17.4,33.1,22.7,68.0,17.9,31.3,23.0,71.0,16.6,32.0,23.5,72.0,17.3
2014-07-25,30.2,23.2,68,16.1,0.0,7,30.6,22.8,66.0,15.5,31.5,23.2,71.0,17.3,31.9,23.3,73.0,17.4,33.1,22.7,68.0,17.9,31.3,23.0,71.0,16.6,32.0,23.5,72.0,17.3,32.8,22.6,71.0,11.3
2014-07-26,30.6,22.8,66,15.5,0.0,7,31.5,23.2,71.0,17.3,31.9,23.3,73.0,17.4,33.1,22.7,68.0,17.9,31.3,23.0,71.0,16.6,32.0,23.5,72.0,17.3,32.8,22.6,71.0,11.3,31.6,24.5,71.0,17.5
2014-07-27,31.5,23.2,71,17.3,0.0,7,31.9,23.3,73.0,17.4,33.1,22.7,68.0,17.9,31.3,23.0,71.0,16.6,32.0,23.5,72.0,17.3,32.8,22.6,71.0,11.3,31.6,24.5,71.0,17.5,30.9,24.2,64.0,17.9
2014-07-28,31.9,23.3,73,17.4,0.0,7,33.1,22.7,68.0,17.9,31.3,23.0,71.0,16.6,32.0,23.5,72.0,17.3,32.8,22.6,71.0,11.3,31.6,24.5,71.0,17.5,30.9,24.2,64.0,17.9,31.6,24.5,66.0,18.2
2014-07-29,33.1,22.7,68,17.9,0.0,7,31.3,23.0,71.0,16.6,32.0,23.5,72.0,17.3,32.8,22.6,71.0,11.3,31.6,24.5,71.0,17.5,30.9,24.2,64.0,17.9,31.6,24.5,66.0,18.2,33.7,24.1,64.0,21.9
2014-07-30,31.3,23.0,71,16.6,0.0,7,32.0,23.5,72.0,17.3,32.8,22.6,71.0,11.3,31.6,24.5,71.0,17.5,30.9,24.2,64.0,17.9,31.6,24.5,66.0,18.2,33.7,24.1,64.0,21.9,33.0,23.8,67.0,15.0
2014-07-31,32.0,23.5,72,17.3,0.0,7,32.8,22.6,71.0,11.3,31.6,24.5,71.0,17.5,30.9,24.2,64.0,17.9,31.6,24.5,66.0,18.2,33.7,24.1,64.0,21.9,33.0,23.8,67.0,15.0,32.3,22.8,72.0,17.0
2014-08-01,32.8,22.6,71,11.3,0.0,8,31.6,24.5,71.0,17.5,30.9,24.2,64.0,17.9,31.6,24.5,66.0,18.2,33.7,24.1,64.0,21.9,33.0,23.8,67.0,15.0,32.3,22.8,72.0,17.0,30.8,24.1,70.0,19.0
2014-08-02,31.6,24.5,71,17.5,0.0,8,30.9,24.2,64.0,17.9,31.6,24.5,66.0,18.2,33.7,24.1,64.0,21.9,33.0,23.8,67.0,15.0,32.3,22.8,72.0,17.0,30.8,24.1,70.0,19.0,30.7,24.1,62.0,18.9
2014-08-03,30.9,24.2,64,17.9,0.0,8,31.6,24.5,66.0,18.2,33.7,24.1,64.0,21.9,33.0,23.8,67.0,15.0,32.3,22.8,72.0,17.0,30.8,24.1,70.0,19.0,30.7,24.1,62.0,18.9,31.5,24.7,64.0,17.2
2014-08-04,31.6,24.5,66,18.2,0.0,8,33.7,24.1,64.0,21.9,33.0,23.8,67.0,15.0,32.3,22.8,72.0,17.0,30.8,24.1,70.0,19.0,30.7,24.1,62.0,18.9,31.5,24.7,64.0,17.2,32.0,23.9,71.0,15.1
2014-08-05,33.7,24.1,64,21.9,0.0,8,33.0,23.8,67.0,15.0,32.3,22.8,72.0,17.0,30.8,24.1,70.0,19.0,30.7,24.1,62.0,18.9,31.5,24.7,64.0,17.2,32.0,23.9,71.0,15.1,33.2,22.3,73.0,16.8
2014-08-06,33.0,23.8,67,15.0,0.0,8,32.3,22.8,72.0,17.0,30.8,24.1,70.0,19.0,30.7,24.1,62.0,18.9,31.5,24.7,64.0,17.2,32.0,23.9,71.0,15.1,33.2,22.3,73.0,16.8,33.4,24.3,74.0,19.5
2014-08-07,32.3,22.8,72,17.0,0.0,8,30.8,24.1,70.0,19.0,30.7,24.1,62.0,18.9,31.5,24.7,64.0,17.2,32.0,23.9,71.0,15.1,33.2,22.3,73.0,16.8,33.4,24.3,74.0,19.5,33.3,24.7,74.0,19.2
2014-08-08,30.8,24.1,70,19.0,0.0,8,30.7,24.1,62.0,18.9,31.5,24.7,64.0,17.2,32.0,23.9,71.0,15.1,33.2,22.3,73.0,16.8,33.4,24.3,74.0,19.5,33.3,24.7,74.0,19.2,33.5,24.2,71.0,17.8
2014-08-09,30.7,24.1,62,18.9,0.0,8,31.5,24.7,64.0,17.2,32.0,23.9,71.0,15.1,33.2,22.3,73.0,16.8,33.4,24.3,74.0,19.5,33.3,24.7,74.0,19.2,33.5,24.2,71.0,17.8,33.0,24.3,71.0,18.4
2014-08-10,31.5,24.7,64,17.2,0.0,8,32.0,23.9,71.0,15.1,33.2,22.3,73.0,16.8,33.4,24.3,74.0,19.5,33.3,24.7,74.0,19.2,33.5,24.2,71.0,17.8,33.0,24.3,71.0,18.4,33.3,25.3,74.0,20.6
2014-08-11,32.0,23.9,71,15.1,0.0,8,33.2,22.3,73.0,16.8,33.4,24.3,74.0,19.5,33.3,24.7,74.0,19.2,33.5,24.2,71.0,17.8,33.0,24.3,71.0,18.4,33.3,25.3,74.0,20.6,32.9,24.7,70.0,18.5
2014-08-12,33.2,22.3,73,16.8,0.0,8,33.4,24.3,74.0,19.5,33.3,24.7,74.0,19.2,33.5,24.2,71.0,17.8,33.0,24.3,71.0,18.4,33.3,25.3,74.0,20.6,32.9,24.7,70.0,18.5,31.8,24.8,67.0,17.7
2014-08-13,33.4,24.3,74,19.5,0.0,8,33.3,24.7,74.0,19.2,33.5,24.2,71.0,17.8,33.0,24.3,71.0,18.4,33.3,25.3,74.0,20.6,32.9,24.7,70.0,18.5,31.8,24.8,67.0,17.7,31.5,22.6,65.0,15.8
2014-08-14,33.3,24.7,74,19.2,0.0,8,33.5,24.2,71.0,17.8,33.0,24.3,71.0,18.4,33.3,25.3,74.0,20.6,32.9,24.7,70.0,18.5,31.8,24.8,67.0,17.7,31.5,22.6,65.0,15.8,31.0,24.0,70.0,15.2
2014-08-15,33.5,24.2,71,17.8,0.0,8,33.0,24.3,71.0,18.4,33.3,25.3,74.0,20.6,32.9,24.7,70.0,18.5,31.8,24.8,67.0,17.7,31.5,22.6,65.0,15.8,31.0,24.0,70.0,15.2,33.3,24.0,71.0,16.4
2014-08-16,33.0,24.3,71,18.4,0.0,8,33.3,25.3,74.0,20.6,32.9,24.7,70.0,18.5,31.8,24.8,67.0,17.7,31.5,22.6,65.0,15.8,31.0,24.0,70.0,15.2,33.3,24.0,71.0,16.4,34.5,24.2,73.0,15.7
2014-08-17,33.3,25.3,74,20.6,0.0,8,32.9,24.7,70.0,18.5,31.8,24.8,67.0,17.7,31.5,22.6,65.0,15.8,31.0,24.0,70.0,15.2,33.3,24.0,71.0,16.4,34.5,24.2,73.0,15.7,34.5,25.1,72.0,16.7
2014-08-18,32.9,24.7,70,18.5,0.0,8,31.8,24.8,67.0,17.7,31.5,22.6,65.0,15.8,31.0,24.0,70.0,15.2,33.3,24.0,71.0,16.4,34.5,24.2,73.0,15.7,34.5,25.1,72.0,16.7,34.5,24.9,71.0,18.1
2014-08-19,31.8,24.8,67,17.7,0.0,8,31.5,22.6,65.0,15.8,31.0,24.0,70.0,15.2,33.3,24.0,71.0,16.4,34.5,24.2,73.0,15.7,34.5,25.1,72.0,16.7,34.5,24.9,71.0,18.1,34.2,24.8,65.0,17.6
2014-08-20,31.5,22.6,65,15.8,0.0,8,31.0,24.0,70.0,15.2,33.3,24.0,71.0,16.4,34.5,24.2,73.0,15.7,34.5,25.1,72.0,16.7,34.5,24.9,71.0,18.1,34.2,24.8,65.0,17.6,31.6,24.5,71.0,17.8
2014-08-21,31.0,24.0,70,15.2,0.0,8,33.3,24.0,71.0,16.4,34.5,24.2,73.0,15.7,34.5,25.1,72.0,16.7,34.5,24.9,71.0,18.1,34.2,24.8,65.0,17.6,31.6,24.5,71.0,17.8,32.3,24.4,70.0,17.7
2014-08-22,33.3,24.0,71,16.4,0.0,8,34.5,24.2,73.0,15.7,34.5,25.1,72.0,16.7,34.5,24.9,71.0,18.1,34.2,24.8,65.0,17.6,31.6,24.5,71.0,17.8,32.3,24.4,70.0,17.7,32.5,22.9,72.0,17.5
2014-08-23,34.5,24.2,73,15.7,0.0,8,34.5,25.1,72.0,16.7,34.5,24.9,71.0,18.1,34.2,24.8,65.0,17.6,31.6,24.5,71.0,17.8,32.3,24.4,70.0,17.7,32.5,22.9,72.0,17.5,31.8,23.1,74.0,17.3
2014-08-24,34.5,25.1,72,16.7,0.0,8,34.5,24.9,71.0,18.1,34.2,24.8,65.0,17.6,31.6,24.5,71.0,17.8,32.3,24.4,70.0,17.7,32.5,22.9,72.0,17.5,31.8,23.1,74.0,17.3,31.6,23.8,73.0,18.9
2014-08-25,34.5,24.9,71,18.1,0.0,8,34.2,24.8,65.0,17.6,31.6,24.5,71.0,17.8,32.3,24.4,70.0,17.7,32.5,22.9,72.0,17.5,31.8,23.1,74.0,17.3,31.6,23.8,73.0,18.9,30.3,24.6,66.0,17.7
2014-08-26,34.2,24.8,65,17.6,0.0,8,31.6,24.5,71.0,17.8,32.3,24.4,70.0,17.7,32.5,22.9,72.0,17.5,31.8,23.1,74.0,17.3,31.6,23.8,73.0,18.9,30.3,24.6,66.0,17.7,31.4,23.4,64.0,17.4
2014-08-27,31.6,24.5,71,17.8,0.0,8,32.3,24.4,70.0,17.7,32.5,22.9,72.0,17.5,31.8,23.1,74.0,17.3,31.6,23.8,73.0,18.9,30.3,24.6,66.0,17.7,31.4,23.4,64.0,17.4,32.2,22.8,69.0,15.0
2014-08-28,32.3,24.4,70,17.7,0.0,8,32.5,22.9,72.0,17.5,31.8,23.1,74.0,17.3,31.6,23.8,73.0,18.9,30.3,24.6,66.0,17.7,31.4,23.4,64.0,17.4,32.2,22.8,69.0,15.0,33.8,22.8,64.0,14.4
2014-08-29,32.5,22.9,72,17.5,0.0,8,31.8,23.1,74.0,17.3,31.6,23.8,73.0,18.9,30.3,24.6,66.0,17.7,31.4,23.4,64.0,17.4,32.2,22.8,69.0,15.0,33.8,22.8,64.0,14.4,30.8,24.1,67.0,18.2
2014-08-30,31.8,23.1,74,17.3,0.0,8,31.6,23.8,73.0,18.9,30.3,24.6,66.0,17.7,31.4,23.4,64.0,17.4,32.2,22.8,69.0,15.0,33.8,22.8,64.0,14.4,30.8,24.1,67.0,18.2,29.8,23.2,66.0,16.3
2014-08-31,31.6,23.8,73,18.9,0.0,8,30.3,24.6,66.0,17.7,31.4,23.4,64.0,17.4,32.2,22.8,69.0,15.0,33.8,22.8,64.0,14.4,30.8,24.1,67.0,18.2,29.8,23.2,66.0,16.3,31.5,22.6,63.0,18.3
2014-09-01,30.3,24.6,66,17.7,0.0,9,31.4,23.4,64.0,17.4,32.2,22.8,69.0,15.0,33.8,22.8,64.0,14.4,30.8,24.1,67.0,18.2,29.8,23.2,66.0,16.3,31.5,22.6,63.0,18.3,30.7,22.2,67.0,19.0
2014-09-02,31.4,23.4,64,17.4,0.0,9,32.2,22.8,69.0,15.0,33.8,22.8,64.0,14.4,30.8,24.1,67.0,18.2,29.8,23.2,66.0,16.3,31.5,22.6,63.0,18.3,30.7,22.2,67.0,19.0,30.1,22.7,70.0,17.7
2014-09-03,32.2,22.8,69,15.0,0.0,9,33.8,22.8,64.0,14.4,30.8,24.1,67.0,18.2,29.8,23.2,66.0,16.3,31.5,22.6,63.0,18.3,30.7,22.2,67.0,19.0,30.1,22.7,70.0,17.7,30.3,22.5,69.0,15.1
2014-09-04,33.8,22.8,64,14.4,0.0,9,30.8,24.1,67.0,18.2,29.8,23.2,66.0,16.3,31.5,22.6,63.0,18.3,30.7,22.2,67.0,19.0,30.1,22.7,70.0,17.7,30.3,22.5,69.0,15.1,29.7,22.2,70.0,16.9
2014-09-05,30.8,24.1,67,18.2,0.0,9,29.8,23.2,66.0,16.3,31.5,22.6,63.0,18.3,30.7,22.2,67.0,19.0,30.1,22.7,70.0,17.7,30.3,22.5,69.0,15.1,29.7,22.2,70.0,16.9,29.9,22.0,69.0,17.7
2014-09-06,29.8,23.2,66,16.3,0.0,9,31.5,22.6,63.0,18.3,30.7,22.2,67.0,19.0,30.1,22.7,70.0,17.7,30.3,22.5,69.0,15.1,29.7,22.2,70.0,16.9,29.9,22.0,69.0,17.7,30.2,22.3,63.0,18.7
2014-09-07,31.5,22.6,63,18.3,0.0,9,30.7,22.2,67.0,19.0,30.1,22.7,70.0,17.7,30.3,22.5,69.0,15.1,29.7,22.2,70.0,16.9,29.9,22.0,69.0,17.7,30.2,22.3,63.0,18.7,31.0,23.0,65.0,20.0
2014-09-08,30.7,22.2,67,19.0,0.0,9,30.1,22.7,70.0,17.7,30.3,22.5,69.0,15.1,29.7,22.2,70.0,16.9,29.9,22.0,69.0,17.7,30.2,22.3,63.0,18.7,31.0,23.0,65.0,20.0,31.4,22.9,67.0,18.7
2014-09-09,30.1,22.7,70,17.7,0.0,9,30.3,22.5,69.0,15.1,29.7,22.2,70.0,16.9,29.9,22.0,69.0,17.7,30.2,22.3,63.0,18.7,31.0,23.0,65.0,20.0,31.4,22.9,67.0,18.7,32.2,21.6,68.0,17.7
2014-09-10,30.3,22.5,69,15.1,0.0,9,29.7,22.2,70.0,16.9,29.9,22.0,69.0,17.7,30.2,22.3,63.0,18.7,31.0,23.0,65.0,20.0,31.4,22.9,67.0,18.7,32.2,21.6,68.0,17.7,30.9,24.7,71.0,23.0
2014-09-11,29.7,22.2,70,16.9,0.0,9,29.9,22.0,69.0,17.7,30.2,22.3,63.0,18.7,31.0,23.0,65.0,20.0,31.4,22.9,67.0,18.7,32.2,21.6,68.0,17.7,30.9,24.7,71.0,23.0,30.6,23.0,64.0,20.5
2014-09-12,29.9,22.0,69,17.7,0.0,9,30.2,22.3,63.0,18.7,31.0,23.0,65.0,20.0,31.4,22.9,67.0,18.7,32.2,21.6,68.0,17.7,30.9,24.7,71.0,23.0,30.6,23.0,64.0,20.5,29.4,22.9,64.0,20.5
2014-09-13,30.2,22.3,63,18.7,0.0,9,31.0,23.0,65.0,20.0,31.4,22.9,67.0,18.7,32.2,21.6,68.0,17.7,30.9,24.7,71.0,23.0,30.6,23.0,64.0,20.5,29.4,22.9,64.0,20.5,29.5,23.5,62.0,17.1
2014-09-14,31.0,23.0,65,20.0,0.0,9,31.4,22.9,67.0,18.7,32.2,21.6,68.0,17.7,30.9,24.7,71.0,23.0,30.6,23.0,64.0,20.5,29.4,22.9,64.0,20.5,29.5,23.5,62.0,17.1,29.5,22.3,63.0,15.3
2014-09-15,31.4,22.9,67,18.7,0.0,9,32.2,21.6,68.0,17.7,30.9,24.7,71.0,23.0,30.6,23.0,64.0,20.5,29.4,22.9,64.0,20.5,29.5,23.5,62.0,17.1,29.5,22.3,63.0,15.3,30.6,21.9,69.0,15.8
2014-09-16,32.2,21.6,68,17.7,0.0,9,30.9,24.7,71.0,23.0,30.6,23.0,64.0,20.5,29.4,22.9,64.0,20.5,29.5,23.5,62.0,17.1,29.5,22.3,63.0,15.3,30.6,21.9,69.0,15.8,31.3,21.3,73.0,15.5
2014-09-17,30.9,24.7,71,23.0,0.6,9,30.6,23.0,64.0,20.5,29.4,22.9,64.0,20.5,29.5,23.5,62.0,17.1,29.5,22.3,63.0,15.3,30.6,21.9,69.0,15.8,31.3,21.3,73.0,15.5,33.7,21.7,71.0,14.5
2014-09-18,30.6,23.0,64,20.5,0.0,9,29.4,22.9,64.0,20.5,29.5,23.5,62.0,17.1,29.5,22.3,63.0,15.3,30.6,21.9,69.0,15.8,31.3,21.3,73.0,15.5,33.7,21.7,71.0,14.5,31.6,23.8,71.0,20.0
2014-09-19,29.4,22.9,64,20.5,0.0,9,29.5,23.5,62.0,17.1,29.5,22.3,63.0,15.3,30.6,21.9,69.0,15.8,31.3,21.3,73.0,15.5,33.7,21.7,71.0,14.5,31.6,23.8,71.0,20.0,31.3,23.4,63.0,17.9
2014-09-20,29.5,23.5,62,17.1,0.0,9,29.5,22.3,63.0,15.3,30.6,21.9,69.0,15.8,31.3,21.3,73.0,15.5,33.7,21.7,71.0,14.5,31.6,23.8,71.0,20.0,31.3,23.4,63.0,17.9,35.8,22.3,62.0,19.4
2014-09-21,29.5,22.3,63,15.3,0.0,9,30.6,21.9,69.0,15.8,31.3,21.3,73.0,15.5,33.7,21.7,71.0,14.5,31.6,23.8,71.0,20.0,31.3,23.4,63.0,17.9,35.8,22.3,62.0,19.4,27.7,23.1,58.0,21.4
2014-09-22,30.6,21.9,69,15.8,0.0,9,31.3,21.3,73.0,15.5,33.7,21.7,71.0,14.5,31.6,23.8,71.0,20.0,31.3,23.4,63.0,17.9,35.8,22.3,62.0,19.4,27.7,23.1,58.0,21.4,27.1,21.1,58.0,14.1
2014-09-23,31.3,21.3,73,15.5,0.0,9,33.7,21.7,71.0,14.5,31.6,23.8,71.0,20.0,31.3,23.4,63.0,17.9,35.8,22.3,62.0,19.4,27.7,23.1,58.0,21.4,27.1,21.1,58.0,14.1,26.9,19.8,60.0,13.2
2014-09-24,33.7,21.7,71,14.5,0.0,9,31.6,23.8,71.0,20.0,31.3,23.4,63.0,17.9,35.8,22.3,62.0,19.4,27.7,23.1,58.0,21.4,27.1,21.1,58.0,14.1,26.9,19.8,60.0,13.2,27.6,22.3,56.0,19.1
2014-09-25,31.6,23.8,71,20.0,0.0,9,31.3,23.4,63.0,17.9,35.8,22.3,62.0,19.4,27.7,23.1,58.0,21.4,27.1,21.1,58.0,14.1,26.9,19.8,60.0,13.2,27.6,22.3,56.0,19.1,28.2,21.3,57.0,18.1
2014-09-26,31.3,23.4,63,17.9,0.0,9,35.8,22.3,62.0,19.4,27.7,23.1,58.0,21.4,27.1,21.1,58.0,14.1,26.9,19.8,60.0,13.2,27.6,22.3,56.0,19.1,28.2,21.3,57.0,18.1,28.5,19.0,61.0,16.3
2014-09-27,35.8,22.3,62,19.4,0.0,9,27.7,23.1,58.0,21.4,27.1,21.1,58.0,14.1,26.9,19.8,60.0,13.2,27.6,22.3,56.0,19.1,28.2,21.3,57.0,18.1,28.5,19.0,61.0,16.3,27.5,19.1,62.0,16.7
2014-09-28,27.7,23.1,58,21.4,0.0,9,27.1,21.1,58.0,14.1,26.9,19.8,60.0,13.2,27.6,22.3,56.0,19.1,28.2,21.3,57.0,18.1,28.5,19.0,61.0,16.3,27.5,19.1,62.0,16.7,27.9,19.1,62.0,16.9
2014-09-29,27.1,21.1,58,14.1,0.0,9,26.9,19.8,60.0,13.2,27.6,22.3,56.0,19.1,28.2,21.3,57.0,18.1,28.5,19.0,61.0,16.3,27.5,19.1,62.0,16.7,27.9,19.1,62.0,16.9,27.6,21.0,66.0,17.6
2014-09-30,26.9,19.8,60,13.2,0.3,9,27.6,22.3,56.0,19.1,28.2,21.3,57.0,18.1,28.5,19.0,61.0,16.3,27.5,19.1,62.0,16.7,27.9,19.1,62.0,16.9,27.6,21.0,66.0,17.6,28.0,22.2,71.0,16.6
2014-10-01,27.6,22.3,56,19.1,0.2,10,28.2,21.3,57.0,18.1,28.5,19.0,61.0,16.3,27.5,19.1,62.0,16.7,27.9,19.1,62.0,16.9,27.6,21.0,66.0,17.6,28.0,22.2,71.0,16.6,28.4,22.4,72.0,17.4
2014-10-02,28.2,21.3,57,18.1,0.0,10,28.5,19.0,61.0,16.3,27.5,19.1,62.0,16.7,27.9,19.1,62.0,16.9,27.6,21.0,66.0,17.6,28.0,22.2,71.0,16.6,28.4,22.4,72.0,17.4,29.4,18.6,71.0,14.9
2014-10-03,28.5,19.0,61,16.3,0.0,10,27.5,19.1,62.0,16.7,27.9,19.1,62.0,16.9,27.6,21.0,66.0,17.6,28.0,22.2,71.0,16.6,28.4,22.4,72.0,17.4,29.4,18.6,71.0,14.9,29.0,19.5,75.0,16.9
2014-10-04,27.5,19.1,62,16.7,0.0,10,27.9,19.1,62.0,16.9,27.6,21.0,66.0,17.6,28.0,22.2,71.0,16.6,28.4,22.4,72.0,17.4,29.4,18.6,71.0,14.9,29.0,19.5,75.0,16.9,27.5,20.9,73.0,14.2
2014-10-05,27.9,19.1,62,16.9,0.0,10,27.6,21.0,66.0,17.6,28.0,22.2,71.0,16.6,28.4,22.4,72.0,17.4,29.4,18.6,71.0,14.9,29.0,19.5,75.0,16.9,27.5,20.9,73.0,14.2,27.3,21.1,70.0,15.8
2014-10-06,27.6,21.0,66,17.6,0.0,10,28.0,22.2,71.0,16.6,28.4,22.4,72.0,17.4,29.4,18.6,71.0,14.9,29.0,19.5,75.0,16.9,27.5,20.9,73.0,14.2,27.3,21.1,70.0,15.8,26.5,19.1,70.0,12.1
2014-10-07,28.0,22.2,71,16.6,0.0,10,28.4,22.4,72.0,17.4,29.4,18.6,71.0,14.9,29.0,19.5,75.0,16.9,27.5,20.9,73.0,14.2,27.3,21.1,70.0,15.8,26.5,19.1,70.0,12.1,26.4,19.7,67.0,15.6
2014-10-08,28.4,22.4,72,17.4,0.0,10,29.4,18.6,71.0,14.9,29.0,19.5,75.0,16.9,27.5,20.9,73.0,14.2,27.3,21.1,70.0,15.8,26.5,19.1,70.0,12.1,26.4,19.7,67.0,15.6,26.3,19.4,67.0,12.8
2014-10-09,29.4,18.6,71,14.9,0.0,10,29.0,19.5,75.0,16.9,27.5,20.9,73.0,14.2,27.3,21.1,70.0,15.8,26.5,19.1,70.0,12.1,26.4,19.7,67.0,15.6,26.3,19.4,67.0,12.8,26.6,18.5,68.0,17.3
2014-10-10,29.0,19.5,75,16.9,0.0,10,27.5,20.9,73.0,14.2,27.3,21.1,70.0,15.8,26.5,19.1,70.0,12.1,26.4,19.7,67.0,15.6,26.3,19.4,67.0,12.8,26.6,18.5,68.0,17.3,29.6,18.5,70.0,14.0
2014-10-11,27.5,20.9,73,14.2,0.4,10,27.3,21.1,70.0,15.8,26.5,19.1,70.0,12.1,26.4,19.7,67.0,15.6,26.3,19.4,67.0,12.8,26.6,18.5,68.0,17.3,29.6,18.5,70.0,14.0,30.6,20.6,76.0,17.1
2014-10-12,27.3,21.1,70,15.8,0.8,10,26.5,19.1,70.0,12.1,26.4,19.7,67.0,15.6,26.3,19.4,67.0,12.8,26.6,18.5,68.0,17.3,29.6,18.5,70.0,14.0,30.6,20.6,76.0,17.1,28.4,20.6,75.0,22.6
2014-10-13,26.5,19.1,70,12.1,0.5,10,26.4,19.7,67.0,15.6,26.3,19.4,67.0,12.8,26.6,18.5,68.0,17.3,29.6,18.5,70.0,14.0,30.6,20.6,76.0,17.1,28.4,20.6,75.0,22.6,25.8,20.8,50.0,21.4
2014-10-14,26.4,19.7,67,15.6,0.7,10,26.3,19.4,67.0,12.8,26.6,18.5,68.0,17.3,29.6,18.5,70.0,14.0,30.6,20.6,76.0,17.1,28.4,20.6,75.0,22.6,25.8,20.8,50.0,21.4,26.1,17.0,55.0,12.5
2014-10-15,26.3,19.4,67,12.8,0.3,10,26.6,18.5,68.0,17.3,29.6,18.5,70.0,14.0,30.6,20.6,76.0,17.1,28.4,20.6,75.0,22.6,25.8,20.8,50.0,21.4,26.1,17.0,55.0,12.5,26.0,17.3,61.0,13.0
2014-10-16,26.6,18.5,68,17.3,0.0,10,29.6,18.5,70.0,14.0,30.6,20.6,76.0,17.1,28.4,20.6,75.0,22.6,25.8,20.8,50.0,21.4,26.1,17.0,55.0,12.5,26.0,17.3,61.0,13.0,30.0,17.5,57.0,15.6
2014-10-17,29.6,18.5,70,14.0,0.0,10,30.6,20.6,76.0,17.1,28.4,20.6,75.0,22.6,25.8,20.8,50.0,21.4,26.1,17.0,55.0,12.5,26.0,17.3,61.0,13.0,30.0,17.5,57.0,15.6,30.7,19.8,50.0,12.4
2014-10-18,30.6,20.6,76,17.1,0.0,10,28.4,20.6,75.0,22.6,25.8,20.8,50.0,21.4,26.1,17.0,55.0,12.5,26.0,17.3,61.0,13.0,30.0,17.5,57.0,15.6,30.7,19.8,50.0,12.4,31.4,20.7,48.0,13.3
2014-10-19,28.4,20.6,75,22.6,0.8,10,25.8,20.8,50.0,21.4,26.1,17.0,55.0,12.5,26.0,17.3,61.0,13.0,30.0,17.5,57.0,15.6,30.7,19.8,50.0,12.4,31.4,20.7,48.0,13.3,28.5,21.1,71.0,15.8
2014-10-20,25.8,20.8,50,21.4,0.0,10,26.1,17.0,55.0,12.5,26.0,17.3,61.0,13.0,30.0,17.5,57.0,15.6,30.7,19.8,50.0,12.4,31.4,20.7,48.0,13.3,28.5,21.1,71.0,15.8,26.2,21.7,71.0,14.8
2014-10-21,26.1,17.0,55,12.5,0.0,10,26.0,17.3,61.0,13.0,30.0,17.5,57.0,15.6,30.7,19.8,50.0,12.4,31.4,20.7,48.0,13.3,28.5,21.1,71.0,15.8,26.2,21.7,71.0,14.8,25.1,20.2,65.0,16.1
2014-10-22,26.0,17.3,61,13.0,0.0,10,30.0,17.5,57.0,15.6,30.7,19.8,50.0,12.4,31.4,20.7,48.0,13.3,28.5,21.1,71.0,15.8,26.2,21.7,71.0,14.8,25.1,20.2,65.0,16.1,25.8,19.1,63.0,15.9
2014-10-23,30.0,17.5,57,15.6,0.0,10,30.7,19.8,50.0,12.4,31.4,20.7,48.0,13.3,28.5,21.1,71.0,15.8,26.2,21.7,71.0,14.8,25.1,20.2,65.0,16.1,25.8,19.1,63.0,15.9,25.4,18.0,67.0,18.9
2014-10-24,30.7,19.8,50,12.4,0.0,10,31.4,20.7,48.0,13.3,28.5,21.1,71.0,15.8,26.2,21.7,71.0,14.8,25.1,20.2,65.0,16.1,25.8,19.1,63.0,15.9,25.4,18.0,67.0,18.9,24.2,18.4,66.0,20.0
2014-10-25,31.4,20.7,48,13.3,0.0,10,28.5,21.1,71.0,15.8,26.2,21.7,71.0,14.8,25.1,20.2,65.0,16.1,25.8,19.1,63.0,15.9,25.4,18.0,67.0,18.9,24.2,18.4,66.0,20.0,25.5,17.5,64.0,15.1
2014-10-26,28.5,21.1,71,15.8,0.0,10,26.2,21.7,71.0,14.8,25.1,20.2,65.0,16.1,25.8,19.1,63.0,15.9,25.4,18.0,67.0,18.9,24.2,18.4,66.0,20.0,25.5,17.5,64.0,15.1,29.3,20.7,52.0,26.4
2014-10-27,26.2,21.7,71,14.8,0.3,10,25.1,20.2,65.0,16.1,25.8,19.1,63.0,15.9,25.4,18.0,67.0,18.9,24.2,18.4,66.0,20.0,25.5,17.5,64.0,15.1,29.3,20.7,52.0,26.4,23.7,18.7,74.0,16.9
2014-10-28,25.1,20.2,65,16.1,0.0,10,25.8,19.1,63.0,15.9,25.4,18.0,67.0,18.9,24.2,18.4,66.0,20.0,25.5,17.5,64.0,15.1,29.3,20.7,52.0,26.4,23.7,18.7,74.0,16.9,22.8,17.4,68.0,19.7
2014-10-29,25.8,19.1,63,15.9,0.0,10,25.4,18.0,67.0,18.9,24.2,18.4,66.0,20.0,25.5,17.5,64.0,15.1,29.3,20.7,52.0,26.4,23.7,18.7,74.0,16.9,22.8,17.4,68.0,19.7,23.2,17.2,60.0,14.6
2014-10-30,25.4,18.0,67,18.9,0.2,10,24.2,18.4,66.0,20.0,25.5,17.5,64.0,15.1,29.3,20.7,52.0,26.4,23.7,18.7,74.0,16.9,22.8,17.4,68.0,19.7,23.2,17.2,60.0,14.6,24.3,17.2,62.0,19.6
2014-10-31,24.2,18.4,66,20.0,0.2,10,25.5,17.5,64.0,15.1,29.3,20.7,52.0,26.4,23.7,18.7,74.0,16.9,22.8,17.4,68.0,19.7,23.2,17.2,60.0,14.6,24.3,17.2,62.0,19.6,25.0,20.5,48.0,22.1
2014-11-01,25.5,17.5,64,15.1,0.0,11,29.3,20.7,52.0,26.4,23.7,18.7,74.0,16.9,22.8,17.4,68.0,19.7,23.2,17.2,60.0,14.6,24.3,17.2,62.0,19.6,25.0,20.5,48.0,22.1,29.2,18.8,49.0,14.1
2014-11-02,29.3,20.7,52,26.4,0.0,11,23.7,18.7,74.0,16.9,22.8,17.4,68.0,19.7,23.2,17.2,60.0,14.6,24.3,17.2,62.0,19.6,25.0,20.5,48.0,22.1,29.2,18.8,49.0,14.1,27.9,16.9,58.0,17.9
2014-11-03,23.7,18.7,74,16.9,0.7,11,22.8,17.4,68.0,19.7,23.2,17.2,60.0,14.6,24.3,17.2,62.0,19.6,25.0,20.5,48.0,22.1,29.2,18.8,49.0,14.1,27.9,16.9,58.0,17.9,25.0,18.1,70.0,16.3
2014-11-04,22.8,17.4,68,19.7,0.1,11,23.2,17.2,60.0,14.6,24.3,17.2,62.0,19.6,25.0,20.5,48.0,22.1,29.2,18.8,49.0,14.1,27.9,16.9,58.0,17.9,25.0,18.1,70.0,16.3,24.8,19.3,74.0,15.5
2014-11-05,23.2,17.2,60,14.6,0.0,11,24.3,17.2,62.0,19.6,25.0,20.5,48.0,22.1,29.2,18.8,49.0,14.1,27.9,16.9,58.0,17.9,25.0,18.1,70.0,16.3,24.8,19.3,74.0,15.5,25.0,19.0,73.0,14.7
2014-11-06,24.3,17.2,62,19.6,0.0,11,25.0,20.5,48.0,22.1,29.2,18.8,49.0,14.1,27.9,16.9,58.0,17.9,25.0,18.1,70.0,16.3,24.8,19.3,74.0,15.5,25.0,19.0,73.0,14.7,25.5,17.6,72.0,14.3
2014-11-07,25.0,20.5,48,22.1,0.0,11,29.2,18.8,49.0,14.1,27.9,16.9,58.0,17.9,25.0,18.1,70.0,16.3,24.8,19.3,74.0,15.5,25.0,19.0,73.0,14.7,25.5,17.6,72.0,14.3,26.2,16.9,72.0,10.0
2014-11-08,29.2,18.8,49,14.1,0.0,11,27.9,16.9,58.0,17.9,25.0,18.1,70.0,16.3,24.8,19.3,74.0,15.5,25.0,19.0,73.0,14.7,25.5,17.6,72.0,14.3,26.2,16.9,72.0,10.0,23.3,17.3,74.0,17.7
2014-11-09,27.9,16.9,58,17.9,0.0,11,25.0,18.1,70.0,16.3,24.8,19.3,74.0,15.5,25.0,19.0,73.0,14.7,25.5,17.6,72.0,14.3,26.2,16.9,72.0,10.0,23.3,17.3,74.0,17.7,22.3,16.5,77.0,18.7
2014-11-10,25.0,18.1,70,16.3,0.0,11,24.8,19.3,74.0,15.5,25.0,19.0,73.0,14.7,25.5,17.6,72.0,14.3,26.2,16.9,72.0,10.0,23.3,17.3,74.0,17.7,22.3,16.5,77.0,18.7,22.6,17.9,69.0,13.9
2014-11-11,24.8,19.3,74,15.5,0.0,11,25.0,19.0,73.0,14.7,25.5,17.6,72.0,14.3,26.2,16.9,72.0,10.0,23.3,17.3,74.0,17.7,22.3,16.5,77.0,18.7,22.6,17.9,69.0,13.9,23.8,16.2,70.0,16.4
2014-11-12,25.0,19.0,73,14.7,0.0,11,25.5,17.6,72.0,14.3,26.2,16.9,72.0,10.0,23.3,17.3,74.0,17.7,22.3,16.5,77.0,18.7,22.6,17.9,69.0,13.9,23.8,16.2,70.0,16.4,24.1,19.2,68.0,18.9
2014-11-13,25.5,17.6,72,14.3,0.0,11,26.2,16.9,72.0,10.0,23.3,17.3,74.0,17.7,22.3,16.5,77.0,18.7,22.6,17.9,69.0,13.9,23.8,16.2,70.0,16.4,24.1,19.2,68.0,18.9,23.8,18.8,72.0,18.8
2014-11-14,26.2,16.9,72,10.0,0.0,11,23.3,17.3,74.0,17.7,22.3,16.5,77.0,18.7,22.6,17.9,69.0,13.9,23.8,16.2,70.0,16.4,24.1,19.2,68.0,18.9,23.8,18.8,72.0,18.8,22.4,16.4,72.0,22.1
2014-11-15,23.3,17.3,74,17.7,0.3,11,22.3,16.5,77.0,18.7,22.6,17.9,69.0,13.9,23.8,16.2,70.0,16.4,24.1,19.2,68.0,18.9,23.8,18.8,72.0,18.8,22.4,16.4,72.0,22.1,20.9,17.3,57.0,23.3
2014-11-16,22.3,16.5,77,18.7,0.7,11,22.6,17.9,69.0,13.9,23.8,16.2,70.0,16.4,24.1,19.2,68.0,18.9,23.8,18.8,72.0,18.8,22.4,16.4,72.0,22.1,20.9,17.3,57.0,23.3,20.8,16.7,51.0,21.3
2014-11-17,22.6,17.9,69,13.9,0.0,11,23.8,16.2,70.0,16.4,24.1,19.2,68.0,18.9,23.8,18.8,72.0,18.8,22.4,16.4,72.0,22.1,20.9,17.3,57.0,23.3,20.8,16.7,51.0,21.3,19.0,14.7,73.0,16.6
2014-11-18,23.8,16.2,70,16.4,0.0,11,24.1,19.2,68.0,18.9,23.8,18.8,72.0,18.8,22.4,16.4,72.0,22.1,20.9,17.3,57.0,23.3,20.8,16.7,51.0,21.3,19.0,14.7,73.0,16.6,19.4,12.5,75.0,22.0
2014-11-19,24.1,19.2,68,18.9,0.0,11,23.8,18.8,72.0,18.8,22.4,16.4,72.0,22.1,20.9,17.3,57.0,23.3,20.8,16.7,51.0,21.3,19.0,14.7,73.0,16.6,19.4,12.5,75.0,22.0,19.6,14.3,60.0,29.0
2014-11-20,23.8,18.8,72,18.8,0.0,11,22.4,16.4,72.0,22.1,20.9,17.3,57.0,23.3,20.8,16.7,51.0,21.3,19.0,14.7,73.0,16.6,19.4,12.5,75.0,22.0,19.6,14.3,60.0,29.0,18.5,15.0,60.0,23.1
2014-11-21,22.4,16.4,72,22.1,0.4,11,20.9,17.3,57.0,23.3,20.8,16.7,51.0,21.3,19.0,14.7,73.0,16.6,19.4,12.5,75.0,22.0,19.6,14.3,60.0,29.0,18.5,15.0,60.0,23.1,20.8,13.8,60.0,10.9
2014-11-22,20.9,17.3,57,23.3,0.3,11,20.8,16.7,51.0,21.3,19.0,14.7,73.0,16.6,19.4,12.5,75.0,22.0,19.6,14.3,60.0,29.0,18.5,15.0,60.0,23.1,20.8,13.8,60.0,10.9,20.7,14.4,75.0,12.7
2014-11-23,20.8,16.7,51,21.3,0.0,11,19.0,14.7,73.0,16.6,19.4,12.5,75.0,22.0,19.6,14.3,60.0,29.0,18.5,15.0,60.0,23.1,20.8,13.8,60.0,10.9,20.7,14.4,75.0,12.7,21.5,16.0,76.0,14.9
2014-11-24,19.0,14.7,73,16.6,8.4,11,19.4,12.5,75.0,22.0,19.6,14.3,60.0,29.0,18.5,15.0,60.0,23.1,20.8,13.8,60.0,10.9,20.7,14.4,75.0,12.7,21.5,16.0,76.0,14.9,23.2,13.2,77.0,8.0
2014-11-25,19.4,12.5,75,22.0,0.6,11,19.6,14.3,60.0,29.0,18.5,15.0,60.0,23.1,20.8,13.8,60.0,10.9,20.7,14.4,75.0,12.7,21.5,16.0,76.0,14.9,23.2,13.2,77.0,8.0,22.7,12.9,80.0,13.0
2014-11-26,19.6,14.3,60,29.0,0.0,11,18.5,15.0,60.0,23.1,20.8,13.8,60.0,10.9,20.7,14.4,75.0,12.7,21.5,16.0,76.0,14.9,23.2,13.2,77.0,8.0,22.7,12.9,80.0,13.0,23.8,17.2,75.0,11.7
2014-11-27,18.5,15.0,60,23.1,0.8,11,20.8,13.8,60.0,10.9,20.7,14.4,75.0,12.7,21.5,16.0,76.0,14.9,23.2,13.2,77.0,8.0,22.7,12.9,80.0,13.0,23.8,17.2,75.0,11.7,26.9,15.2,66.0,10.1
2014-11-28,20.8,13.8,60,10.9,0.0,11,20.7,14.4,75.0,12.7,21.5,16.0,76.0,14.9,23.2,13.2,77.0,8.0,22.7,12.9,80.0,13.0,23.8,17.2,75.0,11.7,26.9,15.2,66.0,10.1,24.9,15.8,83.0,12.5
2014-11-29,20.7,14.4,75,12.7,0.4,11,21.5,16.0,76.0,14.9,23.2,13.2,77.0,8.0,22.7,12.9,80.0,13.0,23.8,17.2,75.0,11.7,26.9,15.2,66.0,10.1,24.9,15.8,83.0,12.5,23.0,17.8,85.0,12.6
2014-11-30,21.5,16.0,76,14.9,0.3,11,23.2,13.2,77.0,8.0,22.7,12.9,80.0,13.0,23.8,17.2,75.0,11.7,26.9,15.2,66.0,10.1,24.9,15.8,83.0,12.5,23.0,17.8,85.0,12.6,22.0,17.1,79.0,13.7
2014-12-01,23.2,13.2,77,8.0,0.0,12,22.7,12.9,80.0,13.0,23.8,17.2,75.0,11.7,26.9,15.2,66.0,10.1,24.9,15.8,83.0,12.5,23.0,17.8,85.0,12.6,22.0,17.1,79.0,13.7,21.9,15.9,79.0,10.8
2014-12-02,22.7,12.9,80,13.0,0.0,12,23.8,17.2,75.0,11.7,26.9,15.2,66.0,10.1,24.9,15.8,83.0,12.5,23.0,17.8,85.0,12.6,22.0,17.1,79.0,13.7,21.9,15.9,79.0,10.8,22.1,14.5,59.0,22.8
2014-12-03,23.8,17.2,75,11.7,0.0,12,26.9,15.2,66.0,10.1,24.9,15.8,83.0,12.5,23.0,17.8,85.0,12.6,22.0,17.1,79.0,13.7,21.9,15.9,79.0,10.8,22.1,14.5,59.0,22.8,21.8,12.3,51.0,14.2
2014-12-04,26.9,15.2,66,10.1,0.0,12,24.9,15.8,83.0,12.5,23.0,17.8,85.0,12.6,22.0,17.1,79.0,13.7,21.9,15.9,79.0,10.8,22.1,14.5,59.0,22.8,21.8,12.3,51.0,14.2,22.7,16.3,68.0,17.6
2014-12-05,24.9,15.8,83,12.5,0.0,12,23.0,17.8,85.0,12.6,22.0,17.1,79.0,13.7,21.9,15.9,79.0,10.8,22.1,14.5,59.0,22.8,21.8,12.3,51.0,14.2,22.7,16.3,68.0,17.6,20.8,14.4,41.0,19.9
2014-12-06,23.0,17.8,85,12.6,0.0,12,22.0,17.1,79.0,13.7,21.9,15.9,79.0,10.8,22.1,14.5,59.0,22.8,21.8,12.3,51.0,14.2,22.7,16.3,68.0,17.6,20.8,14.4,41.0,19.9,19.2,12.6,61.0,20.2
2014-12-07,22.0,17.1,79,13.7,0.0,12,21.9,15.9,79.0,10.8,22.1,14.5,59.0,22.8,21.8,12.3,51.0,14.2,22.7,16.3,68.0,17.6,20.8,14.4,41.0,19.9,19.2,12.6,61.0,20.2,19.3,14.9,70.0,26.1
2014-12-08,21.9,15.9,79,10.8,0.0,12,22.1,14.5,59.0,22.8,21.8,12.3,51.0,14.2,22.7,16.3,68.0,17.6,20.8,14.4,41.0,19.9,19.2,12.6,61.0,20.2,19.3,14.9,70.0,26.1,20.9,15.9,66.0,14.5
2014-12-09,22.1,14.5,59,22.8,0.0,12,21.8,12.3,51.0,14.2,22.7,16.3,68.0,17.6,20.8,14.4,41.0,19.9,19.2,12.6,61.0,20.2,19.3,14.9,70.0,26.1,20.9,15.9,66.0,14.5,20.4,15.4,66.0,14.3
2014-12-10,21.8,12.3,51,14.2,0.0,12,22.7,16.3,68.0,17.6,20.8,14.4,41.0,19.9,19.2,12.6,61.0,20.2,19.3,14.9,70.0,26.1,20.9,15.9,66.0,14.5,20.4,15.4,66.0,14.3,21.0,15.8,66.0,13.0
2014-12-11,22.7,16.3,68,17.6,0.0,12,20.8,14.4,41.0,19.9,19.2,12.6,61.0,20.2,19.3,14.9,70.0,26.1,20.9,15.9,66.0,14.5,20.4,15.4,66.0,14.3,21.0,15.8,66.0,13.0,21.1,14.1,56.0,12.8
2014-12-12,20.8,14.4,41,19.9,0.0,12,19.2,12.6,61.0,20.2,19.3,14.9,70.0,26.1,20.9,15.9,66.0,14.5,20.4,15.4,66.0,14.3,21.0,15.8,66.0,13.0,21.1,14.1,56.0,12.8,20.8,15.7,69.0,14.5
2014-12-13,19.2,12.6,61,20.2,0.0,12,19.3,14.9,70.0,26.1,20.9,15.9,66.0,14.5,20.4,15.4,66.0,14.3,21.0,15.8,66.0,13.0,21.1,14.1,56.0,12.8,20.8,15.7,69.0,14.5,19.4,13.0,70.0,14.6
2014-12-14,19.3,14.9,70,26.1,1.2,12,20.9,15.9,66.0,14.5,20.4,15.4,66.0,14.3,21.0,15.8,66.0,13.0,21.1,14.1,56.0,12.8,20.8,15.7,69.0,14.5,19.4,13.0,70.0,14.6,19.5,14.5,63.0,16.7
2014-12-15,20.9,15.9,66,14.5,0.0,12,20.4,15.4,66.0,14.3,21.0,15.8,66.0,13.0,21.1,14.1,56.0,12.8,20.8,15.7,69.0,14.5,19.4,13.0,70.0,14.6,19.5,14.5,63.0,16.7,19.6,13.0,68.0,19.9
2014-12-16,20.4,15.4,66,14.3,0.0,12,21.0,15.8,66.0,13.0,21.1,14.1,56.0,12.8,20.8,15.7,69.0,14.5,19.4,13.0,70.0,14.6,19.5,14.5,63.0,16.7,19.6,13.0,68.0,19.9,19.1,14.9,52.0,14.8
2014-12-17,21.0,15.8,66,13.0,0.0,12,21.1,14.1,56.0,12.8,20.8,15.7,69.0,14.5,19.4,13.0,70.0,14.6,19.5,14.5,63.0,16.7,19.6,13.0,68.0,19.9,19.1,14.9,52.0,14.8,20.5,13.0,59.0,11.9
2014-12-18,21.1,14.1,56,12.8,0.0,12,20.8,15.7,69.0,14.5,19.4,13.0,70.0,14.6,19.5,14.5,63.0,16.7,19.6,13.0,68.0,19.9,19.1,14.9,52.0,14.8,20.5,13.0,59.0,11.9,20.4,13.6,63.0,15.3
2014-12-19,20.8,15.7,69,14.5,0.0,12,19.4,13.0,70.0,14.6,19.5,14.5,63.0,16.7,19.6,13.0,68.0,19.9,19.1,14.9,52.0,14.8,20.5,13.0,59.0,11.9,20.4,13.6,63.0,15.3,21.2,12.2,66.0,13.6
2014-12-20,19.4,13.0,70,14.6,0.6,12,19.5,14.5,63.0,16.7,19.6,13.0,68.0,19.9,19.1,14.9,52.0,14.8,20.5,13.0,59.0,11.9,20.4,13.6,63.0,15.3,21.2,12.2,66.0,13.6,20.6,14.0,56.0,13.3
2014-12-21,19.5,14.5,63,16.7,0.0,12,19.6,13.0,68.0,19.9,19.1,14.9,52.0,14.8,20.5,13.0,59.0,11.9,20.4,13.6,63.0,15.3,21.2,12.2,66.0,13.6,20.6,14.0,56.0,13.3,20.3,11.6,50.0,19.1
2014-12-22,19.6,13.0,68,19.9,0.4,12,19.1,14.9,52.0,14.8,20.5,13.0,59.0,11.9,20.4,13.6,63.0,15.3,21.2,12.2,66.0,13.6,20.6,14.0,56.0,13.3,20.3,11.6,50.0,19.1,20.8,11.0,48.0,13.0
2014-12-23,19.1,14.9,52,14.8,0.0,12,20.5,13.0,59.0,11.9,20.4,13.6,63.0,15.3,21.2,12.2,66.0,13.6,20.6,14.0,56.0,13.3,20.3,11.6,50.0,19.1,20.8,11.0,48.0,13.0,20.4,10.4,42.0,10.2
2014-12-24,20.5,13.0,59,11.9,0.0,12,20.4,13.6,63.0,15.3,21.2,12.2,66.0,13.6,20.6,14.0,56.0,13.3,20.3,11.6,50.0,19.1,20.8,11.0,48.0,13.0,20.4,10.4,42.0,10.2,22.1,10.7,40.0,13.0
2014-12-25,20.4,13.6,63,15.3,0.0,12,21.2,12.2,66.0,13.6,20.6,14.0,56.0,13.3,20.3,11.6,50.0,19.1,20.8,11.0,48.0,13.0,20.4,10.4,42.0,10.2,22.1,10.7,40.0,13.0,17.0,12.2,41.0,19.7
2014-12-26,21.2,12.2,66,13.6,0.0,12,20.6,14.0,56.0,13.3,20.3,11.6,50.0,19.1,20.8,11.0,48.0,13.0,20.4,10.4,42.0,10.2,22.1,10.7,40.0,13.0,17.0,12.2,41.0,19.7,18.7,10.9,51.0,15.0
2014-12-27,20.6,14.0,56,13.3,0.0,12,20.3,11.6,50.0,19.1,20.8,11.0,48.0,13.0,20.4,10.4,42.0,10.2,22.1,10.7,40.0,13.0,17.0,12.2,41.0,19.7,18.7,10.9,51.0,15.0,16.2,10.6,64.0,20.8
2014-12-28,20.3,11.6,50,19.1,0.0,12,20.8,11.0,48.0,13.0,20.4,10.4,42.0,10.2,22.1,10.7,40.0,13.0,17.0,12.2,41.0,19.7,18.7,10.9,51.0,15.0,16.2,10.6,64.0,20.8,17.6,10.6,67.0,21.9
2014-12-29,20.8,11.0,48,13.0,0.0,12,20.4,10.4,42.0,10.2,22.1,10.7,40.0,13.0,17.0,12.2,41.0,19.7,18.7,10.9,51.0,15.0,16.2,10.6,64.0,20.8,17.6,10.6,67.0,21.9,19.5,12.6,50.0,33.1
2014-12-30,20.4,10.4,42,10.2,0.0,12,22.1,10.7,40.0,13.0,17.0,12.2,41.0,19.7,18.7,10.9,51.0,15.0,16.2,10.6,64.0,20.8,17.6,10.6,67.0,21.9,19.5,12.6,50.0,33.1,15.3,10.8,46.0,39.8
2014-12-31,22.1,10.7,40,13.0,0.0,12,17.0,12.2,41.0,19.7,18.7,10.9,51.0,15.0,16.2,10.6,64.0,20.8,17.6,10.6,67.0,21.9,19.5,12.6,50.0,33.1,15.3,10.8,46.0,39.8,10.9,8.3,64.0,33.7
2015-01-01,17.0,12.2,41,19.7,0.0,1,18.7,10.9,51.0,15.0,16.2,10.6,64.0,20.8,17.6,10.6,67.0,21.9,19.5,12.6,50.0,33.1,15.3,10.8,46.0,39.8,10.9,8.3,64.0,33.7,11.6,9.2,56.0,28.7
2015-01-02,18.7,10.9,51,15.0,0.0,1,16.2,10.6,64.0,20.8,17.6,10.6,67.0,21.9,19.5,12.6,50.0,33.1,15.3,10.8,46.0,39.8,10.9,8.3,64.0,33.7,11.6,9.2,56.0,28.7,11.1,9.3,62.0,29.1
2015-01-03,16.2,10.6,64,20.8,0.2,1,17.6,10.6,67.0,21.9,19.5,12.6,50.0,33.1,15.3,10.8,46.0,39.8,10.9,8.3,64.0,33.7,11.6,9.2,56.0,28.7,11.1,9.3,62.0,29.1,14.8,9.3,56.0,26.0
2015-01-04,17.6,10.6,67,21.9,0.6,1,19.5,12.6,50.0,33.1,15.3,10.8,46.0,39.8,10.9,8.3,64.0,33.7,11.6,9.2,56.0,28.7,11.1,9.3,62.0,29.1,14.8,9.3,56.0,26.0,16.4,11.0,73.0,27.4
2015-01-05,19.5,12.6,50,33.1,0.0,1,15.3,10.8,46.0,39.8,10.9,8.3,64.0,33.7,11.6,9.2,56.0,28.7,11.1,9.3,62.0,29.1,14.8,9.3,56.0,26.0,16.4,11.0,73.0,27.4,17.3,10.0,65.0,13.2
2015-01-06,15.3,10.8,46,39.8,0.0,1,10.9,8.3,64.0,33.7,11.6,9.2,56.0,28.7,11.1,9.3,62.0,29.1,14.8,9.3,56.0,26.0,16.4,11.0,73.0,27.4,17.3,10.0,65.0,13.2,18.4,11.4,59.0,17.1
2015-01-07,10.9,8.3,64,33.7,1.5,1,11.6,9.2,56.0,28.7,11.1,9.3,62.0,29.1,14.8,9.3,56.0,26.0,16.4,11.0,73.0,27.4,17.3,10.0,65.0,13.2,18.4,11.4,59.0,17.1,16.0,8.9,45.0,18.4
2015-01-08,11.6,9.2,56,28.7,0.0,1,11.1,9.3,62.0,29.1,14.8,9.3,56.0,26.0,16.4,11.0,73.0,27.4,17.3,10.0,65.0,13.2,18.4,11.4,59.0,17.1,16.0,8.9,45.0,18.4,17.0,8.7,58.0,15.8
2015-01-09,11.1,9.3,62,29.1,0.7,1,14.8,9.3,56.0,26.0,16.4,11.0,73.0,27.4,17.3,10.0,65.0,13.2,18.4,11.4,59.0,17.1,16.0,8.9,45.0,18.4,17.0,8.7,58.0,15.8,17.8,11.0,71.0,18.9
2015-01-10,14.8,9.3,56,26.0,0.4,1,16.4,11.0,73.0,27.4,17.3,10.0,65.0,13.2,18.4,11.4,59.0,17.1,16.0,8.9,45.0,18.4,17.0,8.7,58.0,15.8,17.8,11.0,71.0,18.9,17.4,10.9,70.0,16.6
2015-01-11,16.4,11.0,73,27.4,6.6,1,17.3,10.0,65.0,13.2,18.4,11.4,59.0,17.1,16.0,8.9,45.0,18.4,17.0,8.7,58.0,15.8,17.8,11.0,71.0,18.9,17.4,10.9,70.0,16.6,17.9,12.3,69.0,15.3
2015-01-12,17.3,10.0,65,13.2,0.0,1,18.4,11.4,59.0,17.1,16.0,8.9,45.0,18.4,17.0,8.7,58.0,15.8,17.8,11.0,71.0,18.9,17.4,10.9,70.0,16.6,17.9,12.3,69.0,15.3,17.3,10.7,75.0,14.5
2015-01-13,18.4,11.4,59,17.1,0.0,1,16.0,8.9,45.0,18.4,17.0,8.7,58.0,15.8,17.8,11.0,71.0,18.9,17.4,10.9,70.0,16.6,17.9,12.3,69.0,15.3,17.3,10.7,75.0,14.5,18.8,12.2,75.0,16.0
2015-01-14,16.0,8.9,45,18.4,0.0,1,17.0,8.7,58.0,15.8,17.8,11.0,71.0,18.9,17.4,10.9,70.0,16.6,17.9,12.3,69.0,15.3,17.3,10.7,75.0,14.5,18.8,12.2,75.0,16.0,23.8,9.9,62.0,9.3
2015-01-15,17.0,8.7,58,15.8,0.0,1,17.8,11.0,71.0,18.9,17.4,10.9,70.0,16.6,17.9,12.3,69.0,15.3,17.3,10.7,75.0,14.5,18.8,12.2,75.0,16.0,23.8,9.9,62.0,9.3,23.2,8.7,65.0,12.2
2015-01-16,17.8,11.0,71,18.9,0.1,1,17.4,10.9,70.0,16.6,17.9,12.3,69.0,15.3,17.3,10.7,75.0,14.5,18.8,12.2,75.0,16.0,23.8,9.9,62.0,9.3,23.2,8.7,65.0,12.2,21.8,15.1,71.0,16.6
2015-01-17,17.4,10.9,70,16.6,0.0,1,17.9,12.3,69.0,15.3,17.3,10.7,75.0,14.5,18.8,12.2,75.0,16.0,23.8,9.9,62.0,9.3,23.2,8.7,65.0,12.2,21.8,15.1,71.0,16.6,21.1,13.7,56.0,16.8
2015-01-18,17.9,12.3,69,15.3,0.0,1,17.3,10.7,75.0,14.5,18.8,12.2,75.0,16.0,23.8,9.9,62.0,9.3,23.2,8.7,65.0,12.2,21.8,15.1,71.0,16.6,21.1,13.7,56.0,16.8,20.9,12.3,78.0,13.0
2015-01-19,17.3,10.7,75,14.5,0.0,1,18.8,12.2,75.0,16.0,23.8,9.9,62.0,9.3,23.2,8.7,65.0,12.2,21.8,15.1,71.0,16.6,21.1,13.7,56.0,16.8,20.9,12.3,78.0,13.0,19.7,13.3,70.0,15.0
2015-01-20,18.8,12.2,75,16.0,0.0,1,23.8,9.9,62.0,9.3,23.2,8.7,65.0,12.2,21.8,15.1,71.0,16.6,21.1,13.7,56.0,16.8,20.9,12.3,78.0,13.0,19.7,13.3,70.0,15.0,19.2,14.4,70.0,18.6
2015-01-21,23.8,9.9,62,9.3,0.0,1,23.2,8.7,65.0,12.2,21.8,15.1,71.0,16.6,21.1,13.7,56.0,16.8,20.9,12.3,78.0,13.0,19.7,13.3,70.0,15.0,19.2,14.4,70.0,18.6,19.3,11.3,64.0,15.1
2015-01-22,23.2,8.7,65,12.2,0.0,1,21.8,15.1,71.0,16.6,21.1,13.7,56.0,16.8,20.9,12.3,78.0,13.0,19.7,13.3,70.0,15.0,19.2,14.4,70.0,18.6,19.3,11.3,64.0,15.1,19.1,10.8,59.0,9.1
2015-01-23,21.8,15.1,71,16.6,0.0,1,21.1,13.7,56.0,16.8,20.9,12.3,78.0,13.0,19.7,13.3,70.0,15.0,19.2,14.4,70.0,18.6,19.3,11.3,64.0,15.1,19.1,10.8,59.0,9.1,18.7,10.5,41.0,23.2
2015-01-24,21.1,13.7,56,16.8,0.0,1,20.9,12.3,78.0,13.0,19.7,13.3,70.0,15.0,19.2,14.4,70.0,18.6,19.3,11.3,64.0,15.1,19.1,10.8,59.0,9.1,18.7,10.5,41.0,23.2,20.9,9.2,42.0,15.0
2015-01-25,20.9,12.3,78,13.0,0.0,1,19.7,13.3,70.0,15.0,19.2,14.4,70.0,18.6,19.3,11.3,64.0,15.1,19.1,10.8,59.0,9.1,18.7,10.5,41.0,23.2,20.9,9.2,42.0,15.0,22.1,9.4,44.0,12.1
2015-01-26,19.7,13.3,70,15.0,0.0,1,19.2,14.4,70.0,18.6,19.3,11.3,64.0,15.1,19.1,10.8,59.0,9.1,18.7,10.5,41.0,23.2,20.9,9.2,42.0,15.0,22.1,9.4,44.0,12.1,23.9,8.8,52.0,10.8
2015-01-27,19.2,14.4,70,18.6,0.0,1,19.3,11.3,64.0,15.1,19.1,10.8,59.0,9.1,18.7,10.5,41.0,23.2,20.9,9.2,42.0,15.0,22.1,9.4,44.0,12.1,23.9,8.8,52.0,10.8,20.4,13.1,54.0,15.3
2015-01-28,19.3,11.3,64,15.1,0.0,1,19.1,10.8,59.0,9.1,18.7,10.5,41.0,23.2,20.9,9.2,42.0,15.0,22.1,9.4,44.0,12.1,23.9,8.8,52.0,10.8,20.4,13.1,54.0,15.3,19.3,10.1,66.0,13.0
2015-01-29,19.1,10.8,59,9.1,0.0,1,18.7,10.5,41.0,23.2,20.9,9.2,42.0,15.0,22.1,9.4,44.0,12.1,23.9,8.8,52.0,10.8,20.4,13.1,54.0,15.3,19.3,10.1,66.0,13.0,19.5,12.7,68.0,20.9
2015-01-30,18.7,10.5,41,23.2,0.0,1,20.9,9.2,42.0,15.0,22.1,9.4,44.0,12.1,23.9,8.8,52.0,10.8,20.4,13.1,54.0,15.3,19.3,10.1,66.0,13.0,19.5,12.7,68.0,20.9,26.0,15.3,60.0,14.6
2015-01-31,20.9,9.2,42,15.0,0.0,1,22.1,9.4,44.0,12.1,23.9,8.8,52.0,10.8,20.4,13.1,54.0,15.3,19.3,10.1,66.0,13.0,19.5,12.7,68.0,20.9,26.0,15.3,60.0,14.6,21.7,15.1,55.0,24.2
2015-02-01,22.1,9.4,44,12.1,0.0,2,23.9,8.8,52.0,10.8,20.4,13.1,54.0,15.3,19.3,10.1,66.0,13.0,19.5,12.7,68.0,20.9,26.0,15.3,60.0,14.6,21.7,15.1,55.0,24.2,18.8,14.1,57.0,14.9
2015-02-02,23.9,8.8,52,10.8,0.0,2,20.4,13.1,54.0,15.3,19.3,10.1,66.0,13.0,19.5,12.7,68.0,20.9,26.0,15.3,60.0,14.6,21.7,15.1,55.0,24.2,18.8,14.1,57.0,14.9,20.5,11.0,47.0,20.8
2015-02-03,20.4,13.1,54,15.3,0.0,2,19.3,10.1,66.0,13.0,19.5,12.7,68.0,20.9,26.0,15.3,60.0,14.6,21.7,15.1,55.0,24.2,18.8,14.1,57.0,14.9,20.5,11.0,47.0,20.8,18.4,11.2,38.0,43.2
2015-02-04,19.3,10.1,66,13.0,0.0,2,19.5,12.7,68.0,20.9,26.0,15.3,60.0,14.6,21.7,15.1,55.0,24.2,18.8,14.1,57.0,14.9,20.5,11.0,47.0,20.8,18.4,11.2,38.0,43.2,13.3,9.4,44.0,40.6
2015-02-05,19.5,12.7,68,20.9,0.0,2,26.0,15.3,60.0,14.6,21.7,15.1,55.0,24.2,18.8,14.1,57.0,14.9,20.5,11.0,47.0,20.8,18.4,11.2,38.0,43.2,13.3,9.4,44.0,40.6,14.0,7.7,62.0,24.6
2015-02-06,26.0,15.3,60,14.6,0.0,2,21.7,15.1,55.0,24.2,18.8,14.1,57.0,14.9,20.5,11.0,47.0,20.8,18.4,11.2,38.0,43.2,13.3,9.4,44.0,40.6,14.0,7.7,62.0,24.6,15.6,9.2,64.0,25.9
2015-02-07,21.7,15.1,55,24.2,0.0,2,18.8,14.1,57.0,14.9,20.5,11.0,47.0,20.8,18.4,11.2,38.0,43.2,13.3,9.4,44.0,40.6,14.0,7.7,62.0,24.6,15.6,9.2,64.0,25.9,17.2,9.1,70.0,11.3
2015-02-08,18.8,14.1,57,14.9,0.0,2,20.5,11.0,47.0,20.8,18.4,11.2,38.0,43.2,13.3,9.4,44.0,40.6,14.0,7.7,62.0,24.6,15.6,9.2,64.0,25.9,17.2,9.1,70.0,11.3,14.8,10.7,71.0,7.6
2015-02-09,20.5,11.0,47,20.8,0.0,2,18.4,11.2,38.0,43.2,13.3,9.4,44.0,40.6,14.0,7.7,62.0,24.6,15.6,9.2,64.0,25.9,17.2,9.1,70.0,11.3,14.8,10.7,71.0,7.6,17.3,9.8,65.0,15.1
2015-02-10,18.4,11.2,38,43.2,0.0,2,13.3,9.4,44.0,40.6,14.0,7.7,62.0,24.6,15.6,9.2,64.0,25.9,17.2,9.1,70.0,11.3,14.8,10.7,71.0,7.6,17.3,9.8,65.0,15.1,17.2,10.3,60.0,14.4
2015-02-11,13.3,9.4,44,40.6,0.1,2,14.0,7.7,62.0,24.6,15.6,9.2,64.0,25.9,17.2,9.1,70.0,11.3,14.8,10.7,71.0,7.6,17.3,9.8,65.0,15.1,17.2,10.3,60.0,14.4,16.1,11.1,64.0,23.7
2015-02-12,14.0,7.7,62,24.6,0.4,2,15.6,9.2,64.0,25.9,17.2,9.1,70.0,11.3,14.8,10.7,71.0,7.6,17.3,9.8,65.0,15.1,17.2,10.3,60.0,14.4,16.1,11.1,64.0,23.7,11.4,8.3,58.0,34.7
2015-02-13,15.6,9.2,64,25.9,0.0,2,17.2,9.1,70.0,11.3,14.8,10.7,71.0,7.6,17.3,9.8,65.0,15.1,17.2,10.3,60.0,14.4,16.1,11.1,64.0,23.7,11.4,8.3,58.0,34.7,15.1,7.3,57.0,31.0
2015-02-14,17.2,9.1,70,11.3,0.0,2,14.8,10.7,71.0,7.6,17.3,9.8,65.0,15.1,17.2,10.3,60.0,14.4,16.1,11.1,64.0,23.7,11.4,8.3,58.0,34.7,15.1,7.3,57.0,31.0,16.4,11.2,54.0,24.8
2015-02-15,14.8,10.7,71,7.6,0.7,2,17.3,9.8,65.0,15.1,17.2,10.3,60.0,14.4,16.1,11.1,64.0,23.7,11.4,8.3,58.0,34.7,15.1,7.3,57.0,31.0,16.4,11.2,54.0,24.8,17.9,9.6,60.0,15.0
2015-02-16,17.3,9.8,65,15.1,0.0,2,17.2,10.3,60.0,14.4,16.1,11.1,64.0,23.7,11.4,8.3,58.0,34.7,15.1,7.3,57.0,31.0,16.4,11.2,54.0,24.8,17.9,9.6,60.0,15.0,17.1,12.5,64.0,15.2
2015-02-17,17.2,10.3,60,14.4,0.2,2,16.1,11.1,64.0,23.7,11.4,8.3,58.0,34.7,15.1,7.3,57.0,31.0,16.4,11.2,54.0,24.8,17.9,9.6,60.0,15.0,17.1,12.5,64.0,15.2,17.8,12.5,71.0,23.8
2015-02-18,16.1,11.1,64,23.7,0.0,2,11.4,8.3,58.0,34.7,15.1,7.3,57.0,31.0,16.4,11.2,54.0,24.8,17.9,9.6,60.0,15.0,17.1,12.5,64.0,15.2,17.8,12.5,71.0,23.8,20.1,11.6,69.0,14.8
2015-02-19,11.4,8.3,58,34.7,0.0,2,15.1,7.3,57.0,31.0,16.4,11.2,54.0,24.8,17.9,9.6,60.0,15.0,17.1,12.5,64.0,15.2,17.8,12.5,71.0,23.8,20.1,11.6,69.0,14.8,19.3,13.6,77.0,22.9
2015-02-20,15.1,7.3,57,31.0,1.4,2,16.4,11.2,54.0,24.8,17.9,9.6,60.0,15.0,17.1,12.5,64.0,15.2,17.8,12.5,71.0,23.8,20.1,11.6,69.0,14.8,19.3,13.6,77.0,22.9,26.8,13.9,55.0,17.4
2015-02-21,16.4,11.2,54,24.8,0.0,2,17.9,9.6,60.0,15.0,17.1,12.5,64.0,15.2,17.8,12.5,71.0,23.8,20.1,11.6,69.0,14.8,19.3,13.6,77.0,22.9,26.8,13.9,55.0,17.4,20.7,12.6,61.0,19.0
2015-02-22,17.9,9.6,60,15.0,0.0,2,17.1,12.5,64.0,15.2,17.8,12.5,71.0,23.8,20.1,11.6,69.0,14.8,19.3,13.6,77.0,22.9,26.8,13.9,55.0,17.4,20.7,12.6,61.0,19.0,19.3,9.6,70.0,14.8
2015-02-23,17.1,12.5,64,15.2,0.0,2,17.8,12.5,71.0,23.8,20.1,11.6,69.0,14.8,19.3,13.6,77.0,22.9,26.8,13.9,55.0,17.4,20.7,12.6,61.0,19.0,19.3,9.6,70.0,14.8,19.8,10.6,67.0,14.8
2015-02-24,17.8,12.5,71,23.8,1.2,2,20.1,11.6,69.0,14.8,19.3,13.6,77.0,22.9,26.8,13.9,55.0,17.4,20.7,12.6,61.0,19.0,19.3,9.6,70.0,14.8,19.8,10.6,67.0,14.8,21.2,10.2,67.0,21.8
2015-02-25,20.1,11.6,69,14.8,0.0,2,19.3,13.6,77.0,22.9,26.8,13.9,55.0,17.4,20.7,12.6,61.0,19.0,19.3,9.6,70.0,14.8,19.8,10.6,67.0,14.8,21.2,10.2,67.0,21.8,19.7,13.6,67.0,18.0
2015-02-26,19.3,13.6,77,22.9,0.0,2,26.8,13.9,55.0,17.4,20.7,12.6,61.0,19.0,19.3,9.6,70.0,14.8,19.8,10.6,67.0,14.8,21.2,10.2,67.0,21.8,19.7,13.6,67.0,18.0,19.6,13.6,65.0,18.5
2015-02-27,26.8,13.9,55,17.4,0.0,2,20.7,12.6,61.0,19.0,19.3,9.6,70.0,14.8,19.8,10.6,67.0,14.8,21.2,10.2,67.0,21.8,19.7,13.6,67.0,18.0,19.6,13.6,65.0,18.5,22.0,14.5,69.0,18.2
2015-02-28,20.7,12.6,61,19.0,0.0,2,19.3,9.6,70.0,14.8,19.8,10.6,67.0,14.8,21.2,10.2,67.0,21.8,19.7,13.6,67.0,18.0,19.6,13.6,65.0,18.5,22.0,14.5,69.0,18.2,26.0,14.9,67.0,14.0
2015-03-01,19.3,9.6,70,14.8,0.0,3,19.8,10.6,67.0,14.8,21.2,10.2,67.0,21.8,19.7,13.6,67.0,18.0,19.6,13.6,65.0,18.5,22.0,14.5,69.0,18.2,26.0,14.9,67.0,14.0,25.2,11.0,68.0,15.5
2015-03-02,19.8,10.6,67,14.8,0.0,3,21.2,10.2,67.0,21.8,19.7,13.6,67.0,18.0,19.6,13.6,65.0,18.5,22.0,14.5,69.0,18.2,26.0,14.9,67.0,14.0,25.2,11.0,68.0,15.5,22.7,15.3,70.0,15.7
2015-03-03,21.2,10.2,67,21.8,0.0,3,19.7,13.6,67.0,18.0,19.6,13.6,65.0,18.5,22.0,14.5,69.0,18.2,26.0,14.9,67.0,14.0,25.2,11.0,68.0,15.5,22.7,15.3,70.0,15.7,20.5,15.6,78.0,21.5
2015-03-04,19.7,13.6,67,18.0,0.0,3,19.6,13.6,65.0,18.5,22.0,14.5,69.0,18.2,26.0,14.9,67.0,14.0,25.2,11.0,68.0,15.5,22.7,15.3,70.0,15.7,20.5,15.6,78.0,21.5,18.9,13.9,76.0,23.1
2015-03-05,19.6,13.6,65,18.5,0.0,3,22.0,14.5,69.0,18.2,26.0,14.9,67.0,14.0,25.2,11.0,68.0,15.5,22.7,15.3,70.0,15.7,20.5,15.6,78.0,21.5,18.9,13.9,76.0,23.1,19.7,11.4,69.0,19.4
2015-03-06,22.0,14.5,69,18.2,0.0,3,26.0,14.9,67.0,14.0,25.2,11.0,68.0,15.5,22.7,15.3,70.0,15.7,20.5,15.6,78.0,21.5,18.9,13.9,76.0,23.1,19.7,11.4,69.0,19.4,19.9,10.8,69.0,14.8
2015-03-07,26.0,14.9,67,14.0,0.0,3,25.2,11.0,68.0,15.5,22.7,15.3,70.0,15.7,20.5,15.6,78.0,21.5,18.9,13.9,76.0,23.1,19.7,11.4,69.0,19.4,19.9,10.8,69.0,14.8,22.7,12.0,68.0,17.3
2015-03-08,25.2,11.0,68,15.5,0.0,3,22.7,15.3,70.0,15.7,20.5,15.6,78.0,21.5,18.9,13.9,76.0,23.1,19.7,11.4,69.0,19.4,19.9,10.8,69.0,14.8,22.7,12.0,68.0,17.3,18.9,13.1,62.0,18.0
2015-03-09,22.7,15.3,70,15.7,0.0,3,20.5,15.6,78.0,21.5,18.9,13.9,76.0,23.1,19.7,11.4,69.0,19.4,19.9,10.8,69.0,14.8,22.7,12.0,68.0,17.3,18.9,13.1,62.0,18.0,19.4,14.0,57.0,16.8
2015-03-10,20.5,15.6,78,21.5,0.1,3,18.9,13.9,76.0,23.1,19.7,11.4,69.0,19.4,19.9,10.8,69.0,14.8,22.7,12.0,68.0,17.3,18.9,13.1,62.0,18.0,19.4,14.0,57.0,16.8,19.7,13.4,60.0,16.9
2015-03-11,18.9,13.9,76,23.1,1.7,3,19.7,11.4,69.0,19.4,19.9,10.8,69.0,14.8,22.7,12.0,68.0,17.3,18.9,13.1,62.0,18.0,19.4,14.0,57.0,16.8,19.7,13.4,60.0,16.9,20.2,13.2,62.0,18.9
2015-03-12,19.7,11.4,69,19.4,3.7,3,19.9,10.8,69.0,14.8,22.7,12.0,68.0,17.3,18.9,13.1,62.0,18.0,19.4,14.0,57.0,16.8,19.7,13.4,60.0,16.9,20.2,13.2,62.0,18.9,19.6,12.7,65.0,20.4
2015-03-13,19.9,10.8,69,14.8,0.0,3,22.7,12.0,68.0,17.3,18.9,13.1,62.0,18.0,19.4,14.0,57.0,16.8,19.7,13.4,60.0,16.9,20.2,13.2,62.0,18.9,19.6,12.7,65.0,20.4,19.0,11.3,60.0,15.1
2015-03-14,22.7,12.0,68,17.3,0.0,3,18.9,13.1,62.0,18.0,19.4,14.0,57.0,16.8,19.7,13.4,60.0,16.9,20.2,13.2,62.0,18.9,19.6,12.7,65.0,20.4,19.0,11.3,60.0,15.1,18.8,9.9,64.0,23.8
2015-03-15,18.9,13.1,62,18.0,0.0,3,19.4,14.0,57.0,16.8,19.7,13.4,60.0,16.9,20.2,13.2,62.0,18.9,19.6,12.7,65.0,20.4,19.0,11.3,60.0,15.1,18.8,9.9,64.0,23.8,19.1,10.9,55.0,16.2
2015-03-16,19.4,14.0,57,16.8,0.0,3,19.7,13.4,60.0,16.9,20.2,13.2,62.0,18.9,19.6,12.7,65.0,20.4,19.0,11.3,60.0,15.1,18.8,9.9,64.0,23.8,19.1,10.9,55.0,16.2,19.5,8.7,70.0,16.1
2015-03-17,19.7,13.4,60,16.9,0.0,3,20.2,13.2,62.0,18.9,19.6,12.7,65.0,20.4,19.0,11.3,60.0,15.1,18.8,9.9,64.0,23.8,19.1,10.9,55.0,16.2,19.5,8.7,70.0,16.1,21.4,14.4,66.0,20.7
2015-03-18,20.2,13.2,62,18.9,0.0,3,19.6,12.7,65.0,20.4,19.0,11.3,60.0,15.1,18.8,9.9,64.0,23.8,19.1,10.9,55.0,16.2,19.5,8.7,70.0,16.1,21.4,14.4,66.0,20.7,21.4,15.2,75.0,20.4
2015-03-19,19.6,12.7,65,20.4,0.0,3,19.0,11.3,60.0,15.1,18.8,9.9,64.0,23.8,19.1,10.9,55.0,16.2,19.5,8.7,70.0,16.1,21.4,14.4,66.0,20.7,21.4,15.2,75.0,20.4,21.7,15.5,72.0,20.5
2015-03-20,19.0,11.3,60,15.1,0.0,3,18.8,9.9,64.0,23.8,19.1,10.9,55.0,16.2,19.5,8.7,70.0,16.1,21.4,14.4,66.0,20.7,21.4,15.2,75.0,20.4,21.7,15.5,72.0,20.5,27.0,17.3,57.0,20.2
2015-03-21,18.8,9.9,64,23.8,0.0,3,19.1,10.9,55.0,16.2,19.5,8.7,70.0,16.1,21.4,14.4,66.0,20.7,21.4,15.2,75.0,20.4,21.7,15.5,72.0,20.5,27.0,17.3,57.0,20.2,24.3,16.5,64.0,15.9
2015-03-22,19.1,10.9,55,16.2,0.0,3,19.5,8.7,70.0,16.1,21.4,14.4,66.0,20.7,21.4,15.2,75.0,20.4,21.7,15.5,72.0,20.5,27.0,17.3,57.0,20.2,24.3,16.5,64.0,15.9,23.5,14.7,67.0,18.3
2015-03-23,19.5,8.7,70,16.1,0.0,3,21.4,14.4,66.0,20.7,21.4,15.2,75.0,20.4,21.7,15.5,72.0,20.5,27.0,17.3,57.0,20.2,24.3,16.5,64.0,15.9,23.5,14.7,67.0,18.3,20.5,13.9,69.0,19.4
2015-03-24,21.4,14.4,66,20.7,0.0,3,21.4,15.2,75.0,20.4,21.7,15.5,72.0,20.5,27.0,17.3,57.0,20.2,24.3,16.5,64.0,15.9,23.5,14.7,67.0,18.3,20.5,13.9,69.0,19.4,24.8,12.2,62.0,27.2
2015-03-25,21.4,15.2,75,20.4,0.0,3,21.7,15.5,72.0,20.5,27.0,17.3,57.0,20.2,24.3,16.5,64.0,15.9,23.5,14.7,67.0,18.3,20.5,13.9,69.0,19.4,24.8,12.2,62.0,27.2,20.5,15.1,66.0,21.7
2015-03-26,21.7,15.5,72,20.5,0.0,3,27.0,17.3,57.0,20.2,24.3,16.5,64.0,15.9,23.5,14.7,67.0,18.3,20.5,13.9,69.0,19.4,24.8,12.2,62.0,27.2,20.5,15.1,66.0,21.7,25.4,11.6,68.0,11.4
2015-03-27,27.0,17.3,57,20.2,0.0,3,24.3,16.5,64.0,15.9,23.5,14.7,67.0,18.3,20.5,13.9,69.0,19.4,24.8,12.2,62.0,27.2,20.5,15.1,66.0,21.7,25.4,11.6,68.0,11.4,22.5,15.8,71.0,20.3
2015-03-28,24.3,16.5,64,15.9,0.1,3,23.5,14.7,67.0,18.3,20.5,13.9,69.0,19.4,24.8,12.2,62.0,27.2,20.5,15.1,66.0,21.7,25.4,11.6,68.0,11.4,22.5,15.8,71.0,20.3,21.4,13.4,68.0,18.5
2015-03-29,23.5,14.7,67,18.3,0.0,3,20.5,13.9,69.0,19.4,24.8,12.2,62.0,27.2,20.5,15.1,66.0,21.7,25.4,11.6,68.0,11.4,22.5,15.8,71.0,20.3,21.4,13.4,68.0,18.5,22.2,13.7,67.0,15.8
2015-03-30,20.5,13.9,69,19.4,0.0,3,24.8,12.2,62.0,27.2,20.5,15.1,66.0,21.7,25.4,11.6,68.0,11.4,22.5,15.8,71.0,20.3,21.4,13.4,68.0,18.5,22.2,13.7,67.0,15.8,22.9,14.4,67.0,15.3
2015-03-31,24.8,12.2,62,27.2,0.0,3,20.5,15.1,66.0,21.7,25.4,11.6,68.0,11.4,22.5,15.8,71.0,20.3,21.4,13.4,68.0,18.5,22.2,13.7,67.0,15.8,22.9,14.4,67.0,15.3,31.0,14.4,61.0,21.1
2015-04-01,20.5,15.1,66,21.7,0.0,4,25.4,11.6,68.0,11.4,22.5,15.8,71.0,20.3,21.4,13.4,68.0,18.5,22.2,13.7,67.0,15.8,22.9,14.4,67.0,15.3,31.0,14.4,61.0,21.1,25.3,15.9,72.0,20.5
2015-04-02,25.4,11.6,68,11.4,0.0,4,22.5,15.8,71.0,20.3,21.4,13.4,68.0,18.5,22.2,13.7,67.0,15.8,22.9,14.4,67.0,15.3,31.0,14.4,61.0,21.1,25.3,15.9,72.0,20.5,19.2,14.4,59.0,26.1
2015-04-03,22.5,15.8,71,20.3,0.0,4,21.4,13.4,68.0,18.5,22.2,13.7,67.0,15.8,22.9,14.4,67.0,15.3,31.0,14.4,61.0,21.1,25.3,15.9,72.0,20.5,19.2,14.4,59.0,26.1,18.6,12.2,57.0,28.7
2015-04-04,21.4,13.4,68,18.5,0.0,4,22.2,13.7,67.0,15.8,22.9,14.4,67.0,15.3,31.0,14.4,61.0,21.1,25.3,15.9,72.0,20.5,19.2,14.4,59.0,26.1,18.6,12.2,57.0,28.7,16.4,10.5,78.0,19.2
2015-04-05,22.2,13.7,67,15.8,0.0,4,22.9,14.4,67.0,15.3,31.0,14.4,61.0,21.1,25.3,15.9,72.0,20.5,19.2,14.4,59.0,26.1,18.6,12.2,57.0,28.7,16.4,10.5,78.0,19.2,19.1,12.3,54.0,32.7
2015-04-06,22.9,14.4,67,15.3,0.0,4,31.0,14.4,61.0,21.1,25.3,15.9,72.0,20.5,19.2,14.4,59.0,26.1,18.6,12.2,57.0,28.7,16.4,10.5,78.0,19.2,19.1,12.3,54.0,32.7,21.4,13.7,59.0,21.7
2015-04-07,31.0,14.4,61,21.1,0.0,4,25.3,15.9,72.0,20.5,19.2,14.4,59.0,26.1,18.6,12.2,57.0,28.7,16.4,10.5,78.0,19.2,19.1,12.3,54.0,32.7,21.4,13.7,59.0,21.7,20.5,11.8,68.0,17.1
2015-04-08,25.3,15.9,72,20.5,0.0,4,19.2,14.4,59.0,26.1,18.6,12.2,57.0,28.7,16.4,10.5,78.0,19.2,19.1,12.3,54.0,32.7,21.4,13.7,59.0,21.7,20.5,11.8,68.0,17.1,19.9,13.9,60.0,20.9
2015-04-09,19.2,14.4,59,26.1,0.0,4,18.6,12.2,57.0,28.7,16.4,10.5,78.0,19.2,19.1,12.3,54.0,32.7,21.4,13.7,59.0,21.7,20.5,11.8,68.0,17.1,19.9,13.9,60.0,20.9,21.8,13.1,68.0,17.1
2015-04-10,18.6,12.2,57,28.7,0.1,4,16.4,10.5,78.0,19.2,19.1,12.3,54.0,32.7,21.4,13.7,59.0,21.7,20.5,11.8,68.0,17.1,19.9,13.9,60.0,20.9,21.8,13.1,68.0,17.1,22.5,13.7,72.0,17.6
2015-04-11,16.4,10.5,78,19.2,8.7,4,19.1,12.3,54.0,32.7,21.4,13.7,59.0,21.7,20.5,11.8,68.0,17.1,19.9,13.9,60.0,20.9,21.8,13.1,68.0,17.1,22.5,13.7,72.0,17.6,22.6,12.2,72.0,13.9
2015-04-12,19.1,12.3,54,32.7,0.1,4,21.4,13.7,59.0,21.7,20.5,11.8,68.0,17.1,19.9,13.9,60.0,20.9,21.8,13.1,68.0,17.1,22.5,13.7,72.0,17.6,22.6,12.2,72.0,13.9,25.9,11.6,67.0,13.9
2015-04-13,21.4,13.7,59,21.7,0.0,4,20.5,11.8,68.0,17.1,19.9,13.9,60.0,20.9,21.8,13.1,68.0,17.1,22.5,13.7,72.0,17.6,22.6,12.2,72.0,13.9,25.9,11.6,67.0,13.9,33.8,15.8,38.0,20.9
2015-04-14,20.5,11.8,68,17.1,0.0,4,19.9,13.9,60.0,20.9,21.8,13.1,68.0,17.1,22.5,13.7,72.0,17.6,22.6,12.2,72.0,13.9,25.9,11.6,67.0,13.9,33.8,15.8,38.0,20.9,24.2,16.0,69.0,17.6
2015-04-15,19.9,13.9,60,20.9,0.0,4,21.8,13.1,68.0,17.1,22.5,13.7,72.0,17.6,22.6,12.2,72.0,13.9,25.9,11.6,67.0,13.9,33.8,15.8,38.0,20.9,24.2,16.0,69.0,17.6,22.0,15.9,65.0,24.4
2015-04-16,21.8,13.1,68,17.1,0.0,4,22.5,13.7,72.0,17.6,22.6,12.2,72.0,13.9,25.9,11.6,67.0,13.9,33.8,15.8,38.0,20.9,24.2,16.0,69.0,17.6,22.0,15.9,65.0,24.4,19.8,14.8,50.0,33.5
2015-04-17,22.5,13.7,72,17.6,0.0,4,22.6,12.2,72.0,13.9,25.9,11.6,67.0,13.9,33.8,15.8,38.0,20.9,24.2,16.0,69.0,17.6,22.0,15.9,65.0,24.4,19.8,14.8,50.0,33.5,20.8,14.2,45.0,18.6
2015-04-18,22.6,12.2,72,13.9,0.0,4,25.9,11.6,67.0,13.9,33.8,15.8,38.0,20.9,24.2,16.0,69.0,17.6,22.0,15.9,65.0,24.4,19.8,14.8,50.0,33.5,20.8,14.2,45.0,18.6,20.5,13.2,57.0,18.8
2015-04-19,25.9,11.6,67,13.9,0.0,4,33.8,15.8,38.0,20.9,24.2,16.0,69.0,17.6,22.0,15.9,65.0,24.4,19.8,14.8,50.0,33.5,20.8,14.2,45.0,18.6,20.5,13.2,57.0,18.8,23.0,14.7,67.0,16.3
2015-04-20,33.8,15.8,38,20.9,0.0,4,24.2,16.0,69.0,17.6,22.0,15.9,65.0,24.4,19.8,14.8,50.0,33.5,20.8,14.2,45.0,18.6,20.5,13.2,57.0,18.8,23.0,14.7,67.0,16.3,30.2,16.4,65.0,13.8
2015-04-21,24.2,16.0,69,17.6,0.0,4,22.0,15.9,65.0,24.4,19.8,14.8,50.0,33.5,20.8,14.2,45.0,18.6,20.5,13.2,57.0,18.8,23.0,14.7,67.0,16.3,30.2,16.4,65.0,13.8,28.2,15.4,69.0,13.8
2015-04-22,22.0,15.9,65,24.4,0.2,4,19.8,14.8,50.0,33.5,20.8,14.2,45.0,18.6,20.5,13.2,57.0,18.8,23.0,14.7,67.0,16.3,30.2,16.4,65.0,13.8,28.2,15.4,69.0,13.8,30.7,16.0,68.0,20.9
2015-04-23,19.8,14.8,50,33.5,0.0,4,20.8,14.2,45.0,18.6,20.5,13.2,57.0,18.8,23.0,14.7,67.0,16.3,30.2,16.4,65.0,13.8,28.2,15.4,69.0,13.8,30.7,16.0,68.0,20.9,24.6,16.9,66.0,17.7
2015-04-24,20.8,14.2,45,18.6,0.0,4,20.5,13.2,57.0,18.8,23.0,14.7,67.0,16.3,30.2,16.4,65.0,13.8,28.2,15.4,69.0,13.8,30.7,16.0,68.0,20.9,24.6,16.9,66.0,17.7,24.4,14.8,72.0,18.2
2015-04-25,20.5,13.2,57,18.8,0.0,4,23.0,14.7,67.0,16.3,30.2,16.4,65.0,13.8,28.2,15.4,69.0,13.8,30.7,16.0,68.0,20.9,24.6,16.9,66.0,17.7,24.4,14.8,72.0,18.2,23.2,16.7,68.0,16.7
2015-04-26,23.0,14.7,67,16.3,0.0,4,30.2,16.4,65.0,13.8,28.2,15.4,69.0,13.8,30.7,16.0,68.0,20.9,24.6,16.9,66.0,17.7,24.4,14.8,72.0,18.2,23.2,16.7,68.0,16.7,23.7,14.6,73.0,17.7
2015-04-27,30.2,16.4,65,13.8,0.0,4,28.2,15.4,69.0,13.8,30.7,16.0,68.0,20.9,24.6,16.9,66.0,17.7,24.4,14.8,72.0,18.2,23.2,16.7,68.0,16.7,23.7,14.6,73.0,17.7,23.4,15.1,70.0,16.6
2015-04-28,28.2,15.4,69,13.8,0.0,4,30.7,16.0,68.0,20.9,24.6,16.9,66.0,17.7,24.4,14.8,72.0,18.2,23.2,16.7,68.0,16.7,23.7,14.6,73.0,17.7,23.4,15.1,70.0,16.6,24.7,14.5,71.0,17.6
2015-04-29,30.7,16.0,68,20.9,0.0,4,24.6,16.9,66.0,17.7,24.4,14.8,72.0,18.2,23.2,16.7,68.0,16.7,23.7,14.6,73.0,17.7,23.4,15.1,70.0,16.6,24.7,14.5,71.0,17.6,25.7,16.9,69.0,16.4
2015-04-30,24.6,16.9,66,17.7,0.0,4,24.4,14.8,72.0,18.2,23.2,16.7,68.0,16.7,23.7,14.6,73.0,17.7,23.4,15.1,70.0,16.6,24.7,14.5,71.0,17.6,25.7,16.9,69.0,16.4,27.1,16.5,69.0,15.4
2015-05-01,24.4,14.8,72,18.2,0.0,5,23.2,16.7,68.0,16.7,23.7,14.6,73.0,17.7,23.4,15.1,70.0,16.6,24.7,14.5,71.0,17.6,25.7,16.9,69.0,16.4,27.1,16.5,69.0,15.4,29.2,15.8,70.0,15.5
2015-05-02,23.2,16.7,68,16.7,0.0,5,23.7,14.6,73.0,17.7,23.4,15.1,70.0,16.6,24.7,14.5,71.0,17.6,25.7,16.9,69.0,16.4,27.1,16.5,69.0,15.4,29.2,15.8,70.0,15.5,28.9,18.2,68.0,22.6
2015-05-03,23.7,14.6,73,17.7,0.0,5,23.4,15.1,70.0,16.6,24.7,14.5,71.0,17.6,25.7,16.9,69.0,16.4,27.1,16.5,69.0,15.4,29.2,15.8,70.0,15.5,28.9,18.2,68.0,22.6,26.9,18.9,71.0,17.9
2015-05-04,23.4,15.1,70,16.6,0.0,5,24.7,14.5,71.0,17.6,25.7,16.9,69.0,16.4,27.1,16.5,69.0,15.4,29.2,15.8,70.0,15.5,28.9,18.2,68.0,22.6,26.9,18.9,71.0,17.9,26.6,16.2,73.0,16.7
2015-05-05,24.7,14.5,71,17.6,0.0,5,25.7,16.9,69.0,16.4,27.1,16.5,69.0,15.4,29.2,15.8,70.0,15.5,28.9,18.2,68.0,22.6,26.9,18.9,71.0,17.9,26.6,16.2,73.0,16.7,26.2,18.6,73.0,17.3
2015-05-06,25.7,16.9,69,16.4,0.0,5,27.1,16.5,69.0,15.4,29.2,15.8,70.0,15.5,28.9,18.2,68.0,22.6,26.9,18.9,71.0,17.9,26.6,16.2,73.0,16.7,26.2,18.6,73.0,17.3,25.7,16.7,72.0,18.4
2015-05-07,27.1,16.5,69,15.4,0.0,5,29.2,15.8,70.0,15.5,28.9,18.2,68.0,22.6,26.9,18.9,71.0,17.9,26.6,16.2,73.0,16.7,26.2,18.6,73.0,17.3,25.7,16.7,72.0,18.4,24.3,17.0,70.0,17.2
2015-05-08,29.2,15.8,70,15.5,0.0,5,28.9,18.2,68.0,22.6,26.9,18.9,71.0,17.9,26.6,16.2,73.0,16.7,26.2,18.6,73.0,17.3,25.7,16.7,72.0,18.4,24.3,17.0,70.0,17.2,26.3,16.5,69.0,19.0
2015-05-09,28.9,18.2,68,22.6,0.0,5,26.9,18.9,71.0,17.9,26.6,16.2,73.0,16.7,26.2,18.6,73.0,17.3,25.7,16.7,72.0,18.4,24.3,17.0,70.0,17.2,26.3,16.5,69.0,19.0,24.9,17.0,67.0,19.5
2015-05-10,26.9,18.9,71,17.9,0.0,5,26.6,16.2,73.0,16.7,26.2,18.6,73.0,17.3,25.7,16.7,72.0,18.4,24.3,17.0,70.0,17.2,26.3,16.5,69.0,19.0,24.9,17.0,67.0,19.5,26.6,17.9,67.0,20.6
2015-05-11,26.6,16.2,73,16.7,2.5,5,26.2,18.6,73.0,17.3,25.7,16.7,72.0,18.4,24.3,17.0,70.0,17.2,26.3,16.5,69.0,19.0,24.9,17.0,67.0,19.5,26.6,17.9,67.0,20.6,28.8,20.0,68.0,17.3
2015-05-12,26.2,18.6,73,17.3,0.8,5,25.7,16.7,72.0,18.4,24.3,17.0,70.0,17.2,26.3,16.5,69.0,19.0,24.9,17.0,67.0,19.5,26.6,17.9,67.0,20.6,28.8,20.0,68.0,17.3,31.7,20.3,64.0,18.6
2015-05-13,25.7,16.7,72,18.4,2.1,5,24.3,17.0,70.0,17.2,26.3,16.5,69.0,19.0,24.9,17.0,67.0,19.5,26.6,17.9,67.0,20.6,28.8,20.0,68.0,17.3,31.7,20.3,64.0,18.6,29.3,18.8,64.0,21.5
2015-05-14,24.3,17.0,70,17.2,0.1,5,26.3,16.5,69.0,19.0,24.9,17.0,67.0,19.5,26.6,17.9,67.0,20.6,28.8,20.0,68.0,17.3,31.7,20.3,64.0,18.6,29.3,18.8,64.0,21.5,25.5,19.8,66.0,19.8
2015-05-15,26.3,16.5,69,19.0,0.0,5,24.9,17.0,67.0,19.5,26.6,17.9,67.0,20.6,28.8,20.0,68.0,17.3,31.7,20.3,64.0,18.6,29.3,18.8,64.0,21.5,25.5,19.8,66.0,19.8,28.0,18.5,66.0,19.0
2015-05-16,24.9,17.0,67,19.5,0.0,5,26.6,17.9,67.0,20.6,28.8,20.0,68.0,17.3,31.7,20.3,64.0,18.6,29.3,18.8,64.0,21.5,25.5,19.8,66.0,19.8,28.0,18.5,66.0,19.0,30.4,17.4,59.0,13.8
2015-05-17,26.6,17.9,67,20.6,0.0,5,28.8,20.0,68.0,17.3,31.7,20.3,64.0,18.6,29.3,18.8,64.0,21.5,25.5,19.8,66.0,19.8,28.0,18.5,66.0,19.0,30.4,17.4,59.0,13.8,35.4,19.9,52.0,16.6
2015-05-18,28.8,20.0,68,17.3,0.0,5,31.7,20.3,64.0,18.6,29.3,18.8,64.0,21.5,25.5,19.8,66.0,19.8,28.0,18.5,66.0,19.0,30.4,17.4,59.0,13.8,35.4,19.9,52.0,16.6,29.2,20.0,70.0,18.2
2015-05-19,31.7,20.3,64,18.6,0.0,5,29.3,18.8,64.0,21.5,25.5,19.8,66.0,19.8,28.0,18.5,66.0,19.0,30.4,17.4,59.0,13.8,35.4,19.9,52.0,16.6,29.2,20.0,70.0,18.2,29.5,19.8,67.0,14.8
2015-05-20,29.3,18.8,64,21.5,0.0,5,25.5,19.8,66.0,19.8,28.0,18.5,66.0,19.0,30.4,17.4,59.0,13.8,35.4,19.9,52.0,16.6,29.2,20.0,70.0,18.2,29.5,19.8,67.0,14.8,42.7,22.2,45.0,27.3
2015-05-21,25.5,19.8,66,19.8,0.0,5,28.0,18.5,66.0,19.0,30.4,17.4,59.0,13.8,35.4,19.9,52.0,16.6,29.2,20.0,70.0,18.2,29.5,19.8,67.0,14.8,42.7,22.2,45.0,27.3,28.2,21.1,62.0,24.5
2015-05-22,28.0,18.5,66,19.0,0.0,5,30.4,17.4,59.0,13.8,35.4,19.9,52.0,16.6,29.2,20.0,70.0,18.2,29.5,19.8,67.0,14.8,42.7,22.2,45.0,27.3,28.2,21.1,62.0,24.5,26.4,19.1,58.0,24.0
2015-05-23,30.4,17.4,59,13.8,0.0,5,35.4,19.9,52.0,16.6,29.2,20.0,70.0,18.2,29.5,19.8,67.0,14.8,42.7,22.2,45.0,27.3,28.2,21.1,62.0,24.5,26.4,19.1,58.0,24.0,25.8,18.1,63.0,20.7
2015-05-24,35.4,19.9,52,16.6,0.4,5,29.2,20.0,70.0,18.2,29.5,19.8,67.0,14.8,42.7,22.2,45.0,27.3,28.2,21.1,62.0,24.5,26.4,19.1,58.0,24.0,25.8,18.1,63.0,20.7,25.7,17.6,61.0,19.5
2015-05-25,29.2,20.0,70,18.2,0.0,5,29.5,19.8,67.0,14.8,42.7,22.2,45.0,27.3,28.2,21.1,62.0,24.5,26.4,19.1,58.0,24.0,25.8,18.1,63.0,20.7,25.7,17.6,61.0,19.5,25.8,18.1,57.0,16.6
2015-05-26,29.5,19.8,67,14.8,0.0,5,42.7,22.2,45.0,27.3,28.2,21.1,62.0,24.5,26.4,19.1,58.0,24.0,25.8,18.1,63.0,20.7,25.7,17.6,61.0,19.5,25.8,18.1,57.0,16.6,27.3,17.9,64.0,17.7
2015-05-27,42.7,22.2,45,27.3,0.3,5,28.2,21.1,62.0,24.5,26.4,19.1,58.0,24.0,25.8,18.1,63.0,20.7,25.7,17.6,61.0,19.5,25.8,18.1,57.0,16.6,27.3,17.9,64.0,17.7,27.8,17.5,66.0,17.6
2015-05-28,28.2,21.1,62,24.5,0.0,5,26.4,19.1,58.0,24.0,25.8,18.1,63.0,20.7,25.7,17.6,61.0,19.5,25.8,18.1,57.0,16.6,27.3,17.9,64.0,17.7,27.8,17.5,66.0,17.6,26.7,16.8,66.0,17.6
2015-05-29,26.4,19.1,58,24.0,0.0,5,25.8,18.1,63.0,20.7,25.7,17.6,61.0,19.5,25.8,18.1,57.0,16.6,27.3,17.9,64.0,17.7,27.8,17.5,66.0,17.6,26.7,16.8,66.0,17.6,26.5,19.5,71.0,17.8
2015-05-30,25.8,18.1,63,20.7,0.0,5,25.7,17.6,61.0,19.5,25.8,18.1,57.0,16.6,27.3,17.9,64.0,17.7,27.8,17.5,66.0,17.6,26.7,16.8,66.0,17.6,26.5,19.5,71.0,17.8,27.5,19.5,70.0,17.7
2015-05-31,25.7,17.6,61,19.5,0.0,5,25.8,18.1,57.0,16.6,27.3,17.9,64.0,17.7,27.8,17.5,66.0,17.6,26.7,16.8,66.0,17.6,26.5,19.5,71.0,17.8,27.5,19.5,70.0,17.7,27.7,20.0,69.0,16.4
2015-06-01,25.8,18.1,57,16.6,0.0,6,27.3,17.9,64.0,17.7,27.8,17.5,66.0,17.6,26.7,16.8,66.0,17.6,26.5,19.5,71.0,17.8,27.5,19.5,70.0,17.7,27.7,20.0,69.0,16.4,28.5,21.3,69.0,22.9
2015-06-02,27.3,17.9,64,17.7,0.0,6,27.8,17.5,66.0,17.6,26.7,16.8,66.0,17.6,26.5,19.5,71.0,17.8,27.5,19.5,70.0,17.7,27.7,20.0,69.0,16.4,28.5,21.3,69.0,22.9,29.2,21.5,67.0,19.6
2015-06-03,27.8,17.5,66,17.6,0.0,6,26.7,16.8,66.0,17.6,26.5,19.5,71.0,17.8,27.5,19.5,70.0,17.7,27.7,20.0,69.0,16.4,28.5,21.3,69.0,22.9,29.2,21.5,67.0,19.6,28.1,20.5,69.0,20.3
2015-06-04,26.7,16.8,66,17.6,0.0,6,26.5,19.5,71.0,17.8,27.5,19.5,70.0,17.7,27.7,20.0,69.0,16.4,28.5,21.3,69.0,22.9,29.2,21.5,67.0,19.6,28.1,20.5,69.0,20.3,28.3,20.2,67.0,21.3
2015-06-05,26.5,19.5,71,17.8,0.0,6,27.5,19.5,70.0,17.7,27.7,20.0,69.0,16.4,28.5,21.3,69.0,22.9,29.2,21.5,67.0,19.6,28.1,20.5,69.0,20.3,28.3,20.2,67.0,21.3,27.3,21.0,68.0,18.4
2015-06-06,27.5,19.5,70,17.7,0.0,6,27.7,20.0,69.0,16.4,28.5,21.3,69.0,22.9,29.2,21.5,67.0,19.6,28.1,20.5,69.0,20.3,28.3,20.2,67.0,21.3,27.3,21.0,68.0,18.4,27.9,19.9,68.0,19.7
2015-06-07,27.7,20.0,69,16.4,0.0,6,28.5,21.3,69.0,22.9,29.2,21.5,67.0,19.6,28.1,20.5,69.0,20.3,28.3,20.2,67.0,21.3,27.3,21.0,68.0,18.4,27.9,19.9,68.0,19.7,28.5,20.8,68.0,18.3
2015-06-08,28.5,21.3,69,22.9,0.0,6,29.2,21.5,67.0,19.6,28.1,20.5,69.0,20.3,28.3,20.2,67.0,21.3,27.3,21.0,68.0,18.4,27.9,19.9,68.0,19.7,28.5,20.8,68.0,18.3,30.3,21.5,69.0,18.8
2015-06-09,29.2,21.5,67,19.6,0.0,6,28.1,20.5,69.0,20.3,28.3,20.2,67.0,21.3,27.3,21.0,68.0,18.4,27.9,19.9,68.0,19.7,28.5,20.8,68.0,18.3,30.3,21.5,69.0,18.8,31.3,21.2,67.0,17.2
2015-06-10,28.1,20.5,69,20.3,0.0,6,28.3,20.2,67.0,21.3,27.3,21.0,68.0,18.4,27.9,19.9,68.0,19.7,28.5,20.8,68.0,18.3,30.3,21.5,69.0,18.8,31.3,21.2,67.0,17.2,31.7,22.5,65.0,20.5
2015-06-11,28.3,20.2,67,21.3,0.0,6,27.3,21.0,68.0,18.4,27.9,19.9,68.0,19.7,28.5,20.8,68.0,18.3,30.3,21.5,69.0,18.8,31.3,21.2,67.0,17.2,31.7,22.5,65.0,20.5,33.8,21.5,63.0,10.5
2015-06-12,27.3,21.0,68,18.4,0.0,6,27.9,19.9,68.0,19.7,28.5,20.8,68.0,18.3,30.3,21.5,69.0,18.8,31.3,21.2,67.0,17.2,31.7,22.5,65.0,20.5,33.8,21.5,63.0,10.5,30.5,22.1,65.0,24.1
2015-06-13,27.9,19.9,68,19.7,0.0,6,28.5,20.8,68.0,18.3,30.3,21.5,69.0,18.8,31.3,21.2,67.0,17.2,31.7,22.5,65.0,20.5,33.8,21.5,63.0,10.5,30.5,22.1,65.0,24.1,28.2,21.5,68.0,20.1
2015-06-14,28.5,20.8,68,18.3,0.0,6,30.3,21.5,69.0,18.8,31.3,21.2,67.0,17.2,31.7,22.5,65.0,20.5,33.8,21.5,63.0,10.5,30.5,22.1,65.0,24.1,28.2,21.5,68.0,20.1,28.6,21.3,65.0,17.2
2015-06-15,30.3,21.5,69,18.8,0.0,6,31.3,21.2,67.0,17.2,31.7,22.5,65.0,20.5,33.8,21.5,63.0,10.5,30.5,22.1,65.0,24.1,28.2,21.5,68.0,20.1,28.6,21.3,65.0,17.2,29.1,19.6,70.0,18.1
2015-06-16,31.3,21.2,67,17.2,0.0,6,31.7,22.5,65.0,20.5,33.8,21.5,63.0,10.5,30.5,22.1,65.0,24.1,28.2,21.5,68.0,20.1,28.6,21.3,65.0,17.2,29.1,19.6,70.0,18.1,28.1,21.3,64.0,20.0
2015-06-17,31.7,22.5,65,20.5,0.0,6,33.8,21.5,63.0,10.5,30.5,22.1,65.0,24.1,28.2,21.5,68.0,20.1,28.6,21.3,65.0,17.2,29.1,19.6,70.0,18.1,28.1,21.3,64.0,20.0,28.0,21.8,60.0,21.5
2015-06-18,33.8,21.5,63,10.5,0.0,6,30.5,22.1,65.0,24.1,28.2,21.5,68.0,20.1,28.6,21.3,65.0,17.2,29.1,19.6,70.0,18.1,28.1,21.3,64.0,20.0,28.0,21.8,60.0,21.5,29.3,22.4,56.0,22.7
2015-06-19,30.5,22.1,65,24.1,0.0,6,28.2,21.5,68.0,20.1,28.6,21.3,65.0,17.2,29.1,19.6,70.0,18.1,28.1,21.3,64.0,20.0,28.0,21.8,60.0,21.5,29.3,22.4,56.0,22.7,30.2,22.8,58.0,25.0
2015-06-20,28.2,21.5,68,20.1,0.0,6,28.6,21.3,65.0,17.2,29.1,19.6,70.0,18.1,28.1,21.3,64.0,20.0,28.0,21.8,60.0,21.5,29.3,22.4,56.0,22.7,30.2,22.8,58.0,25.0,36.7,19.5,51.0,29.2
2015-06-21,28.6,21.3,65,17.2,0.0,6,29.1,19.6,70.0,18.1,28.1,21.3,64.0,20.0,28.0,21.8,60.0,21.5,29.3,22.4,56.0,22.7,30.2,22.8,58.0,25.0,36.7,19.5,51.0,29.2,28.6,22.7,64.0,22.1
2015-06-22,29.1,19.6,70,18.1,0.0,6,28.1,21.3,64.0,20.0,28.0,21.8,60.0,21.5,29.3,22.4,56.0,22.7,30.2,22.8,58.0,25.0,36.7,19.5,51.0,29.2,28.6,22.7,64.0,22.1,28.9,20.0,66.0,17.1
2015-06-23,28.1,21.3,64,20.0,0.0,6,28.0,21.8,60.0,21.5,29.3,22.4,56.0,22.7,30.2,22.8,58.0,25.0,36.7,19.5,51.0,29.2,28.6,22.7,64.0,22.1,28.9,20.0,66.0,17.1,28.6,19.8,65.0,19.1
2015-06-24,28.0,21.8,60,21.5,0.0,6,29.3,22.4,56.0,22.7,30.2,22.8,58.0,25.0,36.7,19.5,51.0,29.2,28.6,22.7,64.0,22.1,28.9,20.0,66.0,17.1,28.6,19.8,65.0,19.1,28.7,21.3,68.0,18.0
2015-06-25,29.3,22.4,56,22.7,0.0,6,30.2,22.8,58.0,25.0,36.7,19.5,51.0,29.2,28.6,22.7,64.0,22.1,28.9,20.0,66.0,17.1,28.6,19.8,65.0,19.1,28.7,21.3,68.0,18.0,29.2,21.8,67.0,21.3
2015-06-26,30.2,22.8,58,25.0,0.0,6,36.7,19.5,51.0,29.2,28.6,22.7,64.0,22.1,28.9,20.0,66.0,17.1,28.6,19.8,65.0,19.1,28.7,21.3,68.0,18.0,29.2,21.8,67.0,21.3,30.2,22.0,70.0,20.1
2015-06-27,36.7,19.5,51,29.2,0.0,6,28.6,22.7,64.0,22.1,28.9,20.0,66.0,17.1,28.6,19.8,65.0,19.1,28.7,21.3,68.0,18.0,29.2,21.8,67.0,21.3,30.2,22.0,70.0,20.1,30.6,21.9,73.0,15.6
2015-06-28,28.6,22.7,64,22.1,0.0,6,28.9,20.0,66.0,17.1,28.6,19.8,65.0,19.1,28.7,21.3,68.0,18.0,29.2,21.8,67.0,21.3,30.2,22.0,70.0,20.1,30.6,21.9,73.0,15.6,30.5,19.7,73.0,16.2
2015-06-29,28.9,20.0,66,17.1,0.0,6,28.6,19.8,65.0,19.1,28.7,21.3,68.0,18.0,29.2,21.8,67.0,21.3,30.2,22.0,70.0,20.1,30.6,21.9,73.0,15.6,30.5,19.7,73.0,16.2,29.5,21.9,70.0,18.7
2015-06-30,28.6,19.8,65,19.1,0.0,6,28.7,21.3,68.0,18.0,29.2,21.8,67.0,21.3,30.2,22.0,70.0,20.1,30.6,21.9,73.0,15.6,30.5,19.7,73.0,16.2,29.5,21.9,70.0,18.7,30.6,22.6,65.0,18.8
2015-07-01,28.7,21.3,68,18.0,0.0,7,29.2,21.8,67.0,21.3,30.2,22.0,70.0,20.1,30.6,21.9,73.0,15.6,30.5,19.7,73.0,16.2,29.5,21.9,70.0,18.7,30.6,22.6,65.0,18.8,30.7,21.2,67.0,17.2
2015-07-02,29.2,21.8,67,21.3,0.0,7,30.2,22.0,70.0,20.1,30.6,21.9,73.0,15.6,30.5,19.7,73.0,16.2,29.5,21.9,70.0,18.7,30.6,22.6,65.0,18.8,30.7,21.2,67.0,17.2,30.4,19.3,68.0,15.9
2015-07-03,30.2,22.0,70,20.1,0.0,7,30.6,21.9,73.0,15.6,30.5,19.7,73.0,16.2,29.5,21.9,70.0,18.7,30.6,22.6,65.0,18.8,30.7,21.2,67.0,17.2,30.4,19.3,68.0,15.9,29.7,21.3,67.0,18.1
2015-07-04,30.6,21.9,73,15.6,0.0,7,30.5,19.7,73.0,16.2,29.5,21.9,70.0,18.7,30.6,22.6,65.0,18.8,30.7,21.2,67.0,17.2,30.4,19.3,68.0,15.9,29.7,21.3,67.0,18.1,31.6,22.2,69.0,18.6
2015-07-05,30.5,19.7,73,16.2,0.0,7,29.5,21.9,70.0,18.7,30.6,22.6,65.0,18.8,30.7,21.2,67.0,17.2,30.4,19.3,68.0,15.9,29.7,21.3,67.0,18.1,31.6,22.2,69.0,18.6,31.3,22.7,72.0,20.5
2015-07-06,29.5,21.9,70,18.7,0.0,7,30.6,22.6,65.0,18.8,30.7,21.2,67.0,17.2,30.4,19.3,68.0,15.9,29.7,21.3,67.0,18.1,31.6,22.2,69.0,18.6,31.3,22.7,72.0,20.5,31.6,23.8,72.0,18.0
2015-07-07,30.6,22.6,65,18.8,0.0,7,30.7,21.2,67.0,17.2,30.4,19.3,68.0,15.9,29.7,21.3,67.0,18.1,31.6,22.2,69.0,18.6,31.3,22.7,72.0,20.5,31.6,23.8,72.0,18.0,32.3,22.4,72.0,17.7
2015-07-08,30.7,21.2,67,17.2,0.0,7,30.4,19.3,68.0,15.9,29.7,21.3,67.0,18.1,31.6,22.2,69.0,18.6,31.3,22.7,72.0,20.5,31.6,23.8,72.0,18.0,32.3,22.4,72.0,17.7,31.7,22.5,73.0,16.3
2015-07-09,30.4,19.3,68,15.9,0.0,7,29.7,21.3,67.0,18.1,31.6,22.2,69.0,18.6,31.3,22.7,72.0,20.5,31.6,23.8,72.0,18.0,32.3,22.4,72.0,17.7,31.7,22.5,73.0,16.3,33.2,21.6,70.0,17.0
2015-07-10,29.7,21.3,67,18.1,0.0,7,31.6,22.2,69.0,18.6,31.3,22.7,72.0,20.5,31.6,23.8,72.0,18.0,32.3,22.4,72.0,17.7,31.7,22.5,73.0,16.3,33.2,21.6,70.0,17.0,33.4,23.1,72.0,19.5
2015-07-11,31.6,22.2,69,18.6,0.0,7,31.3,22.7,72.0,20.5,31.6,23.8,72.0,18.0,32.3,22.4,72.0,17.7,31.7,22.5,73.0,16.3,33.2,21.6,70.0,17.0,33.4,23.1,72.0,19.5,33.7,23.4,71.0,20.0
2015-07-12,31.3,22.7,72,20.5,0.0,7,31.6,23.8,72.0,18.0,32.3,22.4,72.0,17.7,31.7,22.5,73.0,16.3,33.2,21.6,70.0,17.0,33.4,23.1,72.0,19.5,33.7,23.4,71.0,20.0,32.4,23.6,73.0,19.0
2015-07-13,31.6,23.8,72,18.0,0.0,7,32.3,22.4,72.0,17.7,31.7,22.5,73.0,16.3,33.2,21.6,70.0,17.0,33.4,23.1,72.0,19.5,33.7,23.4,71.0,20.0,32.4,23.6,73.0,19.0,32.2,23.1,71.0,15.3
2015-07-14,32.3,22.4,72,17.7,0.0,7,31.7,22.5,73.0,16.3,33.2,21.6,70.0,17.0,33.4,23.1,72.0,19.5,33.7,23.4,71.0,20.0,32.4,23.6,73.0,19.0,32.2,23.1,71.0,15.3,31.9,22.4,70.0,15.2
2015-07-15,31.7,22.5,73,16.3,0.0,7,33.2,21.6,70.0,17.0,33.4,23.1,72.0,19.5,33.7,23.4,71.0,20.0,32.4,23.6,73.0,19.0,32.2,23.1,71.0,15.3,31.9,22.4,70.0,15.2,31.9,20.6,71.0,14.8
2015-07-16,33.2,21.6,70,17.0,0.0,7,33.4,23.1,72.0,19.5,33.7,23.4,71.0,20.0,32.4,23.6,73.0,19.0,32.2,23.1,71.0,15.3,31.9,22.4,70.0,15.2,31.9,20.6,71.0,14.8,33.3,21.9,67.0,15.4
2015-07-17,33.4,23.1,72,19.5,0.0,7,33.7,23.4,71.0,20.0,32.4,23.6,73.0,19.0,32.2,23.1,71.0,15.3,31.9,22.4,70.0,15.2,31.9,20.6,71.0,14.8,33.3,21.9,67.0,15.4,32.9,22.9,68.0,19.1
2015-07-18,33.7,23.4,71,20.0,0.0,7,32.4,23.6,73.0,19.0,32.2,23.1,71.0,15.3,31.9,22.4,70.0,15.2,31.9,20.6,71.0,14.8,33.3,21.9,67.0,15.4,32.9,22.9,68.0,19.1,31.6,23.9,73.0,18.2
2015-07-19,32.4,23.6,73,19.0,0.0,7,32.2,23.1,71.0,15.3,31.9,22.4,70.0,15.2,31.9,20.6,71.0,14.8,33.3,21.9,67.0,15.4,32.9,22.9,68.0,19.1,31.6,23.9,73.0,18.2,31.8,22.2,72.0,16.1
2015-07-20,32.2,23.1,71,15.3,0.0,7,31.9,22.4,70.0,15.2,31.9,20.6,71.0,14.8,33.3,21.9,67.0,15.4,32.9,22.9,68.0,19.1,31.6,23.9,73.0,18.2,31.8,22.2,72.0,16.1,31.8,22.9,72.0,16.2
2015-07-21,31.9,22.4,70,15.2,0.0,7,31.9,20.6,71.0,14.8,33.3,21.9,67.0,15.4,32.9,22.9,68.0,19.1,31.6,23.9,73.0,18.2,31.8,22.2,72.0,16.1,31.8,22.9,72.0,16.2,31.7,22.5,70.0,15.9
2015-07-22,31.9,20.6,71,14.8,0.0,7,33.3,21.9,67.0,15.4,32.9,22.9,68.0,19.1,31.6,23.9,73.0,18.2,31.8,22.2,72.0,16.1,31.8,22.9,72.0,16.2,31.7,22.5,70.0,15.9,31.9,22.0,72.0,13.0
2015-07-23,33.3,21.9,67,15.4,0.0,7,32.9,22.9,68.0,19.1,31.6,23.9,73.0,18.2,31.8,22.2,72.0,16.1,31.8,22.9,72.0,16.2,31.7,22.5,70.0,15.9,31.9,22.0,72.0,13.0,33.6,23.1,72.0,16.5
2015-07-24,32.9,22.9,68,19.1,0.0,7,31.6,23.9,73.0,18.2,31.8,22.2,72.0,16.1,31.8,22.9,72.0,16.2,31.7,22.5,70.0,15.9,31.9,22.0,72.0,13.0,33.6,23.1,72.0,16.5,34.2,24.7,71.0,16.5
2015-07-25,31.6,23.9,73,18.2,0.0,7,31.8,22.2,72.0,16.1,31.8,22.9,72.0,16.2,31.7,22.5,70.0,15.9,31.9,22.0,72.0,13.0,33.6,23.1,72.0,16.5,34.2,24.7,71.0,16.5,33.1,24.0,74.0,15.8
2015-07-26,31.8,22.2,72,16.1,0.0,7,31.8,22.9,72.0,16.2,31.7,22.5,70.0,15.9,31.9,22.0,72.0,13.0,33.6,23.1,72.0,16.5,34.2,24.7,71.0,16.5,33.1,24.0,74.0,15.8,33.1,24.7,76.0,15.9
2015-07-27,31.8,22.9,72,16.2,0.0,7,31.7,22.5,70.0,15.9,31.9,22.0,72.0,13.0,33.6,23.1,72.0,16.5,34.2,24.7,71.0,16.5,33.1,24.0,74.0,15.8,33.1,24.7,76.0,15.9,33.9,26.0,76.0,16.8
2015-07-28,31.7,22.5,70,15.9,0.0,7,31.9,22.0,72.0,13.0,33.6,23.1,72.0,16.5,34.2,24.7,71.0,16.5,33.1,24.0,74.0,15.8,33.1,24.7,76.0,15.9,33.9,26.0,76.0,16.8,34.4,25.7,73.0,15.8
2015-07-29,31.9,22.0,72,13.0,0.0,7,33.6,23.1,72.0,16.5,34.2,24.7,71.0,16.5,33.1,24.0,74.0,15.8,33.1,24.7,76.0,15.9,33.9,26.0,76.0,16.8,34.4,25.7,73.0,15.8,33.6,25.1,74.0,18.8
2015-07-30,33.6,23.1,72,16.5,0.0,7,34.2,24.7,71.0,16.5,33.1,24.0,74.0,15.8,33.1,24.7,76.0,15.9,33.9,26.0,76.0,16.8,34.4,25.7,73.0,15.8,33.6,25.1,74.0,18.8,34.0,23.7,71.0,13.8
2015-07-31,34.2,24.7,71,16.5,0.0,7,33.1,24.0,74.0,15.8,33.1,24.7,76.0,15.9,33.9,26.0,76.0,16.8,34.4,25.7,73.0,15.8,33.6,25.1,74.0,18.8,34.0,23.7,71.0,13.8,38.5,26.3,59.0,19.2
2015-08-01,33.1,24.0,74,15.8,0.0,8,33.1,24.7,76.0,15.9,33.9,26.0,76.0,16.8,34.4,25.7,73.0,15.8,33.6,25.1,74.0,18.8,34.0,23.7,71.0,13.8,38.5,26.3,59.0,19.2,34.3,24.4,73.0,17.7
2015-08-02,33.1,24.7,76,15.9,0.0,8,33.9,26.0,76.0,16.8,34.4,25.7,73.0,15.8,33.6,25.1,74.0,18.8,34.0,23.7,71.0,13.8,38.5,26.3,59.0,19.2,34.3,24.4,73.0,17.7,33.9,25.1,71.0,16.3
2015-08-03,33.9,26.0,76,16.8,0.0,8,34.4,25.7,73.0,15.8,33.6,25.1,74.0,18.8,34.0,23.7,71.0,13.8,38.5,26.3,59.0,19.2,34.3,24.4,73.0,17.7,33.9,25.1,71.0,16.3,33.6,25.2,70.0,15.2
2015-08-04,34.4,25.7,73,15.8,0.0,8,33.6,25.1,74.0,18.8,34.0,23.7,71.0,13.8,38.5,26.3,59.0,19.2,34.3,24.4,73.0,17.7,33.9,25.1,71.0,16.3,33.6,25.2,70.0,15.2,33.1,25.0,71.0,16.6
2015-08-05,33.6,25.1,74,18.8,0.0,8,34.0,23.7,71.0,13.8,38.5,26.3,59.0,19.2,34.3,24.4,73.0,17.7,33.9,25.1,71.0,16.3,33.6,25.2,70.0,15.2,33.1,25.0,71.0,16.6,32.5,24.5,70.0,17.2
2015-08-06,34.0,23.7,71,13.8,0.0,8,38.5,26.3,59.0,19.2,34.3,24.4,73.0,17.7,33.9,25.1,71.0,16.3,33.6,25.2,70.0,15.2,33.1,25.0,71.0,16.6,32.5,24.5,70.0,17.2,32.7,25.0,66.0,16.3
2015-08-07,38.5,26.3,59,19.2,0.0,8,34.3,24.4,73.0,17.7,33.9,25.1,71.0,16.3,33.6,25.2,70.0,15.2,33.1,25.0,71.0,16.6,32.5,24.5,70.0,17.2,32.7,25.0,66.0,16.3,33.8,23.1,67.0,16.6
2015-08-08,34.3,24.4,73,17.7,0.0,8,33.9,25.1,71.0,16.3,33.6,25.2,70.0,15.2,33.1,25.0,71.0,16.6,32.5,24.5,70.0,17.2,32.7,25.0,66.0,16.3,33.8,23.1,67.0,16.6,35.9,23.6,68.0,15.2
2015-08-09,33.9,25.1,71,16.3,0.0,8,33.6,25.2,70.0,15.2,33.1,25.0,71.0,16.6,32.5,24.5,70.0,17.2,32.7,25.0,66.0,16.3,33.8,23.1,67.0,16.6,35.9,23.6,68.0,15.2,35.1,26.8,67.0,15.8
2015-08-10,33.6,25.2,70,15.2,0.0,8,33.1,25.0,71.0,16.6,32.5,24.5,70.0,17.2,32.7,25.0,66.0,16.3,33.8,23.1,67.0,16.6,35.9,23.6,68.0,15.2,35.1,26.8,67.0,15.8,32.5,26.9,73.0,21.0
2015-08-11,33.1,25.0,71,16.6,0.0,8,32.5,24.5,70.0,17.2,32.7,25.0,66.0,16.3,33.8,23.1,67.0,16.6,35.9,23.6,68.0,15.2,35.1,26.8,67.0,15.8,32.5,26.9,73.0,21.0,33.0,26.4,68.0,19.1
2015-08-12,32.5,24.5,70,17.2,0.0,8,32.7,25.0,66.0,16.3,33.8,23.1,67.0,16.6,35.9,23.6,68.0,15.2,35.1,26.8,67.0,15.8,32.5,26.9,73.0,21.0,33.0,26.4,68.0,19.1,32.8,25.3,66.0,16.4
2015-08-13,32.7,25.0,66,16.3,0.0,8,33.8,23.1,67.0,16.6,35.9,23.6,68.0,15.2,35.1,26.8,67.0,15.8,32.5,26.9,73.0,21.0,33.0,26.4,68.0,19.1,32.8,25.3,66.0,16.4,32.8,24.0,72.0,15.5
2015-08-14,33.8,23.1,67,16.6,0.0,8,35.9,23.6,68.0,15.2,35.1,26.8,67.0,15.8,32.5,26.9,73.0,21.0,33.0,26.4,68.0,19.1,32.8,25.3,66.0,16.4,32.8,24.0,72.0,15.5,32.9,25.4,65.0,17.9
2015-08-15,35.9,23.6,68,15.2,0.0,8,35.1,26.8,67.0,15.8,32.5,26.9,73.0,21.0,33.0,26.4,68.0,19.1,32.8,25.3,66.0,16.4,32.8,24.0,72.0,15.5,32.9,25.4,65.0,17.9,33.1,25.0,68.0,18.5
2015-08-16,35.1,26.8,67,15.8,0.0,8,32.5,26.9,73.0,21.0,33.0,26.4,68.0,19.1,32.8,25.3,66.0,16.4,32.8,24.0,72.0,15.5,32.9,25.4,65.0,17.9,33.1,25.0,68.0,18.5,32.3,25.7,69.0,18.6
2015-08-17,32.5,26.9,73,21.0,0.0,8,33.0,26.4,68.0,19.1,32.8,25.3,66.0,16.4,32.8,24.0,72.0,15.5,32.9,25.4,65.0,17.9,33.1,25.0,68.0,18.5,32.3,25.7,69.0,18.6,32.4,26.1,64.0,21.9
2015-08-18,33.0,26.4,68,19.1,0.0,8,32.8,25.3,66.0,16.4,32.8,24.0,72.0,15.5,32.9,25.4,65.0,17.9,33.1,25.0,68.0,18.5,32.3,25.7,69.0,18.6,32.4,26.1,64.0,21.9,32.1,25.6,58.0,18.1
2015-08-19,32.8,25.3,66,16.4,0.0,8,32.8,24.0,72.0,15.5,32.9,25.4,65.0,17.9,33.1,25.0,68.0,18.5,32.3,25.7,69.0,18.6,32.4,26.1,64.0,21.9,32.1,25.6,58.0,18.1,32.3,24.3,64.0,14.8
2015-08-20,32.8,24.0,72,15.5,0.0,8,32.9,25.4,65.0,17.9,33.1,25.0,68.0,18.5,32.3,25.7,69.0,18.6,32.4,26.1,64.0,21.9,32.1,25.6,58.0,18.1,32.3,24.3,64.0,14.8,33.0,23.2,69.0,15.5
2015-08-21,32.9,25.4,65,17.9,0.0,8,33.1,25.0,68.0,18.5,32.3,25.7,69.0,18.6,32.4,26.1,64.0,21.9,32.1,25.6,58.0,18.1,32.3,24.3,64.0,14.8,33.0,23.2,69.0,15.5,33.1,24.7,70.0,15.6
2015-08-22,33.1,25.0,68,18.5,0.0,8,32.3,25.7,69.0,18.6,32.4,26.1,64.0,21.9,32.1,25.6,58.0,18.1,32.3,24.3,64.0,14.8,33.0,23.2,69.0,15.5,33.1,24.7,70.0,15.6,32.9,24.3,66.0,17.1
2015-08-23,32.3,25.7,69,18.6,0.0,8,32.4,26.1,64.0,21.9,32.1,25.6,58.0,18.1,32.3,24.3,64.0,14.8,33.0,23.2,69.0,15.5,33.1,24.7,70.0,15.6,32.9,24.3,66.0,17.1,33.4,24.5,68.0,20.8
2015-08-24,32.4,26.1,64,21.9,0.0,8,32.1,25.6,58.0,18.1,32.3,24.3,64.0,14.8,33.0,23.2,69.0,15.5,33.1,24.7,70.0,15.6,32.9,24.3,66.0,17.1,33.4,24.5,68.0,20.8,33.2,24.5,58.0,18.1
2015-08-25,32.1,25.6,58,18.1,0.0,8,32.3,24.3,64.0,14.8,33.0,23.2,69.0,15.5,33.1,24.7,70.0,15.6,32.9,24.3,66.0,17.1,33.4,24.5,68.0,20.8,33.2,24.5,58.0,18.1,33.3,24.9,66.0,17.7
2015-08-26,32.3,24.3,64,14.8,0.0,8,33.0,23.2,69.0,15.5,33.1,24.7,70.0,15.6,32.9,24.3,66.0,17.1,33.4,24.5,68.0,20.8,33.2,24.5,58.0,18.1,33.3,24.9,66.0,17.7,33.0,25.0,66.0,19.0
2015-08-27,33.0,23.2,69,15.5,0.0,8,33.1,24.7,70.0,15.6,32.9,24.3,66.0,17.1,33.4,24.5,68.0,20.8,33.2,24.5,58.0,18.1,33.3,24.9,66.0,17.7,33.0,25.0,66.0,19.0,32.8,24.7,63.0,21.3
2015-08-28,33.1,24.7,70,15.6,0.0,8,32.9,24.3,66.0,17.1,33.4,24.5,68.0,20.8,33.2,24.5,58.0,18.1,33.3,24.9,66.0,17.7,33.0,25.0,66.0,19.0,32.8,24.7,63.0,21.3,31.8,24.3,68.0,16.9
2015-08-29,32.9,24.3,66,17.1,0.0,8,33.4,24.5,68.0,20.8,33.2,24.5,58.0,18.1,33.3,24.9,66.0,17.7,33.0,25.0,66.0,19.0,32.8,24.7,63.0,21.3,31.8,24.3,68.0,16.9,31.3,23.2,70.0,17.6
2015-08-30,33.4,24.5,68,20.8,0.0,8,33.2,24.5,58.0,18.1,33.3,24.9,66.0,17.7,33.0,25.0,66.0,19.0,32.8,24.7,63.0,21.3,31.8,24.3,68.0,16.9,31.3,23.2,70.0,17.6,31.6,20.9,69.0,14.6
2015-08-31,33.2,24.5,58,18.1,0.0,8,33.3,24.9,66.0,17.7,33.0,25.0,66.0,19.0,32.8,24.7,63.0,21.3,31.8,24.3,68.0,16.9,31.3,23.2,70.0,17.6,31.6,20.9,69.0,14.6,33.4,23.7,74.0,16.8
2015-09-01,33.3,24.9,66,17.7,0.0,9,33.0,25.0,66.0,19.0,32.8,24.7,63.0,21.3,31.8,24.3,68.0,16.9,31.3,23.2,70.0,17.6,31.6,20.9,69.0,14.6,33.4,23.7,74.0,16.8,33.7,23.7,75.0,18.0
2015-09-02,33.0,25.0,66,19.0,0.0,9,32.8,24.7,63.0,21.3,31.8,24.3,68.0,16.9,31.3,23.2,70.0,17.6,31.6,20.9,69.0,14.6,33.4,23.7,74.0,16.8,33.7,23.7,75.0,18.0,34.2,24.6,75.0,18.4
2015-09-03,32.8,24.7,63,21.3,0.0,9,31.8,24.3,68.0,16.9,31.3,23.2,70.0,17.6,31.6,20.9,69.0,14.6,33.4,23.7,74.0,16.8,33.7,23.7,75.0,18.0,34.2,24.6,75.0,18.4,33.5,25.1,73.0,18.7
2015-09-04,31.8,24.3,68,16.9,0.0,9,31.3,23.2,70.0,17.6,31.6,20.9,69.0,14.6,33.4,23.7,74.0,16.8,33.7,23.7,75.0,18.0,34.2,24.6,75.0,18.4,33.5,25.1,73.0,18.7,33.7,25.2,75.0,15.5
2015-09-05,31.3,23.2,70,17.6,0.0,9,31.6,20.9,69.0,14.6,33.4,23.7,74.0,16.8,33.7,23.7,75.0,18.0,34.2,24.6,75.0,18.4,33.5,25.1,73.0,18.7,33.7,25.2,75.0,15.5,34.7,24.5,71.0,20.7
2015-09-06,31.6,20.9,69,14.6,0.0,9,33.4,23.7,74.0,16.8,33.7,23.7,75.0,18.0,34.2,24.6,75.0,18.4,33.5,25.1,73.0,18.7,33.7,25.2,75.0,15.5,34.7,24.5,71.0,20.7,32.3,25.4,67.0,17.3
2015-09-07,33.4,23.7,74,16.8,0.0,9,33.7,23.7,75.0,18.0,34.2,24.6,75.0,18.4,33.5,25.1,73.0,18.7,33.7,25.2,75.0,15.5,34.7,24.5,71.0,20.7,32.3,25.4,67.0,17.3,30.7,24.5,68.0,16.8
2015-09-08,33.7,23.7,75,18.0,0.0,9,34.2,24.6,75.0,18.4,33.5,25.1,73.0,18.7,33.7,25.2,75.0,15.5,34.7,24.5,71.0,20.7,32.3,25.4,67.0,17.3,30.7,24.5,68.0,16.8,31.1,24.3,68.0,16.6
2015-09-09,34.2,24.6,75,18.4,0.0,9,33.5,25.1,73.0,18.7,33.7,25.2,75.0,15.5,34.7,24.5,71.0,20.7,32.3,25.4,67.0,17.3,30.7,24.5,68.0,16.8,31.1,24.3,68.0,16.6,31.0,23.7,68.0,14.6
2015-09-10,33.5,25.1,73,18.7,0.0,9,33.7,25.2,75.0,15.5,34.7,24.5,71.0,20.7,32.3,25.4,67.0,17.3,30.7,24.5,68.0,16.8,31.1,24.3,68.0,16.6,31.0,23.7,68.0,14.6,30.9,24.2,69.0,14.0
2015-09-11,33.7,25.2,75,15.5,0.0,9,34.7,24.5,71.0,20.7,32.3,25.4,67.0,17.3,30.7,24.5,68.0,16.8,31.1,24.3,68.0,16.6,31.0,23.7,68.0,14.6,30.9,24.2,69.0,14.0,32.7,23.8,67.0,17.5
2015-09-12,34.7,24.5,71,20.7,0.0,9,32.3,25.4,67.0,17.3,30.7,24.5,68.0,16.8,31.1,24.3,68.0,16.6,31.0,23.7,68.0,14.6,30.9,24.2,69.0,14.0,32.7,23.8,67.0,17.5,33.2,25.3,65.0,21.9
2015-09-13,32.3,25.4,67,17.3,0.0,9,30.7,24.5,68.0,16.8,31.1,24.3,68.0,16.6,31.0,23.7,68.0,14.6,30.9,24.2,69.0,14.0,32.7,23.8,67.0,17.5,33.2,25.3,65.0,21.9,33.6,25.2,64.0,19.0
2015-09-14,30.7,24.5,68,16.8,0.0,9,31.1,24.3,68.0,16.6,31.0,23.7,68.0,14.6,30.9,24.2,69.0,14.0,32.7,23.8,67.0,17.5,33.2,25.3,65.0,21.9,33.6,25.2,64.0,19.0,31.8,22.8,68.0,13.3
2015-09-15,31.1,24.3,68,16.6,0.0,9,31.0,23.7,68.0,14.6,30.9,24.2,69.0,14.0,32.7,23.8,67.0,17.5,33.2,25.3,65.0,21.9,33.6,25.2,64.0,19.0,31.8,22.8,68.0,13.3,36.3,24.2,53.0,17.4
2015-09-16,31.0,23.7,68,14.6,0.0,9,30.9,24.2,69.0,14.0,32.7,23.8,67.0,17.5,33.2,25.3,65.0,21.9,33.6,25.2,64.0,19.0,31.8,22.8,68.0,13.3,36.3,24.2,53.0,17.4,33.2,25.4,60.0,20.5
2015-09-17,30.9,24.2,69,14.0,0.0,9,32.7,23.8,67.0,17.5,33.2,25.3,65.0,21.9,33.6,25.2,64.0,19.0,31.8,22.8,68.0,13.3,36.3,24.2,53.0,17.4,33.2,25.4,60.0,20.5,33.4,25.7,66.0,20.5
2015-09-18,32.7,23.8,67,17.5,0.0,9,33.2,25.3,65.0,21.9,33.6,25.2,64.0,19.0,31.8,22.8,68.0,13.3,36.3,24.2,53.0,17.4,33.2,25.4,60.0,20.5,33.4,25.7,66.0,20.5,32.3,26.3,68.0,17.1
2015-09-19,33.2,25.3,65,21.9,0.0,9,33.6,25.2,64.0,19.0,31.8,22.8,68.0,13.3,36.3,24.2,53.0,17.4,33.2,25.4,60.0,20.5,33.4,25.7,66.0,20.5,32.3,26.3,68.0,17.1,31.6,25.1,68.0,18.0
2015-09-20,33.6,25.2,64,19.0,0.0,9,31.8,22.8,68.0,13.3,36.3,24.2,53.0,17.4,33.2,25.4,60.0,20.5,33.4,25.7,66.0,20.5,32.3,26.3,68.0,17.1,31.6,25.1,68.0,18.0,30.3,21.4,65.0,17.3
2015-09-21,31.8,22.8,68,13.3,0.0,9,36.3,24.2,53.0,17.4,33.2,25.4,60.0,20.5,33.4,25.7,66.0,20.5,32.3,26.3,68.0,17.1,31.6,25.1,68.0,18.0,30.3,21.4,65.0,17.3,30.9,24.3,65.0,17.1
2015-09-22,36.3,24.2,53,17.4,0.0,9,33.2,25.4,60.0,20.5,33.4,25.7,66.0,20.5,32.3,26.3,68.0,17.1,31.6,25.1,68.0,18.0,30.3,21.4,65.0,17.3,30.9,24.3,65.0,17.1,31.3,24.0,68.0,14.6
2015-09-23,33.2,25.4,60,20.5,0.0,9,33.4,25.7,66.0,20.5,32.3,26.3,68.0,17.1,31.6,25.1,68.0,18.0,30.3,21.4,65.0,17.3,30.9,24.3,65.0,17.1,31.3,24.0,68.0,14.6,29.3,25.5,67.0,18.4
2015-09-24,33.4,25.7,66,20.5,0.0,9,32.3,26.3,68.0,17.1,31.6,25.1,68.0,18.0,30.3,21.4,65.0,17.3,30.9,24.3,65.0,17.1,31.3,24.0,68.0,14.6,29.3,25.5,67.0,18.4,29.2,24.0,64.0,16.2
2015-09-25,32.3,26.3,68,17.1,0.1,9,31.6,25.1,68.0,18.0,30.3,21.4,65.0,17.3,30.9,24.3,65.0,17.1,31.3,24.0,68.0,14.6,29.3,25.5,67.0,18.4,29.2,24.0,64.0,16.2,30.2,22.2,67.0,16.0
2015-09-26,31.6,25.1,68,18.0,0.0,9,30.3,21.4,65.0,17.3,30.9,24.3,65.0,17.1,31.3,24.0,68.0,14.6,29.3,25.5,67.0,18.4,29.2,24.0,64.0,16.2,30.2,22.2,67.0,16.0,30.0,24.2,66.0,16.6
2015-09-27,30.3,21.4,65,17.3,0.0,9,30.9,24.3,65.0,17.1,31.3,24.0,68.0,14.6,29.3,25.5,67.0,18.4,29.2,24.0,64.0,16.2,30.2,22.2,67.0,16.0,30.0,24.2,66.0,16.6,28.3,23.7,68.0,18.9
2015-09-28,30.9,24.3,65,17.1,0.0,9,31.3,24.0,68.0,14.6,29.3,25.5,67.0,18.4,29.2,24.0,64.0,16.2,30.2,22.2,67.0,16.0,30.0,24.2,66.0,16.6,28.3,23.7,68.0,18.9,28.8,22.8,56.0,17.2
2015-09-29,31.3,24.0,68,14.6,0.0,9,29.3,25.5,67.0,18.4,29.2,24.0,64.0,16.2,30.2,22.2,67.0,16.0,30.0,24.2,66.0,16.6,28.3,23.7,68.0,18.9,28.8,22.8,56.0,17.2,29.9,22.3,57.0,20.8
2015-09-30,29.3,25.5,67,18.4,0.3,9,29.2,24.0,64.0,16.2,30.2,22.2,67.0,16.0,30.0,24.2,66.0,16.6,28.3,23.7,68.0,18.9,28.8,22.8,56.0,17.2,29.9,22.3,57.0,20.8,28.4,22.6,64.0,17.1
2015-10-01,29.2,24.0,64,16.2,0.0,10,30.2,22.2,67.0,16.0,30.0,24.2,66.0,16.6,28.3,23.7,68.0,18.9,28.8,22.8,56.0,17.2,29.9,22.3,57.0,20.8,28.4,22.6,64.0,17.1,30.2,21.7,64.0,17.4
2015-10-02,30.2,22.2,67,16.0,0.0,10,30.0,24.2,66.0,16.6,28.3,23.7,68.0,18.9,28.8,22.8,56.0,17.2,29.9,22.3,57.0,20.8,28.4,22.6,64.0,17.1,30.2,21.7,64.0,17.4,29.0,22.8,69.0,20.3
2015-10-03,30.0,24.2,66,16.6,0.0,10,28.3,23.7,68.0,18.9,28.8,22.8,56.0,17.2,29.9,22.3,57.0,20.8,28.4,22.6,64.0,17.1,30.2,21.7,64.0,17.4,29.0,22.8,69.0,20.3,28.4,23.0,63.0,17.3
2015-10-04,28.3,23.7,68,18.9,0.2,10,28.8,22.8,56.0,17.2,29.9,22.3,57.0,20.8,28.4,22.6,64.0,17.1,30.2,21.7,64.0,17.4,29.0,22.8,69.0,20.3,28.4,23.0,63.0,17.3,29.1,22.5,66.0,18.3
2015-10-05,28.8,22.8,56,17.2,0.0,10,29.9,22.3,57.0,20.8,28.4,22.6,64.0,17.1,30.2,21.7,64.0,17.4,29.0,22.8,69.0,20.3,28.4,23.0,63.0,17.3,29.1,22.5,66.0,18.3,30.7,23.4,71.0,14.1
2015-10-06,29.9,22.3,57,20.8,0.0,10,28.4,22.6,64.0,17.1,30.2,21.7,64.0,17.4,29.0,22.8,69.0,20.3,28.4,23.0,63.0,17.3,29.1,22.5,66.0,18.3,30.7,23.4,71.0,14.1,30.6,21.1,75.0,16.9
2015-10-07,28.4,22.6,64,17.1,0.1,10,30.2,21.7,64.0,17.4,29.0,22.8,69.0,20.3,28.4,23.0,63.0,17.3,29.1,22.5,66.0,18.3,30.7,23.4,71.0,14.1,30.6,21.1,75.0,16.9,28.6,22.3,73.0,17.8
2015-10-08,30.2,21.7,64,17.4,0.0,10,29.0,22.8,69.0,20.3,28.4,23.0,63.0,17.3,29.1,22.5,66.0,18.3,30.7,23.4,71.0,14.1,30.6,21.1,75.0,16.9,28.6,22.3,73.0,17.8,28.0,19.5,68.0,15.3
2015-10-09,29.0,22.8,69,20.3,0.0,10,28.4,23.0,63.0,17.3,29.1,22.5,66.0,18.3,30.7,23.4,71.0,14.1,30.6,21.1,75.0,16.9,28.6,22.3,73.0,17.8,28.0,19.5,68.0,15.3,28.2,20.0,68.0,16.1
2015-10-10,28.4,23.0,63,17.3,0.0,10,29.1,22.5,66.0,18.3,30.7,23.4,71.0,14.1,30.6,21.1,75.0,16.9,28.6,22.3,73.0,17.8,28.0,19.5,68.0,15.3,28.2,20.0,68.0,16.1,29.0,22.5,69.0,16.0
2015-10-11,29.1,22.5,66,18.3,0.0,10,30.7,23.4,71.0,14.1,30.6,21.1,75.0,16.9,28.6,22.3,73.0,17.8,28.0,19.5,68.0,15.3,28.2,20.0,68.0,16.1,29.0,22.5,69.0,16.0,28.9,22.9,73.0,13.7
2015-10-12,30.7,23.4,71,14.1,0.0,10,30.6,21.1,75.0,16.9,28.6,22.3,73.0,17.8,28.0,19.5,68.0,15.3,28.2,20.0,68.0,16.1,29.0,22.5,69.0,16.0,28.9,22.9,73.0,13.7,28.5,22.6,71.0,15.5
2015-10-13,30.6,21.1,75,16.9,0.0,10,28.6,22.3,73.0,17.8,28.0,19.5,68.0,15.3,28.2,20.0,68.0,16.1,29.0,22.5,69.0,16.0,28.9,22.9,73.0,13.7,28.5,22.6,71.0,15.5,29.7,20.4,69.0,14.3
2015-10-14,28.6,22.3,73,17.8,0.0,10,28.0,19.5,68.0,15.3,28.2,20.0,68.0,16.1,29.0,22.5,69.0,16.0,28.9,22.9,73.0,13.7,28.5,22.6,71.0,15.5,29.7,20.4,69.0,14.3,30.2,20.8,72.0,12.8
2015-10-15,28.0,19.5,68,15.3,0.0,10,28.2,20.0,68.0,16.1,29.0,22.5,69.0,16.0,28.9,22.9,73.0,13.7,28.5,22.6,71.0,15.5,29.7,20.4,69.0,14.3,30.2,20.8,72.0,12.8,33.0,22.2,61.0,12.3
2015-10-16,28.2,20.0,68,16.1,0.0,10,29.0,22.5,69.0,16.0,28.9,22.9,73.0,13.7,28.5,22.6,71.0,15.5,29.7,20.4,69.0,14.3,30.2,20.8,72.0,12.8,33.0,22.2,61.0,12.3,34.7,24.9,47.0,29.1
2015-10-17,29.0,22.5,69,16.0,0.0,10,28.9,22.9,73.0,13.7,28.5,22.6,71.0,15.5,29.7,20.4,69.0,14.3,30.2,20.8,72.0,12.8,33.0,22.2,61.0,12.3,34.7,24.9,47.0,29.1,29.0,23.0,64.0,21.9
2015-10-18,28.9,22.9,73,13.7,0.0,10,28.5,22.6,71.0,15.5,29.7,20.4,69.0,14.3,30.2,20.8,72.0,12.8,33.0,22.2,61.0,12.3,34.7,24.9,47.0,29.1,29.0,23.0,64.0,21.9,26.6,21.9,77.0,21.4
2015-10-19,28.5,22.6,71,15.5,0.0,10,29.7,20.4,69.0,14.3,30.2,20.8,72.0,12.8,33.0,22.2,61.0,12.3,34.7,24.9,47.0,29.1,29.0,23.0,64.0,21.9,26.6,21.9,77.0,21.4,25.0,20.9,70.0,16.6
2015-10-20,29.7,20.4,69,14.3,0.0,10,30.2,20.8,72.0,12.8,33.0,22.2,61.0,12.3,34.7,24.9,47.0,29.1,29.0,23.0,64.0,21.9,26.6,21.9,77.0,21.4,25.0,20.9,70.0,16.6,25.5,19.4,67.0,20.7
2015-10-21,30.2,20.8,72,12.8,0.0,10,33.0,22.2,61.0,12.3,34.7,24.9,47.0,29.1,29.0,23.0,64.0,21.9,26.6,21.9,77.0,21.4,25.0,20.9,70.0,16.6,25.5,19.4,67.0,20.7,24.8,18.5,72.0,16.1
2015-10-22,33.0,22.2,61,12.3,0.0,10,34.7,24.9,47.0,29.1,29.0,23.0,64.0,21.9,26.6,21.9,77.0,21.4,25.0,20.9,70.0,16.6,25.5,19.4,67.0,20.7,24.8,18.5,72.0,16.1,24.1,17.5,75.0,16.4
2015-10-23,34.7,24.9,47,29.1,0.0,10,29.0,23.0,64.0,21.9,26.6,21.9,77.0,21.4,25.0,20.9,70.0,16.6,25.5,19.4,67.0,20.7,24.8,18.5,72.0,16.1,24.1,17.5,75.0,16.4,24.8,17.3,67.0,12.3
2015-10-24,29.0,23.0,64,21.9,0.0,10,26.6,21.9,77.0,21.4,25.0,20.9,70.0,16.6,25.5,19.4,67.0,20.7,24.8,18.5,72.0,16.1,24.1,17.5,75.0,16.4,24.8,17.3,67.0,12.3,24.4,18.0,73.0,15.0
2015-10-25,26.6,21.9,77,21.4,5.9,10,25.0,20.9,70.0,16.6,25.5,19.4,67.0,20.7,24.8,18.5,72.0,16.1,24.1,17.5,75.0,16.4,24.8,17.3,67.0,12.3,24.4,18.0,73.0,15.0,25.4,21.3,70.0,21.1
2015-10-26,25.0,20.9,70,16.6,1.5,10,25.5,19.4,67.0,20.7,24.8,18.5,72.0,16.1,24.1,17.5,75.0,16.4,24.8,17.3,67.0,12.3,24.4,18.0,73.0,15.0,25.4,21.3,70.0,21.1,25.6,22.5,58.0,25.3
2015-10-27,25.5,19.4,67,20.7,0.4,10,24.8,18.5,72.0,16.1,24.1,17.5,75.0,16.4,24.8,17.3,67.0,12.3,24.4,18.0,73.0,15.0,25.4,21.3,70.0,21.1,25.6,22.5,58.0,25.3,26.1,22.4,59.0,22.7
2015-10-28,24.8,18.5,72,16.1,4.3,10,24.1,17.5,75.0,16.4,24.8,17.3,67.0,12.3,24.4,18.0,73.0,15.0,25.4,21.3,70.0,21.1,25.6,22.5,58.0,25.3,26.1,22.4,59.0,22.7,23.8,19.2,76.0,20.8
2015-10-29,24.1,17.5,75,16.4,2.6,10,24.8,17.3,67.0,12.3,24.4,18.0,73.0,15.0,25.4,21.3,70.0,21.1,25.6,22.5,58.0,25.3,26.1,22.4,59.0,22.7,23.8,19.2,76.0,20.8,21.3,17.4,89.0,10.9
2015-10-30,24.8,17.3,67,12.3,0.0,10,24.4,18.0,73.0,15.0,25.4,21.3,70.0,21.1,25.6,22.5,58.0,25.3,26.1,22.4,59.0,22.7,23.8,19.2,76.0,20.8,21.3,17.4,89.0,10.9,21.5,18.5,88.0,14.5
2015-10-31,24.4,18.0,73,15.0,0.4,10,25.4,21.3,70.0,21.1,25.6,22.5,58.0,25.3,26.1,22.4,59.0,22.7,23.8,19.2,76.0,20.8,21.3,17.4,89.0,10.9,21.5,18.5,88.0,14.5,23.6,18.5,81.0,12.3
2015-11-01,25.4,21.3,70,21.1,1.0,11,25.6,22.5,58.0,25.3,26.1,22.4,59.0,22.7,23.8,19.2,76.0,20.8,21.3,17.4,89.0,10.9,21.5,18.5,88.0,14.5,23.6,18.5,81.0,12.3,22.7,18.8,76.0,16.9
2015-11-02,25.6,22.5,58,25.3,0.0,11,26.1,22.4,59.0,22.7,23.8,19.2,76.0,20.8,21.3,17.4,89.0,10.9,21.5,18.5,88.0,14.5,23.6,18.5,81.0,12.3,22.7,18.8,76.0,16.9,22.6,17.7,67.0,20.9
2015-11-03,26.1,22.4,59,22.7,1.2,11,23.8,19.2,76.0,20.8,21.3,17.4,89.0,10.9,21.5,18.5,88.0,14.5,23.6,18.5,81.0,12.3,22.7,18.8,76.0,16.9,22.6,17.7,67.0,20.9,23.3,17.7,63.0,18.1
2015-11-04,23.8,19.2,76,20.8,14.5,11,21.3,17.4,89.0,10.9,21.5,18.5,88.0,14.5,23.6,18.5,81.0,12.3,22.7,18.8,76.0,16.9,22.6,17.7,67.0,20.9,23.3,17.7,63.0,18.1,23.4,16.8,64.0,12.7
2015-11-05,21.3,17.4,89,10.9,19.2,11,21.5,18.5,88.0,14.5,23.6,18.5,81.0,12.3,22.7,18.8,76.0,16.9,22.6,17.7,67.0,20.9,23.3,17.7,63.0,18.1,23.4,16.8,64.0,12.7,23.3,15.5,71.0,13.3
2015-11-06,21.5,18.5,88,14.5,2.4,11,23.6,18.5,81.0,12.3,22.7,18.8,76.0,16.9,22.6,17.7,67.0,20.9,23.3,17.7,63.0,18.1,23.4,16.8,64.0,12.7,23.3,15.5,71.0,13.3,24.1,18.5,66.0,15.9
2015-11-07,23.6,18.5,81,12.3,0.4,11,22.7,18.8,76.0,16.9,22.6,17.7,67.0,20.9,23.3,17.7,63.0,18.1,23.4,16.8,64.0,12.7,23.3,15.5,71.0,13.3,24.1,18.5,66.0,15.9,24.6,20.6,68.0,20.4
2015-11-08,22.7,18.8,76,16.9,1.1,11,22.6,17.7,67.0,20.9,23.3,17.7,63.0,18.1,23.4,16.8,64.0,12.7,23.3,15.5,71.0,13.3,24.1,18.5,66.0,15.9,24.6,20.6,68.0,20.4,25.2,18.0,79.0,10.1
2015-11-09,22.6,17.7,67,20.9,0.0,11,23.3,17.7,63.0,18.1,23.4,16.8,64.0,12.7,23.3,15.5,71.0,13.3,24.1,18.5,66.0,15.9,24.6,20.6,68.0,20.4,25.2,18.0,79.0,10.1,22.9,18.2,84.0,18.6
2015-11-10,23.3,17.7,63,18.1,0.0,11,23.4,16.8,64.0,12.7,23.3,15.5,71.0,13.3,24.1,18.5,66.0,15.9,24.6,20.6,68.0,20.4,25.2,18.0,79.0,10.1,22.9,18.2,84.0,18.6,22.7,17.4,74.0,20.1
2015-11-11,23.4,16.8,64,12.7,0.0,11,23.3,15.5,71.0,13.3,24.1,18.5,66.0,15.9,24.6,20.6,68.0,20.4,25.2,18.0,79.0,10.1,22.9,18.2,84.0,18.6,22.7,17.4,74.0,20.1,22.9,15.8,73.0,10.5
2015-11-12,23.3,15.5,71,13.3,0.0,11,24.1,18.5,66.0,15.9,24.6,20.6,68.0,20.4,25.2,18.0,79.0,10.1,22.9,18.2,84.0,18.6,22.7,17.4,74.0,20.1,22.9,15.8,73.0,10.5,22.9,16.8,74.0,11.3
2015-11-13,24.1,18.5,66,15.9,0.0,11,24.6,20.6,68.0,20.4,25.2,18.0,79.0,10.1,22.9,18.2,84.0,18.6,22.7,17.4,74.0,20.1,22.9,15.8,73.0,10.5,22.9,16.8,74.0,11.3,23.1,16.3,72.0,13.8
2015-11-14,24.6,20.6,68,20.4,0.0,11,25.2,18.0,79.0,10.1,22.9,18.2,84.0,18.6,22.7,17.4,74.0,20.1,22.9,15.8,73.0,10.5,22.9,16.8,74.0,11.3,23.1,16.3,72.0,13.8,23.4,18.2,71.0,15.2
2015-11-15,25.2,18.0,79,10.1,0.0,11,22.9,18.2,84.0,18.6,22.7,17.4,74.0,20.1,22.9,15.8,73.0,10.5,22.9,16.8,74.0,11.3,23.1,16.3,72.0,13.8,23.4,18.2,71.0,15.2,24.3,17.5,68.0,11.9
2015-11-16,22.9,18.2,84,18.6,1.5,11,22.7,17.4,74.0,20.1,22.9,15.8,73.0,10.5,22.9,16.8,74.0,11.3,23.1,16.3,72.0,13.8,23.4,18.2,71.0,15.2,24.3,17.5,68.0,11.9,23.3,17.2,71.0,20.6
2015-11-17,22.7,17.4,74,20.1,1.3,11,22.9,15.8,73.0,10.5,22.9,16.8,74.0,11.3,23.1,16.3,72.0,13.8,23.4,18.2,71.0,15.2,24.3,17.5,68.0,11.9,23.3,17.2,71.0,20.6,23.1,19.5,67.0,17.1
2015-11-18,22.9,15.8,73,10.5,0.1,11,22.9,16.8,74.0,11.3,23.1,16.3,72.0,13.8,23.4,18.2,71.0,15.2,24.3,17.5,68.0,11.9,23.3,17.2,71.0,20.6,23.1,19.5,67.0,17.1,23.1,19.3,59.0,20.6
2015-11-19,22.9,16.8,74,11.3,0.0,11,23.1,16.3,72.0,13.8,23.4,18.2,71.0,15.2,24.3,17.5,68.0,11.9,23.3,17.2,71.0,20.6,23.1,19.5,67.0,17.1,23.1,19.3,59.0,20.6,25.1,17.1,54.0,13.8
2015-11-20,23.1,16.3,72,13.8,0.0,11,23.4,18.2,71.0,15.2,24.3,17.5,68.0,11.9,23.3,17.2,71.0,20.6,23.1,19.5,67.0,17.1,23.1,19.3,59.0,20.6,25.1,17.1,54.0,13.8,24.8,14.9,64.0,10.2
2015-11-21,23.4,18.2,71,15.2,0.0,11,24.3,17.5,68.0,11.9,23.3,17.2,71.0,20.6,23.1,19.5,67.0,17.1,23.1,19.3,59.0,20.6,25.1,17.1,54.0,13.8,24.8,14.9,64.0,10.2,24.0,16.8,65.0,8.3
2015-11-22,24.3,17.5,68,11.9,0.0,11,23.3,17.2,71.0,20.6,23.1,19.5,67.0,17.1,23.1,19.3,59.0,20.6,25.1,17.1,54.0,13.8,24.8,14.9,64.0,10.2,24.0,16.8,65.0,8.3,23.0,14.9,66.0,13.4
2015-11-23,23.3,17.2,71,20.6,0.0,11,23.1,19.5,67.0,17.1,23.1,19.3,59.0,20.6,25.1,17.1,54.0,13.8,24.8,14.9,64.0,10.2,24.0,16.8,65.0,8.3,23.0,14.9,66.0,13.4,21.5,15.4,72.0,19.4
2015-11-24,23.1,19.5,67,17.1,0.0,11,23.1,19.3,59.0,20.6,25.1,17.1,54.0,13.8,24.8,14.9,64.0,10.2,24.0,16.8,65.0,8.3,23.0,14.9,66.0,13.4,21.5,15.4,72.0,19.4,20.7,15.4,58.0,20.2
2015-11-25,23.1,19.3,59,20.6,0.0,11,25.1,17.1,54.0,13.8,24.8,14.9,64.0,10.2,24.0,16.8,65.0,8.3,23.0,14.9,66.0,13.4,21.5,15.4,72.0,19.4,20.7,15.4,58.0,20.2,21.2,15.7,55.0,17.3
2015-11-26,25.1,17.1,54,13.8,0.0,11,24.8,14.9,64.0,10.2,24.0,16.8,65.0,8.3,23.0,14.9,66.0,13.4,21.5,15.4,72.0,19.4,20.7,15.4,58.0,20.2,21.2,15.7,55.0,17.3,21.1,16.4,62.0,23.7
2015-11-27,24.8,14.9,64,10.2,0.0,11,24.0,16.8,65.0,8.3,23.0,14.9,66.0,13.4,21.5,15.4,72.0,19.4,20.7,15.4,58.0,20.2,21.2,15.7,55.0,17.3,21.1,16.4,62.0,23.7,18.3,15.8,65.0,20.2
2015-11-28,24.0,16.8,65,8.3,0.0,11,23.0,14.9,66.0,13.4,21.5,15.4,72.0,19.4,20.7,15.4,58.0,20.2,21.2,15.7,55.0,17.3,21.1,16.4,62.0,23.7,18.3,15.8,65.0,20.2,17.3,14.7,47.0,30.0
2015-11-29,23.0,14.9,66,13.4,0.0,11,21.5,15.4,72.0,19.4,20.7,15.4,58.0,20.2,21.2,15.7,55.0,17.3,21.1,16.4,62.0,23.7,18.3,15.8,65.0,20.2,17.3,14.7,47.0,30.0,18.1,14.5,48.0,19.6
2015-11-30,21.5,15.4,72,19.4,0.3,11,20.7,15.4,58.0,20.2,21.2,15.7,55.0,17.3,21.1,16.4,62.0,23.7,18.3,15.8,65.0,20.2,17.3,14.7,47.0,30.0,18.1,14.5,48.0,19.6,21.0,13.0,60.0,15.6
2015-12-01,20.7,15.4,58,20.2,0.0,12,21.2,15.7,55.0,17.3,21.1,16.4,62.0,23.7,18.3,15.8,65.0,20.2,17.3,14.7,47.0,30.0,18.1,14.5,48.0,19.6,21.0,13.0,60.0,15.6,20.7,13.4,65.0,13.0
2015-12-02,21.2,15.7,55,17.3,0.0,12,21.1,16.4,62.0,23.7,18.3,15.8,65.0,20.2,17.3,14.7,47.0,30.0,18.1,14.5,48.0,19.6,21.0,13.0,60.0,15.6,20.7,13.4,65.0,13.0,20.7,14.4,62.0,12.8
2015-12-03,21.1,16.4,62,23.7,0.0,12,18.3,15.8,65.0,20.2,17.3,14.7,47.0,30.0,18.1,14.5,48.0,19.6,21.0,13.0,60.0,15.6,20.7,13.4,65.0,13.0,20.7,14.4,62.0,12.8,19.5,14.8,74.0,13.8
2015-12-04,18.3,15.8,65,20.2,0.7,12,17.3,14.7,47.0,30.0,18.1,14.5,48.0,19.6,21.0,13.0,60.0,15.6,20.7,13.4,65.0,13.0,20.7,14.4,62.0,12.8,19.5,14.8,74.0,13.8,19.0,14.3,80.0,13.4
2015-12-05,17.3,14.7,47,30.0,0.0,12,18.1,14.5,48.0,19.6,21.0,13.0,60.0,15.6,20.7,13.4,65.0,13.0,20.7,14.4,62.0,12.8,19.5,14.8,74.0,13.8,19.0,14.3,80.0,13.4,19.1,13.8,73.0,12.3
2015-12-06,18.1,14.5,48,19.6,0.0,12,21.0,13.0,60.0,15.6,20.7,13.4,65.0,13.0,20.7,14.4,62.0,12.8,19.5,14.8,74.0,13.8,19.0,14.3,80.0,13.4,19.1,13.8,73.0,12.3,17.6,12.4,64.0,12.5
2015-12-07,21.0,13.0,60,15.6,0.0,12,20.7,13.4,65.0,13.0,20.7,14.4,62.0,12.8,19.5,14.8,74.0,13.8,19.0,14.3,80.0,13.4,19.1,13.8,73.0,12.3,17.6,12.4,64.0,12.5,20.0,14.2,63.0,18.0
2015-12-08,20.7,13.4,65,13.0,0.0,12,20.7,14.4,62.0,12.8,19.5,14.8,74.0,13.8,19.0,14.3,80.0,13.4,19.1,13.8,73.0,12.3,17.6,12.4,64.0,12.5,20.0,14.2,63.0,18.0,20.2,12.7,70.0,10.2
2015-12-09,20.7,14.4,62,12.8,0.0,12,19.5,14.8,74.0,13.8,19.0,14.3,80.0,13.4,19.1,13.8,73.0,12.3,17.6,12.4,64.0,12.5,20.0,14.2,63.0,18.0,20.2,12.7,70.0,10.2,19.8,12.9,67.0,7.1
2015-12-10,19.5,14.8,74,13.8,0.5,12,19.0,14.3,80.0,13.4,19.1,13.8,73.0,12.3,17.6,12.4,64.0,12.5,20.0,14.2,63.0,18.0,20.2,12.7,70.0,10.2,19.8,12.9,67.0,7.1,17.0,12.6,75.0,23.5
2015-12-11,19.0,14.3,80,13.4,0.4,12,19.1,13.8,73.0,12.3,17.6,12.4,64.0,12.5,20.0,14.2,63.0,18.0,20.2,12.7,70.0,10.2,19.8,12.9,67.0,7.1,17.0,12.6,75.0,23.5,19.1,11.8,75.0,15.2
2015-12-12,19.1,13.8,73,12.3,0.5,12,17.6,12.4,64.0,12.5,20.0,14.2,63.0,18.0,20.2,12.7,70.0,10.2,19.8,12.9,67.0,7.1,17.0,12.6,75.0,23.5,19.1,11.8,75.0,15.2,19.0,11.3,60.0,15.3
2015-12-13,17.6,12.4,64,12.5,0.0,12,20.0,14.2,63.0,18.0,20.2,12.7,70.0,10.2,19.8,12.9,67.0,7.1,17.0,12.6,75.0,23.5,19.1,11.8,75.0,15.2,19.0,11.3,60.0,15.3,18.8,12.1,75.0,13.3
2015-12-14,20.0,14.2,63,18.0,0.1,12,20.2,12.7,70.0,10.2,19.8,12.9,67.0,7.1,17.0,12.6,75.0,23.5,19.1,11.8,75.0,15.2,19.0,11.3,60.0,15.3,18.8,12.1,75.0,13.3,18.6,10.3,82.0,12.0
2015-12-15,20.2,12.7,70,10.2,0.0,12,19.8,12.9,67.0,7.1,17.0,12.6,75.0,23.5,19.1,11.8,75.0,15.2,19.0,11.3,60.0,15.3,18.8,12.1,75.0,13.3,18.6,10.3,82.0,12.0,19.5,15.5,64.0,18.6
2015-12-16,19.8,12.9,67,7.1,0.0,12,17.0,12.6,75.0,23.5,19.1,11.8,75.0,15.2,19.0,11.3,60.0,15.3,18.8,12.1,75.0,13.3,18.6,10.3,82.0,12.0,19.5,15.5,64.0,18.6,19.1,15.3,64.0,17.2
2015-12-17,17.0,12.6,75,23.5,0.5,12,19.1,11.8,75.0,15.2,19.0,11.3,60.0,15.3,18.8,12.1,75.0,13.3,18.6,10.3,82.0,12.0,19.5,15.5,64.0,18.6,19.1,15.3,64.0,17.2,19.6,15.4,62.0,19.8
2015-12-18,19.1,11.8,75,15.2,0.0,12,19.0,11.3,60.0,15.3,18.8,12.1,75.0,13.3,18.6,10.3,82.0,12.0,19.5,15.5,64.0,18.6,19.1,15.3,64.0,17.2,19.6,15.4,62.0,19.8,20.0,14.0,60.0,11.1
2015-12-19,19.0,11.3,60,15.3,0.0,12,18.8,12.1,75.0,13.3,18.6,10.3,82.0,12.0,19.5,15.5,64.0,18.6,19.1,15.3,64.0,17.2,19.6,15.4,62.0,19.8,20.0,14.0,60.0,11.1,19.7,10.0,72.0,9.5
2015-12-20,18.8,12.1,75,13.3,0.7,12,18.6,10.3,82.0,12.0,19.5,15.5,64.0,18.6,19.1,15.3,64.0,17.2,19.6,15.4,62.0,19.8,20.0,14.0,60.0,11.1,19.7,10.0,72.0,9.5,19.9,12.2,72.0,17.1
2015-12-21,18.6,10.3,82,12.0,0.0,12,19.5,15.5,64.0,18.6,19.1,15.3,64.0,17.2,19.6,15.4,62.0,19.8,20.0,14.0,60.0,11.1,19.7,10.0,72.0,9.5,19.9,12.2,72.0,17.1,20.4,16.5,60.0,21.7
2015-12-22,19.5,15.5,64,18.6,0.0,12,19.1,15.3,64.0,17.2,19.6,15.4,62.0,19.8,20.0,14.0,60.0,11.1,19.7,10.0,72.0,9.5,19.9,12.2,72.0,17.1,20.4,16.5,60.0,21.7,21.1,10.2,67.0,16.8
2015-12-23,19.1,15.3,64,17.2,0.0,12,19.6,15.4,62.0,19.8,20.0,14.0,60.0,11.1,19.7,10.0,72.0,9.5,19.9,12.2,72.0,17.1,20.4,16.5,60.0,21.7,21.1,10.2,67.0,16.8,19.6,15.1,59.0,23.1
2015-12-24,19.6,15.4,62,19.8,0.0,12,20.0,14.0,60.0,11.1,19.7,10.0,72.0,9.5,19.9,12.2,72.0,17.1,20.4,16.5,60.0,21.7,21.1,10.2,67.0,16.8,19.6,15.1,59.0,23.1,16.9,12.3,65.0,18.0
2015-12-25,20.0,14.0,60,11.1,0.0,12,19.7,10.0,72.0,9.5,19.9,12.2,72.0,17.1,20.4,16.5,60.0,21.7,21.1,10.2,67.0,16.8,19.6,15.1,59.0,23.1,16.9,12.3,65.0,18.0,12.4,10.6,60.0,32.4
2015-12-26,19.7,10.0,72,9.5,0.0,12,19.9,12.2,72.0,17.1,20.4,16.5,60.0,21.7,21.1,10.2,67.0,16.8,19.6,15.1,59.0,23.1,16.9,12.3,65.0,18.0,12.4,10.6,60.0,32.4,15.5,11.6,45.0,20.5
2015-12-27,19.9,12.2,72,17.1,0.0,12,20.4,16.5,60.0,21.7,21.1,10.2,67.0,16.8,19.6,15.1,59.0,23.1,16.9,12.3,65.0,18.0,12.4,10.6,60.0,32.4,15.5,11.6,45.0,20.5,16.3,11.3,63.0,22.7
2015-12-28,20.4,16.5,60,21.7,0.0,12,21.1,10.2,67.0,16.8,19.6,15.1,59.0,23.1,16.9,12.3,65.0,18.0,12.4,10.6,60.0,32.4,15.5,11.6,45.0,20.5,16.3,11.3,63.0,22.7,19.9,11.5,57.0,24.0
2015-12-29,21.1,10.2,67,16.8,0.0,12,19.6,15.1,59.0,23.1,16.9,12.3,65.0,18.0,12.4,10.6,60.0,32.4,15.5,11.6,45.0,20.5,16.3,11.3,63.0,22.7,19.9,11.5,57.0,24.0,21.6,11.7,38.0,21.2
2015-12-30,19.6,15.1,59,23.1,0.0,12,16.9,12.3,65.0,18.0,12.4,10.6,60.0,32.4,15.5,11.6,45.0,20.5,16.3,11.3,63.0,22.7,19.9,11.5,57.0,24.0,21.6,11.7,38.0,21.2,23.4,12.4,38.0,14.2
2015-12-31,16.9,12.3,65,18.0,3.6,12,12.4,10.6,60.0,32.4,15.5,11.6,45.0,20.5,16.3,11.3,63.0,22.7,19.9,11.5,57.0,24.0,21.6,11.7,38.0,21.2,23.4,12.4,38.0,14.2,21.9,13.9,35.0,27.9
2016-01-01,12.4,10.6,60,32.4,0.1,1,15.5,11.6,45.0,20.5,16.3,11.3,63.0,22.7,19.9,11.5,57.0,24.0,21.6,11.7,38.0,21.2,23.4,12.4,38.0,14.2,21.9,13.9,35.0,27.9,16.3,13.8,71.0,30.9
2016-01-02,15.5,11.6,45,20.5,0.0,1,16.3,11.3,63.0,22.7,19.9,11.5,57.0,24.0,21.6,11.7,38.0,21.2,23.4,12.4,38.0,14.2,21.9,13.9,35.0,27.9,16.3,13.8,71.0,30.9,19.0,13.1,73.0,15.1
2016-01-03,16.3,11.3,63,22.7,0.1,1,19.9,11.5,57.0,24.0,21.6,11.7,38.0,21.2,23.4,12.4,38.0,14.2,21.9,13.9,35.0,27.9,16.3,13.8,71.0,30.9,19.0,13.1,73.0,15.1,19.1,9.2,73.0,9.7
2016-01-04,19.9,11.5,57,24.0,0.0,1,21.6,11.7,38.0,21.2,23.4,12.4,38.0,14.2,21.9,13.9,35.0,27.9,16.3,13.8,71.0,30.9,19.0,13.1,73.0,15.1,19.1,9.2,73.0,9.7,19.6,12.6,72.0,11.9
2016-01-05,21.6,11.7,38,21.2,0.0,1,23.4,12.4,38.0,14.2,21.9,13.9,35.0,27.9,16.3,13.8,71.0,30.9,19.0,13.1,73.0,15.1,19.1,9.2,73.0,9.7,19.6,12.6,72.0,11.9,19.5,10.7,84.0,9.4
2016-01-06,23.4,12.4,38,14.2,0.0,1,21.9,13.9,35.0,27.9,16.3,13.8,71.0,30.9,19.0,13.1,73.0,15.1,19.1,9.2,73.0,9.7,19.6,12.6,72.0,11.9,19.5,10.7,84.0,9.4,20.0,10.1,82.0,9.0
2016-01-07,21.9,13.9,35,27.9,0.0,1,16.3,13.8,71.0,30.9,19.0,13.1,73.0,15.1,19.1,9.2,73.0,9.7,19.6,12.6,72.0,11.9,19.5,10.7,84.0,9.4,20.0,10.1,82.0,9.0,19.6,12.9,68.0,19.8
2016-01-08,16.3,13.8,71,30.9,1.4,1,19.0,13.1,73.0,15.1,19.1,9.2,73.0,9.7,19.6,12.6,72.0,11.9,19.5,10.7,84.0,9.4,20.0,10.1,82.0,9.0,19.6,12.9,68.0,19.8,18.0,12.9,55.0,11.6
2016-01-09,19.0,13.1,73,15.1,0.3,1,19.1,9.2,73.0,9.7,19.6,12.6,72.0,11.9,19.5,10.7,84.0,9.4,20.0,10.1,82.0,9.0,19.6,12.9,68.0,19.8,18.0,12.9,55.0,11.6,18.7,12.3,61.0,11.0
2016-01-10,19.1,9.2,73,9.7,0.0,1,19.6,12.6,72.0,11.9,19.5,10.7,84.0,9.4,20.0,10.1,82.0,9.0,19.6,12.9,68.0,19.8,18.0,12.9,55.0,11.6,18.7,12.3,61.0,11.0,22.1,11.0,59.0,23.1
2016-01-11,19.6,12.6,72,11.9,0.0,1,19.5,10.7,84.0,9.4,20.0,10.1,82.0,9.0,19.6,12.9,68.0,19.8,18.0,12.9,55.0,11.6,18.7,12.3,61.0,11.0,22.1,11.0,59.0,23.1,16.8,10.4,40.0,34.3
2016-01-12,19.5,10.7,84,9.4,0.0,1,20.0,10.1,82.0,9.0,19.6,12.9,68.0,19.8,18.0,12.9,55.0,11.6,18.7,12.3,61.0,11.0,22.1,11.0,59.0,23.1,16.8,10.4,40.0,34.3,15.7,11.0,55.0,26.5
2016-01-13,20.0,10.1,82,9.0,0.0,1,19.6,12.9,68.0,19.8,18.0,12.9,55.0,11.6,18.7,12.3,61.0,11.0,22.1,11.0,59.0,23.1,16.8,10.4,40.0,34.3,15.7,11.0,55.0,26.5,16.4,9.9,66.0,10.1
2016-01-14,19.6,12.9,68,19.8,0.0,1,18.0,12.9,55.0,11.6,18.7,12.3,61.0,11.0,22.1,11.0,59.0,23.1,16.8,10.4,40.0,34.3,15.7,11.0,55.0,26.5,16.4,9.9,66.0,10.1,18.4,10.2,65.0,10.2
2016-01-15,18.0,12.9,55,11.6,0.0,1,18.7,12.3,61.0,11.0,22.1,11.0,59.0,23.1,16.8,10.4,40.0,34.3,15.7,11.0,55.0,26.5,16.4,9.9,66.0,10.1,18.4,10.2,65.0,10.2,18.1,8.6,68.0,14.0
2016-01-16,18.7,12.3,61,11.0,0.0,1,22.1,11.0,59.0,23.1,16.8,10.4,40.0,34.3,15.7,11.0,55.0,26.5,16.4,9.9,66.0,10.1,18.4,10.2,65.0,10.2,18.1,8.6,68.0,14.0,16.0,12.5,60.0,26.9
2016-01-17,22.1,11.0,59,23.1,0.0,1,16.8,10.4,40.0,34.3,15.7,11.0,55.0,26.5,16.4,9.9,66.0,10.1,18.4,10.2,65.0,10.2,18.1,8.6,68.0,14.0,16.0,12.5,60.0,26.9,13.2,10.5,56.0,34.2
2016-01-18,16.8,10.4,40,34.3,0.0,1,15.7,11.0,55.0,26.5,16.4,9.9,66.0,10.1,18.4,10.2,65.0,10.2,18.1,8.6,68.0,14.0,16.0,12.5,60.0,26.9,13.2,10.5,56.0,34.2,12.8,9.4,54.0,26.8
2016-01-19,15.7,11.0,55,26.5,0.0,1,16.4,9.9,66.0,10.1,18.4,10.2,65.0,10.2,18.1,8.6,68.0,14.0,16.0,12.5,60.0,26.9,13.2,10.5,56.0,34.2,12.8,9.4,54.0,26.8,12.2,6.7,74.0,20.5
2016-01-20,16.4,9.9,66,10.1,0.0,1,18.4,10.2,65.0,10.2,18.1,8.6,68.0,14.0,16.0,12.5,60.0,26.9,13.2,10.5,56.0,34.2,12.8,9.4,54.0,26.8,12.2,6.7,74.0,20.5,12.4,6.6,77.0,14.9
2016-01-21,18.4,10.2,65,10.2,0.0,1,18.1,8.6,68.0,14.0,16.0,12.5,60.0,26.9,13.2,10.5,56.0,34.2,12.8,9.4,54.0,26.8,12.2,6.7,74.0,20.5,12.4,6.6,77.0,14.9,14.3,10.1,53.0,14.5
2016-01-22,18.1,8.6,68,14.0,0.0,1,16.0,12.5,60.0,26.9,13.2,10.5,56.0,34.2,12.8,9.4,54.0,26.8,12.2,6.7,74.0,20.5,12.4,6.6,77.0,14.9,14.3,10.1,53.0,14.5,17.0,9.7,54.0,11.3
2016-01-23,16.0,12.5,60,26.9,0.2,1,13.2,10.5,56.0,34.2,12.8,9.4,54.0,26.8,12.2,6.7,74.0,20.5,12.4,6.6,77.0,14.9,14.3,10.1,53.0,14.5,17.0,9.7,54.0,11.3,17.5,7.8,70.0,9.9
2016-01-24,13.2,10.5,56,34.2,0.0,1,12.8,9.4,54.0,26.8,12.2,6.7,74.0,20.5,12.4,6.6,77.0,14.9,14.3,10.1,53.0,14.5,17.0,9.7,54.0,11.3,17.5,7.8,70.0,9.9,18.2,9.6,78.0,9.9
2016-01-25,12.8,9.4,54,26.8,0.1,1,12.2,6.7,74.0,20.5,12.4,6.6,77.0,14.9,14.3,10.1,53.0,14.5,17.0,9.7,54.0,11.3,17.5,7.8,70.0,9.9,18.2,9.6,78.0,9.9,18.5,8.9,75.0,16.0
2016-01-26,12.2,6.7,74,20.5,0.9,1,12.4,6.6,77.0,14.9,14.3,10.1,53.0,14.5,17.0,9.7,54.0,11.3,17.5,7.8,70.0,9.9,18.2,9.6,78.0,9.9,18.5,8.9,75.0,16.0,18.3,12.4,69.0,17.9
2016-01-27,12.4,6.6,77,14.9,2.3,1,14.3,10.1,53.0,14.5,17.0,9.7,54.0,11.3,17.5,7.8,70.0,9.9,18.2,9.6,78.0,9.9,18.5,8.9,75.0,16.0,18.3,12.4,69.0,17.9,19.0,12.0,73.0,17.3
2016-01-28,14.3,10.1,53,14.5,0.2,1,17.0,9.7,54.0,11.3,17.5,7.8,70.0,9.9,18.2,9.6,78.0,9.9,18.5,8.9,75.0,16.0,18.3,12.4,69.0,17.9,19.0,12.0,73.0,17.3,21.6,13.7,72.0,15.9
2016-01-29,17.0,9.7,54,11.3,0.0,1,17.5,7.8,70.0,9.9,18.2,9.6,78.0,9.9,18.5,8.9,75.0,16.0,18.3,12.4,69.0,17.9,19.0,12.0,73.0,17.3,21.6,13.7,72.0,15.9,20.3,11.3,64.0,19.2
2016-01-30,17.5,7.8,70,9.9,0.0,1,18.2,9.6,78.0,9.9,18.5,8.9,75.0,16.0,18.3,12.4,69.0,17.9,19.0,12.0,73.0,17.3,21.6,13.7,72.0,15.9,20.3,11.3,64.0,19.2,15.2,12.2,67.0,30.1
2016-01-31,18.2,9.6,78,9.9,0.0,1,18.5,8.9,75.0,16.0,18.3,12.4,69.0,17.9,19.0,12.0,73.0,17.3,21.6,13.7,72.0,15.9,20.3,11.3,64.0,19.2,15.2,12.2,67.0,30.1,14.4,11.6,56.0,30.8
2016-02-01,18.5,8.9,75,16.0,0.0,2,18.3,12.4,69.0,17.9,19.0,12.0,73.0,17.3,21.6,13.7,72.0,15.9,20.3,11.3,64.0,19.2,15.2,12.2,67.0,30.1,14.4,11.6,56.0,30.8,15.7,10.3,56.0,12.4
2016-02-02,18.3,12.4,69,17.9,0.0,2,19.0,12.0,73.0,17.3,21.6,13.7,72.0,15.9,20.3,11.3,64.0,19.2,15.2,12.2,67.0,30.1,14.4,11.6,56.0,30.8,15.7,10.3,56.0,12.4,17.0,11.2,54.0,14.6
2016-02-03,19.0,12.0,73,17.3,0.0,2,21.6,13.7,72.0,15.9,20.3,11.3,64.0,19.2,15.2,12.2,67.0,30.1,14.4,11.6,56.0,30.8,15.7,10.3,56.0,12.4,17.0,11.2,54.0,14.6,16.8,11.4,61.0,18.7
2016-02-04,21.6,13.7,72,15.9,0.0,2,20.3,11.3,64.0,19.2,15.2,12.2,67.0,30.1,14.4,11.6,56.0,30.8,15.7,10.3,56.0,12.4,17.0,11.2,54.0,14.6,16.8,11.4,61.0,18.7,19.4,9.7,61.0,9.7
2016-02-05,20.3,11.3,64,19.2,0.0,2,15.2,12.2,67.0,30.1,14.4,11.6,56.0,30.8,15.7,10.3,56.0,12.4,17.0,11.2,54.0,14.6,16.8,11.4,61.0,18.7,19.4,9.7,61.0,9.7,21.6,9.6,59.0,11.7
2016-02-06,15.2,12.2,67,30.1,1.6,2,14.4,11.6,56.0,30.8,15.7,10.3,56.0,12.4,17.0,11.2,54.0,14.6,16.8,11.4,61.0,18.7,19.4,9.7,61.0,9.7,21.6,9.6,59.0,11.7,22.0,11.6,69.0,12.8
2016-02-07,14.4,11.6,56,30.8,0.2,2,15.7,10.3,56.0,12.4,17.0,11.2,54.0,14.6,16.8,11.4,61.0,18.7,19.4,9.7,61.0,9.7,21.6,9.6,59.0,11.7,22.0,11.6,69.0,12.8,24.7,11.5,66.0,11.4
2016-02-08,15.7,10.3,56,12.4,0.0,2,17.0,11.2,54.0,14.6,16.8,11.4,61.0,18.7,19.4,9.7,61.0,9.7,21.6,9.6,59.0,11.7,22.0,11.6,69.0,12.8,24.7,11.5,66.0,11.4,24.0,13.3,62.0,20.9
2016-02-09,17.0,11.2,54,14.6,0.0,2,16.8,11.4,61.0,18.7,19.4,9.7,61.0,9.7,21.6,9.6,59.0,11.7,22.0,11.6,69.0,12.8,24.7,11.5,66.0,11.4,24.0,13.3,62.0,20.9,23.0,16.8,67.0,21.4
2016-02-10,16.8,11.4,61,18.7,0.1,2,19.4,9.7,61.0,9.7,21.6,9.6,59.0,11.7,22.0,11.6,69.0,12.8,24.7,11.5,66.0,11.4,24.0,13.3,62.0,20.9,23.0,16.8,67.0,21.4,23.7,16.9,73.0,16.4
2016-02-11,19.4,9.7,61,9.7,0.0,2,21.6,9.6,59.0,11.7,22.0,11.6,69.0,12.8,24.7,11.5,66.0,11.4,24.0,13.3,62.0,20.9,23.0,16.8,67.0,21.4,23.7,16.9,73.0,16.4,25.6,17.5,63.0,13.3
2016-02-12,21.6,9.6,59,11.7,0.0,2,22.0,11.6,69.0,12.8,24.7,11.5,66.0,11.4,24.0,13.3,62.0,20.9,23.0,16.8,67.0,21.4,23.7,16.9,73.0,16.4,25.6,17.5,63.0,13.3,22.0,16.5,58.0,24.5
2016-02-13,22.0,11.6,69,12.8,0.0,2,24.7,11.5,66.0,11.4,24.0,13.3,62.0,20.9,23.0,16.8,67.0,21.4,23.7,16.9,73.0,16.4,25.6,17.5,63.0,13.3,22.0,16.5,58.0,24.5,21.5,14.5,73.0,16.9
2016-02-14,24.7,11.5,66,11.4,0.0,2,24.0,13.3,62.0,20.9,23.0,16.8,67.0,21.4,23.7,16.9,73.0,16.4,25.6,17.5,63.0,13.3,22.0,16.5,58.0,24.5,21.5,14.5,73.0,16.9,19.0,14.4,71.0,34.2
2016-02-15,24.0,13.3,62,20.9,0.0,2,23.0,16.8,67.0,21.4,23.7,16.9,73.0,16.4,25.6,17.5,63.0,13.3,22.0,16.5,58.0,24.5,21.5,14.5,73.0,16.9,19.0,14.4,71.0,34.2,18.4,14.5,62.0,32.1
2016-02-16,23.0,16.8,67,21.4,0.0,2,23.7,16.9,73.0,16.4,25.6,17.5,63.0,13.3,22.0,16.5,58.0,24.5,21.5,14.5,73.0,16.9,19.0,14.4,71.0,34.2,18.4,14.5,62.0,32.1,20.5,11.9,63.0,11.6
2016-02-17,23.7,16.9,73,16.4,0.0,2,25.6,17.5,63.0,13.3,22.0,16.5,58.0,24.5,21.5,14.5,73.0,16.9,19.0,14.4,71.0,34.2,18.4,14.5,62.0,32.1,20.5,11.9,63.0,11.6,22.8,10.6,68.0,12.5
2016-02-18,25.6,17.5,63,13.3,0.0,2,22.0,16.5,58.0,24.5,21.5,14.5,73.0,16.9,19.0,14.4,71.0,34.2,18.4,14.5,62.0,32.1,20.5,11.9,63.0,11.6,22.8,10.6,68.0,12.5,23.9,13.4,61.0,16.3
2016-02-19,22.0,16.5,58,24.5,0.0,2,21.5,14.5,73.0,16.9,19.0,14.4,71.0,34.2,18.4,14.5,62.0,32.1,20.5,11.9,63.0,11.6,22.8,10.6,68.0,12.5,23.9,13.4,61.0,16.3,22.8,15.0,77.0,16.6
2016-02-20,21.5,14.5,73,16.9,0.0,2,19.0,14.4,71.0,34.2,18.4,14.5,62.0,32.1,20.5,11.9,63.0,11.6,22.8,10.6,68.0,12.5,23.9,13.4,61.0,16.3,22.8,15.0,77.0,16.6,20.6,13.3,78.0,17.4
2016-02-21,19.0,14.4,71,34.2,0.5,2,18.4,14.5,62.0,32.1,20.5,11.9,63.0,11.6,22.8,10.6,68.0,12.5,23.9,13.4,61.0,16.3,22.8,15.0,77.0,16.6,20.6,13.3,78.0,17.4,19.5,10.9,75.0,17.9
2016-02-22,18.4,14.5,62,32.1,0.6,2,20.5,11.9,63.0,11.6,22.8,10.6,68.0,12.5,23.9,13.4,61.0,16.3,22.8,15.0,77.0,16.6,20.6,13.3,78.0,17.4,19.5,10.9,75.0,17.9,22.7,15.4,78.0,19.4
2016-02-23,20.5,11.9,63,11.6,0.0,2,22.8,10.6,68.0,12.5,23.9,13.4,61.0,16.3,22.8,15.0,77.0,16.6,20.6,13.3,78.0,17.4,19.5,10.9,75.0,17.9,22.7,15.4,78.0,19.4,26.1,17.2,66.0,15.2
2016-02-24,22.8,10.6,68,12.5,0.0,2,23.9,13.4,61.0,16.3,22.8,15.0,77.0,16.6,20.6,13.3,78.0,17.4,19.5,10.9,75.0,17.9,22.7,15.4,78.0,19.4,26.1,17.2,66.0,15.2,29.9,16.6,55.0,23.7
2016-02-25,23.9,13.4,61,16.3,0.0,2,22.8,15.0,77.0,16.6,20.6,13.3,78.0,17.4,19.5,10.9,75.0,17.9,22.7,15.4,78.0,19.4,26.1,17.2,66.0,15.2,29.9,16.6,55.0,23.7,20.5,15.1,67.0,17.8
2016-02-26,22.8,15.0,77,16.6,0.0,2,20.6,13.3,78.0,17.4,19.5,10.9,75.0,17.9,22.7,15.4,78.0,19.4,26.1,17.2,66.0,15.2,29.9,16.6,55.0,23.7,20.5,15.1,67.0,17.8,22.4,12.4,65.0,15.8
2016-02-27,20.6,13.3,78,17.4,0.0,2,19.5,10.9,75.0,17.9,22.7,15.4,78.0,19.4,26.1,17.2,66.0,15.2,29.9,16.6,55.0,23.7,20.5,15.1,67.0,17.8,22.4,12.4,65.0,15.8,22.7,12.5,62.0,22.3
2016-02-28,19.5,10.9,75,17.9,0.0,2,22.7,15.4,78.0,19.4,26.1,17.2,66.0,15.2,29.9,16.6,55.0,23.7,20.5,15.1,67.0,17.8,22.4,12.4,65.0,15.8,22.7,12.5,62.0,22.3,19.2,12.1,62.0,17.4
2016-02-29,22.7,15.4,78,19.4,0.0,2,26.1,17.2,66.0,15.2,29.9,16.6,55.0,23.7,20.5,15.1,67.0,17.8,22.4,12.4,65.0,15.8,22.7,12.5,62.0,22.3,19.2,12.1,62.0,17.4,20.3,13.3,71.0,15.3
2016-03-01,26.1,17.2,66,15.2,0.0,3,29.9,16.6,55.0,23.7,20.5,15.1,67.0,17.8,22.4,12.4,65.0,15.8,22.7,12.5,62.0,22.3,19.2,12.1,62.0,17.4,20.3,13.3,71.0,15.3,22.1,13.2,77.0,14.8
2016-03-02,29.9,16.6,55,23.7,0.0,3,20.5,15.1,67.0,17.8,22.4,12.4,65.0,15.8,22.7,12.5,62.0,22.3,19.2,12.1,62.0,17.4,20.3,13.3,71.0,15.3,22.1,13.2,77.0,14.8,29.9,14.9,61.0,17.7
2016-03-03,20.5,15.1,67,17.8,1.0,3,22.4,12.4,65.0,15.8,22.7,12.5,62.0,22.3,19.2,12.1,62.0,17.4,20.3,13.3,71.0,15.3,22.1,13.2,77.0,14.8,29.9,14.9,61.0,17.7,22.4,14.6,65.0,16.3
2016-03-04,22.4,12.4,65,15.8,0.0,3,22.7,12.5,62.0,22.3,19.2,12.1,62.0,17.4,20.3,13.3,71.0,15.3,22.1,13.2,77.0,14.8,29.9,14.9,61.0,17.7,22.4,14.6,65.0,16.3,21.5,15.0,72.0,20.3
2016-03-05,22.7,12.5,62,22.3,0.0,3,19.2,12.1,62.0,17.4,20.3,13.3,71.0,15.3,22.1,13.2,77.0,14.8,29.9,14.9,61.0,17.7,22.4,14.6,65.0,16.3,21.5,15.0,72.0,20.3,21.4,16.3,68.0,21.3
2016-03-06,19.2,12.1,62,17.4,0.0,3,20.3,13.3,71.0,15.3,22.1,13.2,77.0,14.8,29.9,14.9,61.0,17.7,22.4,14.6,65.0,16.3,21.5,15.0,72.0,20.3,21.4,16.3,68.0,21.3,29.4,16.5,56.0,18.8
2016-03-07,20.3,13.3,71,15.3,0.0,3,22.1,13.2,77.0,14.8,29.9,14.9,61.0,17.7,22.4,14.6,65.0,16.3,21.5,15.0,72.0,20.3,21.4,16.3,68.0,21.3,29.4,16.5,56.0,18.8,24.5,15.9,49.0,27.0
2016-03-08,22.1,13.2,77,14.8,0.0,3,29.9,14.9,61.0,17.7,22.4,14.6,65.0,16.3,21.5,15.0,72.0,20.3,21.4,16.3,68.0,21.3,29.4,16.5,56.0,18.8,24.5,15.9,49.0,27.0,19.5,14.6,62.0,29.9
2016-03-09,29.9,14.9,61,17.7,0.0,3,22.4,14.6,65.0,16.3,21.5,15.0,72.0,20.3,21.4,16.3,68.0,21.3,29.4,16.5,56.0,18.8,24.5,15.9,49.0,27.0,19.5,14.6,62.0,29.9,19.8,12.4,64.0,20.6
2016-03-10,22.4,14.6,65,16.3,0.0,3,21.5,15.0,72.0,20.3,21.4,16.3,68.0,21.3,29.4,16.5,56.0,18.8,24.5,15.9,49.0,27.0,19.5,14.6,62.0,29.9,19.8,12.4,64.0,20.6,19.4,12.9,63.0,20.7
2016-03-11,21.5,15.0,72,20.3,0.0,3,21.4,16.3,68.0,21.3,29.4,16.5,56.0,18.8,24.5,15.9,49.0,27.0,19.5,14.6,62.0,29.9,19.8,12.4,64.0,20.6,19.4,12.9,63.0,20.7,20.4,11.7,65.0,14.2
2016-03-12,21.4,16.3,68,21.3,0.0,3,29.4,16.5,56.0,18.8,24.5,15.9,49.0,27.0,19.5,14.6,62.0,29.9,19.8,12.4,64.0,20.6,19.4,12.9,63.0,20.7,20.4,11.7,65.0,14.2,26.8,13.5,59.0,19.8
2016-03-13,29.4,16.5,56,18.8,0.1,3,24.5,15.9,49.0,27.0,19.5,14.6,62.0,29.9,19.8,12.4,64.0,20.6,19.4,12.9,63.0,20.7,20.4,11.7,65.0,14.2,26.8,13.5,59.0,19.8,19.3,14.8,64.0,22.4
2016-03-14,24.5,15.9,49,27.0,0.0,3,19.5,14.6,62.0,29.9,19.8,12.4,64.0,20.6,19.4,12.9,63.0,20.7,20.4,11.7,65.0,14.2,26.8,13.5,59.0,19.8,19.3,14.8,64.0,22.4,20.0,14.6,54.0,24.0
2016-03-15,19.5,14.6,62,29.9,0.0,3,19.8,12.4,64.0,20.6,19.4,12.9,63.0,20.7,20.4,11.7,65.0,14.2,26.8,13.5,59.0,19.8,19.3,14.8,64.0,22.4,20.0,14.6,54.0,24.0,21.0,13.1,61.0,14.0
2016-03-16,19.8,12.4,64,20.6,0.1,3,19.4,12.9,63.0,20.7,20.4,11.7,65.0,14.2,26.8,13.5,59.0,19.8,19.3,14.8,64.0,22.4,20.0,14.6,54.0,24.0,21.0,13.1,61.0,14.0,24.0,13.1,62.0,20.5
2016-03-17,19.4,12.9,63,20.7,0.0,3,20.4,11.7,65.0,14.2,26.8,13.5,59.0,19.8,19.3,14.8,64.0,22.4,20.0,14.6,54.0,24.0,21.0,13.1,61.0,14.0,24.0,13.1,62.0,20.5,28.4,17.8,33.0,21.7
2016-03-18,20.4,11.7,65,14.2,0.0,3,26.8,13.5,59.0,19.8,19.3,14.8,64.0,22.4,20.0,14.6,54.0,24.0,21.0,13.1,61.0,14.0,24.0,13.1,62.0,20.5,28.4,17.8,33.0,21.7,23.3,15.8,60.0,17.9
2016-03-19,26.8,13.5,59,19.8,0.0,3,19.3,14.8,64.0,22.4,20.0,14.6,54.0,24.0,21.0,13.1,61.0,14.0,24.0,13.1,62.0,20.5,28.4,17.8,33.0,21.7,23.3,15.8,60.0,17.9,24.4,16.5,71.0,16.9
2016-03-20,19.3,14.8,64,22.4,0.0,3,20.0,14.6,54.0,24.0,21.0,13.1,61.0,14.0,24.0,13.1,62.0,20.5,28.4,17.8,33.0,21.7,23.3,15.8,60.0,17.9,24.4,16.5,71.0,16.9,18.8,13.6,63.0,23.4
2016-03-21,20.0,14.6,54,24.0,0.0,3,21.0,13.1,61.0,14.0,24.0,13.1,62.0,20.5,28.4,17.8,33.0,21.7,23.3,15.8,60.0,17.9,24.4,16.5,71.0,16.9,18.8,13.6,63.0,23.4,18.7,13.2,61.0,26.6
2016-03-22,21.0,13.1,61,14.0,0.0,3,24.0,13.1,62.0,20.5,28.4,17.8,33.0,21.7,23.3,15.8,60.0,17.9,24.4,16.5,71.0,16.9,18.8,13.6,63.0,23.4,18.7,13.2,61.0,26.6,19.2,14.0,50.0,21.4
2016-03-23,24.0,13.1,62,20.5,0.0,3,28.4,17.8,33.0,21.7,23.3,15.8,60.0,17.9,24.4,16.5,71.0,16.9,18.8,13.6,63.0,23.4,18.7,13.2,61.0,26.6,19.2,14.0,50.0,21.4,20.2,13.1,55.0,18.7
2016-03-24,28.4,17.8,33,21.7,0.0,3,23.3,15.8,60.0,17.9,24.4,16.5,71.0,16.9,18.8,13.6,63.0,23.4,18.7,13.2,61.0,26.6,19.2,14.0,50.0,21.4,20.2,13.1,55.0,18.7,20.5,14.0,63.0,19.5
2016-03-25,23.3,15.8,60,17.9,0.0,3,24.4,16.5,71.0,16.9,18.8,13.6,63.0,23.4,18.7,13.2,61.0,26.6,19.2,14.0,50.0,21.4,20.2,13.1,55.0,18.7,20.5,14.0,63.0,19.5,22.0,15.0,67.0,20.3
2016-03-26,24.4,16.5,71,16.9,0.3,3,18.8,13.6,63.0,23.4,18.7,13.2,61.0,26.6,19.2,14.0,50.0,21.4,20.2,13.1,55.0,18.7,20.5,14.0,63.0,19.5,22.0,15.0,67.0,20.3,23.1,16.2,71.0,19.7
2016-03-27,18.8,13.6,63,23.4,0.0,3,18.7,13.2,61.0,26.6,19.2,14.0,50.0,21.4,20.2,13.1,55.0,18.7,20.5,14.0,63.0,19.5,22.0,15.0,67.0,20.3,23.1,16.2,71.0,19.7,23.7,16.0,70.0,18.8
2016-03-28,18.7,13.2,61,26.6,0.9,3,19.2,14.0,50.0,21.4,20.2,13.1,55.0,18.7,20.5,14.0,63.0,19.5,22.0,15.0,67.0,20.3,23.1,16.2,71.0,19.7,23.7,16.0,70.0,18.8,24.5,13.1,70.0,15.6
2016-03-29,19.2,14.0,50,21.4,0.0,3,20.2,13.1,55.0,18.7,20.5,14.0,63.0,19.5,22.0,15.0,67.0,20.3,23.1,16.2,71.0,19.7,23.7,16.0,70.0,18.8,24.5,13.1,70.0,15.6,23.9,16.4,72.0,22.9
2016-03-30,20.2,13.1,55,18.7,0.0,3,20.5,14.0,63.0,19.5,22.0,15.0,67.0,20.3,23.1,16.2,71.0,19.7,23.7,16.0,70.0,18.8,24.5,13.1,70.0,15.6,23.9,16.4,72.0,22.9,24.9,16.4,72.0,15.3
2016-03-31,20.5,14.0,63,19.5,0.0,3,22.0,15.0,67.0,20.3,23.1,16.2,71.0,19.7,23.7,16.0,70.0,18.8,24.5,13.1,70.0,15.6,23.9,16.4,72.0,22.9,24.9,16.4,72.0,15.3,26.4,13.7,71.0,17.1
2016-04-01,22.0,15.0,67,20.3,0.0,4,23.1,16.2,71.0,19.7,23.7,16.0,70.0,18.8,24.5,13.1,70.0,15.6,23.9,16.4,72.0,22.9,24.9,16.4,72.0,15.3,26.4,13.7,71.0,17.1,29.4,18.4,52.0,16.1
2016-04-02,23.1,16.2,71,19.7,0.0,4,23.7,16.0,70.0,18.8,24.5,13.1,70.0,15.6,23.9,16.4,72.0,22.9,24.9,16.4,72.0,15.3,26.4,13.7,71.0,17.1,29.4,18.4,52.0,16.1,36.6,19.2,38.0,25.0
2016-04-03,23.7,16.0,70,18.8,0.0,4,24.5,13.1,70.0,15.6,23.9,16.4,72.0,22.9,24.9,16.4,72.0,15.3,26.4,13.7,71.0,17.1,29.4,18.4,52.0,16.1,36.6,19.2,38.0,25.0,24.2,17.3,70.0,19.1
2016-04-04,24.5,13.1,70,15.6,0.0,4,23.9,16.4,72.0,22.9,24.9,16.4,72.0,15.3,26.4,13.7,71.0,17.1,29.4,18.4,52.0,16.1,36.6,19.2,38.0,25.0,24.2,17.3,70.0,19.1,23.3,13.8,74.0,24.0
2016-04-05,23.9,16.4,72,22.9,0.0,4,24.9,16.4,72.0,15.3,26.4,13.7,71.0,17.1,29.4,18.4,52.0,16.1,36.6,19.2,38.0,25.0,24.2,17.3,70.0,19.1,23.3,13.8,74.0,24.0,21.0,16.0,70.0,23.0
2016-04-06,24.9,16.4,72,15.3,0.0,4,26.4,13.7,71.0,17.1,29.4,18.4,52.0,16.1,36.6,19.2,38.0,25.0,24.2,17.3,70.0,19.1,23.3,13.8,74.0,24.0,21.0,16.0,70.0,23.0,22.1,15.6,72.0,19.2
2016-04-07,26.4,13.7,71,17.1,0.0,4,29.4,18.4,52.0,16.1,36.6,19.2,38.0,25.0,24.2,17.3,70.0,19.1,23.3,13.8,74.0,24.0,21.0,16.0,70.0,23.0,22.1,15.6,72.0,19.2,24.3,15.7,72.0,11.9
2016-04-08,29.4,18.4,52,16.1,0.0,4,36.6,19.2,38.0,25.0,24.2,17.3,70.0,19.1,23.3,13.8,74.0,24.0,21.0,16.0,70.0,23.0,22.1,15.6,72.0,19.2,24.3,15.7,72.0,11.9,26.4,13.7,72.0,14.8
2016-04-09,36.6,19.2,38,25.0,0.7,4,24.2,17.3,70.0,19.1,23.3,13.8,74.0,24.0,21.0,16.0,70.0,23.0,22.1,15.6,72.0,19.2,24.3,15.7,72.0,11.9,26.4,13.7,72.0,14.8,28.7,14.8,63.0,15.7
2016-04-10,24.2,17.3,70,19.1,0.0,4,23.3,13.8,74.0,24.0,21.0,16.0,70.0,23.0,22.1,15.6,72.0,19.2,24.3,15.7,72.0,11.9,26.4,13.7,72.0,14.8,28.7,14.8,63.0,15.7,25.9,17.5,68.0,16.5
2016-04-11,23.3,13.8,74,24.0,0.0,4,21.0,16.0,70.0,23.0,22.1,15.6,72.0,19.2,24.3,15.7,72.0,11.9,26.4,13.7,72.0,14.8,28.7,14.8,63.0,15.7,25.9,17.5,68.0,16.5,24.7,16.4,77.0,17.2
2016-04-12,21.0,16.0,70,23.0,0.2,4,22.1,15.6,72.0,19.2,24.3,15.7,72.0,11.9,26.4,13.7,72.0,14.8,28.7,14.8,63.0,15.7,25.9,17.5,68.0,16.5,24.7,16.4,77.0,17.2,25.4,17.2,73.0,19.2
2016-04-13,22.1,15.6,72,19.2,0.3,4,24.3,15.7,72.0,11.9,26.4,13.7,72.0,14.8,28.7,14.8,63.0,15.7,25.9,17.5,68.0,16.5,24.7,16.4,77.0,17.2,25.4,17.2,73.0,19.2,27.5,18.5,70.0,16.0
2016-04-14,24.3,15.7,72,11.9,0.0,4,26.4,13.7,72.0,14.8,28.7,14.8,63.0,15.7,25.9,17.5,68.0,16.5,24.7,16.4,77.0,17.2,25.4,17.2,73.0,19.2,27.5,18.5,70.0,16.0,28.2,17.5,69.0,17.2
2016-04-15,26.4,13.7,72,14.8,0.0,4,28.7,14.8,63.0,15.7,25.9,17.5,68.0,16.5,24.7,16.4,77.0,17.2,25.4,17.2,73.0,19.2,27.5,18.5,70.0,16.0,28.2,17.5,69.0,17.2,26.6,16.1,71.0,16.2
2016-04-16,28.7,14.8,63,15.7,0.0,4,25.9,17.5,68.0,16.5,24.7,16.4,77.0,17.2,25.4,17.2,73.0,19.2,27.5,18.5,70.0,16.0,28.2,17.5,69.0,17.2,26.6,16.1,71.0,16.2,25.7,18.4,72.0,16.5
2016-04-17,25.9,17.5,68,16.5,0.0,4,24.7,16.4,77.0,17.2,25.4,17.2,73.0,19.2,27.5,18.5,70.0,16.0,28.2,17.5,69.0,17.2,26.6,16.1,71.0,16.2,25.7,18.4,72.0,16.5,28.9,17.6,64.0,18.6
2016-04-18,24.7,16.4,77,17.2,0.0,4,25.4,17.2,73.0,19.2,27.5,18.5,70.0,16.0,28.2,17.5,69.0,17.2,26.6,16.1,71.0,16.2,25.7,18.4,72.0,16.5,28.9,17.6,64.0,18.6,27.6,19.8,64.0,17.5
2016-04-19,25.4,17.2,73,19.2,0.0,4,27.5,18.5,70.0,16.0,28.2,17.5,69.0,17.2,26.6,16.1,71.0,16.2,25.7,18.4,72.0,16.5,28.9,17.6,64.0,18.6,27.6,19.8,64.0,17.5,37.4,19.6,60.0,29.3
2016-04-20,27.5,18.5,70,16.0,0.0,4,28.2,17.5,69.0,17.2,26.6,16.1,71.0,16.2,25.7,18.4,72.0,16.5,28.9,17.6,64.0,18.6,27.6,19.8,64.0,17.5,37.4,19.6,60.0,29.3,23.6,17.6,61.0,20.8
2016-04-21,28.2,17.5,69,17.2,0.0,4,26.6,16.1,71.0,16.2,25.7,18.4,72.0,16.5,28.9,17.6,64.0,18.6,27.6,19.8,64.0,17.5,37.4,19.6,60.0,29.3,23.6,17.6,61.0,20.8,23.4,16.3,62.0,17.1
2016-04-22,26.6,16.1,71,16.2,0.0,4,25.7,18.4,72.0,16.5,28.9,17.6,64.0,18.6,27.6,19.8,64.0,17.5,37.4,19.6,60.0,29.3,23.6,17.6,61.0,20.8,23.4,16.3,62.0,17.1,25.0,15.6,65.0,16.9
2016-04-23,25.7,18.4,72,16.5,0.0,4,28.9,17.6,64.0,18.6,27.6,19.8,64.0,17.5,37.4,19.6,60.0,29.3,23.6,17.6,61.0,20.8,23.4,16.3,62.0,17.1,25.0,15.6,65.0,16.9,27.4,16.6,66.0,13.7
2016-04-24,28.9,17.6,64,18.6,0.0,4,27.6,19.8,64.0,17.5,37.4,19.6,60.0,29.3,23.6,17.6,61.0,20.8,23.4,16.3,62.0,17.1,25.0,15.6,65.0,16.9,27.4,16.6,66.0,13.7,27.8,19.1,62.0,25.2
2016-04-25,27.6,19.8,64,17.5,0.0,4,37.4,19.6,60.0,29.3,23.6,17.6,61.0,20.8,23.4,16.3,62.0,17.1,25.0,15.6,65.0,16.9,27.4,16.6,66.0,13.7,27.8,19.1,62.0,25.2,27.6,16.9,69.0,23.0
2016-04-26,37.4,19.6,60,29.3,0.0,4,23.6,17.6,61.0,20.8,23.4,16.3,62.0,17.1,25.0,15.6,65.0,16.9,27.4,16.6,66.0,13.7,27.8,19.1,62.0,25.2,27.6,16.9,69.0,23.0,27.5,19.1,68.0,24.1
2016-04-27,23.6,17.6,61,20.8,0.0,4,23.4,16.3,62.0,17.1,25.0,15.6,65.0,16.9,27.4,16.6,66.0,13.7,27.8,19.1,62.0,25.2,27.6,16.9,69.0,23.0,27.5,19.1,68.0,24.1,26.1,17.1,59.0,21.8
2016-04-28,23.4,16.3,62,17.1,0.0,4,25.0,15.6,65.0,16.9,27.4,16.6,66.0,13.7,27.8,19.1,62.0,25.2,27.6,16.9,69.0,23.0,27.5,19.1,68.0,24.1,26.1,17.1,59.0,21.8,26.9,15.7,64.0,19.5
2016-04-29,25.0,15.6,65,16.9,0.0,4,27.4,16.6,66.0,13.7,27.8,19.1,62.0,25.2,27.6,16.9,69.0,23.0,27.5,19.1,68.0,24.1,26.1,17.1,59.0,21.8,26.9,15.7,64.0,19.5,23.1,16.4,66.0,20.6
2016-04-30,27.4,16.6,66,13.7,0.0,4,27.8,19.1,62.0,25.2,27.6,16.9,69.0,23.0,27.5,19.1,68.0,24.1,26.1,17.1,59.0,21.8,26.9,15.7,64.0,19.5,23.1,16.4,66.0,20.6,24.3,15.5,63.0,20.5
2016-05-01,27.8,19.1,62,25.2,0.0,5,27.6,16.9,69.0,23.0,27.5,19.1,68.0,24.1,26.1,17.1,59.0,21.8,26.9,15.7,64.0,19.5,23.1,16.4,66.0,20.6,24.3,15.5,63.0,20.5,25.1,16.3,61.0,17.9
2016-05-02,27.6,16.9,69,23.0,0.0,5,27.5,19.1,68.0,24.1,26.1,17.1,59.0,21.8,26.9,15.7,64.0,19.5,23.1,16.4,66.0,20.6,24.3,15.5,63.0,20.5,25.1,16.3,61.0,17.9,25.1,18.7,65.0,19.4
2016-05-03,27.5,19.1,68,24.1,0.0,5,26.1,17.1,59.0,21.8,26.9,15.7,64.0,19.5,23.1,16.4,66.0,20.6,24.3,15.5,63.0,20.5,25.1,16.3,61.0,17.9,25.1,18.7,65.0,19.4,25.5,18.3,66.0,20.2
2016-05-04,26.1,17.1,59,21.8,0.0,5,26.9,15.7,64.0,19.5,23.1,16.4,66.0,20.6,24.3,15.5,63.0,20.5,25.1,16.3,61.0,17.9,25.1,18.7,65.0,19.4,25.5,18.3,66.0,20.2,26.0,17.8,71.0,19.3
2016-05-05,26.9,15.7,64,19.5,0.0,5,23.1,16.4,66.0,20.6,24.3,15.5,63.0,20.5,25.1,16.3,61.0,17.9,25.1,18.7,65.0,19.4,25.5,18.3,66.0,20.2,26.0,17.8,71.0,19.3,27.8,17.1,68.0,16.5
2016-05-06,23.1,16.4,66,20.6,0.0,5,24.3,15.5,63.0,20.5,25.1,16.3,61.0,17.9,25.1,18.7,65.0,19.4,25.5,18.3,66.0,20.2,26.0,17.8,71.0,19.3,27.8,17.1,68.0,16.5,31.9,18.9,56.0,11.5
2016-05-07,24.3,15.5,63,20.5,0.0,5,25.1,16.3,61.0,17.9,25.1,18.7,65.0,19.4,25.5,18.3,66.0,20.2,26.0,17.8,71.0,19.3,27.8,17.1,68.0,16.5,31.9,18.9,56.0,11.5,36.0,25.0,37.0,18.4
2016-05-08,25.1,16.3,61,17.9,0.0,5,25.1,18.7,65.0,19.4,25.5,18.3,66.0,20.2,26.0,17.8,71.0,19.3,27.8,17.1,68.0,16.5,31.9,18.9,56.0,11.5,36.0,25.0,37.0,18.4,34.9,23.8,48.0,25.2
2016-05-09,25.1,18.7,65,19.4,0.2,5,25.5,18.3,66.0,20.2,26.0,17.8,71.0,19.3,27.8,17.1,68.0,16.5,31.9,18.9,56.0,11.5,36.0,25.0,37.0,18.4,34.9,23.8,48.0,25.2,29.0,22.1,66.0,24.0
2016-05-10,25.5,18.3,66,20.2,0.0,5,26.0,17.8,71.0,19.3,27.8,17.1,68.0,16.5,31.9,18.9,56.0,11.5,36.0,25.0,37.0,18.4,34.9,23.8,48.0,25.2,29.0,22.1,66.0,24.0,26.9,20.0,64.0,19.0
2016-05-11,26.0,17.8,71,19.3,0.0,5,27.8,17.1,68.0,16.5,31.9,18.9,56.0,11.5,36.0,25.0,37.0,18.4,34.9,23.8,48.0,25.2,29.0,22.1,66.0,24.0,26.9,20.0,64.0,19.0,25.8,18.6,66.0,20.1
2016-05-12,27.8,17.1,68,16.5,0.0,5,31.9,18.9,56.0,11.5,36.0,25.0,37.0,18.4,34.9,23.8,48.0,25.2,29.0,22.1,66.0,24.0,26.9,20.0,64.0,19.0,25.8,18.6,66.0,20.1,25.4,18.5,62.0,17.0
2016-05-13,31.9,18.9,56,11.5,0.0,5,36.0,25.0,37.0,18.4,34.9,23.8,48.0,25.2,29.0,22.1,66.0,24.0,26.9,20.0,64.0,19.0,25.8,18.6,66.0,20.1,25.4,18.5,62.0,17.0,25.5,17.4,60.0,16.9
2016-05-14,36.0,25.0,37,18.4,0.0,5,34.9,23.8,48.0,25.2,29.0,22.1,66.0,24.0,26.9,20.0,64.0,19.0,25.8,18.6,66.0,20.1,25.4,18.5,62.0,17.0,25.5,17.4,60.0,16.9,26.9,18.2,64.0,16.9
2016-05-15,34.9,23.8,48,25.2,0.0,5,29.0,22.1,66.0,24.0,26.9,20.0,64.0,19.0,25.8,18.6,66.0,20.1,25.4,18.5,62.0,17.0,25.5,17.4,60.0,16.9,26.9,18.2,64.0,16.9,32.9,20.0,60.0,27.2
2016-05-16,29.0,22.1,66,24.0,0.0,5,26.9,20.0,64.0,19.0,25.8,18.6,66.0,20.1,25.4,18.5,62.0,17.0,25.5,17.4,60.0,16.9,26.9,18.2,64.0,16.9,32.9,20.0,60.0,27.2,25.0,19.0,62.0,25.6
2016-05-17,26.9,20.0,64,19.0,0.0,5,25.8,18.6,66.0,20.1,25.4,18.5,62.0,17.0,25.5,17.4,60.0,16.9,26.9,18.2,64.0,16.9,32.9,20.0,60.0,27.2,25.0,19.0,62.0,25.6,25.9,19.7,53.0,23.9
2016-05-18,25.8,18.6,66,20.1,0.0,5,25.4,18.5,62.0,17.0,25.5,17.4,60.0,16.9,26.9,18.2,64.0,16.9,32.9,20.0,60.0,27.2,25.0,19.0,62.0,25.6,25.9,19.7,53.0,23.9,29.4,17.2,54.0,16.0
2016-05-19,25.4,18.5,62,17.0,0.0,5,25.5,17.4,60.0,16.9,26.9,18.2,64.0,16.9,32.9,20.0,60.0,27.2,25.0,19.0,62.0,25.6,25.9,19.7,53.0,23.9,29.4,17.2,54.0,16.0,26.1,19.9,52.0,25.0
2016-05-20,25.5,17.4,60,16.9,0.0,5,26.9,18.2,64.0,16.9,32.9,20.0,60.0,27.2,25.0,19.0,62.0,25.6,25.9,19.7,53.0,23.9,29.4,17.2,54.0,16.0,26.1,19.9,52.0,25.0,26.5,18.6,60.0,27.3
2016-05-21,26.9,18.2,64,16.9,0.0,5,32.9,20.0,60.0,27.2,25.0,19.0,62.0,25.6,25.9,19.7,53.0,23.9,29.4,17.2,54.0,16.0,26.1,19.9,52.0,25.0,26.5,18.6,60.0,27.3,26.3,19.8,59.0,26.7
2016-05-22,32.9,20.0,60,27.2,0.0,5,25.0,19.0,62.0,25.6,25.9,19.7,53.0,23.9,29.4,17.2,54.0,16.0,26.1,19.9,52.0,25.0,26.5,18.6,60.0,27.3,26.3,19.8,59.0,26.7,26.4,19.0,64.0,17.4
2016-05-23,25.0,19.0,62,25.6,0.0,5,25.9,19.7,53.0,23.9,29.4,17.2,54.0,16.0,26.1,19.9,52.0,25.0,26.5,18.6,60.0,27.3,26.3,19.8,59.0,26.7,26.4,19.0,64.0,17.4,27.5,18.1,69.0,17.3
2016-05-24,25.9,19.7,53,23.9,0.0,5,29.4,17.2,54.0,16.0,26.1,19.9,52.0,25.0,26.5,18.6,60.0,27.3,26.3,19.8,59.0,26.7,26.4,19.0,64.0,17.4,27.5,18.1,69.0,17.3,30.5,17.0,64.0,15.5
2016-05-25,29.4,17.2,54,16.0,0.0,5,26.1,19.9,52.0,25.0,26.5,18.6,60.0,27.3,26.3,19.8,59.0,26.7,26.4,19.0,64.0,17.4,27.5,18.1,69.0,17.3,30.5,17.0,64.0,15.5,33.6,20.6,53.0,16.3
2016-05-26,26.1,19.9,52,25.0,0.0,5,26.5,18.6,60.0,27.3,26.3,19.8,59.0,26.7,26.4,19.0,64.0,17.4,27.5,18.1,69.0,17.3,30.5,17.0,64.0,15.5,33.6,20.6,53.0,16.3,32.1,20.9,64.0,15.4
2016-05-27,26.5,18.6,60,27.3,0.0,5,26.3,19.8,59.0,26.7,26.4,19.0,64.0,17.4,27.5,18.1,69.0,17.3,30.5,17.0,64.0,15.5,33.6,20.6,53.0,16.3,32.1,20.9,64.0,15.4,35.4,21.6,56.0,14.3
2016-05-28,26.3,19.8,59,26.7,0.0,5,26.4,19.0,64.0,17.4,27.5,18.1,69.0,17.3,30.5,17.0,64.0,15.5,33.6,20.6,53.0,16.3,32.1,20.9,64.0,15.4,35.4,21.6,56.0,14.3,33.9,22.2,63.0,17.6
2016-05-29,26.4,19.0,64,17.4,0.0,5,27.5,18.1,69.0,17.3,30.5,17.0,64.0,15.5,33.6,20.6,53.0,16.3,32.1,20.9,64.0,15.4,35.4,21.6,56.0,14.3,33.9,22.2,63.0,17.6,30.1,22.3,67.0,18.6
2016-05-30,27.5,18.1,69,17.3,0.0,5,30.5,17.0,64.0,15.5,33.6,20.6,53.0,16.3,32.1,20.9,64.0,15.4,35.4,21.6,56.0,14.3,33.9,22.2,63.0,17.6,30.1,22.3,67.0,18.6,29.8,20.2,65.0,16.2
2016-05-31,30.5,17.0,64,15.5,0.0,5,33.6,20.6,53.0,16.3,32.1,20.9,64.0,15.4,35.4,21.6,56.0,14.3,33.9,22.2,63.0,17.6,30.1,22.3,67.0,18.6,29.8,20.2,65.0,16.2,32.2,20.1,60.0,18.1
2016-06-01,33.6,20.6,53,16.3,0.0,6,32.1,20.9,64.0,15.4,35.4,21.6,56.0,14.3,33.9,22.2,63.0,17.6,30.1,22.3,67.0,18.6,29.8,20.2,65.0,16.2,32.2,20.1,60.0,18.1,29.6,22.7,65.0,19.0
2016-06-02,32.1,20.9,64,15.4,0.0,6,35.4,21.6,56.0,14.3,33.9,22.2,63.0,17.6,30.1,22.3,67.0,18.6,29.8,20.2,65.0,16.2,32.2,20.1,60.0,18.1,29.6,22.7,65.0,19.0,28.1,21.4,63.0,23.1
2016-06-03,35.4,21.6,56,14.3,0.0,6,33.9,22.2,63.0,17.6,30.1,22.3,67.0,18.6,29.8,20.2,65.0,16.2,32.2,20.1,60.0,18.1,29.6,22.7,65.0,19.0,28.1,21.4,63.0,23.1,27.4,19.7,61.0,18.4
2016-06-04,33.9,22.2,63,17.6,0.0,6,30.1,22.3,67.0,18.6,29.8,20.2,65.0,16.2,32.2,20.1,60.0,18.1,29.6,22.7,65.0,19.0,28.1,21.4,63.0,23.1,27.4,19.7,61.0,18.4,28.9,20.1,60.0,17.3
2016-06-05,30.1,22.3,67,18.6,0.0,6,29.8,20.2,65.0,16.2,32.2,20.1,60.0,18.1,29.6,22.7,65.0,19.0,28.1,21.4,63.0,23.1,27.4,19.7,61.0,18.4,28.9,20.1,60.0,17.3,28.3,21.5,65.0,20.5
2016-06-06,29.8,20.2,65,16.2,0.0,6,32.2,20.1,60.0,18.1,29.6,22.7,65.0,19.0,28.1,21.4,63.0,23.1,27.4,19.7,61.0,18.4,28.9,20.1,60.0,17.3,28.3,21.5,65.0,20.5,28.6,21.9,68.0,20.0
2016-06-07,32.2,20.1,60,18.1,0.0,6,29.6,22.7,65.0,19.0,28.1,21.4,63.0,23.1,27.4,19.7,61.0,18.4,28.9,20.1,60.0,17.3,28.3,21.5,65.0,20.5,28.6,21.9,68.0,20.0,31.7,21.1,69.0,15.6
2016-06-08,29.6,22.7,65,19.0,0.0,6,28.1,21.4,63.0,23.1,27.4,19.7,61.0,18.4,28.9,20.1,60.0,17.3,28.3,21.5,65.0,20.5,28.6,21.9,68.0,20.0,31.7,21.1,69.0,15.6,29.1,22.7,64.0,21.9
2016-06-09,28.1,21.4,63,23.1,0.0,6,27.4,19.7,61.0,18.4,28.9,20.1,60.0,17.3,28.3,21.5,65.0,20.5,28.6,21.9,68.0,20.0,31.7,21.1,69.0,15.6,29.1,22.7,64.0,21.9,29.0,21.1,67.0,18.9
2016-06-10,27.4,19.7,61,18.4,0.0,6,28.9,20.1,60.0,17.3,28.3,21.5,65.0,20.5,28.6,21.9,68.0,20.0,31.7,21.1,69.0,15.6,29.1,22.7,64.0,21.9,29.0,21.1,67.0,18.9,30.9,21.3,69.0,19.6
2016-06-11,28.9,20.1,60,17.3,0.0,6,28.3,21.5,65.0,20.5,28.6,21.9,68.0,20.0,31.7,21.1,69.0,15.6,29.1,22.7,64.0,21.9,29.0,21.1,67.0,18.9,30.9,21.3,69.0,19.6,31.5,22.3,69.0,16.2
2016-06-12,28.3,21.5,65,20.5,0.0,6,28.6,21.9,68.0,20.0,31.7,21.1,69.0,15.6,29.1,22.7,64.0,21.9,29.0,21.1,67.0,18.9,30.9,21.3,69.0,19.6,31.5,22.3,69.0,16.2,32.5,22.2,66.0,16.2
2016-06-13,28.6,21.9,68,20.0,0.0,6,31.7,21.1,69.0,15.6,29.1,22.7,64.0,21.9,29.0,21.1,67.0,18.9,30.9,21.3,69.0,19.6,31.5,22.3,69.0,16.2,32.5,22.2,66.0,16.2,33.1,23.0,67.0,17.1
2016-06-14,31.7,21.1,69,15.6,0.0,6,29.1,22.7,64.0,21.9,29.0,21.1,67.0,18.9,30.9,21.3,69.0,19.6,31.5,22.3,69.0,16.2,32.5,22.2,66.0,16.2,33.1,23.0,67.0,17.1,33.9,23.3,64.0,20.1
2016-06-15,29.1,22.7,64,21.9,0.0,6,29.0,21.1,67.0,18.9,30.9,21.3,69.0,19.6,31.5,22.3,69.0,16.2,32.5,22.2,66.0,16.2,33.1,23.0,67.0,17.1,33.9,23.3,64.0,20.1,32.8,23.9,72.0,18.9
2016-06-16,29.0,21.1,67,18.9,0.0,6,30.9,21.3,69.0,19.6,31.5,22.3,69.0,16.2,32.5,22.2,66.0,16.2,33.1,23.0,67.0,17.1,33.9,23.3,64.0,20.1,32.8,23.9,72.0,18.9,33.0,23.7,75.0,17.3
2016-06-17,30.9,21.3,69,19.6,0.0,6,31.5,22.3,69.0,16.2,32.5,22.2,66.0,16.2,33.1,23.0,67.0,17.1,33.9,23.3,64.0,20.1,32.8,23.9,72.0,18.9,33.0,23.7,75.0,17.3,32.4,23.9,77.0,18.4
2016-06-18,31.5,22.3,69,16.2,0.0,6,32.5,22.2,66.0,16.2,33.1,23.0,67.0,17.1,33.9,23.3,64.0,20.1,32.8,23.9,72.0,18.9,33.0,23.7,75.0,17.3,32.4,23.9,77.0,18.4,33.2,24.0,76.0,19.4
2016-06-19,32.5,22.2,66,16.2,0.0,6,33.1,23.0,67.0,17.1,33.9,23.3,64.0,20.1,32.8,23.9,72.0,18.9,33.0,23.7,75.0,17.3,32.4,23.9,77.0,18.4,33.2,24.0,76.0,19.4,32.3,24.1,72.0,17.3
2016-06-20,33.1,23.0,67,17.1,0.0,6,33.9,23.3,64.0,20.1,32.8,23.9,72.0,18.9,33.0,23.7,75.0,17.3,32.4,23.9,77.0,18.4,33.2,24.0,76.0,19.4,32.3,24.1,72.0,17.3,29.6,23.9,70.0,21.1
2016-06-21,33.9,23.3,64,20.1,0.0,6,32.8,23.9,72.0,18.9,33.0,23.7,75.0,17.3,32.4,23.9,77.0,18.4,33.2,24.0,76.0,19.4,32.3,24.1,72.0,17.3,29.6,23.9,70.0,21.1,31.3,24.4,65.0,23.2
2016-06-22,32.8,23.9,72,18.9,0.0,6,33.0,23.7,75.0,17.3,32.4,23.9,77.0,18.4,33.2,24.0,76.0,19.4,32.3,24.1,72.0,17.3,29.6,23.9,70.0,21.1,31.3,24.4,65.0,23.2,32.7,23.4,73.0,18.2
2016-06-23,33.0,23.7,75,17.3,0.0,6,32.4,23.9,77.0,18.4,33.2,24.0,76.0,19.4,32.3,24.1,72.0,17.3,29.6,23.9,70.0,21.1,31.3,24.4,65.0,23.2,32.7,23.4,73.0,18.2,31.1,23.2,75.0,18.2
2016-06-24,32.4,23.9,77,18.4,0.0,6,33.2,24.0,76.0,19.4,32.3,24.1,72.0,17.3,29.6,23.9,70.0,21.1,31.3,24.4,65.0,23.2,32.7,23.4,73.0,18.2,31.1,23.2,75.0,18.2,30.2,23.9,72.0,18.5
2016-06-25,33.2,24.0,76,19.4,0.0,6,32.3,24.1,72.0,17.3,29.6,23.9,70.0,21.1,31.3,24.4,65.0,23.2,32.7,23.4,73.0,18.2,31.1,23.2,75.0,18.2,30.2,23.9,72.0,18.5,31.4,23.6,72.0,20.9
2016-06-26,32.3,24.1,72,17.3,0.0,6,29.6,23.9,70.0,21.1,31.3,24.4,65.0,23.2,32.7,23.4,73.0,18.2,31.1,23.2,75.0,18.2,30.2,23.9,72.0,18.5,31.4,23.6,72.0,20.9,32.3,23.5,73.0,20.4
2016-06-27,29.6,23.9,70,21.1,0.0,6,31.3,24.4,65.0,23.2,32.7,23.4,73.0,18.2,31.1,23.2,75.0,18.2,30.2,23.9,72.0,18.5,31.4,23.6,72.0,20.9,32.3,23.5,73.0,20.4,31.9,24.1,69.0,23.0
2016-06-28,31.3,24.4,65,23.2,0.0,6,32.7,23.4,73.0,18.2,31.1,23.2,75.0,18.2,30.2,23.9,72.0,18.5,31.4,23.6,72.0,20.9,32.3,23.5,73.0,20.4,31.9,24.1,69.0,23.0,32.2,24.0,69.0,15.9
2016-06-29,32.7,23.4,73,18.2,0.0,6,31.1,23.2,75.0,18.2,30.2,23.9,72.0,18.5,31.4,23.6,72.0,20.9,32.3,23.5,73.0,20.4,31.9,24.1,69.0,23.0,32.2,24.0,69.0,15.9,33.5,24.0,73.0,16.0
2016-06-30,31.1,23.2,75,18.2,0.0,6,30.2,23.9,72.0,18.5,31.4,23.6,72.0,20.9,32.3,23.5,73.0,20.4,31.9,24.1,69.0,23.0,32.2,24.0,69.0,15.9,33.5,24.0,73.0,16.0,32.5,24.2,71.0,20.8
2016-07-01,30.2,23.9,72,18.5,0.0,7,31.4,23.6,72.0,20.9,32.3,23.5,73.0,20.4,31.9,24.1,69.0,23.0,32.2,24.0,69.0,15.9,33.5,24.0,73.0,16.0,32.5,24.2,71.0,20.8,31.9,23.5,64.0,16.9
2016-07-02,31.4,23.6,72,20.9,0.0,7,32.3,23.5,73.0,20.4,31.9,24.1,69.0,23.0,32.2,24.0,69.0,15.9,33.5,24.0,73.0,16.0,32.5,24.2,71.0,20.8,31.9,23.5,64.0,16.9,31.5,23.2,72.0,16.2
2016-07-03,32.3,23.5,73,20.4,0.0,7,31.9,24.1,69.0,23.0,32.2,24.0,69.0,15.9,33.5,24.0,73.0,16.0,32.5,24.2,71.0,20.8,31.9,23.5,64.0,16.9,31.5,23.2,72.0,16.2,32.1,24.4,72.0,18.3
2016-07-04,31.9,24.1,69,23.0,0.0,7,32.2,24.0,69.0,15.9,33.5,24.0,73.0,16.0,32.5,24.2,71.0,20.8,31.9,23.5,64.0,16.9,31.5,23.2,72.0,16.2,32.1,24.4,72.0,18.3,32.0,23.1,69.0,16.9
2016-07-05,32.2,24.0,69,15.9,0.0,7,33.5,24.0,73.0,16.0,32.5,24.2,71.0,20.8,31.9,23.5,64.0,16.9,31.5,23.2,72.0,16.2,32.1,24.4,72.0,18.3,32.0,23.1,69.0,16.9,32.2,21.1,70.0,16.1
2016-07-06,33.5,24.0,73,16.0,0.0,7,32.5,24.2,71.0,20.8,31.9,23.5,64.0,16.9,31.5,23.2,72.0,16.2,32.1,24.4,72.0,18.3,32.0,23.1,69.0,16.9,32.2,21.1,70.0,16.1,32.7,21.6,73.0,16.7
2016-07-07,32.5,24.2,71,20.8,0.0,7,31.9,23.5,64.0,16.9,31.5,23.2,72.0,16.2,32.1,24.4,72.0,18.3,32.0,23.1,69.0,16.9,32.2,21.1,70.0,16.1,32.7,21.6,73.0,16.7,32.7,23.9,70.0,16.9
2016-07-08,31.9,23.5,64,16.9,0.0,7,31.5,23.2,72.0,16.2,32.1,24.4,72.0,18.3,32.0,23.1,69.0,16.9,32.2,21.1,70.0,16.1,32.7,21.6,73.0,16.7,32.7,23.9,70.0,16.9,32.3,21.7,68.0,15.5
2016-07-09,31.5,23.2,72,16.2,0.0,7,32.1,24.4,72.0,18.3,32.0,23.1,69.0,16.9,32.2,21.1,70.0,16.1,32.7,21.6,73.0,16.7,32.7,23.9,70.0,16.9,32.3,21.7,68.0,15.5,32.1,22.0,72.0,16.2
2016-07-10,32.1,24.4,72,18.3,0.0,7,32.0,23.1,69.0,16.9,32.2,21.1,70.0,16.1,32.7,21.6,73.0,16.7,32.7,23.9,70.0,16.9,32.3,21.7,68.0,15.5,32.1,22.0,72.0,16.2,31.8,24.3,71.0,23.5
2016-07-11,32.0,23.1,69,16.9,0.0,7,32.2,21.1,70.0,16.1,32.7,21.6,73.0,16.7,32.7,23.9,70.0,16.9,32.3,21.7,68.0,15.5,32.1,22.0,72.0,16.2,31.8,24.3,71.0,23.5,30.8,24.1,61.0,19.4
2016-07-12,32.2,21.1,70,16.1,0.0,7,32.7,21.6,73.0,16.7,32.7,23.9,70.0,16.9,32.3,21.7,68.0,15.5,32.1,22.0,72.0,16.2,31.8,24.3,71.0,23.5,30.8,24.1,61.0,19.4,31.4,22.9,63.0,17.4
2016-07-13,32.7,21.6,73,16.7,0.0,7,32.7,23.9,70.0,16.9,32.3,21.7,68.0,15.5,32.1,22.0,72.0,16.2,31.8,24.3,71.0,23.5,30.8,24.1,61.0,19.4,31.4,22.9,63.0,17.4,32.2,23.6,64.0,18.4
2016-07-14,32.7,23.9,70,16.9,0.0,7,32.3,21.7,68.0,15.5,32.1,22.0,72.0,16.2,31.8,24.3,71.0,23.5,30.8,24.1,61.0,19.4,31.4,22.9,63.0,17.4,32.2,23.6,64.0,18.4,32.8,22.1,65.0,19.4
2016-07-15,32.3,21.7,68,15.5,0.0,7,32.1,22.0,72.0,16.2,31.8,24.3,71.0,23.5,30.8,24.1,61.0,19.4,31.4,22.9,63.0,17.4,32.2,23.6,64.0,18.4,32.8,22.1,65.0,19.4,30.6,23.3,69.0,17.5
2016-07-16,32.1,22.0,72,16.2,0.0,7,31.8,24.3,71.0,23.5,30.8,24.1,61.0,19.4,31.4,22.9,63.0,17.4,32.2,23.6,64.0,18.4,32.8,22.1,65.0,19.4,30.6,23.3,69.0,17.5,31.0,23.0,68.0,19.5
2016-07-17,31.8,24.3,71,23.5,0.0,7,30.8,24.1,61.0,19.4,31.4,22.9,63.0,17.4,32.2,23.6,64.0,18.4,32.8,22.1,65.0,19.4,30.6,23.3,69.0,17.5,31.0,23.0,68.0,19.5,32.3,23.8,67.0,22.5
2016-07-18,30.8,24.1,61,19.4,0.0,7,31.4,22.9,63.0,17.4,32.2,23.6,64.0,18.4,32.8,22.1,65.0,19.4,30.6,23.3,69.0,17.5,31.0,23.0,68.0,19.5,32.3,23.8,67.0,22.5,33.4,24.0,69.0,19.6
2016-07-19,31.4,22.9,63,17.4,0.0,7,32.2,23.6,64.0,18.4,32.8,22.1,65.0,19.4,30.6,23.3,69.0,17.5,31.0,23.0,68.0,19.5,32.3,23.8,67.0,22.5,33.4,24.0,69.0,19.6,33.1,23.4,71.0,17.3
2016-07-20,32.2,23.6,64,18.4,0.0,7,32.8,22.1,65.0,19.4,30.6,23.3,69.0,17.5,31.0,23.0,68.0,19.5,32.3,23.8,67.0,22.5,33.4,24.0,69.0,19.6,33.1,23.4,71.0,17.3,31.3,24.5,73.0,18.2
2016-07-21,32.8,22.1,65,19.4,0.0,7,30.6,23.3,69.0,17.5,31.0,23.0,68.0,19.5,32.3,23.8,67.0,22.5,33.4,24.0,69.0,19.6,33.1,23.4,71.0,17.3,31.3,24.5,73.0,18.2,31.1,24.7,69.0,17.4
2016-07-22,30.6,23.3,69,17.5,0.0,7,31.0,23.0,68.0,19.5,32.3,23.8,67.0,22.5,33.4,24.0,69.0,19.6,33.1,23.4,71.0,17.3,31.3,24.5,73.0,18.2,31.1,24.7,69.0,17.4,31.4,24.0,72.0,17.6
2016-07-23,31.0,23.0,68,19.5,0.0,7,32.3,23.8,67.0,22.5,33.4,24.0,69.0,19.6,33.1,23.4,71.0,17.3,31.3,24.5,73.0,18.2,31.1,24.7,69.0,17.4,31.4,24.0,72.0,17.6,31.7,23.7,72.0,17.7
2016-07-24,32.3,23.8,67,22.5,0.0,7,33.4,24.0,69.0,19.6,33.1,23.4,71.0,17.3,31.3,24.5,73.0,18.2,31.1,24.7,69.0,17.4,31.4,24.0,72.0,17.6,31.7,23.7,72.0,17.7,32.5,23.8,72.0,13.8
2016-07-25,33.4,24.0,69,19.6,0.0,7,33.1,23.4,71.0,17.3,31.3,24.5,73.0,18.2,31.1,24.7,69.0,17.4,31.4,24.0,72.0,17.6,31.7,23.7,72.0,17.7,32.5,23.8,72.0,13.8,32.6,22.6,74.0,15.8
2016-07-26,33.1,23.4,71,17.3,0.0,7,31.3,24.5,73.0,18.2,31.1,24.7,69.0,17.4,31.4,24.0,72.0,17.6,31.7,23.7,72.0,17.7,32.5,23.8,72.0,13.8,32.6,22.6,74.0,15.8,33.5,23.1,70.0,16.0
2016-07-27,31.3,24.5,73,18.2,0.0,7,31.1,24.7,69.0,17.4,31.4,24.0,72.0,17.6,31.7,23.7,72.0,17.7,32.5,23.8,72.0,13.8,32.6,22.6,74.0,15.8,33.5,23.1,70.0,16.0,32.8,22.7,68.0,17.2
2016-07-28,31.1,24.7,69,17.4,0.0,7,31.4,24.0,72.0,17.6,31.7,23.7,72.0,17.7,32.5,23.8,72.0,13.8,32.6,22.6,74.0,15.8,33.5,23.1,70.0,16.0,32.8,22.7,68.0,17.2,33.7,24.0,71.0,17.8
2016-07-29,31.4,24.0,72,17.6,0.0,7,31.7,23.7,72.0,17.7,32.5,23.8,72.0,13.8,32.6,22.6,74.0,15.8,33.5,23.1,70.0,16.0,32.8,22.7,68.0,17.2,33.7,24.0,71.0,17.8,33.0,24.4,70.0,18.3
2016-07-30,31.7,23.7,72,17.7,0.0,7,32.5,23.8,72.0,13.8,32.6,22.6,74.0,15.8,33.5,23.1,70.0,16.0,32.8,22.7,68.0,17.2,33.7,24.0,71.0,17.8,33.0,24.4,70.0,18.3,33.1,22.1,72.0,16.5
2016-07-31,32.5,23.8,72,13.8,0.0,7,32.6,22.6,74.0,15.8,33.5,23.1,70.0,16.0,32.8,22.7,68.0,17.2,33.7,24.0,71.0,17.8,33.0,24.4,70.0,18.3,33.1,22.1,72.0,16.5,32.3,24.7,70.0,20.6
2016-08-01,32.6,22.6,74,15.8,0.0,8,33.5,23.1,70.0,16.0,32.8,22.7,68.0,17.2,33.7,24.0,71.0,17.8,33.0,24.4,70.0,18.3,33.1,22.1,72.0,16.5,32.3,24.7,70.0,20.6,32.3,24.1,71.0,20.7
2016-08-02,33.5,23.1,70,16.0,0.0,8,32.8,22.7,68.0,17.2,33.7,24.0,71.0,17.8,33.0,24.4,70.0,18.3,33.1,22.1,72.0,16.5,32.3,24.7,70.0,20.6,32.3,24.1,71.0,20.7,32.4,25.0,71.0,19.5
2016-08-03,32.8,22.7,68,17.2,0.0,8,33.7,24.0,71.0,17.8,33.0,24.4,70.0,18.3,33.1,22.1,72.0,16.5,32.3,24.7,70.0,20.6,32.3,24.1,71.0,20.7,32.4,25.0,71.0,19.5,31.7,23.2,71.0,17.8
2016-08-04,33.7,24.0,71,17.8,0.0,8,33.0,24.4,70.0,18.3,33.1,22.1,72.0,16.5,32.3,24.7,70.0,20.6,32.3,24.1,71.0,20.7,32.4,25.0,71.0,19.5,31.7,23.2,71.0,17.8,31.5,24.6,68.0,17.0
2016-08-05,33.0,24.4,70,18.3,0.0,8,33.1,22.1,72.0,16.5,32.3,24.7,70.0,20.6,32.3,24.1,71.0,20.7,32.4,25.0,71.0,19.5,31.7,23.2,71.0,17.8,31.5,24.6,68.0,17.0,31.8,23.8,71.0,16.2
2016-08-06,33.1,22.1,72,16.5,0.0,8,32.3,24.7,70.0,20.6,32.3,24.1,71.0,20.7,32.4,25.0,71.0,19.5,31.7,23.2,71.0,17.8,31.5,24.6,68.0,17.0,31.8,23.8,71.0,16.2,33.1,23.7,73.0,18.5
2016-08-07,32.3,24.7,70,20.6,0.0,8,32.3,24.1,71.0,20.7,32.4,25.0,71.0,19.5,31.7,23.2,71.0,17.8,31.5,24.6,68.0,17.0,31.8,23.8,71.0,16.2,33.1,23.7,73.0,18.5,32.2,25.0,76.0,20.5
2016-08-08,32.3,24.1,71,20.7,0.0,8,32.4,25.0,71.0,19.5,31.7,23.2,71.0,17.8,31.5,24.6,68.0,17.0,31.8,23.8,71.0,16.2,33.1,23.7,73.0,18.5,32.2,25.0,76.0,20.5,31.2,24.8,69.0,19.2
2016-08-09,32.4,25.0,71,19.5,0.0,8,31.7,23.2,71.0,17.8,31.5,24.6,68.0,17.0,31.8,23.8,71.0,16.2,33.1,23.7,73.0,18.5,32.2,25.0,76.0,20.5,31.2,24.8,69.0,19.2,31.0,23.1,64.0,19.8
2016-08-10,31.7,23.2,71,17.8,0.0,8,31.5,24.6,68.0,17.0,31.8,23.8,71.0,16.2,33.1,23.7,73.0,18.5,32.2,25.0,76.0,20.5,31.2,24.8,69.0,19.2,31.0,23.1,64.0,19.8,31.7,24.0,65.0,20.7
2016-08-11,31.5,24.6,68,17.0,0.0,8,31.8,23.8,71.0,16.2,33.1,23.7,73.0,18.5,32.2,25.0,76.0,20.5,31.2,24.8,69.0,19.2,31.0,23.1,64.0,19.8,31.7,24.0,65.0,20.7,32.4,23.9,65.0,19.9
2016-08-12,31.8,23.8,71,16.2,0.0,8,33.1,23.7,73.0,18.5,32.2,25.0,76.0,20.5,31.2,24.8,69.0,19.2,31.0,23.1,64.0,19.8,31.7,24.0,65.0,20.7,32.4,23.9,65.0,19.9,32.3,21.9,67.0,16.6
2016-08-13,33.1,23.7,73,18.5,0.0,8,32.2,25.0,76.0,20.5,31.2,24.8,69.0,19.2,31.0,23.1,64.0,19.8,31.7,24.0,65.0,20.7,32.4,23.9,65.0,19.9,32.3,21.9,67.0,16.6,31.7,21.9,68.0,14.8
2016-08-14,32.2,25.0,76,20.5,0.0,8,31.2,24.8,69.0,19.2,31.0,23.1,64.0,19.8,31.7,24.0,65.0,20.7,32.4,23.9,65.0,19.9,32.3,21.9,67.0,16.6,31.7,21.9,68.0,14.8,31.7,21.2,71.0,17.6
2016-08-15,31.2,24.8,69,19.2,0.0,8,31.0,23.1,64.0,19.8,31.7,24.0,65.0,20.7,32.4,23.9,65.0,19.9,32.3,21.9,67.0,16.6,31.7,21.9,68.0,14.8,31.7,21.2,71.0,17.6,32.0,22.9,73.0,16.9
2016-08-16,31.0,23.1,64,19.8,0.0,8,31.7,24.0,65.0,20.7,32.4,23.9,65.0,19.9,32.3,21.9,67.0,16.6,31.7,21.9,68.0,14.8,31.7,21.2,71.0,17.6,32.0,22.9,73.0,16.9,31.8,23.9,73.0,17.8
2016-08-17,31.7,24.0,65,20.7,0.0,8,32.4,23.9,65.0,19.9,32.3,21.9,67.0,16.6,31.7,21.9,68.0,14.8,31.7,21.2,71.0,17.6,32.0,22.9,73.0,16.9,31.8,23.9,73.0,17.8,31.9,23.6,73.0,18.9
2016-08-18,32.4,23.9,65,19.9,0.0,8,32.3,21.9,67.0,16.6,31.7,21.9,68.0,14.8,31.7,21.2,71.0,17.6,32.0,22.9,73.0,16.9,31.8,23.9,73.0,17.8,31.9,23.6,73.0,18.9,31.9,23.9,72.0,17.5
2016-08-19,32.3,21.9,67,16.6,0.0,8,31.7,21.9,68.0,14.8,31.7,21.2,71.0,17.6,32.0,22.9,73.0,16.9,31.8,23.9,73.0,17.8,31.9,23.6,73.0,18.9,31.9,23.9,72.0,17.5,32.1,22.6,73.0,16.6
2016-08-20,31.7,21.9,68,14.8,0.0,8,31.7,21.2,71.0,17.6,32.0,22.9,73.0,16.9,31.8,23.9,73.0,17.8,31.9,23.6,73.0,18.9,31.9,23.9,72.0,17.5,32.1,22.6,73.0,16.6,31.9,23.5,73.0,17.9
2016-08-21,31.7,21.2,71,17.6,0.0,8,32.0,22.9,73.0,16.9,31.8,23.9,73.0,17.8,31.9,23.6,73.0,18.9,31.9,23.9,72.0,17.5,32.1,22.6,73.0,16.6,31.9,23.5,73.0,17.9,30.9,24.2,71.0,18.2
2016-08-22,32.0,22.9,73,16.9,0.0,8,31.8,23.9,73.0,17.8,31.9,23.6,73.0,18.9,31.9,23.9,72.0,17.5,32.1,22.6,73.0,16.6,31.9,23.5,73.0,17.9,30.9,24.2,71.0,18.2,30.2,24.3,67.0,19.0
2016-08-23,31.8,23.9,73,17.8,0.0,8,31.9,23.6,73.0,18.9,31.9,23.9,72.0,17.5,32.1,22.6,73.0,16.6,31.9,23.5,73.0,17.9,30.9,24.2,71.0,18.2,30.2,24.3,67.0,19.0,30.5,24.2,61.0,17.9
2016-08-24,31.9,23.6,73,18.9,0.0,8,31.9,23.9,72.0,17.5,32.1,22.6,73.0,16.6,31.9,23.5,73.0,17.9,30.9,24.2,71.0,18.2,30.2,24.3,67.0,19.0,30.5,24.2,61.0,17.9,31.0,24.0,61.0,16.4
2016-08-25,31.9,23.9,72,17.5,0.0,8,32.1,22.6,73.0,16.6,31.9,23.5,73.0,17.9,30.9,24.2,71.0,18.2,30.2,24.3,67.0,19.0,30.5,24.2,61.0,17.9,31.0,24.0,61.0,16.4,31.7,23.8,66.0,16.2
2016-08-26,32.1,22.6,73,16.6,0.0,8,31.9,23.5,73.0,17.9,30.9,24.2,71.0,18.2,30.2,24.3,67.0,19.0,30.5,24.2,61.0,17.9,31.0,24.0,61.0,16.4,31.7,23.8,66.0,16.2,32.8,25.2,70.0,20.0
2016-08-27,31.9,23.5,73,17.9,0.0,8,30.9,24.2,71.0,18.2,30.2,24.3,67.0,19.0,30.5,24.2,61.0,17.9,31.0,24.0,61.0,16.4,31.7,23.8,66.0,16.2,32.8,25.2,70.0,20.0,31.6,23.7,64.0,19.2
2016-08-28,30.9,24.2,71,18.2,0.0,8,30.2,24.3,67.0,19.0,30.5,24.2,61.0,17.9,31.0,24.0,61.0,16.4,31.7,23.8,66.0,16.2,32.8,25.2,70.0,20.0,31.6,23.7,64.0,19.2,32.0,23.1,64.0,18.0
2016-08-29,30.2,24.3,67,19.0,0.0,8,30.5,24.2,61.0,17.9,31.0,24.0,61.0,16.4,31.7,23.8,66.0,16.2,32.8,25.2,70.0,20.0,31.6,23.7,64.0,19.2,32.0,23.1,64.0,18.0,31.8,22.2,66.0,19.6
2016-08-30,30.5,24.2,61,17.9,0.0,8,31.0,24.0,61.0,16.4,31.7,23.8,66.0,16.2,32.8,25.2,70.0,20.0,31.6,23.7,64.0,19.2,32.0,23.1,64.0,18.0,31.8,22.2,66.0,19.6,30.2,22.2,66.0,16.8
2016-08-31,31.0,24.0,61,16.4,0.0,8,31.7,23.8,66.0,16.2,32.8,25.2,70.0,20.0,31.6,23.7,64.0,19.2,32.0,23.1,64.0,18.0,31.8,22.2,66.0,19.6,30.2,22.2,66.0,16.8,29.8,22.2,64.0,17.7
2016-09-01,31.7,23.8,66,16.2,0.0,9,32.8,25.2,70.0,20.0,31.6,23.7,64.0,19.2,32.0,23.1,64.0,18.0,31.8,22.2,66.0,19.6,30.2,22.2,66.0,16.8,29.8,22.2,64.0,17.7,30.2,22.1,67.0,17.1
2016-09-02,32.8,25.2,70,20.0,0.0,9,31.6,23.7,64.0,19.2,32.0,23.1,64.0,18.0,31.8,22.2,66.0,19.6,30.2,22.2,66.0,16.8,29.8,22.2,64.0,17.7,30.2,22.1,67.0,17.1,33.1,20.7,71.0,14.8
2016-09-03,31.6,23.7,64,19.2,0.0,9,32.0,23.1,64.0,18.0,31.8,22.2,66.0,19.6,30.2,22.2,66.0,16.8,29.8,22.2,64.0,17.7,30.2,22.1,67.0,17.1,33.1,20.7,71.0,14.8,34.1,21.2,70.0,17.4
2016-09-04,32.0,23.1,64,18.0,0.0,9,31.8,22.2,66.0,19.6,30.2,22.2,66.0,16.8,29.8,22.2,64.0,17.7,30.2,22.1,67.0,17.1,33.1,20.7,71.0,14.8,34.1,21.2,70.0,17.4,31.7,21.8,73.0,18.0
2016-09-05,31.8,22.2,66,19.6,0.0,9,30.2,22.2,66.0,16.8,29.8,22.2,64.0,17.7,30.2,22.1,67.0,17.1,33.1,20.7,71.0,14.8,34.1,21.2,70.0,17.4,31.7,21.8,73.0,18.0,29.9,24.4,72.0,17.7
2016-09-06,30.2,22.2,66,16.8,0.0,9,29.8,22.2,64.0,17.7,30.2,22.1,67.0,17.1,33.1,20.7,71.0,14.8,34.1,21.2,70.0,17.4,31.7,21.8,73.0,18.0,29.9,24.4,72.0,17.7,30.2,23.9,65.0,18.8
2016-09-07,29.8,22.2,64,17.7,0.0,9,30.2,22.1,67.0,17.1,33.1,20.7,71.0,14.8,34.1,21.2,70.0,17.4,31.7,21.8,73.0,18.0,29.9,24.4,72.0,17.7,30.2,23.9,65.0,18.8,30.6,22.4,69.0,16.3
2016-09-08,30.2,22.1,67,17.1,0.0,9,33.1,20.7,71.0,14.8,34.1,21.2,70.0,17.4,31.7,21.8,73.0,18.0,29.9,24.4,72.0,17.7,30.2,23.9,65.0,18.8,30.6,22.4,69.0,16.3,30.1,23.6,72.0,18.4
2016-09-09,33.1,20.7,71,14.8,0.0,9,34.1,21.2,70.0,17.4,31.7,21.8,73.0,18.0,29.9,24.4,72.0,17.7,30.2,23.9,65.0,18.8,30.6,22.4,69.0,16.3,30.1,23.6,72.0,18.4,30.5,23.6,66.0,16.1
2016-09-10,34.1,21.2,70,17.4,0.0,9,31.7,21.8,73.0,18.0,29.9,24.4,72.0,17.7,30.2,23.9,65.0,18.8,30.6,22.4,69.0,16.3,30.1,23.6,72.0,18.4,30.5,23.6,66.0,16.1,30.3,22.7,69.0,14.9
2016-09-11,31.7,21.8,73,18.0,0.0,9,29.9,24.4,72.0,17.7,30.2,23.9,65.0,18.8,30.6,22.4,69.0,16.3,30.1,23.6,72.0,18.4,30.5,23.6,66.0,16.1,30.3,22.7,69.0,14.9,31.2,22.7,67.0,14.8
2016-09-12,29.9,24.4,72,17.7,0.0,9,30.2,23.9,65.0,18.8,30.6,22.4,69.0,16.3,30.1,23.6,72.0,18.4,30.5,23.6,66.0,16.1,30.3,22.7,69.0,14.9,31.2,22.7,67.0,14.8,31.5,20.2,68.0,14.8
2016-09-13,30.2,23.9,65,18.8,0.0,9,30.6,22.4,69.0,16.3,30.1,23.6,72.0,18.4,30.5,23.6,66.0,16.1,30.3,22.7,69.0,14.9,31.2,22.7,67.0,14.8,31.5,20.2,68.0,14.8,33.1,21.9,72.0,16.0
2016-09-14,30.6,22.4,69,16.3,0.0,9,30.1,23.6,72.0,18.4,30.5,23.6,66.0,16.1,30.3,22.7,69.0,14.9,31.2,22.7,67.0,14.8,31.5,20.2,68.0,14.8,33.1,21.9,72.0,16.0,35.2,23.6,72.0,16.7
2016-09-15,30.1,23.6,72,18.4,0.0,9,30.5,23.6,66.0,16.1,30.3,22.7,69.0,14.9,31.2,22.7,67.0,14.8,31.5,20.2,68.0,14.8,33.1,21.9,72.0,16.0,35.2,23.6,72.0,16.7,30.6,24.4,67.0,19.3
2016-09-16,30.5,23.6,66,16.1,0.0,9,30.3,22.7,69.0,14.9,31.2,22.7,67.0,14.8,31.5,20.2,68.0,14.8,33.1,21.9,72.0,16.0,35.2,23.6,72.0,16.7,30.6,24.4,67.0,19.3,29.4,23.5,64.0,21.9
2016-09-17,30.3,22.7,69,14.9,0.0,9,31.2,22.7,67.0,14.8,31.5,20.2,68.0,14.8,33.1,21.9,72.0,16.0,35.2,23.6,72.0,16.7,30.6,24.4,67.0,19.3,29.4,23.5,64.0,21.9,28.7,23.3,56.0,17.6
2016-09-18,31.2,22.7,67,14.8,0.0,9,31.5,20.2,68.0,14.8,33.1,21.9,72.0,16.0,35.2,23.6,72.0,16.7,30.6,24.4,67.0,19.3,29.4,23.5,64.0,21.9,28.7,23.3,56.0,17.6,28.3,23.3,50.0,18.8
2016-09-19,31.5,20.2,68,14.8,0.0,9,33.1,21.9,72.0,16.0,35.2,23.6,72.0,16.7,30.6,24.4,67.0,19.3,29.4,23.5,64.0,21.9,28.7,23.3,56.0,17.6,28.3,23.3,50.0,18.8,28.3,21.9,54.0,18.2
2016-09-20,33.1,21.9,72,16.0,0.0,9,35.2,23.6,72.0,16.7,30.6,24.4,67.0,19.3,29.4,23.5,64.0,21.9,28.7,23.3,56.0,17.6,28.3,23.3,50.0,18.8,28.3,21.9,54.0,18.2,27.7,21.1,56.0,19.5
2016-09-21,35.2,23.6,72,16.7,0.0,9,30.6,24.4,67.0,19.3,29.4,23.5,64.0,21.9,28.7,23.3,56.0,17.6,28.3,23.3,50.0,18.8,28.3,21.9,54.0,18.2,27.7,21.1,56.0,19.5,28.5,22.2,59.0,17.3
2016-09-22,30.6,24.4,67,19.3,0.0,9,29.4,23.5,64.0,21.9,28.7,23.3,56.0,17.6,28.3,23.3,50.0,18.8,28.3,21.9,54.0,18.2,27.7,21.1,56.0,19.5,28.5,22.2,59.0,17.3,29.0,22.2,64.0,18.5
2016-09-23,29.4,23.5,64,21.9,0.0,9,28.7,23.3,56.0,17.6,28.3,23.3,50.0,18.8,28.3,21.9,54.0,18.2,27.7,21.1,56.0,19.5,28.5,22.2,59.0,17.3,29.0,22.2,64.0,18.5,29.3,22.5,61.0,18.5
2016-09-24,28.7,23.3,56,17.6,0.0,9,28.3,23.3,50.0,18.8,28.3,21.9,54.0,18.2,27.7,21.1,56.0,19.5,28.5,22.2,59.0,17.3,29.0,22.2,64.0,18.5,29.3,22.5,61.0,18.5,29.5,22.1,66.0,18.9
2016-09-25,28.3,23.3,50,18.8,0.0,9,28.3,21.9,54.0,18.2,27.7,21.1,56.0,19.5,28.5,22.2,59.0,17.3,29.0,22.2,64.0,18.5,29.3,22.5,61.0,18.5,29.5,22.1,66.0,18.9,30.3,24.0,66.0,19.7
2016-09-26,28.3,21.9,54,18.2,0.0,9,27.7,21.1,56.0,19.5,28.5,22.2,59.0,17.3,29.0,22.2,64.0,18.5,29.3,22.5,61.0,18.5,29.5,22.1,66.0,18.9,30.3,24.0,66.0,19.7,30.5,23.9,68.0,18.8
2016-09-27,27.7,21.1,56,19.5,0.0,9,28.5,22.2,59.0,17.3,29.0,22.2,64.0,18.5,29.3,22.5,61.0,18.5,29.5,22.1,66.0,18.9,30.3,24.0,66.0,19.7,30.5,23.9,68.0,18.8,29.9,21.7,69.0,15.8
2016-09-28,28.5,22.2,59,17.3,0.0,9,29.0,22.2,64.0,18.5,29.3,22.5,61.0,18.5,29.5,22.1,66.0,18.9,30.3,24.0,66.0,19.7,30.5,23.9,68.0,18.8,29.9,21.7,69.0,15.8,29.5,22.1,72.0,16.1
2016-09-29,29.0,22.2,64,18.5,0.0,9,29.3,22.5,61.0,18.5,29.5,22.1,66.0,18.9,30.3,24.0,66.0,19.7,30.5,23.9,68.0,18.8,29.9,21.7,69.0,15.8,29.5,22.1,72.0,16.1,28.6,20.8,69.0,15.7
2016-09-30,29.3,22.5,61,18.5,0.0,9,29.5,22.1,66.0,18.9,30.3,24.0,66.0,19.7,30.5,23.9,68.0,18.8,29.9,21.7,69.0,15.8,29.5,22.1,72.0,16.1,28.6,20.8,69.0,15.7,27.5,21.5,65.0,18.4
2016-10-01,29.5,22.1,66,18.9,0.0,10,30.3,24.0,66.0,19.7,30.5,23.9,68.0,18.8,29.9,21.7,69.0,15.8,29.5,22.1,72.0,16.1,28.6,20.8,69.0,15.7,27.5,21.5,65.0,18.4,28.5,20.7,66.0,15.7
2016-10-02,30.3,24.0,66,19.7,0.0,10,30.5,23.9,68.0,18.8,29.9,21.7,69.0,15.8,29.5,22.1,72.0,16.1,28.6,20.8,69.0,15.7,27.5,21.5,65.0,18.4,28.5,20.7,66.0,15.7,31.1,19.6,70.0,14.8
2016-10-03,30.5,23.9,68,18.8,0.0,10,29.9,21.7,69.0,15.8,29.5,22.1,72.0,16.1,28.6,20.8,69.0,15.7,27.5,21.5,65.0,18.4,28.5,20.7,66.0,15.7,31.1,19.6,70.0,14.8,28.2,21.4,68.0,15.5
2016-10-04,29.9,21.7,69,15.8,0.0,10,29.5,22.1,72.0,16.1,28.6,20.8,69.0,15.7,27.5,21.5,65.0,18.4,28.5,20.7,66.0,15.7,31.1,19.6,70.0,14.8,28.2,21.4,68.0,15.5,29.1,20.5,67.0,14.4
2016-10-05,29.5,22.1,72,16.1,0.0,10,28.6,20.8,69.0,15.7,27.5,21.5,65.0,18.4,28.5,20.7,66.0,15.7,31.1,19.6,70.0,14.8,28.2,21.4,68.0,15.5,29.1,20.5,67.0,14.4,30.2,20.2,74.0,16.9
2016-10-06,28.6,20.8,69,15.7,0.0,10,27.5,21.5,65.0,18.4,28.5,20.7,66.0,15.7,31.1,19.6,70.0,14.8,28.2,21.4,68.0,15.5,29.1,20.5,67.0,14.4,30.2,20.2,74.0,16.9,30.1,21.5,73.0,18.7
2016-10-07,27.5,21.5,65,18.4,0.0,10,28.5,20.7,66.0,15.7,31.1,19.6,70.0,14.8,28.2,21.4,68.0,15.5,29.1,20.5,67.0,14.4,30.2,20.2,74.0,16.9,30.1,21.5,73.0,18.7,28.8,22.9,75.0,19.5
2016-10-08,28.5,20.7,66,15.7,0.0,10,31.1,19.6,70.0,14.8,28.2,21.4,68.0,15.5,29.1,20.5,67.0,14.4,30.2,20.2,74.0,16.9,30.1,21.5,73.0,18.7,28.8,22.9,75.0,19.5,27.9,21.1,70.0,15.5
2016-10-09,31.1,19.6,70,14.8,0.0,10,28.2,21.4,68.0,15.5,29.1,20.5,67.0,14.4,30.2,20.2,74.0,16.9,30.1,21.5,73.0,18.7,28.8,22.9,75.0,19.5,27.9,21.1,70.0,15.5,27.6,18.7,74.0,16.5
2016-10-10,28.2,21.4,68,15.5,0.0,10,29.1,20.5,67.0,14.4,30.2,20.2,74.0,16.9,30.1,21.5,73.0,18.7,28.8,22.9,75.0,19.5,27.9,21.1,70.0,15.5,27.6,18.7,74.0,16.5,28.3,22.0,69.0,15.8
2016-10-11,29.1,20.5,67,14.4,0.0,10,30.2,20.2,74.0,16.9,30.1,21.5,73.0,18.7,28.8,22.9,75.0,19.5,27.9,21.1,70.0,15.5,27.6,18.7,74.0,16.5,28.3,22.0,69.0,15.8,27.9,19.8,75.0,17.9
2016-10-12,30.2,20.2,74,16.9,0.0,10,30.1,21.5,73.0,18.7,28.8,22.9,75.0,19.5,27.9,21.1,70.0,15.5,27.6,18.7,74.0,16.5,28.3,22.0,69.0,15.8,27.9,19.8,75.0,17.9,26.5,20.3,68.0,15.5
2016-10-13,30.1,21.5,73,18.7,0.0,10,28.8,22.9,75.0,19.5,27.9,21.1,70.0,15.5,27.6,18.7,74.0,16.5,28.3,22.0,69.0,15.8,27.9,19.8,75.0,17.9,26.5,20.3,68.0,15.5,26.0,20.1,65.0,17.3
2016-10-14,28.8,22.9,75,19.5,0.0,10,27.9,21.1,70.0,15.5,27.6,18.7,74.0,16.5,28.3,22.0,69.0,15.8,27.9,19.8,75.0,17.9,26.5,20.3,68.0,15.5,26.0,20.1,65.0,17.3,26.3,20.4,63.0,15.2
2016-10-15,27.9,21.1,70,15.5,0.0,10,27.6,18.7,74.0,16.5,28.3,22.0,69.0,15.8,27.9,19.8,75.0,17.9,26.5,20.3,68.0,15.5,26.0,20.1,65.0,17.3,26.3,20.4,63.0,15.2,26.5,20.4,63.0,18.9
2016-10-16,27.6,18.7,74,16.5,0.0,10,28.3,22.0,69.0,15.8,27.9,19.8,75.0,17.9,26.5,20.3,68.0,15.5,26.0,20.1,65.0,17.3,26.3,20.4,63.0,15.2,26.5,20.4,63.0,18.9,27.1,22.4,64.0,17.3
2016-10-17,28.3,22.0,69,15.8,0.0,10,27.9,19.8,75.0,17.9,26.5,20.3,68.0,15.5,26.0,20.1,65.0,17.3,26.3,20.4,63.0,15.2,26.5,20.4,63.0,18.9,27.1,22.4,64.0,17.3,27.8,19.7,75.0,15.8
2016-10-18,27.9,19.8,75,17.9,0.0,10,26.5,20.3,68.0,15.5,26.0,20.1,65.0,17.3,26.3,20.4,63.0,15.2,26.5,20.4,63.0,18.9,27.1,22.4,64.0,17.3,27.8,19.7,75.0,15.8,26.1,20.2,76.0,15.1
2016-10-19,26.5,20.3,68,15.5,0.0,10,26.0,20.1,65.0,17.3,26.3,20.4,63.0,15.2,26.5,20.4,63.0,18.9,27.1,22.4,64.0,17.3,27.8,19.7,75.0,15.8,26.1,20.2,76.0,15.1,27.5,22.1,66.0,18.2
2016-10-20,26.0,20.1,65,17.3,0.0,10,26.3,20.4,63.0,15.2,26.5,20.4,63.0,18.9,27.1,22.4,64.0,17.3,27.8,19.7,75.0,15.8,26.1,20.2,76.0,15.1,27.5,22.1,66.0,18.2,27.2,21.7,64.0,16.7
2016-10-21,26.3,20.4,63,15.2,0.0,10,26.5,20.4,63.0,18.9,27.1,22.4,64.0,17.3,27.8,19.7,75.0,15.8,26.1,20.2,76.0,15.1,27.5,22.1,66.0,18.2,27.2,21.7,64.0,16.7,27.9,22.2,74.0,16.7
2016-10-22,26.5,20.4,63,18.9,0.0,10,27.1,22.4,64.0,17.3,27.8,19.7,75.0,15.8,26.1,20.2,76.0,15.1,27.5,22.1,66.0,18.2,27.2,21.7,64.0,16.7,27.9,22.2,74.0,16.7,27.5,21.6,75.0,17.3
2016-10-23,27.1,22.4,64,17.3,0.0,10,27.8,19.7,75.0,15.8,26.1,20.2,76.0,15.1,27.5,22.1,66.0,18.2,27.2,21.7,64.0,16.7,27.9,22.2,74.0,16.7,27.5,21.6,75.0,17.3,27.5,19.9,73.0,16.3
2016-10-24,27.8,19.7,75,15.8,0.0,10,26.1,20.2,76.0,15.1,27.5,22.1,66.0,18.2,27.2,21.7,64.0,16.7,27.9,22.2,74.0,16.7,27.5,21.6,75.0,17.3,27.5,19.9,73.0,16.3,27.1,20.1,73.0,12.6
2016-10-25,26.1,20.2,76,15.1,0.2,10,27.5,22.1,66.0,18.2,27.2,21.7,64.0,16.7,27.9,22.2,74.0,16.7,27.5,21.6,75.0,17.3,27.5,19.9,73.0,16.3,27.1,20.1,73.0,12.6,24.9,19.7,63.0,24.4
2016-10-26,27.5,22.1,66,18.2,0.0,10,27.2,21.7,64.0,16.7,27.9,22.2,74.0,16.7,27.5,21.6,75.0,17.3,27.5,19.9,73.0,16.3,27.1,20.1,73.0,12.6,24.9,19.7,63.0,24.4,24.3,18.9,52.0,17.8
2016-10-27,27.2,21.7,64,16.7,0.0,10,27.9,22.2,74.0,16.7,27.5,21.6,75.0,17.3,27.5,19.9,73.0,16.3,27.1,20.1,73.0,12.6,24.9,19.7,63.0,24.4,24.3,18.9,52.0,17.8,22.0,16.7,69.0,14.0
2016-10-28,27.9,22.2,74,16.7,0.8,10,27.5,21.6,75.0,17.3,27.5,19.9,73.0,16.3,27.1,20.1,73.0,12.6,24.9,19.7,63.0,24.4,24.3,18.9,52.0,17.8,22.0,16.7,69.0,14.0,24.3,19.3,55.0,15.3
2016-10-29,27.5,21.6,75,17.3,0.0,10,27.5,19.9,73.0,16.3,27.1,20.1,73.0,12.6,24.9,19.7,63.0,24.4,24.3,18.9,52.0,17.8,22.0,16.7,69.0,14.0,24.3,19.3,55.0,15.3,24.3,15.0,65.0,13.7
2016-10-30,27.5,19.9,73,16.3,0.0,10,27.1,20.1,73.0,12.6,24.9,19.7,63.0,24.4,24.3,18.9,52.0,17.8,22.0,16.7,69.0,14.0,24.3,19.3,55.0,15.3,24.3,15.0,65.0,13.7,24.7,16.4,68.0,13.6
2016-10-31,27.1,20.1,73,12.6,0.0,10,24.9,19.7,63.0,24.4,24.3,18.9,52.0,17.8,22.0,16.7,69.0,14.0,24.3,19.3,55.0,15.3,24.3,15.0,65.0,13.7,24.7,16.4,68.0,13.6,25.2,16.9,67.0,12.3
2016-11-01,24.9,19.7,63,24.4,0.0,11,24.3,18.9,52.0,17.8,22.0,16.7,69.0,14.0,24.3,19.3,55.0,15.3,24.3,15.0,65.0,13.7,24.7,16.4,68.0,13.6,25.2,16.9,67.0,12.3,25.3,18.3,67.0,15.3
2016-11-02,24.3,18.9,52,17.8,0.0,11,22.0,16.7,69.0,14.0,24.3,19.3,55.0,15.3,24.3,15.0,65.0,13.7,24.7,16.4,68.0,13.6,25.2,16.9,67.0,12.3,25.3,18.3,67.0,15.3,27.6,19.4,68.0,16.0
2016-11-03,22.0,16.7,69,14.0,3.1,11,24.3,19.3,55.0,15.3,24.3,15.0,65.0,13.7,24.7,16.4,68.0,13.6,25.2,16.9,67.0,12.3,25.3,18.3,67.0,15.3,27.6,19.4,68.0,16.0,27.9,18.3,53.0,18.7
2016-11-04,24.3,19.3,55,15.3,0.0,11,24.3,15.0,65.0,13.7,24.7,16.4,68.0,13.6,25.2,16.9,67.0,12.3,25.3,18.3,67.0,15.3,27.6,19.4,68.0,16.0,27.9,18.3,53.0,18.7,24.4,19.2,60.0,15.4
2016-11-05,24.3,15.0,65,13.7,0.0,11,24.7,16.4,68.0,13.6,25.2,16.9,67.0,12.3,25.3,18.3,67.0,15.3,27.6,19.4,68.0,16.0,27.9,18.3,53.0,18.7,24.4,19.2,60.0,15.4,25.0,20.1,66.0,16.5
2016-11-06,24.7,16.4,68,13.6,0.0,11,25.2,16.9,67.0,12.3,25.3,18.3,67.0,15.3,27.6,19.4,68.0,16.0,27.9,18.3,53.0,18.7,24.4,19.2,60.0,15.4,25.0,20.1,66.0,16.5,24.5,19.9,72.0,16.0
2016-11-07,25.2,16.9,67,12.3,0.0,11,25.3,18.3,67.0,15.3,27.6,19.4,68.0,16.0,27.9,18.3,53.0,18.7,24.4,19.2,60.0,15.4,25.0,20.1,66.0,16.5,24.5,19.9,72.0,16.0,24.9,20.0,70.0,18.1
2016-11-08,25.3,18.3,67,15.3,0.0,11,27.6,19.4,68.0,16.0,27.9,18.3,53.0,18.7,24.4,19.2,60.0,15.4,25.0,20.1,66.0,16.5,24.5,19.9,72.0,16.0,24.9,20.0,70.0,18.1,23.6,19.5,71.0,17.8
2016-11-09,27.6,19.4,68,16.0,0.0,11,27.9,18.3,53.0,18.7,24.4,19.2,60.0,15.4,25.0,20.1,66.0,16.5,24.5,19.9,72.0,16.0,24.9,20.0,70.0,18.1,23.6,19.5,71.0,17.8,22.8,18.3,59.0,24.8
2016-11-10,27.9,18.3,53,18.7,0.0,11,24.4,19.2,60.0,15.4,25.0,20.1,66.0,16.5,24.5,19.9,72.0,16.0,24.9,20.0,70.0,18.1,23.6,19.5,71.0,17.8,22.8,18.3,59.0,24.8,21.0,17.9,52.0,15.8
2016-11-11,24.4,19.2,60,15.4,0.0,11,25.0,20.1,66.0,16.5,24.5,19.9,72.0,16.0,24.9,20.0,70.0,18.1,23.6,19.5,71.0,17.8,22.8,18.3,59.0,24.8,21.0,17.9,52.0,15.8,23.3,15.5,56.0,19.4
2016-11-12,25.0,20.1,66,16.5,0.0,11,24.5,19.9,72.0,16.0,24.9,20.0,70.0,18.1,23.6,19.5,71.0,17.8,22.8,18.3,59.0,24.8,21.0,17.9,52.0,15.8,23.3,15.5,56.0,19.4,25.3,19.1,66.0,12.7
2016-11-13,24.5,19.9,72,16.0,0.0,11,24.9,20.0,70.0,18.1,23.6,19.5,71.0,17.8,22.8,18.3,59.0,24.8,21.0,17.9,52.0,15.8,23.3,15.5,56.0,19.4,25.3,19.1,66.0,12.7,26.4,20.0,71.0,13.5
2016-11-14,24.9,20.0,70,18.1,0.0,11,23.6,19.5,71.0,17.8,22.8,18.3,59.0,24.8,21.0,17.9,52.0,15.8,23.3,15.5,56.0,19.4,25.3,19.1,66.0,12.7,26.4,20.0,71.0,13.5,26.7,20.3,66.0,18.1
2016-11-15,23.6,19.5,71,17.8,0.0,11,22.8,18.3,59.0,24.8,21.0,17.9,52.0,15.8,23.3,15.5,56.0,19.4,25.3,19.1,66.0,12.7,26.4,20.0,71.0,13.5,26.7,20.3,66.0,18.1,25.8,21.1,60.0,15.5
2016-11-16,22.8,18.3,59,24.8,0.0,11,21.0,17.9,52.0,15.8,23.3,15.5,56.0,19.4,25.3,19.1,66.0,12.7,26.4,20.0,71.0,13.5,26.7,20.3,66.0,18.1,25.8,21.1,60.0,15.5,24.5,20.1,53.0,18.9
2016-11-17,21.0,17.9,52,15.8,0.0,11,23.3,15.5,56.0,19.4,25.3,19.1,66.0,12.7,26.4,20.0,71.0,13.5,26.7,20.3,66.0,18.1,25.8,21.1,60.0,15.5,24.5,20.1,53.0,18.9,22.6,18.9,43.0,19.6
2016-11-18,23.3,15.5,56,19.4,0.0,11,25.3,19.1,66.0,12.7,26.4,20.0,71.0,13.5,26.7,20.3,66.0,18.1,25.8,21.1,60.0,15.5,24.5,20.1,53.0,18.9,22.6,18.9,43.0,19.6,20.9,17.0,41.0,20.0
2016-11-19,25.3,19.1,66,12.7,0.0,11,26.4,20.0,71.0,13.5,26.7,20.3,66.0,18.1,25.8,21.1,60.0,15.5,24.5,20.1,53.0,18.9,22.6,18.9,43.0,19.6,20.9,17.0,41.0,20.0,21.1,16.8,41.0,18.8
2016-11-20,26.4,20.0,71,13.5,0.0,11,26.7,20.3,66.0,18.1,25.8,21.1,60.0,15.5,24.5,20.1,53.0,18.9,22.6,18.9,43.0,19.6,20.9,17.0,41.0,20.0,21.1,16.8,41.0,18.8,21.8,17.0,45.0,16.4
2016-11-21,26.7,20.3,66,18.1,0.0,11,25.8,21.1,60.0,15.5,24.5,20.1,53.0,18.9,22.6,18.9,43.0,19.6,20.9,17.0,41.0,20.0,21.1,16.8,41.0,18.8,21.8,17.0,45.0,16.4,23.5,15.0,55.0,9.8
2016-11-22,25.8,21.1,60,15.5,0.0,11,24.5,20.1,53.0,18.9,22.6,18.9,43.0,19.6,20.9,17.0,41.0,20.0,21.1,16.8,41.0,18.8,21.8,17.0,45.0,16.4,23.5,15.0,55.0,9.8,26.0,16.7,35.0,18.2
2016-11-23,24.5,20.1,53,18.9,0.0,11,22.6,18.9,43.0,19.6,20.9,17.0,41.0,20.0,21.1,16.8,41.0,18.8,21.8,17.0,45.0,16.4,23.5,15.0,55.0,9.8,26.0,16.7,35.0,18.2,25.3,17.3,43.0,28.0
2016-11-24,22.6,18.9,43,19.6,0.0,11,20.9,17.0,41.0,20.0,21.1,16.8,41.0,18.8,21.8,17.0,45.0,16.4,23.5,15.0,55.0,9.8,26.0,16.7,35.0,18.2,25.3,17.3,43.0,28.0,18.3,14.1,71.0,35.1
2016-11-25,20.9,17.0,41,20.0,0.0,11,21.1,16.8,41.0,18.8,21.8,17.0,45.0,16.4,23.5,15.0,55.0,9.8,26.0,16.7,35.0,18.2,25.3,17.3,43.0,28.0,18.3,14.1,71.0,35.1,18.4,13.4,64.0,26.8
2016-11-26,21.1,16.8,41,18.8,0.0,11,21.8,17.0,45.0,16.4,23.5,15.0,55.0,9.8,26.0,16.7,35.0,18.2,25.3,17.3,43.0,28.0,18.3,14.1,71.0,35.1,18.4,13.4,64.0,26.8,20.7,14.1,61.0,11.6
2016-11-27,21.8,17.0,45,16.4,0.0,11,23.5,15.0,55.0,9.8,26.0,16.7,35.0,18.2,25.3,17.3,43.0,28.0,18.3,14.1,71.0,35.1,18.4,13.4,64.0,26.8,20.7,14.1,61.0,11.6,21.0,12.7,75.0,11.4
2016-11-28,23.5,15.0,55,9.8,0.0,11,26.0,16.7,35.0,18.2,25.3,17.3,43.0,28.0,18.3,14.1,71.0,35.1,18.4,13.4,64.0,26.8,20.7,14.1,61.0,11.6,21.0,12.7,75.0,11.4,21.5,16.0,70.0,17.7
2016-11-29,26.0,16.7,35,18.2,0.0,11,25.3,17.3,43.0,28.0,18.3,14.1,71.0,35.1,18.4,13.4,64.0,26.8,20.7,14.1,61.0,11.6,21.0,12.7,75.0,11.4,21.5,16.0,70.0,17.7,20.5,15.9,68.0,13.7
2016-11-30,25.3,17.3,43,28.0,0.0,11,18.3,14.1,71.0,35.1,18.4,13.4,64.0,26.8,20.7,14.1,61.0,11.6,21.0,12.7,75.0,11.4,21.5,16.0,70.0,17.7,20.5,15.9,68.0,13.7,21.1,16.4,64.0,18.1
2016-12-01,18.3,14.1,71,35.1,0.0,12,18.4,13.4,64.0,26.8,20.7,14.1,61.0,11.6,21.0,12.7,75.0,11.4,21.5,16.0,70.0,17.7,20.5,15.9,68.0,13.7,21.1,16.4,64.0,18.1,20.7,16.2,62.0,19.9
2016-12-02,18.4,13.4,64,26.8,0.8,12,20.7,14.1,61.0,11.6,21.0,12.7,75.0,11.4,21.5,16.0,70.0,17.7,20.5,15.9,68.0,13.7,21.1,16.4,64.0,18.1,20.7,16.2,62.0,19.9,18.5,15.0,55.0,18.6
2016-12-03,20.7,14.1,61,11.6,0.0,12,21.0,12.7,75.0,11.4,21.5,16.0,70.0,17.7,20.5,15.9,68.0,13.7,21.1,16.4,64.0,18.1,20.7,16.2,62.0,19.9,18.5,15.0,55.0,18.6,19.9,13.0,56.0,16.9
2016-12-04,21.0,12.7,75,11.4,0.0,12,21.5,16.0,70.0,17.7,20.5,15.9,68.0,13.7,21.1,16.4,64.0,18.1,20.7,16.2,62.0,19.9,18.5,15.0,55.0,18.6,19.9,13.0,56.0,16.9,21.1,13.4,56.0,11.7
2016-12-05,21.5,16.0,70,17.7,0.0,12,20.5,15.9,68.0,13.7,21.1,16.4,64.0,18.1,20.7,16.2,62.0,19.9,18.5,15.0,55.0,18.6,19.9,13.0,56.0,16.9,21.1,13.4,56.0,11.7,21.7,14.4,51.0,12.1
2016-12-06,20.5,15.9,68,13.7,0.4,12,21.1,16.4,64.0,18.1,20.7,16.2,62.0,19.9,18.5,15.0,55.0,18.6,19.9,13.0,56.0,16.9,21.1,13.4,56.0,11.7,21.7,14.4,51.0,12.1,20.3,14.6,63.0,27.7
2016-12-07,21.1,16.4,64,18.1,0.0,12,20.7,16.2,62.0,19.9,18.5,15.0,55.0,18.6,19.9,13.0,56.0,16.9,21.1,13.4,56.0,11.7,21.7,14.4,51.0,12.1,20.3,14.6,63.0,27.7,16.2,14.2,56.0,37.9
2016-12-08,20.7,16.2,62,19.9,0.0,12,18.5,15.0,55.0,18.6,19.9,13.0,56.0,16.9,21.1,13.4,56.0,11.7,21.7,14.4,51.0,12.1,20.3,14.6,63.0,27.7,16.2,14.2,56.0,37.9,17.3,13.3,48.0,16.0
2016-12-09,18.5,15.0,55,18.6,0.2,12,19.9,13.0,56.0,16.9,21.1,13.4,56.0,11.7,21.7,14.4,51.0,12.1,20.3,14.6,63.0,27.7,16.2,14.2,56.0,37.9,17.3,13.3,48.0,16.0,19.0,13.1,58.0,15.9
2016-12-10,19.9,13.0,56,16.9,0.0,12,21.1,13.4,56.0,11.7,21.7,14.4,51.0,12.1,20.3,14.6,63.0,27.7,16.2,14.2,56.0,37.9,17.3,13.3,48.0,16.0,19.0,13.1,58.0,15.9,19.2,13.7,63.0,12.1
2016-12-11,21.1,13.4,56,11.7,0.0,12,21.7,14.4,51.0,12.1,20.3,14.6,63.0,27.7,16.2,14.2,56.0,37.9,17.3,13.3,48.0,16.0,19.0,13.1,58.0,15.9,19.2,13.7,63.0,12.1,17.2,13.1,67.0,20.7
2016-12-12,21.7,14.4,51,12.1,0.0,12,20.3,14.6,63.0,27.7,16.2,14.2,56.0,37.9,17.3,13.3,48.0,16.0,19.0,13.1,58.0,15.9,19.2,13.7,63.0,12.1,17.2,13.1,67.0,20.7,16.2,12.6,66.0,26.3
2016-12-13,20.3,14.6,63,27.7,0.2,12,16.2,14.2,56.0,37.9,17.3,13.3,48.0,16.0,19.0,13.1,58.0,15.9,19.2,13.7,63.0,12.1,17.2,13.1,67.0,20.7,16.2,12.6,66.0,26.3,17.4,11.4,56.0,14.3
2016-12-14,16.2,14.2,56,37.9,0.4,12,17.3,13.3,48.0,16.0,19.0,13.1,58.0,15.9,19.2,13.7,63.0,12.1,17.2,13.1,67.0,20.7,16.2,12.6,66.0,26.3,17.4,11.4,56.0,14.3,18.7,10.9,56.0,14.0
2016-12-15,17.3,13.3,48,16.0,0.0,12,19.0,13.1,58.0,15.9,19.2,13.7,63.0,12.1,17.2,13.1,67.0,20.7,16.2,12.6,66.0,26.3,17.4,11.4,56.0,14.3,18.7,10.9,56.0,14.0,16.7,11.7,64.0,15.0
2016-12-16,19.0,13.1,58,15.9,0.0,12,19.2,13.7,63.0,12.1,17.2,13.1,67.0,20.7,16.2,12.6,66.0,26.3,17.4,11.4,56.0,14.3,18.7,10.9,56.0,14.0,16.7,11.7,64.0,15.0,18.1,9.9,65.0,10.2
2016-12-17,19.2,13.7,63,12.1,0.0,12,17.2,13.1,67.0,20.7,16.2,12.6,66.0,26.3,17.4,11.4,56.0,14.3,18.7,10.9,56.0,14.0,16.7,11.7,64.0,15.0,18.1,9.9,65.0,10.2,16.6,9.7,68.0,20.4
2016-12-18,17.2,13.1,67,20.7,0.0,12,16.2,12.6,66.0,26.3,17.4,11.4,56.0,14.3,18.7,10.9,56.0,14.0,16.7,11.7,64.0,15.0,18.1,9.9,65.0,10.2,16.6,9.7,68.0,20.4,16.7,10.2,67.0,22.4
2016-12-19,16.2,12.6,66,26.3,0.1,12,17.4,11.4,56.0,14.3,18.7,10.9,56.0,14.0,16.7,11.7,64.0,15.0,18.1,9.9,65.0,10.2,16.6,9.7,68.0,20.4,16.7,10.2,67.0,22.4,17.9,11.8,65.0,20.3
2016-12-20,17.4,11.4,56,14.3,0.0,12,18.7,10.9,56.0,14.0,16.7,11.7,64.0,15.0,18.1,9.9,65.0,10.2,16.6,9.7,68.0,20.4,16.7,10.2,67.0,22.4,17.9,11.8,65.0,20.3,15.2,10.4,65.0,33.4
2016-12-21,18.7,10.9,56,14.0,0.0,12,16.7,11.7,64.0,15.0,18.1,9.9,65.0,10.2,16.6,9.7,68.0,20.4,16.7,10.2,67.0,22.4,17.9,11.8,65.0,20.3,15.2,10.4,65.0,33.4,17.5,12.2,49.0,11.8
2016-12-22,16.7,11.7,64,15.0,0.0,12,18.1,9.9,65.0,10.2,16.6,9.7,68.0,20.4,16.7,10.2,67.0,22.4,17.9,11.8,65.0,20.3,15.2,10.4,65.0,33.4,17.5,12.2,49.0,11.8,18.1,11.8,53.0,18.5
2016-12-23,18.1,9.9,65,10.2,0.0,12,16.6,9.7,68.0,20.4,16.7,10.2,67.0,22.4,17.9,11.8,65.0,20.3,15.2,10.4,65.0,33.4,17.5,12.2,49.0,11.8,18.1,11.8,53.0,18.5,17.7,9.4,44.0,27.8
2016-12-24,16.6,9.7,68,20.4,0.0,12,16.7,10.2,67.0,22.4,17.9,11.8,65.0,20.3,15.2,10.4,65.0,33.4,17.5,12.2,49.0,11.8,18.1,11.8,53.0,18.5,17.7,9.4,44.0,27.8,15.8,8.9,58.0,17.1
2016-12-25,16.7,10.2,67,22.4,0.0,12,17.9,11.8,65.0,20.3,15.2,10.4,65.0,33.4,17.5,12.2,49.0,11.8,18.1,11.8,53.0,18.5,17.7,9.4,44.0,27.8,15.8,8.9,58.0,17.1,16.0,5.9,68.0,11.3
2016-12-26,17.9,11.8,65,20.3,1.8,12,15.2,10.4,65.0,33.4,17.5,12.2,49.0,11.8,18.1,11.8,53.0,18.5,17.7,9.4,44.0,27.8,15.8,8.9,58.0,17.1,16.0,5.9,68.0,11.3,16.4,6.7,59.0,16.1
2016-12-27,15.2,10.4,65,33.4,0.3,12,17.5,12.2,49.0,11.8,18.1,11.8,53.0,18.5,17.7,9.4,44.0,27.8,15.8,8.9,58.0,17.1,16.0,5.9,68.0,11.3,16.4,6.7,59.0,16.1,18.2,7.7,69.0,13.0
2016-12-28,17.5,12.2,49,11.8,0.0,12,18.1,11.8,53.0,18.5,17.7,9.4,44.0,27.8,15.8,8.9,58.0,17.1,16.0,5.9,68.0,11.3,16.4,6.7,59.0,16.1,18.2,7.7,69.0,13.0,18.0,8.9,78.0,15.9
2016-12-29,18.1,11.8,53,18.5,0.0,12,17.7,9.4,44.0,27.8,15.8,8.9,58.0,17.1,16.0,5.9,68.0,11.3,16.4,6.7,59.0,16.1,18.2,7.7,69.0,13.0,18.0,8.9,78.0,15.9,18.6,7.2,70.0,9.8
2016-12-30,17.7,9.4,44,27.8,0.0,12,15.8,8.9,58.0,17.1,16.0,5.9,68.0,11.3,16.4,6.7,59.0,16.1,18.2,7.7,69.0,13.0,18.0,8.9,78.0,15.9,18.6,7.2,70.0,9.8,19.5,7.4,75.0,9.7
2016-12-31,15.8,8.9,58,17.1,0.2,12,16.0,5.9,68.0,11.3,16.4,6.7,59.0,16.1,18.2,7.7,69.0,13.0,18.0,8.9,78.0,15.9,18.6,7.2,70.0,9.8,19.5,7.4,75.0,9.7,17.2,7.7,49.0,24.0
2017-01-01,16.0,5.9,68,11.3,0.5,1,16.4,6.7,59.0,16.1,18.2,7.7,69.0,13.0,18.0,8.9,78.0,15.9,18.6,7.2,70.0,9.8,19.5,7.4,75.0,9.7,17.2,7.7,49.0,24.0,15.4,8.7,45.0,31.7
2017-01-02,16.4,6.7,59,16.1,0.0,1,18.2,7.7,69.0,13.0,18.0,8.9,78.0,15.9,18.6,7.2,70.0,9.8,19.5,7.4,75.0,9.7,17.2,7.7,49.0,24.0,15.4,8.7,45.0,31.7,14.4,6.8,43.0,23.6
2017-01-03,18.2,7.7,69,13.0,0.0,1,18.0,8.9,78.0,15.9,18.6,7.2,70.0,9.8,19.5,7.4,75.0,9.7,17.2,7.7,49.0,24.0,15.4,8.7,45.0,31.7,14.4,6.8,43.0,23.6,16.9,5.2,47.0,17.3
2017-01-04,18.0,8.9,78,15.9,0.2,1,18.6,7.2,70.0,9.8,19.5,7.4,75.0,9.7,17.2,7.7,49.0,24.0,15.4,8.7,45.0,31.7,14.4,6.8,43.0,23.6,16.9,5.2,47.0,17.3,18.0,4.2,56.0,13.5
2017-01-05,18.6,7.2,70,9.8,0.0,1,19.5,7.4,75.0,9.7,17.2,7.7,49.0,24.0,15.4,8.7,45.0,31.7,14.4,6.8,43.0,23.6,16.9,5.2,47.0,17.3,18.0,4.2,56.0,13.5,18.9,10.1,72.0,15.8
2017-01-06,19.5,7.4,75,9.7,0.0,1,17.2,7.7,49.0,24.0,15.4,8.7,45.0,31.7,14.4,6.8,43.0,23.6,16.9,5.2,47.0,17.3,18.0,4.2,56.0,13.5,18.9,10.1,72.0,15.8,19.0,9.3,67.0,12.2
2017-01-07,17.2,7.7,49,24.0,0.0,1,15.4,8.7,45.0,31.7,14.4,6.8,43.0,23.6,16.9,5.2,47.0,17.3,18.0,4.2,56.0,13.5,18.9,10.1,72.0,15.8,19.0,9.3,67.0,12.2,16.2,12.0,77.0,16.7
2017-01-08,15.4,8.7,45,31.7,0.0,1,14.4,6.8,43.0,23.6,16.9,5.2,47.0,17.3,18.0,4.2,56.0,13.5,18.9,10.1,72.0,15.8,19.0,9.3,67.0,12.2,16.2,12.0,77.0,16.7,18.0,10.6,73.0,15.6
2017-01-09,14.4,6.8,43,23.6,0.0,1,16.9,5.2,47.0,17.3,18.0,4.2,56.0,13.5,18.9,10.1,72.0,15.8,19.0,9.3,67.0,12.2,16.2,12.0,77.0,16.7,18.0,10.6,73.0,15.6,18.0,9.3,79.0,13.4
2017-01-10,16.9,5.2,47,17.3,0.0,1,18.0,4.2,56.0,13.5,18.9,10.1,72.0,15.8,19.0,9.3,67.0,12.2,16.2,12.0,77.0,16.7,18.0,10.6,73.0,15.6,18.0,9.3,79.0,13.4,20.0,10.4,80.0,10.7
2017-01-11,18.0,4.2,56,13.5,0.0,1,18.9,10.1,72.0,15.8,19.0,9.3,67.0,12.2,16.2,12.0,77.0,16.7,18.0,10.6,73.0,15.6,18.0,9.3,79.0,13.4,20.0,10.4,80.0,10.7,18.8,9.9,84.0,14.4
2017-01-12,18.9,10.1,72,15.8,0.0,1,19.0,9.3,67.0,12.2,16.2,12.0,77.0,16.7,18.0,10.6,73.0,15.6,18.0,9.3,79.0,13.4,20.0,10.4,80.0,10.7,18.8,9.9,84.0,14.4,18.9,11.1,75.0,13.9
2017-01-13,19.0,9.3,67,12.2,0.0,1,16.2,12.0,77.0,16.7,18.0,10.6,73.0,15.6,18.0,9.3,79.0,13.4,20.0,10.4,80.0,10.7,18.8,9.9,84.0,14.4,18.9,11.1,75.0,13.9,18.1,10.6,74.0,13.8
2017-01-14,16.2,12.0,77,16.7,1.2,1,18.0,10.6,73.0,15.6,18.0,9.3,79.0,13.4,20.0,10.4,80.0,10.7,18.8,9.9,84.0,14.4,18.9,11.1,75.0,13.9,18.1,10.6,74.0,13.8,17.5,11.0,67.0,17.2
2017-01-15,18.0,10.6,73,15.6,0.1,1,18.0,9.3,79.0,13.4,20.0,10.4,80.0,10.7,18.8,9.9,84.0,14.4,18.9,11.1,75.0,13.9,18.1,10.6,74.0,13.8,17.5,11.0,67.0,17.2,18.1,8.1,65.0,15.5
2017-01-16,18.0,9.3,79,13.4,0.0,1,20.0,10.4,80.0,10.7,18.8,9.9,84.0,14.4,18.9,11.1,75.0,13.9,18.1,10.6,74.0,13.8,17.5,11.0,67.0,17.2,18.1,8.1,65.0,15.5,17.0,11.1,62.0,20.0
2017-01-17,20.0,10.4,80,10.7,0.0,1,18.8,9.9,84.0,14.4,18.9,11.1,75.0,13.9,18.1,10.6,74.0,13.8,17.5,11.0,67.0,17.2,18.1,8.1,65.0,15.5,17.0,11.1,62.0,20.0,21.6,9.1,59.0,16.1
2017-01-18,18.8,9.9,84,14.4,0.0,1,18.9,11.1,75.0,13.9,18.1,10.6,74.0,13.8,17.5,11.0,67.0,17.2,18.1,8.1,65.0,15.5,17.0,11.1,62.0,20.0,21.6,9.1,59.0,16.1,19.8,11.5,58.0,20.9
2017-01-19,18.9,11.1,75,13.9,0.0,1,18.1,10.6,74.0,13.8,17.5,11.0,67.0,17.2,18.1,8.1,65.0,15.5,17.0,11.1,62.0,20.0,21.6,9.1,59.0,16.1,19.8,11.5,58.0,20.9,18.9,10.2,77.0,22.9
2017-01-20,18.1,10.6,74,13.8,0.0,1,17.5,11.0,67.0,17.2,18.1,8.1,65.0,15.5,17.0,11.1,62.0,20.0,21.6,9.1,59.0,16.1,19.8,11.5,58.0,20.9,18.9,10.2,77.0,22.9,14.9,10.6,62.0,38.4
2017-01-21,17.5,11.0,67,17.2,0.0,1,18.1,8.1,65.0,15.5,17.0,11.1,62.0,20.0,21.6,9.1,59.0,16.1,19.8,11.5,58.0,20.9,18.9,10.2,77.0,22.9,14.9,10.6,62.0,38.4,13.6,11.1,52.0,27.7
2017-01-22,18.1,8.1,65,15.5,0.0,1,17.0,11.1,62.0,20.0,21.6,9.1,59.0,16.1,19.8,11.5,58.0,20.9,18.9,10.2,77.0,22.9,14.9,10.6,62.0,38.4,13.6,11.1,52.0,27.7,15.0,8.1,55.0,12.4
2017-01-23,17.0,11.1,62,20.0,0.0,1,21.6,9.1,59.0,16.1,19.8,11.5,58.0,20.9,18.9,10.2,77.0,22.9,14.9,10.6,62.0,38.4,13.6,11.1,52.0,27.7,15.0,8.1,55.0,12.4,16.1,6.8,68.0,17.8
2017-01-24,21.6,9.1,59,16.1,0.1,1,19.8,11.5,58.0,20.9,18.9,10.2,77.0,22.9,14.9,10.6,62.0,38.4,13.6,11.1,52.0,27.7,15.0,8.1,55.0,12.4,16.1,6.8,68.0,17.8,16.3,8.1,78.0,18.8
2017-01-25,19.8,11.5,58,20.9,0.0,1,18.9,10.2,77.0,22.9,14.9,10.6,62.0,38.4,13.6,11.1,52.0,27.7,15.0,8.1,55.0,12.4,16.1,6.8,68.0,17.8,16.3,8.1,78.0,18.8,14.9,9.3,76.0,14.4
2017-01-26,18.9,10.2,77,22.9,2.8,1,14.9,10.6,62.0,38.4,13.6,11.1,52.0,27.7,15.0,8.1,55.0,12.4,16.1,6.8,68.0,17.8,16.3,8.1,78.0,18.8,14.9,9.3,76.0,14.4,16.1,8.7,64.0,13.3
2017-01-27,14.9,10.6,62,38.4,0.1,1,13.6,11.1,52.0,27.7,15.0,8.1,55.0,12.4,16.1,6.8,68.0,17.8,16.3,8.1,78.0,18.8,14.9,9.3,76.0,14.4,16.1,8.7,64.0,13.3,16.0,7.4,69.0,12.9
2017-01-28,13.6,11.1,52,27.7,0.7,1,15.0,8.1,55.0,12.4,16.1,6.8,68.0,17.8,16.3,8.1,78.0,18.8,14.9,9.3,76.0,14.4,16.1,8.7,64.0,13.3,16.0,7.4,69.0,12.9,17.1,7.8,71.0,16.4
2017-01-29,15.0,8.1,55,12.4,0.0,1,16.1,6.8,68.0,17.8,16.3,8.1,78.0,18.8,14.9,9.3,76.0,14.4,16.1,8.7,64.0,13.3,16.0,7.4,69.0,12.9,17.1,7.8,71.0,16.4,18.2,10.2,73.0,18.3
2017-01-30,16.1,6.8,68,17.8,0.5,1,16.3,8.1,78.0,18.8,14.9,9.3,76.0,14.4,16.1,8.7,64.0,13.3,16.0,7.4,69.0,12.9,17.1,7.8,71.0,16.4,18.2,10.2,73.0,18.3,18.9,8.6,74.0,13.6
2017-01-31,16.3,8.1,78,18.8,7.7,1,14.9,9.3,76.0,14.4,16.1,8.7,64.0,13.3,16.0,7.4,69.0,12.9,17.1,7.8,71.0,16.4,18.2,10.2,73.0,18.3,18.9,8.6,74.0,13.6,19.9,11.2,74.0,21.2
2017-02-01,14.9,9.3,76,14.4,1.5,2,16.1,8.7,64.0,13.3,16.0,7.4,69.0,12.9,17.1,7.8,71.0,16.4,18.2,10.2,73.0,18.3,18.9,8.6,74.0,13.6,19.9,11.2,74.0,21.2,21.1,9.9,65.0,20.4
2017-02-02,16.1,8.7,64,13.3,0.0,2,16.0,7.4,69.0,12.9,17.1,7.8,71.0,16.4,18.2,10.2,73.0,18.3,18.9,8.6,74.0,13.6,19.9,11.2,74.0,21.2,21.1,9.9,65.0,20.4,20.5,9.1,74.0,15.3
2017-02-03,16.0,7.4,69,12.9,0.0,2,17.1,7.8,71.0,16.4,18.2,10.2,73.0,18.3,18.9,8.6,74.0,13.6,19.9,11.2,74.0,21.2,21.1,9.9,65.0,20.4,20.5,9.1,74.0,15.3,19.2,9.6,78.0,12.1
2017-02-04,17.1,7.8,71,16.4,0.0,2,18.2,10.2,73.0,18.3,18.9,8.6,74.0,13.6,19.9,11.2,74.0,21.2,21.1,9.9,65.0,20.4,20.5,9.1,74.0,15.3,19.2,9.6,78.0,12.1,19.2,8.8,78.0,13.4
2017-02-05,18.2,10.2,73,18.3,0.0,2,18.9,8.6,74.0,13.6,19.9,11.2,74.0,21.2,21.1,9.9,65.0,20.4,20.5,9.1,74.0,15.3,19.2,9.6,78.0,12.1,19.2,8.8,78.0,13.4,17.5,8.9,79.0,20.5
2017-02-06,18.9,8.6,74,13.6,0.0,2,19.9,11.2,74.0,21.2,21.1,9.9,65.0,20.4,20.5,9.1,74.0,15.3,19.2,9.6,78.0,12.1,19.2,8.8,78.0,13.4,17.5,8.9,79.0,20.5,17.5,11.6,64.0,22.7
2017-02-07,19.9,11.2,74,21.2,0.0,2,21.1,9.9,65.0,20.4,20.5,9.1,74.0,15.3,19.2,9.6,78.0,12.1,19.2,8.8,78.0,13.4,17.5,8.9,79.0,20.5,17.5,11.6,64.0,22.7,16.1,11.3,52.0,25.3
2017-02-08,21.1,9.9,65,20.4,0.8,2,20.5,9.1,74.0,15.3,19.2,9.6,78.0,12.1,19.2,8.8,78.0,13.4,17.5,8.9,79.0,20.5,17.5,11.6,64.0,22.7,16.1,11.3,52.0,25.3,15.8,8.1,58.0,18.4
2017-02-09,20.5,9.1,74,15.3,0.0,2,19.2,9.6,78.0,12.1,19.2,8.8,78.0,13.4,17.5,8.9,79.0,20.5,17.5,11.6,64.0,22.7,16.1,11.3,52.0,25.3,15.8,8.1,58.0,18.4,13.9,9.4,68.0,28.4
2017-02-10,19.2,9.6,78,12.1,0.0,2,19.2,8.8,78.0,13.4,17.5,8.9,79.0,20.5,17.5,11.6,64.0,22.7,16.1,11.3,52.0,25.3,15.8,8.1,58.0,18.4,13.9,9.4,68.0,28.4,15.7,10.2,48.0,14.6
2017-02-11,19.2,8.8,78,13.4,0.0,2,17.5,8.9,79.0,20.5,17.5,11.6,64.0,22.7,16.1,11.3,52.0,25.3,15.8,8.1,58.0,18.4,13.9,9.4,68.0,28.4,15.7,10.2,48.0,14.6,17.4,5.9,64.0,13.1
2017-02-12,17.5,8.9,79,20.5,0.2,2,17.5,11.6,64.0,22.7,16.1,11.3,52.0,25.3,15.8,8.1,58.0,18.4,13.9,9.4,68.0,28.4,15.7,10.2,48.0,14.6,17.4,5.9,64.0,13.1,17.9,8.0,67.0,15.6
2017-02-13,17.5,11.6,64,22.7,0.2,2,16.1,11.3,52.0,25.3,15.8,8.1,58.0,18.4,13.9,9.4,68.0,28.4,15.7,10.2,48.0,14.6,17.4,5.9,64.0,13.1,17.9,8.0,67.0,15.6,18.1,7.6,70.0,20.3
2017-02-14,16.1,11.3,52,25.3,0.1,2,15.8,8.1,58.0,18.4,13.9,9.4,68.0,28.4,15.7,10.2,48.0,14.6,17.4,5.9,64.0,13.1,17.9,8.0,67.0,15.6,18.1,7.6,70.0,20.3,17.9,10.2,67.0,13.0
2017-02-15,15.8,8.1,58,18.4,0.3,2,13.9,9.4,68.0,28.4,15.7,10.2,48.0,14.6,17.4,5.9,64.0,13.1,17.9,8.0,67.0,15.6,18.1,7.6,70.0,20.3,17.9,10.2,67.0,13.0,16.7,8.4,80.0,13.4
2017-02-16,13.9,9.4,68,28.4,4.5,2,15.7,10.2,48.0,14.6,17.4,5.9,64.0,13.1,17.9,8.0,67.0,15.6,18.1,7.6,70.0,20.3,17.9,10.2,67.0,13.0,16.7,8.4,80.0,13.4,18.8,10.8,74.0,14.2
2017-02-17,15.7,10.2,48,14.6,0.0,2,17.4,5.9,64.0,13.1,17.9,8.0,67.0,15.6,18.1,7.6,70.0,20.3,17.9,10.2,67.0,13.0,16.7,8.4,80.0,13.4,18.8,10.8,74.0,14.2,19.2,10.1,75.0,13.2
2017-02-18,17.4,5.9,64,13.1,0.0,2,17.9,8.0,67.0,15.6,18.1,7.6,70.0,20.3,17.9,10.2,67.0,13.0,16.7,8.4,80.0,13.4,18.8,10.8,74.0,14.2,19.2,10.1,75.0,13.2,20.2,10.6,78.0,15.0
2017-02-19,17.9,8.0,67,15.6,0.0,2,18.1,7.6,70.0,20.3,17.9,10.2,67.0,13.0,16.7,8.4,80.0,13.4,18.8,10.8,74.0,14.2,19.2,10.1,75.0,13.2,20.2,10.6,78.0,15.0,20.4,11.4,80.0,14.8
2017-02-20,18.1,7.6,70,20.3,0.0,2,17.9,10.2,67.0,13.0,16.7,8.4,80.0,13.4,18.8,10.8,74.0,14.2,19.2,10.1,75.0,13.2,20.2,10.6,78.0,15.0,20.4,11.4,80.0,14.8,20.8,11.1,83.0,15.3
2017-02-21,17.9,10.2,67,13.0,0.0,2,16.7,8.4,80.0,13.4,18.8,10.8,74.0,14.2,19.2,10.1,75.0,13.2,20.2,10.6,78.0,15.0,20.4,11.4,80.0,14.8,20.8,11.1,83.0,15.3,26.1,12.6,73.0,17.9
2017-02-22,16.7,8.4,80,13.4,0.7,2,18.8,10.8,74.0,14.2,19.2,10.1,75.0,13.2,20.2,10.6,78.0,15.0,20.4,11.4,80.0,14.8,20.8,11.1,83.0,15.3,26.1,12.6,73.0,17.9,22.0,13.9,75.0,21.7
2017-02-23,18.8,10.8,74,14.2,0.0,2,19.2,10.1,75.0,13.2,20.2,10.6,78.0,15.0,20.4,11.4,80.0,14.8,20.8,11.1,83.0,15.3,26.1,12.6,73.0,17.9,22.0,13.9,75.0,21.7,21.2,13.8,76.0,21.9
2017-02-24,19.2,10.1,75,13.2,0.0,2,20.2,10.6,78.0,15.0,20.4,11.4,80.0,14.8,20.8,11.1,83.0,15.3,26.1,12.6,73.0,17.9,22.0,13.9,75.0,21.7,21.2,13.8,76.0,21.9,19.1,12.1,70.0,23.6
2017-02-25,20.2,10.6,78,15.0,0.0,2,20.4,11.4,80.0,14.8,20.8,11.1,83.0,15.3,26.1,12.6,73.0,17.9,22.0,13.9,75.0,21.7,21.2,13.8,76.0,21.9,19.1,12.1,70.0,23.6,20.2,10.7,70.0,14.8
2017-02-26,20.4,11.4,80,14.8,0.0,2,20.8,11.1,83.0,15.3,26.1,12.6,73.0,17.9,22.0,13.9,75.0,21.7,21.2,13.8,76.0,21.9,19.1,12.1,70.0,23.6,20.2,10.7,70.0,14.8,20.4,10.9,73.0,16.1
2017-02-27,20.8,11.1,83,15.3,0.0,2,26.1,12.6,73.0,17.9,22.0,13.9,75.0,21.7,21.2,13.8,76.0,21.9,19.1,12.1,70.0,23.6,20.2,10.7,70.0,14.8,20.4,10.9,73.0,16.1,20.9,12.9,77.0,16.7
2017-02-28,26.1,12.6,73,17.9,0.3,2,22.0,13.9,75.0,21.7,21.2,13.8,76.0,21.9,19.1,12.1,70.0,23.6,20.2,10.7,70.0,14.8,20.4,10.9,73.0,16.1,20.9,12.9,77.0,16.7,19.6,11.9,77.0,15.3
2017-03-01,22.0,13.9,75,21.7,0.0,3,21.2,13.8,76.0,21.9,19.1,12.1,70.0,23.6,20.2,10.7,70.0,14.8,20.4,10.9,73.0,16.1,20.9,12.9,77.0,16.7,19.6,11.9,77.0,15.3,25.8,10.6,62.0,18.8
2017-03-02,21.2,13.8,76,21.9,0.0,3,19.1,12.1,70.0,23.6,20.2,10.7,70.0,14.8,20.4,10.9,73.0,16.1,20.9,12.9,77.0,16.7,19.6,11.9,77.0,15.3,25.8,10.6,62.0,18.8,21.6,14.3,52.0,24.2
2017-03-03,19.1,12.1,70,23.6,0.0,3,20.2,10.7,70.0,14.8,20.4,10.9,73.0,16.1,20.9,12.9,77.0,16.7,19.6,11.9,77.0,15.3,25.8,10.6,62.0,18.8,21.6,14.3,52.0,24.2,23.3,12.8,65.0,21.3
2017-03-04,20.2,10.7,70,14.8,0.0,3,20.4,10.9,73.0,16.1,20.9,12.9,77.0,16.7,19.6,11.9,77.0,15.3,25.8,10.6,62.0,18.8,21.6,14.3,52.0,24.2,23.3,12.8,65.0,21.3,22.5,13.0,49.0,31.1
2017-03-05,20.4,10.9,73,16.1,0.0,3,20.9,12.9,77.0,16.7,19.6,11.9,77.0,15.3,25.8,10.6,62.0,18.8,21.6,14.3,52.0,24.2,23.3,12.8,65.0,21.3,22.5,13.0,49.0,31.1,21.5,14.9,38.0,30.2
2017-03-06,20.9,12.9,77,16.7,0.0,3,19.6,11.9,77.0,15.3,25.8,10.6,62.0,18.8,21.6,14.3,52.0,24.2,23.3,12.8,65.0,21.3,22.5,13.0,49.0,31.1,21.5,14.9,38.0,30.2,20.0,12.2,70.0,19.4
2017-03-07,19.6,11.9,77,15.3,0.0,3,25.8,10.6,62.0,18.8,21.6,14.3,52.0,24.2,23.3,12.8,65.0,21.3,22.5,13.0,49.0,31.1,21.5,14.9,38.0,30.2,20.0,12.2,70.0,19.4,19.8,10.7,70.0,17.2
2017-03-08,25.8,10.6,62,18.8,0.0,3,21.6,14.3,52.0,24.2,23.3,12.8,65.0,21.3,22.5,13.0,49.0,31.1,21.5,14.9,38.0,30.2,20.0,12.2,70.0,19.4,19.8,10.7,70.0,17.2,19.6,10.8,68.0,28.5
2017-03-09,21.6,14.3,52,24.2,0.0,3,23.3,12.8,65.0,21.3,22.5,13.0,49.0,31.1,21.5,14.9,38.0,30.2,20.0,12.2,70.0,19.4,19.8,10.7,70.0,17.2,19.6,10.8,68.0,28.5,19.6,11.4,59.0,22.9
2017-03-10,23.3,12.8,65,21.3,3.8,3,22.5,13.0,49.0,31.1,21.5,14.9,38.0,30.2,20.0,12.2,70.0,19.4,19.8,10.7,70.0,17.2,19.6,10.8,68.0,28.5,19.6,11.4,59.0,22.9,19.3,8.9,65.0,15.6
2017-03-11,22.5,13.0,49,31.1,0.0,3,21.5,14.9,38.0,30.2,20.0,12.2,70.0,19.4,19.8,10.7,70.0,17.2,19.6,10.8,68.0,28.5,19.6,11.4,59.0,22.9,19.3,8.9,65.0,15.6,19.4,14.4,69.0,26.5
2017-03-12,21.5,14.9,38,30.2,0.1,3,20.0,12.2,70.0,19.4,19.8,10.7,70.0,17.2,19.6,10.8,68.0,28.5,19.6,11.4,59.0,22.9,19.3,8.9,65.0,15.6,19.4,14.4,69.0,26.5,19.1,11.9,56.0,23.2
2017-03-13,20.0,12.2,70,19.4,0.4,3,19.8,10.7,70.0,17.2,19.6,10.8,68.0,28.5,19.6,11.4,59.0,22.9,19.3,8.9,65.0,15.6,19.4,14.4,69.0,26.5,19.1,11.9,56.0,23.2,21.5,10.6,67.0,20.4
2017-03-14,19.8,10.7,70,17.2,0.0,3,19.6,10.8,68.0,28.5,19.6,11.4,59.0,22.9,19.3,8.9,65.0,15.6,19.4,14.4,69.0,26.5,19.1,11.9,56.0,23.2,21.5,10.6,67.0,20.4,21.3,11.2,74.0,14.0
2017-03-15,19.6,10.8,68,28.5,1.6,3,19.6,11.4,59.0,22.9,19.3,8.9,65.0,15.6,19.4,14.4,69.0,26.5,19.1,11.9,56.0,23.2,21.5,10.6,67.0,20.4,21.3,11.2,74.0,14.0,21.5,13.8,78.0,20.4
2017-03-16,19.6,11.4,59,22.9,0.2,3,19.3,8.9,65.0,15.6,19.4,14.4,69.0,26.5,19.1,11.9,56.0,23.2,21.5,10.6,67.0,20.4,21.3,11.2,74.0,14.0,21.5,13.8,78.0,20.4,21.1,15.0,78.0,18.0
2017-03-17,19.3,8.9,65,15.6,0.5,3,19.4,14.4,69.0,26.5,19.1,11.9,56.0,23.2,21.5,10.6,67.0,20.4,21.3,11.2,74.0,14.0,21.5,13.8,78.0,20.4,21.1,15.0,78.0,18.0,21.5,12.6,78.0,13.7
2017-03-18,19.4,14.4,69,26.5,0.4,3,19.1,11.9,56.0,23.2,21.5,10.6,67.0,20.4,21.3,11.2,74.0,14.0,21.5,13.8,78.0,20.4,21.1,15.0,78.0,18.0,21.5,12.6,78.0,13.7,21.7,11.7,77.0,14.1
2017-03-19,19.1,11.9,56,23.2,0.0,3,21.5,10.6,67.0,20.4,21.3,11.2,74.0,14.0,21.5,13.8,78.0,20.4,21.1,15.0,78.0,18.0,21.5,12.6,78.0,13.7,21.7,11.7,77.0,14.1,22.6,10.9,78.0,13.3
2017-03-20,21.5,10.6,67,20.4,0.0,3,21.3,11.2,74.0,14.0,21.5,13.8,78.0,20.4,21.1,15.0,78.0,18.0,21.5,12.6,78.0,13.7,21.7,11.7,77.0,14.1,22.6,10.9,78.0,13.3,22.8,11.1,76.0,19.1
2017-03-21,21.3,11.2,74,14.0,0.0,3,21.5,13.8,78.0,20.4,21.1,15.0,78.0,18.0,21.5,12.6,78.0,13.7,21.7,11.7,77.0,14.1,22.6,10.9,78.0,13.3,22.8,11.1,76.0,19.1,23.3,11.2,76.0,13.4
2017-03-22,21.5,13.8,78,20.4,1.6,3,21.1,15.0,78.0,18.0,21.5,12.6,78.0,13.7,21.7,11.7,77.0,14.1,22.6,10.9,78.0,13.3,22.8,11.1,76.0,19.1,23.3,11.2,76.0,13.4,26.5,14.6,67.0,21.6
2017-03-23,21.1,15.0,78,18.0,0.1,3,21.5,12.6,78.0,13.7,21.7,11.7,77.0,14.1,22.6,10.9,78.0,13.3,22.8,11.1,76.0,19.1,23.3,11.2,76.0,13.4,26.5,14.6,67.0,21.6,23.4,14.8,71.0,20.9
2017-03-24,21.5,12.6,78,13.7,0.0,3,21.7,11.7,77.0,14.1,22.6,10.9,78.0,13.3,22.8,11.1,76.0,19.1,23.3,11.2,76.0,13.4,26.5,14.6,67.0,21.6,23.4,14.8,71.0,20.9,23.7,13.2,73.0,21.6
2017-03-25,21.7,11.7,77,14.1,0.0,3,22.6,10.9,78.0,13.3,22.8,11.1,76.0,19.1,23.3,11.2,76.0,13.4,26.5,14.6,67.0,21.6,23.4,14.8,71.0,20.9,23.7,13.2,73.0,21.6,21.0,13.4,69.0,18.6
2017-03-26,22.6,10.9,78,13.3,0.0,3,22.8,11.1,76.0,19.1,23.3,11.2,76.0,13.4,26.5,14.6,67.0,21.6,23.4,14.8,71.0,20.9,23.7,13.2,73.0,21.6,21.0,13.4,69.0,18.6,20.1,13.0,72.0,19.3
2017-03-27,22.8,11.1,76,19.1,0.0,3,23.3,11.2,76.0,13.4,26.5,14.6,67.0,21.6,23.4,14.8,71.0,20.9,23.7,13.2,73.0,21.6,21.0,13.4,69.0,18.6,20.1,13.0,72.0,19.3,21.5,11.4,75.0,14.5
2017-03-28,23.3,11.2,76,13.4,0.0,3,26.5,14.6,67.0,21.6,23.4,14.8,71.0,20.9,23.7,13.2,73.0,21.6,21.0,13.4,69.0,18.6,20.1,13.0,72.0,19.3,21.5,11.4,75.0,14.5,22.2,13.8,76.0,20.6
2017-03-29,26.5,14.6,67,21.6,0.0,3,23.4,14.8,71.0,20.9,23.7,13.2,73.0,21.6,21.0,13.4,69.0,18.6,20.1,13.0,72.0,19.3,21.5,11.4,75.0,14.5,22.2,13.8,76.0,20.6,24.4,14.4,75.0,18.5
2017-03-30,23.4,14.8,71,20.9,0.0,3,23.7,13.2,73.0,21.6,21.0,13.4,69.0,18.6,20.1,13.0,72.0,19.3,21.5,11.4,75.0,14.5,22.2,13.8,76.0,20.6,24.4,14.4,75.0,18.5,27.4,12.1,68.0,27.6
2017-03-31,23.7,13.2,73,21.6,0.8,3,21.0,13.4,69.0,18.6,20.1,13.0,72.0,19.3,21.5,11.4,75.0,14.5,22.2,13.8,76.0,20.6,24.4,14.4,75.0,18.5,27.4,12.1,68.0,27.6,22.9,12.6,74.0,23.0
2017-04-01,21.0,13.4,69,18.6,0.7,4,20.1,13.0,72.0,19.3,21.5,11.4,75.0,14.5,22.2,13.8,76.0,20.6,24.4,14.4,75.0,18.5,27.4,12.1,68.0,27.6,22.9,12.6,74.0,23.0,24.2,11.1,67.0,14.5
2017-04-02,20.1,13.0,72,19.3,0.3,4,21.5,11.4,75.0,14.5,22.2,13.8,76.0,20.6,24.4,14.4,75.0,18.5,27.4,12.1,68.0,27.6,22.9,12.6,74.0,23.0,24.2,11.1,67.0,14.5,21.2,14.9,69.0,16.2
2017-04-03,21.5,11.4,75,14.5,0.0,4,22.2,13.8,76.0,20.6,24.4,14.4,75.0,18.5,27.4,12.1,68.0,27.6,22.9,12.6,74.0,23.0,24.2,11.1,67.0,14.5,21.2,14.9,69.0,16.2,21.4,14.4,64.0,18.3
2017-04-04,22.2,13.8,76,20.6,0.0,4,24.4,14.4,75.0,18.5,27.4,12.1,68.0,27.6,22.9,12.6,74.0,23.0,24.2,11.1,67.0,14.5,21.2,14.9,69.0,16.2,21.4,14.4,64.0,18.3,21.6,15.7,64.0,21.1
2017-04-05,24.4,14.4,75,18.5,0.0,4,27.4,12.1,68.0,27.6,22.9,12.6,74.0,23.0,24.2,11.1,67.0,14.5,21.2,14.9,69.0,16.2,21.4,14.4,64.0,18.3,21.6,15.7,64.0,21.1,24.9,16.0,67.0,20.6
2017-04-06,27.4,12.1,68,27.6,0.0,4,22.9,12.6,74.0,23.0,24.2,11.1,67.0,14.5,21.2,14.9,69.0,16.2,21.4,14.4,64.0,18.3,21.6,15.7,64.0,21.1,24.9,16.0,67.0,20.6,25.0,15.7,69.0,22.9
2017-04-07,22.9,12.6,74,23.0,0.0,4,24.2,11.1,67.0,14.5,21.2,14.9,69.0,16.2,21.4,14.4,64.0,18.3,21.6,15.7,64.0,21.1,24.9,16.0,67.0,20.6,25.0,15.7,69.0,22.9,22.5,14.2,64.0,19.0
2017-04-08,24.2,11.1,67,14.5,0.0,4,21.2,14.9,69.0,16.2,21.4,14.4,64.0,18.3,21.6,15.7,64.0,21.1,24.9,16.0,67.0,20.6,25.0,15.7,69.0,22.9,22.5,14.2,64.0,19.0,23.4,13.4,77.0,21.3
2017-04-09,21.2,14.9,69,16.2,0.0,4,21.4,14.4,64.0,18.3,21.6,15.7,64.0,21.1,24.9,16.0,67.0,20.6,25.0,15.7,69.0,22.9,22.5,14.2,64.0,19.0,23.4,13.4,77.0,21.3,24.4,12.9,78.0,15.1
2017-04-10,21.4,14.4,64,18.3,0.0,4,21.6,15.7,64.0,21.1,24.9,16.0,67.0,20.6,25.0,15.7,69.0,22.9,22.5,14.2,64.0,19.0,23.4,13.4,77.0,21.3,24.4,12.9,78.0,15.1,25.4,13.6,74.0,13.4
2017-04-11,21.6,15.7,64,21.1,0.1,4,24.9,16.0,67.0,20.6,25.0,15.7,69.0,22.9,22.5,14.2,64.0,19.0,23.4,13.4,77.0,21.3,24.4,12.9,78.0,15.1,25.4,13.6,74.0,13.4,29.5,13.1,69.0,28.5
2017-04-12,24.9,16.0,67,20.6,0.4,4,25.0,15.7,69.0,22.9,22.5,14.2,64.0,19.0,23.4,13.4,77.0,21.3,24.4,12.9,78.0,15.1,25.4,13.6,74.0,13.4,29.5,13.1,69.0,28.5,25.1,14.2,73.0,14.4
2017-04-13,25.0,15.7,69,22.9,2.4,4,22.5,14.2,64.0,19.0,23.4,13.4,77.0,21.3,24.4,12.9,78.0,15.1,25.4,13.6,74.0,13.4,29.5,13.1,69.0,28.5,25.1,14.2,73.0,14.4,26.9,14.0,64.0,13.7
2017-04-14,22.5,14.2,64,19.0,0.6,4,23.4,13.4,77.0,21.3,24.4,12.9,78.0,15.1,25.4,13.6,74.0,13.4,29.5,13.1,69.0,28.5,25.1,14.2,73.0,14.4,26.9,14.0,64.0,13.7,34.2,16.2,53.0,13.2
2017-04-15,23.4,13.4,77,21.3,0.0,4,24.4,12.9,78.0,15.1,25.4,13.6,74.0,13.4,29.5,13.1,69.0,28.5,25.1,14.2,73.0,14.4,26.9,14.0,64.0,13.7,34.2,16.2,53.0,13.2,28.3,17.0,64.0,25.5
2017-04-16,24.4,12.9,78,15.1,0.0,4,25.4,13.6,74.0,13.4,29.5,13.1,69.0,28.5,25.1,14.2,73.0,14.4,26.9,14.0,64.0,13.7,34.2,16.2,53.0,13.2,28.3,17.0,64.0,25.5,19.9,16.3,58.0,28.1
2017-04-17,25.4,13.6,74,13.4,0.7,4,29.5,13.1,69.0,28.5,25.1,14.2,73.0,14.4,26.9,14.0,64.0,13.7,34.2,16.2,53.0,13.2,28.3,17.0,64.0,25.5,19.9,16.3,58.0,28.1,20.4,15.6,53.0,18.6
2017-04-18,29.5,13.1,69,28.5,0.0,4,25.1,14.2,73.0,14.4,26.9,14.0,64.0,13.7,34.2,16.2,53.0,13.2,28.3,17.0,64.0,25.5,19.9,16.3,58.0,28.1,20.4,15.6,53.0,18.6,21.8,14.7,63.0,16.3
2017-04-19,25.1,14.2,73,14.4,0.0,4,26.9,14.0,64.0,13.7,34.2,16.2,53.0,13.2,28.3,17.0,64.0,25.5,19.9,16.3,58.0,28.1,20.4,15.6,53.0,18.6,21.8,14.7,63.0,16.3,23.5,13.6,67.0,16.7
2017-04-20,26.9,14.0,64,13.7,0.0,4,34.2,16.2,53.0,13.2,28.3,17.0,64.0,25.5,19.9,16.3,58.0,28.1,20.4,15.6,53.0,18.6,21.8,14.7,63.0,16.3,23.5,13.6,67.0,16.7,24.0,14.2,69.0,14.5
2017-04-21,34.2,16.2,53,13.2,0.0,4,28.3,17.0,64.0,25.5,19.9,16.3,58.0,28.1,20.4,15.6,53.0,18.6,21.8,14.7,63.0,16.3,23.5,13.6,67.0,16.7,24.0,14.2,69.0,14.5,26.5,14.1,63.0,14.3
2017-04-22,28.3,17.0,64,25.5,0.0,4,19.9,16.3,58.0,28.1,20.4,15.6,53.0,18.6,21.8,14.7,63.0,16.3,23.5,13.6,67.0,16.7,24.0,14.2,69.0,14.5,26.5,14.1,63.0,14.3,27.8,14.4,66.0,14.8
2017-04-23,19.9,16.3,58,28.1,0.0,4,20.4,15.6,53.0,18.6,21.8,14.7,63.0,16.3,23.5,13.6,67.0,16.7,24.0,14.2,69.0,14.5,26.5,14.1,63.0,14.3,27.8,14.4,66.0,14.8,28.3,15.5,69.0,12.7
2017-04-24,20.4,15.6,53,18.6,0.0,4,21.8,14.7,63.0,16.3,23.5,13.6,67.0,16.7,24.0,14.2,69.0,14.5,26.5,14.1,63.0,14.3,27.8,14.4,66.0,14.8,28.3,15.5,69.0,12.7,26.0,15.8,71.0,22.1
2017-04-25,21.8,14.7,63,16.3,0.0,4,23.5,13.6,67.0,16.7,24.0,14.2,69.0,14.5,26.5,14.1,63.0,14.3,27.8,14.4,66.0,14.8,28.3,15.5,69.0,12.7,26.0,15.8,71.0,22.1,25.5,15.4,74.0,24.3
2017-04-26,23.5,13.6,67,16.7,0.0,4,24.0,14.2,69.0,14.5,26.5,14.1,63.0,14.3,27.8,14.4,66.0,14.8,28.3,15.5,69.0,12.7,26.0,15.8,71.0,22.1,25.5,15.4,74.0,24.3,24.4,15.8,74.0,14.8
2017-04-27,24.0,14.2,69,14.5,0.0,4,26.5,14.1,63.0,14.3,27.8,14.4,66.0,14.8,28.3,15.5,69.0,12.7,26.0,15.8,71.0,22.1,25.5,15.4,74.0,24.3,24.4,15.8,74.0,14.8,25.9,15.1,77.0,16.3
2017-04-28,26.5,14.1,63,14.3,0.0,4,27.8,14.4,66.0,14.8,28.3,15.5,69.0,12.7,26.0,15.8,71.0,22.1,25.5,15.4,74.0,24.3,24.4,15.8,74.0,14.8,25.9,15.1,77.0,16.3,25.5,16.3,76.0,15.5
2017-04-29,27.8,14.4,66,14.8,0.0,4,28.3,15.5,69.0,12.7,26.0,15.8,71.0,22.1,25.5,15.4,74.0,24.3,24.4,15.8,74.0,14.8,25.9,15.1,77.0,16.3,25.5,16.3,76.0,15.5,27.2,15.4,76.0,16.7
2017-04-30,28.3,15.5,69,12.7,0.0,4,26.0,15.8,71.0,22.1,25.5,15.4,74.0,24.3,24.4,15.8,74.0,14.8,25.9,15.1,77.0,16.3,25.5,16.3,76.0,15.5,27.2,15.4,76.0,16.7,27.8,15.4,73.0,20.8
2017-05-01,26.0,15.8,71,22.1,0.0,5,25.5,15.4,74.0,24.3,24.4,15.8,74.0,14.8,25.9,15.1,77.0,16.3,25.5,16.3,76.0,15.5,27.2,15.4,76.0,16.7,27.8,15.4,73.0,20.8,32.9,15.9,61.0,12.8
2017-05-02,25.5,15.4,74,24.3,0.0,5,24.4,15.8,74.0,14.8,25.9,15.1,77.0,16.3,25.5,16.3,76.0,15.5,27.2,15.4,76.0,16.7,27.8,15.4,73.0,20.8,32.9,15.9,61.0,12.8,34.2,19.4,51.0,15.9
2017-05-03,24.4,15.8,74,14.8,0.0,5,25.9,15.1,77.0,16.3,25.5,16.3,76.0,15.5,27.2,15.4,76.0,16.7,27.8,15.4,73.0,20.8,32.9,15.9,61.0,12.8,34.2,19.4,51.0,15.9,35.2,18.7,63.0,22.0
2017-05-04,25.9,15.1,77,16.3,0.0,5,25.5,16.3,76.0,15.5,27.2,15.4,76.0,16.7,27.8,15.4,73.0,20.8,32.9,15.9,61.0,12.8,34.2,19.4,51.0,15.9,35.2,18.7,63.0,22.0,25.5,18.6,69.0,22.7
2017-05-05,25.5,16.3,76,15.5,0.0,5,27.2,15.4,76.0,16.7,27.8,15.4,73.0,20.8,32.9,15.9,61.0,12.8,34.2,19.4,51.0,15.9,35.2,18.7,63.0,22.0,25.5,18.6,69.0,22.7,26.8,17.5,73.0,16.6
2017-05-06,27.2,15.4,76,16.7,0.0,5,27.8,15.4,73.0,20.8,32.9,15.9,61.0,12.8,34.2,19.4,51.0,15.9,35.2,18.7,63.0,22.0,25.5,18.6,69.0,22.7,26.8,17.5,73.0,16.6,30.0,17.0,67.0,15.5
2017-05-07,27.8,15.4,73,20.8,0.0,5,32.9,15.9,61.0,12.8,34.2,19.4,51.0,15.9,35.2,18.7,63.0,22.0,25.5,18.6,69.0,22.7,26.8,17.5,73.0,16.6,30.0,17.0,67.0,15.5,34.0,18.0,57.0,14.1
2017-05-08,32.9,15.9,61,12.8,0.0,5,34.2,19.4,51.0,15.9,35.2,18.7,63.0,22.0,25.5,18.6,69.0,22.7,26.8,17.5,73.0,16.6,30.0,17.0,67.0,15.5,34.0,18.0,57.0,14.1,30.1,20.6,62.0,19.3
2017-05-09,34.2,19.4,51,15.9,0.0,5,35.2,18.7,63.0,22.0,25.5,18.6,69.0,22.7,26.8,17.5,73.0,16.6,30.0,17.0,67.0,15.5,34.0,18.0,57.0,14.1,30.1,20.6,62.0,19.3,29.5,17.5,71.0,16.7
2017-05-10,35.2,18.7,63,22.0,0.0,5,25.5,18.6,69.0,22.7,26.8,17.5,73.0,16.6,30.0,17.0,67.0,15.5,34.0,18.0,57.0,14.1,30.1,20.6,62.0,19.3,29.5,17.5,71.0,16.7,28.2,18.4,74.0,17.3
2017-05-11,25.5,18.6,69,22.7,0.0,5,26.8,17.5,73.0,16.6,30.0,17.0,67.0,15.5,34.0,18.0,57.0,14.1,30.1,20.6,62.0,19.3,29.5,17.5,71.0,16.7,28.2,18.4,74.0,17.3,27.9,19.5,65.0,29.7
2017-05-12,26.8,17.5,73,16.6,0.0,5,30.0,17.0,67.0,15.5,34.0,18.0,57.0,14.1,30.1,20.6,62.0,19.3,29.5,17.5,71.0,16.7,28.2,18.4,74.0,17.3,27.9,19.5,65.0,29.7,25.1,19.0,66.0,21.7
2017-05-13,30.0,17.0,67,15.5,0.0,5,34.0,18.0,57.0,14.1,30.1,20.6,62.0,19.3,29.5,17.5,71.0,16.7,28.2,18.4,74.0,17.3,27.9,19.5,65.0,29.7,25.1,19.0,66.0,21.7,25.9,17.2,59.0,27.6
2017-05-14,34.0,18.0,57,14.1,0.0,5,30.1,20.6,62.0,19.3,29.5,17.5,71.0,16.7,28.2,18.4,74.0,17.3,27.9,19.5,65.0,29.7,25.1,19.0,66.0,21.7,25.9,17.2,59.0,27.6,27.7,16.4,64.0,25.1
2017-05-15,30.1,20.6,62,19.3,0.0,5,29.5,17.5,71.0,16.7,28.2,18.4,74.0,17.3,27.9,19.5,65.0,29.7,25.1,19.0,66.0,21.7,25.9,17.2,59.0,27.6,27.7,16.4,64.0,25.1,35.1,17.5,55.0,28.7
2017-05-16,29.5,17.5,71,16.7,0.0,5,28.2,18.4,74.0,17.3,27.9,19.5,65.0,29.7,25.1,19.0,66.0,21.7,25.9,17.2,59.0,27.6,27.7,16.4,64.0,25.1,35.1,17.5,55.0,28.7,26.1,17.5,65.0,25.8
2017-05-17,28.2,18.4,74,17.3,0.0,5,27.9,19.5,65.0,29.7,25.1,19.0,66.0,21.7,25.9,17.2,59.0,27.6,27.7,16.4,64.0,25.1,35.1,17.5,55.0,28.7,26.1,17.5,65.0,25.8,26.0,16.6,69.0,19.0
2017-05-18,27.9,19.5,65,29.7,0.0,5,25.1,19.0,66.0,21.7,25.9,17.2,59.0,27.6,27.7,16.4,64.0,25.1,35.1,17.5,55.0,28.7,26.1,17.5,65.0,25.8,26.0,16.6,69.0,19.0,26.1,17.8,70.0,16.4
2017-05-19,25.1,19.0,66,21.7,1.1,5,25.9,17.2,59.0,27.6,27.7,16.4,64.0,25.1,35.1,17.5,55.0,28.7,26.1,17.5,65.0,25.8,26.0,16.6,69.0,19.0,26.1,17.8,70.0,16.4,28.9,15.9,64.0,18.1
2017-05-20,25.9,17.2,59,27.6,0.0,5,27.7,16.4,64.0,25.1,35.1,17.5,55.0,28.7,26.1,17.5,65.0,25.8,26.0,16.6,69.0,19.0,26.1,17.8,70.0,16.4,28.9,15.9,64.0,18.1,33.8,20.1,54.0,21.1
2017-05-21,27.7,16.4,64,25.1,0.0,5,35.1,17.5,55.0,28.7,26.1,17.5,65.0,25.8,26.0,16.6,69.0,19.0,26.1,17.8,70.0,16.4,28.9,15.9,64.0,18.1,33.8,20.1,54.0,21.1,28.5,18.2,72.0,19.9
2017-05-22,35.1,17.5,55,28.7,0.0,5,26.1,17.5,65.0,25.8,26.0,16.6,69.0,19.0,26.1,17.8,70.0,16.4,28.9,15.9,64.0,18.1,33.8,20.1,54.0,21.1,28.5,18.2,72.0,19.9,27.8,19.0,72.0,18.8
2017-05-23,26.1,17.5,65,25.8,0.1,5,26.0,16.6,69.0,19.0,26.1,17.8,70.0,16.4,28.9,15.9,64.0,18.1,33.8,20.1,54.0,21.1,28.5,18.2,72.0,19.9,27.8,19.0,72.0,18.8,29.6,18.8,63.0,15.3
2017-05-24,26.0,16.6,69,19.0,0.0,5,26.1,17.8,70.0,16.4,28.9,15.9,64.0,18.1,33.8,20.1,54.0,21.1,28.5,18.2,72.0,19.9,27.8,19.0,72.0,18.8,29.6,18.8,63.0,15.3,28.0,20.1,67.0,18.0
2017-05-25,26.1,17.8,70,16.4,0.0,5,28.9,15.9,64.0,18.1,33.8,20.1,54.0,21.1,28.5,18.2,72.0,19.9,27.8,19.0,72.0,18.8,29.6,18.8,63.0,15.3,28.0,20.1,67.0,18.0,26.9,18.2,68.0,18.4
2017-05-26,28.9,15.9,64,18.1,0.0,5,33.8,20.1,54.0,21.1,28.5,18.2,72.0,19.9,27.8,19.0,72.0,18.8,29.6,18.8,63.0,15.3,28.0,20.1,67.0,18.0,26.9,18.2,68.0,18.4,28.6,19.2,71.0,18.2
2017-05-27,33.8,20.1,54,21.1,0.0,5,28.5,18.2,72.0,19.9,27.8,19.0,72.0,18.8,29.6,18.8,63.0,15.3,28.0,20.1,67.0,18.0,26.9,18.2,68.0,18.4,28.6,19.2,71.0,18.2,30.1,20.3,73.0,15.7
2017-05-28,28.5,18.2,72,19.9,0.0,5,27.8,19.0,72.0,18.8,29.6,18.8,63.0,15.3,28.0,20.1,67.0,18.0,26.9,18.2,68.0,18.4,28.6,19.2,71.0,18.2,30.1,20.3,73.0,15.7,31.1,18.5,68.0,16.3
2017-05-29,27.8,19.0,72,18.8,0.0,5,29.6,18.8,63.0,15.3,28.0,20.1,67.0,18.0,26.9,18.2,68.0,18.4,28.6,19.2,71.0,18.2,30.1,20.3,73.0,15.7,31.1,18.5,68.0,16.3,31.6,18.0,68.0,18.3
2017-05-30,29.6,18.8,63,15.3,0.0,5,28.0,20.1,67.0,18.0,26.9,18.2,68.0,18.4,28.6,19.2,71.0,18.2,30.1,20.3,73.0,15.7,31.1,18.5,68.0,16.3,31.6,18.0,68.0,18.3,32.2,19.8,66.0,15.3
2017-05-31,28.0,20.1,67,18.0,0.0,5,26.9,18.2,68.0,18.4,28.6,19.2,71.0,18.2,30.1,20.3,73.0,15.7,31.1,18.5,68.0,16.3,31.6,18.0,68.0,18.3,32.2,19.8,66.0,15.3,31.6,20.2,65.0,15.2
2017-06-01,26.9,18.2,68,18.4,0.0,6,28.6,19.2,71.0,18.2,30.1,20.3,73.0,15.7,31.1,18.5,68.0,16.3,31.6,18.0,68.0,18.3,32.2,19.8,66.0,15.3,31.6,20.2,65.0,15.2,35.2,21.1,58.0,18.8
2017-06-02,28.6,19.2,71,18.2,0.0,6,30.1,20.3,73.0,15.7,31.1,18.5,68.0,16.3,31.6,18.0,68.0,18.3,32.2,19.8,66.0,15.3,31.6,20.2,65.0,15.2,35.2,21.1,58.0,18.8,29.1,20.9,72.0,24.3
2017-06-03,30.1,20.3,73,15.7,0.0,6,31.1,18.5,68.0,16.3,31.6,18.0,68.0,18.3,32.2,19.8,66.0,15.3,31.6,20.2,65.0,15.2,35.2,21.1,58.0,18.8,29.1,20.9,72.0,24.3,29.5,21.5,68.0,23.4
2017-06-04,31.1,18.5,68,16.3,0.0,6,31.6,18.0,68.0,18.3,32.2,19.8,66.0,15.3,31.6,20.2,65.0,15.2,35.2,21.1,58.0,18.8,29.1,20.9,72.0,24.3,29.5,21.5,68.0,23.4,28.1,20.9,71.0,20.6
2017-06-05,31.6,18.0,68,18.3,0.0,6,32.2,19.8,66.0,15.3,31.6,20.2,65.0,15.2,35.2,21.1,58.0,18.8,29.1,20.9,72.0,24.3,29.5,21.5,68.0,23.4,28.1,20.9,71.0,20.6,28.8,19.0,72.0,17.0
2017-06-06,32.2,19.8,66,15.3,0.0,6,31.6,20.2,65.0,15.2,35.2,21.1,58.0,18.8,29.1,20.9,72.0,24.3,29.5,21.5,68.0,23.4,28.1,20.9,71.0,20.6,28.8,19.0,72.0,17.0,29.5,18.6,73.0,15.5
2017-06-07,31.6,20.2,65,15.2,0.0,6,35.2,21.1,58.0,18.8,29.1,20.9,72.0,24.3,29.5,21.5,68.0,23.4,28.1,20.9,71.0,20.6,28.8,19.0,72.0,17.0,29.5,18.6,73.0,15.5,28.2,22.0,69.0,19.8
2017-06-08,35.2,21.1,58,18.8,0.0,6,29.1,20.9,72.0,24.3,29.5,21.5,68.0,23.4,28.1,20.9,71.0,20.6,28.8,19.0,72.0,17.0,29.5,18.6,73.0,15.5,28.2,22.0,69.0,19.8,29.6,21.1,70.0,16.3
2017-06-09,29.1,20.9,72,24.3,0.0,6,29.5,21.5,68.0,23.4,28.1,20.9,71.0,20.6,28.8,19.0,72.0,17.0,29.5,18.6,73.0,15.5,28.2,22.0,69.0,19.8,29.6,21.1,70.0,16.3,32.0,20.0,73.0,14.6
2017-06-10,29.5,21.5,68,23.4,0.0,6,28.1,20.9,71.0,20.6,28.8,19.0,72.0,17.0,29.5,18.6,73.0,15.5,28.2,22.0,69.0,19.8,29.6,21.1,70.0,16.3,32.0,20.0,73.0,14.6,31.7,21.8,70.0,15.7
2017-06-11,28.1,20.9,71,20.6,0.0,6,28.8,19.0,72.0,17.0,29.5,18.6,73.0,15.5,28.2,22.0,69.0,19.8,29.6,21.1,70.0,16.3,32.0,20.0,73.0,14.6,31.7,21.8,70.0,15.7,32.4,20.5,73.0,15.5
2017-06-12,28.8,19.0,72,17.0,0.0,6,29.5,18.6,73.0,15.5,28.2,22.0,69.0,19.8,29.6,21.1,70.0,16.3,32.0,20.0,73.0,14.6,31.7,21.8,70.0,15.7,32.4,20.5,73.0,15.5,33.0,21.0,73.0,20.9
2017-06-13,29.5,18.6,73,15.5,0.0,6,28.2,22.0,69.0,19.8,29.6,21.1,70.0,16.3,32.0,20.0,73.0,14.6,31.7,21.8,70.0,15.7,32.4,20.5,73.0,15.5,33.0,21.0,73.0,20.9,28.2,22.4,65.0,22.1
2017-06-14,28.2,22.0,69,19.8,0.0,6,29.6,21.1,70.0,16.3,32.0,20.0,73.0,14.6,31.7,21.8,70.0,15.7,32.4,20.5,73.0,15.5,33.0,21.0,73.0,20.9,28.2,22.4,65.0,22.1,29.5,21.1,62.0,25.0
2017-06-15,29.6,21.1,70,16.3,0.0,6,32.0,20.0,73.0,14.6,31.7,21.8,70.0,15.7,32.4,20.5,73.0,15.5,33.0,21.0,73.0,20.9,28.2,22.4,65.0,22.1,29.5,21.1,62.0,25.0,28.7,21.5,71.0,20.5
2017-06-16,32.0,20.0,73,14.6,0.0,6,31.7,21.8,70.0,15.7,32.4,20.5,73.0,15.5,33.0,21.0,73.0,20.9,28.2,22.4,65.0,22.1,29.5,21.1,62.0,25.0,28.7,21.5,71.0,20.5,30.0,20.6,72.0,18.8
2017-06-17,31.7,21.8,70,15.7,0.0,6,32.4,20.5,73.0,15.5,33.0,21.0,73.0,20.9,28.2,22.4,65.0,22.1,29.5,21.1,62.0,25.0,28.7,21.5,71.0,20.5,30.0,20.6,72.0,18.8,31.5,22.3,71.0,16.0
2017-06-18,32.4,20.5,73,15.5,0.0,6,33.0,21.0,73.0,20.9,28.2,22.4,65.0,22.1,29.5,21.1,62.0,25.0,28.7,21.5,71.0,20.5,30.0,20.6,72.0,18.8,31.5,22.3,71.0,16.0,31.5,21.4,72.0,19.2
2017-06-19,33.0,21.0,73,20.9,0.0,6,28.2,22.4,65.0,22.1,29.5,21.1,62.0,25.0,28.7,21.5,71.0,20.5,30.0,20.6,72.0,18.8,31.5,22.3,71.0,16.0,31.5,21.4,72.0,19.2,31.5,23.0,73.0,18.7
2017-06-20,28.2,22.4,65,22.1,0.0,6,29.5,21.1,62.0,25.0,28.7,21.5,71.0,20.5,30.0,20.6,72.0,18.8,31.5,22.3,71.0,16.0,31.5,21.4,72.0,19.2,31.5,23.0,73.0,18.7,32.9,21.9,74.0,17.9
2017-06-21,29.5,21.1,62,25.0,0.0,6,28.7,21.5,71.0,20.5,30.0,20.6,72.0,18.8,31.5,22.3,71.0,16.0,31.5,21.4,72.0,19.2,31.5,23.0,73.0,18.7,32.9,21.9,74.0,17.9,32.7,22.6,69.0,18.0
2017-06-22,28.7,21.5,71,20.5,0.0,6,30.0,20.6,72.0,18.8,31.5,22.3,71.0,16.0,31.5,21.4,72.0,19.2,31.5,23.0,73.0,18.7,32.9,21.9,74.0,17.9,32.7,22.6,69.0,18.0,32.0,21.5,75.0,17.6
2017-06-23,30.0,20.6,72,18.8,0.0,6,31.5,22.3,71.0,16.0,31.5,21.4,72.0,19.2,31.5,23.0,73.0,18.7,32.9,21.9,74.0,17.9,32.7,22.6,69.0,18.0,32.0,21.5,75.0,17.6,33.7,23.2,72.0,18.8
2017-06-24,31.5,22.3,71,16.0,0.0,6,31.5,21.4,72.0,19.2,31.5,23.0,73.0,18.7,32.9,21.9,74.0,17.9,32.7,22.6,69.0,18.0,32.0,21.5,75.0,17.6,33.7,23.2,72.0,18.8,36.2,23.1,69.0,13.7
2017-06-25,31.5,21.4,72,19.2,0.0,6,31.5,23.0,73.0,18.7,32.9,21.9,74.0,17.9,32.7,22.6,69.0,18.0,32.0,21.5,75.0,17.6,33.7,23.2,72.0,18.8,36.2,23.1,69.0,13.7,38.0,23.9,63.0,13.7
2017-06-26,31.5,23.0,73,18.7,0.0,6,32.9,21.9,74.0,17.9,32.7,22.6,69.0,18.0,32.0,21.5,75.0,17.6,33.7,23.2,72.0,18.8,36.2,23.1,69.0,13.7,38.0,23.9,63.0,13.7,35.6,22.8,75.0,13.8
2017-06-27,32.9,21.9,74,17.9,0.0,6,32.7,22.6,69.0,18.0,32.0,21.5,75.0,17.6,33.7,23.2,72.0,18.8,36.2,23.1,69.0,13.7,38.0,23.9,63.0,13.7,35.6,22.8,75.0,13.8,32.8,24.2,77.0,21.2
2017-06-28,32.7,22.6,69,18.0,0.0,6,32.0,21.5,75.0,17.6,33.7,23.2,72.0,18.8,36.2,23.1,69.0,13.7,38.0,23.9,63.0,13.7,35.6,22.8,75.0,13.8,32.8,24.2,77.0,21.2,31.0,24.5,70.0,23.2
2017-06-29,32.0,21.5,75,17.6,0.0,6,33.7,23.2,72.0,18.8,36.2,23.1,69.0,13.7,38.0,23.9,63.0,13.7,35.6,22.8,75.0,13.8,32.8,24.2,77.0,21.2,31.0,24.5,70.0,23.2,30.8,23.6,66.0,22.7
2017-06-30,33.7,23.2,72,18.8,0.0,6,36.2,23.1,69.0,13.7,38.0,23.9,63.0,13.7,35.6,22.8,75.0,13.8,32.8,24.2,77.0,21.2,31.0,24.5,70.0,23.2,30.8,23.6,66.0,22.7,31.4,23.9,70.0,22.4
2017-07-01,36.2,23.1,69,13.7,0.0,7,38.0,23.9,63.0,13.7,35.6,22.8,75.0,13.8,32.8,24.2,77.0,21.2,31.0,24.5,70.0,23.2,30.8,23.6,66.0,22.7,31.4,23.9,70.0,22.4,32.8,23.1,73.0,16.2
2017-07-02,38.0,23.9,63,13.7,0.0,7,35.6,22.8,75.0,13.8,32.8,24.2,77.0,21.2,31.0,24.5,70.0,23.2,30.8,23.6,66.0,22.7,31.4,23.9,70.0,22.4,32.8,23.1,73.0,16.2,34.5,23.4,74.0,15.2
2017-07-03,35.6,22.8,75,13.8,0.0,7,32.8,24.2,77.0,21.2,31.0,24.5,70.0,23.2,30.8,23.6,66.0,22.7,31.4,23.9,70.0,22.4,32.8,23.1,73.0,16.2,34.5,23.4,74.0,15.2,33.8,22.9,70.0,14.9
2017-07-04,32.8,24.2,77,21.2,0.0,7,31.0,24.5,70.0,23.2,30.8,23.6,66.0,22.7,31.4,23.9,70.0,22.4,32.8,23.1,73.0,16.2,34.5,23.4,74.0,15.2,33.8,22.9,70.0,14.9,33.5,23.1,70.0,17.8
2017-07-05,31.0,24.5,70,23.2,0.0,7,30.8,23.6,66.0,22.7,31.4,23.9,70.0,22.4,32.8,23.1,73.0,16.2,34.5,23.4,74.0,15.2,33.8,22.9,70.0,14.9,33.5,23.1,70.0,17.8,32.0,23.8,76.0,18.4
2017-07-06,30.8,23.6,66,22.7,0.0,7,31.4,23.9,70.0,22.4,32.8,23.1,73.0,16.2,34.5,23.4,74.0,15.2,33.8,22.9,70.0,14.9,33.5,23.1,70.0,17.8,32.0,23.8,76.0,18.4,33.9,23.6,68.0,18.6
2017-07-07,31.4,23.9,70,22.4,0.0,7,32.8,23.1,73.0,16.2,34.5,23.4,74.0,15.2,33.8,22.9,70.0,14.9,33.5,23.1,70.0,17.8,32.0,23.8,76.0,18.4,33.9,23.6,68.0,18.6,34.3,22.1,73.0,20.5
2017-07-08,32.8,23.1,73,16.2,0.0,7,34.5,23.4,74.0,15.2,33.8,22.9,70.0,14.9,33.5,23.1,70.0,17.8,32.0,23.8,76.0,18.4,33.9,23.6,68.0,18.6,34.3,22.1,73.0,20.5,35.2,21.6,71.0,16.6
2017-07-09,34.5,23.4,74,15.2,0.0,7,33.8,22.9,70.0,14.9,33.5,23.1,70.0,17.8,32.0,23.8,76.0,18.4,33.9,23.6,68.0,18.6,34.3,22.1,73.0,20.5,35.2,21.6,71.0,16.6,34.4,22.8,76.0,17.7
2017-07-10,33.8,22.9,70,14.9,0.0,7,33.5,23.1,70.0,17.8,32.0,23.8,76.0,18.4,33.9,23.6,68.0,18.6,34.3,22.1,73.0,20.5,35.2,21.6,71.0,16.6,34.4,22.8,76.0,17.7,32.8,23.0,74.0,11.9
2017-07-11,33.5,23.1,70,17.8,0.0,7,32.0,23.8,76.0,18.4,33.9,23.6,68.0,18.6,34.3,22.1,73.0,20.5,35.2,21.6,71.0,16.6,34.4,22.8,76.0,17.7,32.8,23.0,74.0,11.9,34.3,23.2,74.0,15.2
2017-07-12,32.0,23.8,76,18.4,0.0,7,33.9,23.6,68.0,18.6,34.3,22.1,73.0,20.5,35.2,21.6,71.0,16.6,34.4,22.8,76.0,17.7,32.8,23.0,74.0,11.9,34.3,23.2,74.0,15.2,30.8,24.5,74.0,17.6
2017-07-13,33.9,23.6,68,18.6,0.0,7,34.3,22.1,73.0,20.5,35.2,21.6,71.0,16.6,34.4,22.8,76.0,17.7,32.8,23.0,74.0,11.9,34.3,23.2,74.0,15.2,30.8,24.5,74.0,17.6,29.9,23.9,63.0,20.3
2017-07-14,34.3,22.1,73,20.5,0.0,7,35.2,21.6,71.0,16.6,34.4,22.8,76.0,17.7,32.8,23.0,74.0,11.9,34.3,23.2,74.0,15.2,30.8,24.5,74.0,17.6,29.9,23.9,63.0,20.3,31.0,22.0,68.0,23.2
2017-07-15,35.2,21.6,71,16.6,0.0,7,34.4,22.8,76.0,17.7,32.8,23.0,74.0,11.9,34.3,23.2,74.0,15.2,30.8,24.5,74.0,17.6,29.9,23.9,63.0,20.3,31.0,22.0,68.0,23.2,30.9,22.5,72.0,18.2
2017-07-16,34.4,22.8,76,17.7,0.0,7,32.8,23.0,74.0,11.9,34.3,23.2,74.0,15.2,30.8,24.5,74.0,17.6,29.9,23.9,63.0,20.3,31.0,22.0,68.0,23.2,30.9,22.5,72.0,18.2,31.5,24.4,73.0,16.6
2017-07-17,32.8,23.0,74,11.9,0.0,7,34.3,23.2,74.0,15.2,30.8,24.5,74.0,17.6,29.9,23.9,63.0,20.3,31.0,22.0,68.0,23.2,30.9,22.5,72.0,18.2,31.5,24.4,73.0,16.6,32.5,23.0,77.0,15.7
2017-07-18,34.3,23.2,74,15.2,0.0,7,30.8,24.5,74.0,17.6,29.9,23.9,63.0,20.3,31.0,22.0,68.0,23.2,30.9,22.5,72.0,18.2,31.5,24.4,73.0,16.6,32.5,23.0,77.0,15.7,33.8,23.0,75.0,15.1
2017-07-19,30.8,24.5,74,17.6,0.0,7,29.9,23.9,63.0,20.3,31.0,22.0,68.0,23.2,30.9,22.5,72.0,18.2,31.5,24.4,73.0,16.6,32.5,23.0,77.0,15.7,33.8,23.0,75.0,15.1,33.6,23.8,75.0,15.2
2017-07-20,29.9,23.9,63,20.3,0.0,7,31.0,22.0,68.0,23.2,30.9,22.5,72.0,18.2,31.5,24.4,73.0,16.6,32.5,23.0,77.0,15.7,33.8,23.0,75.0,15.1,33.6,23.8,75.0,15.2,32.5,23.2,77.0,19.6
2017-07-21,31.0,22.0,68,23.2,0.0,7,30.9,22.5,72.0,18.2,31.5,24.4,73.0,16.6,32.5,23.0,77.0,15.7,33.8,23.0,75.0,15.1,33.6,23.8,75.0,15.2,32.5,23.2,77.0,19.6,30.9,24.4,75.0,17.7
2017-07-22,30.9,22.5,72,18.2,0.0,7,31.5,24.4,73.0,16.6,32.5,23.0,77.0,15.7,33.8,23.0,75.0,15.1,33.6,23.8,75.0,15.2,32.5,23.2,77.0,19.6,30.9,24.4,75.0,17.7,30.0,23.8,68.0,16.5
2017-07-23,31.5,24.4,73,16.6,0.0,7,32.5,23.0,77.0,15.7,33.8,23.0,75.0,15.1,33.6,23.8,75.0,15.2,32.5,23.2,77.0,19.6,30.9,24.4,75.0,17.7,30.0,23.8,68.0,16.5,31.0,22.7,69.0,15.2
2017-07-24,32.5,23.0,77,15.7,0.0,7,33.8,23.0,75.0,15.1,33.6,23.8,75.0,15.2,32.5,23.2,77.0,19.6,30.9,24.4,75.0,17.7,30.0,23.8,68.0,16.5,31.0,22.7,69.0,15.2,33.1,21.4,74.0,16.8
2017-07-25,33.8,23.0,75,15.1,0.0,7,33.6,23.8,75.0,15.2,32.5,23.2,77.0,19.6,30.9,24.4,75.0,17.7,30.0,23.8,68.0,16.5,31.0,22.7,69.0,15.2,33.1,21.4,74.0,16.8,32.3,23.0,77.0,19.5
2017-07-26,33.6,23.8,75,15.2,0.0,7,32.5,23.2,77.0,19.6,30.9,24.4,75.0,17.7,30.0,23.8,68.0,16.5,31.0,22.7,69.0,15.2,33.1,21.4,74.0,16.8,32.3,23.0,77.0,19.5,32.3,23.4,74.0,19.3
2017-07-27,32.5,23.2,77,19.6,0.0,7,30.9,24.4,75.0,17.7,30.0,23.8,68.0,16.5,31.0,22.7,69.0,15.2,33.1,21.4,74.0,16.8,32.3,23.0,77.0,19.5,32.3,23.4,74.0,19.3,31.8,22.8,76.0,17.9
2017-07-28,30.9,24.4,75,17.7,0.0,7,30.0,23.8,68.0,16.5,31.0,22.7,69.0,15.2,33.1,21.4,74.0,16.8,32.3,23.0,77.0,19.5,32.3,23.4,74.0,19.3,31.8,22.8,76.0,17.9,31.9,22.3,74.0,15.6
2017-07-29,30.0,23.8,68,16.5,0.0,7,31.0,22.7,69.0,15.2,33.1,21.4,74.0,16.8,32.3,23.0,77.0,19.5,32.3,23.4,74.0,19.3,31.8,22.8,76.0,17.9,31.9,22.3,74.0,15.6,33.4,21.9,71.0,16.2
2017-07-30,31.0,22.7,69,15.2,0.0,7,33.1,21.4,74.0,16.8,32.3,23.0,77.0,19.5,32.3,23.4,74.0,19.3,31.8,22.8,76.0,17.9,31.9,22.3,74.0,15.6,33.4,21.9,71.0,16.2,33.2,23.3,73.0,21.3
2017-07-31,33.1,21.4,74,16.8,0.0,7,32.3,23.0,77.0,19.5,32.3,23.4,74.0,19.3,31.8,22.8,76.0,17.9,31.9,22.3,74.0,15.6,33.4,21.9,71.0,16.2,33.2,23.3,73.0,21.3,32.1,23.3,75.0,18.0
2017-08-01,32.3,23.0,77,19.5,0.0,8,32.3,23.4,74.0,19.3,31.8,22.8,76.0,17.9,31.9,22.3,74.0,15.6,33.4,21.9,71.0,16.2,33.2,23.3,73.0,21.3,32.1,23.3,75.0,18.0,31.9,24.4,74.0,15.9
2017-08-02,32.3,23.4,74,19.3,0.0,8,31.8,22.8,76.0,17.9,31.9,22.3,74.0,15.6,33.4,21.9,71.0,16.2,33.2,23.3,73.0,21.3,32.1,23.3,75.0,18.0,31.9,24.4,74.0,15.9,32.1,23.4,74.0,17.7
2017-08-03,31.8,22.8,76,17.9,0.0,8,31.9,22.3,74.0,15.6,33.4,21.9,71.0,16.2,33.2,23.3,73.0,21.3,32.1,23.3,75.0,18.0,31.9,24.4,74.0,15.9,32.1,23.4,74.0,17.7,32.2,24.0,75.0,17.0
2017-08-04,31.9,22.3,74,15.6,0.0,8,33.4,21.9,71.0,16.2,33.2,23.3,73.0,21.3,32.1,23.3,75.0,18.0,31.9,24.4,74.0,15.9,32.1,23.4,74.0,17.7,32.2,24.0,75.0,17.0,33.2,24.4,75.0,21.1
2017-08-05,33.4,21.9,71,16.2,0.0,8,33.2,23.3,73.0,21.3,32.1,23.3,75.0,18.0,31.9,24.4,74.0,15.9,32.1,23.4,74.0,17.7,32.2,24.0,75.0,17.0,33.2,24.4,75.0,21.1,33.2,24.7,75.0,19.0
2017-08-06,33.2,23.3,73,21.3,0.0,8,32.1,23.3,75.0,18.0,31.9,24.4,74.0,15.9,32.1,23.4,74.0,17.7,32.2,24.0,75.0,17.0,33.2,24.4,75.0,21.1,33.2,24.7,75.0,19.0,36.3,24.6,73.0,20.2
2017-08-07,32.1,23.3,75,18.0,0.0,8,31.9,24.4,74.0,15.9,32.1,23.4,74.0,17.7,32.2,24.0,75.0,17.0,33.2,24.4,75.0,21.1,33.2,24.7,75.0,19.0,36.3,24.6,73.0,20.2,32.6,24.8,74.0,21.9
2017-08-08,31.9,24.4,74,15.9,0.0,8,32.1,23.4,74.0,17.7,32.2,24.0,75.0,17.0,33.2,24.4,75.0,21.1,33.2,24.7,75.0,19.0,36.3,24.6,73.0,20.2,32.6,24.8,74.0,21.9,31.0,24.1,68.0,20.1
2017-08-09,32.1,23.4,74,17.7,0.0,8,32.2,24.0,75.0,17.0,33.2,24.4,75.0,21.1,33.2,24.7,75.0,19.0,36.3,24.6,73.0,20.2,32.6,24.8,74.0,21.9,31.0,24.1,68.0,20.1,32.8,22.6,66.0,24.7
2017-08-10,32.2,24.0,75,17.0,0.0,8,33.2,24.4,75.0,21.1,33.2,24.7,75.0,19.0,36.3,24.6,73.0,20.2,32.6,24.8,74.0,21.9,31.0,24.1,68.0,20.1,32.8,22.6,66.0,24.7,33.2,23.4,62.0,24.7
2017-08-11,33.2,24.4,75,21.1,0.0,8,33.2,24.7,75.0,19.0,36.3,24.6,73.0,20.2,32.6,24.8,74.0,21.9,31.0,24.1,68.0,20.1,32.8,22.6,66.0,24.7,33.2,23.4,62.0,24.7,33.0,23.5,66.0,18.0
2017-08-12,33.2,24.7,75,19.0,0.0,8,36.3,24.6,73.0,20.2,32.6,24.8,74.0,21.9,31.0,24.1,68.0,20.1,32.8,22.6,66.0,24.7,33.2,23.4,62.0,24.7,33.0,23.5,66.0,18.0,33.0,24.0,70.0,19.5
2017-08-13,36.3,24.6,73,20.2,0.0,8,32.6,24.8,74.0,21.9,31.0,24.1,68.0,20.1,32.8,22.6,66.0,24.7,33.2,23.4,62.0,24.7,33.0,23.5,66.0,18.0,33.0,24.0,70.0,19.5,31.6,24.2,72.0,17.1
2017-08-14,32.6,24.8,74,21.9,0.0,8,31.0,24.1,68.0,20.1,32.8,22.6,66.0,24.7,33.2,23.4,62.0,24.7,33.0,23.5,66.0,18.0,33.0,24.0,70.0,19.5,31.6,24.2,72.0,17.1,32.2,23.0,71.0,18.6
2017-08-15,31.0,24.1,68,20.1,0.0,8,32.8,22.6,66.0,24.7,33.2,23.4,62.0,24.7,33.0,23.5,66.0,18.0,33.0,24.0,70.0,19.5,31.6,24.2,72.0,17.1,32.2,23.0,71.0,18.6,32.6,23.2,71.0,18.3
2017-08-16,32.8,22.6,66,24.7,0.0,8,33.2,23.4,62.0,24.7,33.0,23.5,66.0,18.0,33.0,24.0,70.0,19.5,31.6,24.2,72.0,17.1,32.2,23.0,71.0,18.6,32.6,23.2,71.0,18.3,32.2,24.5,67.0,18.5
2017-08-17,33.2,23.4,62,24.7,0.0,8,33.0,23.5,66.0,18.0,33.0,24.0,70.0,19.5,31.6,24.2,72.0,17.1,32.2,23.0,71.0,18.6,32.6,23.2,71.0,18.3,32.2,24.5,67.0,18.5,31.8,24.3,66.0,17.4
2017-08-18,33.0,23.5,66,18.0,0.0,8,33.0,24.0,70.0,19.5,31.6,24.2,72.0,17.1,32.2,23.0,71.0,18.6,32.6,23.2,71.0,18.3,32.2,24.5,67.0,18.5,31.8,24.3,66.0,17.4,31.7,23.1,69.0,14.4
2017-08-19,33.0,24.0,70,19.5,0.1,8,31.6,24.2,72.0,17.1,32.2,23.0,71.0,18.6,32.6,23.2,71.0,18.3,32.2,24.5,67.0,18.5,31.8,24.3,66.0,17.4,31.7,23.1,69.0,14.4,33.5,22.5,71.0,16.1
2017-08-20,31.6,24.2,72,17.1,0.0,8,32.2,23.0,71.0,18.6,32.6,23.2,71.0,18.3,32.2,24.5,67.0,18.5,31.8,24.3,66.0,17.4,31.7,23.1,69.0,14.4,33.5,22.5,71.0,16.1,32.3,25.0,73.0,19.2
2017-08-21,32.2,23.0,71,18.6,0.0,8,32.6,23.2,71.0,18.3,32.2,24.5,67.0,18.5,31.8,24.3,66.0,17.4,31.7,23.1,69.0,14.4,33.5,22.5,71.0,16.1,32.3,25.0,73.0,19.2,30.6,22.5,66.0,20.1
2017-08-22,32.6,23.2,71,18.3,0.0,8,32.2,24.5,67.0,18.5,31.8,24.3,66.0,17.4,31.7,23.1,69.0,14.4,33.5,22.5,71.0,16.1,32.3,25.0,73.0,19.2,30.6,22.5,66.0,20.1,31.1,20.2,68.0,17.0
2017-08-23,32.2,24.5,67,18.5,0.0,8,31.8,24.3,66.0,17.4,31.7,23.1,69.0,14.4,33.5,22.5,71.0,16.1,32.3,25.0,73.0,19.2,30.6,22.5,66.0,20.1,31.1,20.2,68.0,17.0,30.5,21.4,65.0,15.3
2017-08-24,31.8,24.3,66,17.4,0.0,8,31.7,23.1,69.0,14.4,33.5,22.5,71.0,16.1,32.3,25.0,73.0,19.2,30.6,22.5,66.0,20.1,31.1,20.2,68.0,17.0,30.5,21.4,65.0,15.3,31.2,22.6,69.0,19.7
2017-08-25,31.7,23.1,69,14.4,0.0,8,33.5,22.5,71.0,16.1,32.3,25.0,73.0,19.2,30.6,22.5,66.0,20.1,31.1,20.2,68.0,17.0,30.5,21.4,65.0,15.3,31.2,22.6,69.0,19.7,30.0,23.7,67.0,19.0
2017-08-26,33.5,22.5,71,16.1,0.0,8,32.3,25.0,73.0,19.2,30.6,22.5,66.0,20.1,31.1,20.2,68.0,17.0,30.5,21.4,65.0,15.3,31.2,22.6,69.0,19.7,30.0,23.7,67.0,19.0,31.5,23.2,72.0,17.6
2017-08-27,32.3,25.0,73,19.2,0.0,8,30.6,22.5,66.0,20.1,31.1,20.2,68.0,17.0,30.5,21.4,65.0,15.3,31.2,22.6,69.0,19.7,30.0,23.7,67.0,19.0,31.5,23.2,72.0,17.6,31.7,23.3,65.0,18.7
2017-08-28,30.6,22.5,66,20.1,0.0,8,31.1,20.2,68.0,17.0,30.5,21.4,65.0,15.3,31.2,22.6,69.0,19.7,30.0,23.7,67.0,19.0,31.5,23.2,72.0,17.6,31.7,23.3,65.0,18.7,33.0,22.3,67.0,18.8
2017-08-29,31.1,20.2,68,17.0,0.0,8,30.5,21.4,65.0,15.3,31.2,22.6,69.0,19.7,30.0,23.7,67.0,19.0,31.5,23.2,72.0,17.6,31.7,23.3,65.0,18.7,33.0,22.3,67.0,18.8,32.0,23.0,72.0,19.5
2017-08-30,30.5,21.4,65,15.3,0.0,8,31.2,22.6,69.0,19.7,30.0,23.7,67.0,19.0,31.5,23.2,72.0,17.6,31.7,23.3,65.0,18.7,33.0,22.3,67.0,18.8,32.0,23.0,72.0,19.5,30.5,22.6,64.0,19.5
2017-08-31,31.2,22.6,69,19.7,0.0,8,30.0,23.7,67.0,19.0,31.5,23.2,72.0,17.6,31.7,23.3,65.0,18.7,33.0,22.3,67.0,18.8,32.0,23.0,72.0,19.5,30.5,22.6,64.0,19.5,29.8,23.0,61.0,16.6
2017-09-01,30.0,23.7,67,19.0,0.0,9,31.5,23.2,72.0,17.6,31.7,23.3,65.0,18.7,33.0,22.3,67.0,18.8,32.0,23.0,72.0,19.5,30.5,22.6,64.0,19.5,29.8,23.0,61.0,16.6,30.6,21.6,70.0,14.7
2017-09-02,31.5,23.2,72,17.6,0.0,9,31.7,23.3,65.0,18.7,33.0,22.3,67.0,18.8,32.0,23.0,72.0,19.5,30.5,22.6,64.0,19.5,29.8,23.0,61.0,16.6,30.6,21.6,70.0,14.7,30.5,22.3,65.0,15.9
2017-09-03,31.7,23.3,65,18.7,0.0,9,33.0,22.3,67.0,18.8,32.0,23.0,72.0,19.5,30.5,22.6,64.0,19.5,29.8,23.0,61.0,16.6,30.6,21.6,70.0,14.7,30.5,22.3,65.0,15.9,30.8,20.6,68.0,16.2
2017-09-04,33.0,22.3,67,18.8,0.0,9,32.0,23.0,72.0,19.5,30.5,22.6,64.0,19.5,29.8,23.0,61.0,16.6,30.6,21.6,70.0,14.7,30.5,22.3,65.0,15.9,30.8,20.6,68.0,16.2,32.2,21.0,70.0,13.7
2017-09-05,32.0,23.0,72,19.5,0.0,9,30.5,22.6,64.0,19.5,29.8,23.0,61.0,16.6,30.6,21.6,70.0,14.7,30.5,22.3,65.0,15.9,30.8,20.6,68.0,16.2,32.2,21.0,70.0,13.7,34.8,22.5,73.0,13.3
2017-09-06,30.5,22.6,64,19.5,0.0,9,29.8,23.0,61.0,16.6,30.6,21.6,70.0,14.7,30.5,22.3,65.0,15.9,30.8,20.6,68.0,16.2,32.2,21.0,70.0,13.7,34.8,22.5,73.0,13.3,31.5,23.0,76.0,16.6
2017-09-07,29.8,23.0,61,16.6,0.0,9,30.6,21.6,70.0,14.7,30.5,22.3,65.0,15.9,30.8,20.6,68.0,16.2,32.2,21.0,70.0,13.7,34.8,22.5,73.0,13.3,31.5,23.0,76.0,16.6,29.6,24.0,71.0,20.5
2017-09-08,30.6,21.6,70,14.7,0.0,9,30.5,22.3,65.0,15.9,30.8,20.6,68.0,16.2,32.2,21.0,70.0,13.7,34.8,22.5,73.0,13.3,31.5,23.0,76.0,16.6,29.6,24.0,71.0,20.5,30.2,23.9,68.0,21.6
2017-09-09,30.5,22.3,65,15.9,0.0,9,30.8,20.6,68.0,16.2,32.2,21.0,70.0,13.7,34.8,22.5,73.0,13.3,31.5,23.0,76.0,16.6,29.6,24.0,71.0,20.5,30.2,23.9,68.0,21.6,30.7,22.9,66.0,20.2
2017-09-10,30.8,20.6,68,16.2,0.0,9,32.2,21.0,70.0,13.7,34.8,22.5,73.0,13.3,31.5,23.0,76.0,16.6,29.6,24.0,71.0,20.5,30.2,23.9,68.0,21.6,30.7,22.9,66.0,20.2,31.7,22.4,70.0,19.0
2017-09-11,32.2,21.0,70,13.7,0.0,9,34.8,22.5,73.0,13.3,31.5,23.0,76.0,16.6,29.6,24.0,71.0,20.5,30.2,23.9,68.0,21.6,30.7,22.9,66.0,20.2,31.7,22.4,70.0,19.0,31.2,23.1,70.0,19.8
2017-09-12,34.8,22.5,73,13.3,0.0,9,31.5,23.0,76.0,16.6,29.6,24.0,71.0,20.5,30.2,23.9,68.0,21.6,30.7,22.9,66.0,20.2,31.7,22.4,70.0,19.0,31.2,23.1,70.0,19.8,31.0,23.0,69.0,15.4
2017-09-13,31.5,23.0,76,16.6,0.0,9,29.6,24.0,71.0,20.5,30.2,23.9,68.0,21.6,30.7,22.9,66.0,20.2,31.7,22.4,70.0,19.0,31.2,23.1,70.0,19.8,31.0,23.0,69.0,15.4,33.2,21.6,75.0,14.0
2017-09-14,29.6,24.0,71,20.5,0.0,9,30.2,23.9,68.0,21.6,30.7,22.9,66.0,20.2,31.7,22.4,70.0,19.0,31.2,23.1,70.0,19.8,31.0,23.0,69.0,15.4,33.2,21.6,75.0,14.0,32.9,22.8,78.0,22.3
2017-09-15,30.2,23.9,68,21.6,0.0,9,30.7,22.9,66.0,20.2,31.7,22.4,70.0,19.0,31.2,23.1,70.0,19.8,31.0,23.0,69.0,15.4,33.2,21.6,75.0,14.0,32.9,22.8,78.0,22.3,29.2,23.3,68.0,18.9
2017-09-16,30.7,22.9,66,20.2,0.0,9,31.7,22.4,70.0,19.0,31.2,23.1,70.0,19.8,31.0,23.0,69.0,15.4,33.2,21.6,75.0,14.0,32.9,22.8,78.0,22.3,29.2,23.3,68.0,18.9,28.3,23.1,56.0,19.8
2017-09-17,31.7,22.4,70,19.0,0.0,9,31.2,23.1,70.0,19.8,31.0,23.0,69.0,15.4,33.2,21.6,75.0,14.0,32.9,22.8,78.0,22.3,29.2,23.3,68.0,18.9,28.3,23.1,56.0,19.8,28.0,22.4,54.0,18.4
2017-09-18,31.2,23.1,70,19.8,0.0,9,31.0,23.0,69.0,15.4,33.2,21.6,75.0,14.0,32.9,22.8,78.0,22.3,29.2,23.3,68.0,18.9,28.3,23.1,56.0,19.8,28.0,22.4,54.0,18.4,28.6,20.9,62.0,15.6
2017-09-19,31.0,23.0,69,15.4,0.0,9,33.2,21.6,75.0,14.0,32.9,22.8,78.0,22.3,29.2,23.3,68.0,18.9,28.3,23.1,56.0,19.8,28.0,22.4,54.0,18.4,28.6,20.9,62.0,15.6,29.0,20.4,71.0,15.7
2017-09-20,33.2,21.6,75,14.0,0.0,9,32.9,22.8,78.0,22.3,29.2,23.3,68.0,18.9,28.3,23.1,56.0,19.8,28.0,22.4,54.0,18.4,28.6,20.9,62.0,15.6,29.0,20.4,71.0,15.7,28.5,20.7,71.0,15.6
2017-09-21,32.9,22.8,78,22.3,0.0,9,29.2,23.3,68.0,18.9,28.3,23.1,56.0,19.8,28.0,22.4,54.0,18.4,28.6,20.9,62.0,15.6,29.0,20.4,71.0,15.7,28.5,20.7,71.0,15.6,28.1,21.2,64.0,17.1
2017-09-22,29.2,23.3,68,18.9,0.0,9,28.3,23.1,56.0,19.8,28.0,22.4,54.0,18.4,28.6,20.9,62.0,15.6,29.0,20.4,71.0,15.7,28.5,20.7,71.0,15.6,28.1,21.2,64.0,17.1,28.2,21.9,66.0,19.3
2017-09-23,28.3,23.1,56,19.8,0.0,9,28.0,22.4,54.0,18.4,28.6,20.9,62.0,15.6,29.0,20.4,71.0,15.7,28.5,20.7,71.0,15.6,28.1,21.2,64.0,17.1,28.2,21.9,66.0,19.3,29.7,19.4,71.0,12.0
2017-09-24,28.0,22.4,54,18.4,0.0,9,28.6,20.9,62.0,15.6,29.0,20.4,71.0,15.7,28.5,20.7,71.0,15.6,28.1,21.2,64.0,17.1,28.2,21.9,66.0,19.3,29.7,19.4,71.0,12.0,31.5,20.6,65.0,22.6
2017-09-25,28.6,20.9,62,15.6,0.0,9,29.0,20.4,71.0,15.7,28.5,20.7,71.0,15.6,28.1,21.2,64.0,17.1,28.2,21.9,66.0,19.3,29.7,19.4,71.0,12.0,31.5,20.6,65.0,22.6,29.5,23.4,73.0,20.2
2017-09-26,29.0,20.4,71,15.7,0.0,9,28.5,20.7,71.0,15.6,28.1,21.2,64.0,17.1,28.2,21.9,66.0,19.3,29.7,19.4,71.0,12.0,31.5,20.6,65.0,22.6,29.5,23.4,73.0,20.2,27.2,22.5,66.0,18.8
2017-09-27,28.5,20.7,71,15.6,0.0,9,28.1,21.2,64.0,17.1,28.2,21.9,66.0,19.3,29.7,19.4,71.0,12.0,31.5,20.6,65.0,22.6,29.5,23.4,73.0,20.2,27.2,22.5,66.0,18.8,27.5,22.1,59.0,18.4
2017-09-28,28.1,21.2,64,17.1,0.0,9,28.2,21.9,66.0,19.3,29.7,19.4,71.0,12.0,31.5,20.6,65.0,22.6,29.5,23.4,73.0,20.2,27.2,22.5,66.0,18.8,27.5,22.1,59.0,18.4,27.3,21.9,58.0,21.7
2017-09-29,28.2,21.9,66,19.3,0.0,9,29.7,19.4,71.0,12.0,31.5,20.6,65.0,22.6,29.5,23.4,73.0,20.2,27.2,22.5,66.0,18.8,27.5,22.1,59.0,18.4,27.3,21.9,58.0,21.7,28.0,19.5,65.0,16.5
2017-09-30,29.7,19.4,71,12.0,0.0,9,31.5,20.6,65.0,22.6,29.5,23.4,73.0,20.2,27.2,22.5,66.0,18.8,27.5,22.1,59.0,18.4,27.3,21.9,58.0,21.7,28.0,19.5,65.0,16.5,33.7,17.9,59.0,11.2
2017-10-01,31.5,20.6,65,22.6,0.0,10,29.5,23.4,73.0,20.2,27.2,22.5,66.0,18.8,27.5,22.1,59.0,18.4,27.3,21.9,58.0,21.7,28.0,19.5,65.0,16.5,33.7,17.9,59.0,11.2,30.1,21.0,72.0,19.7
2017-10-02,29.5,23.4,73,20.2,0.5,10,27.2,22.5,66.0,18.8,27.5,22.1,59.0,18.4,27.3,21.9,58.0,21.7,28.0,19.5,65.0,16.5,33.7,17.9,59.0,11.2,30.1,21.0,72.0,19.7,26.3,20.5,62.0,25.9
2017-10-03,27.2,22.5,66,18.8,0.0,10,27.5,22.1,59.0,18.4,27.3,21.9,58.0,21.7,28.0,19.5,65.0,16.5,33.7,17.9,59.0,11.2,30.1,21.0,72.0,19.7,26.3,20.5,62.0,25.9,26.6,19.4,53.0,19.7
2017-10-04,27.5,22.1,59,18.4,0.0,10,27.3,21.9,58.0,21.7,28.0,19.5,65.0,16.5,33.7,17.9,59.0,11.2,30.1,21.0,72.0,19.7,26.3,20.5,62.0,25.9,26.6,19.4,53.0,19.7,26.2,20.1,57.0,20.0
2017-10-05,27.3,21.9,58,21.7,0.0,10,28.0,19.5,65.0,16.5,33.7,17.9,59.0,11.2,30.1,21.0,72.0,19.7,26.3,20.5,62.0,25.9,26.6,19.4,53.0,19.7,26.2,20.1,57.0,20.0,26.6,17.9,58.0,19.7
2017-10-06,28.0,19.5,65,16.5,0.0,10,33.7,17.9,59.0,11.2,30.1,21.0,72.0,19.7,26.3,20.5,62.0,25.9,26.6,19.4,53.0,19.7,26.2,20.1,57.0,20.0,26.6,17.9,58.0,19.7,27.2,19.9,58.0,18.0
2017-10-07,33.7,17.9,59,11.2,0.0,10,30.1,21.0,72.0,19.7,26.3,20.5,62.0,25.9,26.6,19.4,53.0,19.7,26.2,20.1,57.0,20.0,26.6,17.9,58.0,19.7,27.2,19.9,58.0,18.0,26.8,18.8,62.0,18.5
2017-10-08,30.1,21.0,72,19.7,0.8,10,26.3,20.5,62.0,25.9,26.6,19.4,53.0,19.7,26.2,20.1,57.0,20.0,26.6,17.9,58.0,19.7,27.2,19.9,58.0,18.0,26.8,18.8,62.0,18.5,27.8,18.4,62.0,23.2
2017-10-09,26.3,20.5,62,25.9,0.1,10,26.6,19.4,53.0,19.7,26.2,20.1,57.0,20.0,26.6,17.9,58.0,19.7,27.2,19.9,58.0,18.0,26.8,18.8,62.0,18.5,27.8,18.4,62.0,23.2,27.2,18.6,61.0,18.5
2017-10-10,26.6,19.4,53,19.7,0.0,10,26.2,20.1,57.0,20.0,26.6,17.9,58.0,19.7,27.2,19.9,58.0,18.0,26.8,18.8,62.0,18.5,27.8,18.4,62.0,23.2,27.2,18.6,61.0,18.5,28.0,18.8,68.0,15.0
2017-10-11,26.2,20.1,57,20.0,0.0,10,26.6,17.9,58.0,19.7,27.2,19.9,58.0,18.0,26.8,18.8,62.0,18.5,27.8,18.4,62.0,23.2,27.2,18.6,61.0,18.5,28.0,18.8,68.0,15.0,28.2,21.4,65.0,16.1
2017-10-12,26.6,17.9,58,19.7,0.0,10,27.2,19.9,58.0,18.0,26.8,18.8,62.0,18.5,27.8,18.4,62.0,23.2,27.2,18.6,61.0,18.5,28.0,18.8,68.0,15.0,28.2,21.4,65.0,16.1,27.5,20.5,72.0,19.1
2017-10-13,27.2,19.9,58,18.0,0.1,10,26.8,18.8,62.0,18.5,27.8,18.4,62.0,23.2,27.2,18.6,61.0,18.5,28.0,18.8,68.0,15.0,28.2,21.4,65.0,16.1,27.5,20.5,72.0,19.1,26.6,20.2,70.0,16.5
2017-10-14,26.8,18.8,62,18.5,0.0,10,27.8,18.4,62.0,23.2,27.2,18.6,61.0,18.5,28.0,18.8,68.0,15.0,28.2,21.4,65.0,16.1,27.5,20.5,72.0,19.1,26.6,20.2,70.0,16.5,26.0,18.0,70.0,15.1
2017-10-15,27.8,18.4,62,23.2,0.0,10,27.2,18.6,61.0,18.5,28.0,18.8,68.0,15.0,28.2,21.4,65.0,16.1,27.5,20.5,72.0,19.1,26.6,20.2,70.0,16.5,26.0,18.0,70.0,15.1,26.2,18.5,69.0,15.2
2017-10-16,27.2,18.6,61,18.5,0.0,10,28.0,18.8,68.0,15.0,28.2,21.4,65.0,16.1,27.5,20.5,72.0,19.1,26.6,20.2,70.0,16.5,26.0,18.0,70.0,15.1,26.2,18.5,69.0,15.2,26.5,18.4,69.0,15.3
2017-10-17,28.0,18.8,68,15.0,0.0,10,28.2,21.4,65.0,16.1,27.5,20.5,72.0,19.1,26.6,20.2,70.0,16.5,26.0,18.0,70.0,15.1,26.2,18.5,69.0,15.2,26.5,18.4,69.0,15.3,28.6,17.3,63.0,15.5
2017-10-18,28.2,21.4,65,16.1,0.0,10,27.5,20.5,72.0,19.1,26.6,20.2,70.0,16.5,26.0,18.0,70.0,15.1,26.2,18.5,69.0,15.2,26.5,18.4,69.0,15.3,28.6,17.3,63.0,15.5,30.7,18.2,58.0,18.5
2017-10-19,27.5,20.5,72,19.1,0.0,10,26.6,20.2,70.0,16.5,26.0,18.0,70.0,15.1,26.2,18.5,69.0,15.2,26.5,18.4,69.0,15.3,28.6,17.3,63.0,15.5,30.7,18.2,58.0,18.5,28.7,20.0,72.0,18.0
2017-10-20,26.6,20.2,70,16.5,0.0,10,26.0,18.0,70.0,15.1,26.2,18.5,69.0,15.2,26.5,18.4,69.0,15.3,28.6,17.3,63.0,15.5,30.7,18.2,58.0,18.5,28.7,20.0,72.0,18.0,27.3,19.1,74.0,20.6
2017-10-21,26.0,18.0,70,15.1,0.0,10,26.2,18.5,69.0,15.2,26.5,18.4,69.0,15.3,28.6,17.3,63.0,15.5,30.7,18.2,58.0,18.5,28.7,20.0,72.0,18.0,27.3,19.1,74.0,20.6,28.4,16.5,61.0,22.5
2017-10-22,26.2,18.5,69,15.2,0.0,10,26.5,18.4,69.0,15.3,28.6,17.3,63.0,15.5,30.7,18.2,58.0,18.5,28.7,20.0,72.0,18.0,27.3,19.1,74.0,20.6,28.4,16.5,61.0,22.5,29.2,16.8,55.0,20.8
2017-10-23,26.5,18.4,69,15.3,0.0,10,28.6,17.3,63.0,15.5,30.7,18.2,58.0,18.5,28.7,20.0,72.0,18.0,27.3,19.1,74.0,20.6,28.4,16.5,61.0,22.5,29.2,16.8,55.0,20.8,25.7,18.0,62.0,17.6
2017-10-24,28.6,17.3,63,15.5,0.0,10,30.7,18.2,58.0,18.5,28.7,20.0,72.0,18.0,27.3,19.1,74.0,20.6,28.4,16.5,61.0,22.5,29.2,16.8,55.0,20.8,25.7,18.0,62.0,17.6,27.3,18.7,64.0,21.3
2017-10-25,30.7,18.2,58,18.5,0.0,10,28.7,20.0,72.0,18.0,27.3,19.1,74.0,20.6,28.4,16.5,61.0,22.5,29.2,16.8,55.0,20.8,25.7,18.0,62.0,17.6,27.3,18.7,64.0,21.3,25.7,16.6,69.0,15.1
2017-10-26,28.7,20.0,72,18.0,0.0,10,27.3,19.1,74.0,20.6,28.4,16.5,61.0,22.5,29.2,16.8,55.0,20.8,25.7,18.0,62.0,17.6,27.3,18.7,64.0,21.3,25.7,16.6,69.0,15.1,23.4,17.0,62.0,18.4
2017-10-27,27.3,19.1,74,20.6,1.7,10,28.4,16.5,61.0,22.5,29.2,16.8,55.0,20.8,25.7,18.0,62.0,17.6,27.3,18.7,64.0,21.3,25.7,16.6,69.0,15.1,23.4,17.0,62.0,18.4,23.5,16.5,59.0,19.5
2017-10-28,28.4,16.5,61,22.5,0.0,10,29.2,16.8,55.0,20.8,25.7,18.0,62.0,17.6,27.3,18.7,64.0,21.3,25.7,16.6,69.0,15.1,23.4,17.0,62.0,18.4,23.5,16.5,59.0,19.5,24.5,16.4,58.0,14.4
2017-10-29,29.2,16.8,55,20.8,0.0,10,25.7,18.0,62.0,17.6,27.3,18.7,64.0,21.3,25.7,16.6,69.0,15.1,23.4,17.0,62.0,18.4,23.5,16.5,59.0,19.5,24.5,16.4,58.0,14.4,25.6,15.4,62.0,20.1
2017-10-30,25.7,18.0,62,17.6,0.2,10,27.3,18.7,64.0,21.3,25.7,16.6,69.0,15.1,23.4,17.0,62.0,18.4,23.5,16.5,59.0,19.5,24.5,16.4,58.0,14.4,25.6,15.4,62.0,20.1,23.8,14.8,58.0,17.8
2017-10-31,27.3,18.7,64,21.3,0.0,10,25.7,16.6,69.0,15.1,23.4,17.0,62.0,18.4,23.5,16.5,59.0,19.5,24.5,16.4,58.0,14.4,25.6,15.4,62.0,20.1,23.8,14.8,58.0,17.8,23.8,15.9,59.0,14.6
2017-11-01,25.7,16.6,69,15.1,0.1,11,23.4,17.0,62.0,18.4,23.5,16.5,59.0,19.5,24.5,16.4,58.0,14.4,25.6,15.4,62.0,20.1,23.8,14.8,58.0,17.8,23.8,15.9,59.0,14.6,24.1,16.9,61.0,18.5
2017-11-02,23.4,17.0,62,18.4,0.0,11,23.5,16.5,59.0,19.5,24.5,16.4,58.0,14.4,25.6,15.4,62.0,20.1,23.8,14.8,58.0,17.8,23.8,15.9,59.0,14.6,24.1,16.9,61.0,18.5,24.1,16.6,70.0,14.3
2017-11-03,23.5,16.5,59,19.5,0.1,11,24.5,16.4,58.0,14.4,25.6,15.4,62.0,20.1,23.8,14.8,58.0,17.8,23.8,15.9,59.0,14.6,24.1,16.9,61.0,18.5,24.1,16.6,70.0,14.3,24.6,15.8,76.0,14.2
2017-11-04,24.5,16.4,58,14.4,0.0,11,25.6,15.4,62.0,20.1,23.8,14.8,58.0,17.8,23.8,15.9,59.0,14.6,24.1,16.9,61.0,18.5,24.1,16.6,70.0,14.3,24.6,15.8,76.0,14.2,24.2,15.1,72.0,16.3
2017-11-05,25.6,15.4,62,20.1,0.0,11,23.8,14.8,58.0,17.8,23.8,15.9,59.0,14.6,24.1,16.9,61.0,18.5,24.1,16.6,70.0,14.3,24.6,15.8,76.0,14.2,24.2,15.1,72.0,16.3,24.5,16.0,72.0,18.5
2017-11-06,23.8,14.8,58,17.8,0.0,11,23.8,15.9,59.0,14.6,24.1,16.9,61.0,18.5,24.1,16.6,70.0,14.3,24.6,15.8,76.0,14.2,24.2,15.1,72.0,16.3,24.5,16.0,72.0,18.5,28.5,16.1,63.0,18.6
2017-11-07,23.8,15.9,59,14.6,0.0,11,24.1,16.9,61.0,18.5,24.1,16.6,70.0,14.3,24.6,15.8,76.0,14.2,24.2,15.1,72.0,16.3,24.5,16.0,72.0,18.5,28.5,16.1,63.0,18.6,26.5,14.4,49.0,14.7
2017-11-08,24.1,16.9,61,18.5,0.0,11,24.1,16.6,70.0,14.3,24.6,15.8,76.0,14.2,24.2,15.1,72.0,16.3,24.5,16.0,72.0,18.5,28.5,16.1,63.0,18.6,26.5,14.4,49.0,14.7,25.1,16.6,73.0,13.3
2017-11-09,24.1,16.6,70,14.3,0.0,11,24.6,15.8,76.0,14.2,24.2,15.1,72.0,16.3,24.5,16.0,72.0,18.5,28.5,16.1,63.0,18.6,26.5,14.4,49.0,14.7,25.1,16.6,73.0,13.3,24.4,15.9,75.0,14.7
2017-11-10,24.6,15.8,76,14.2,0.5,11,24.2,15.1,72.0,16.3,24.5,16.0,72.0,18.5,28.5,16.1,63.0,18.6,26.5,14.4,49.0,14.7,25.1,16.6,73.0,13.3,24.4,15.9,75.0,14.7,24.8,17.3,81.0,13.9
2017-11-11,24.2,15.1,72,16.3,0.0,11,24.5,16.0,72.0,18.5,28.5,16.1,63.0,18.6,26.5,14.4,49.0,14.7,25.1,16.6,73.0,13.3,24.4,15.9,75.0,14.7,24.8,17.3,81.0,13.9,25.5,16.6,82.0,14.5
2017-11-12,24.5,16.0,72,18.5,0.0,11,28.5,16.1,63.0,18.6,26.5,14.4,49.0,14.7,25.1,16.6,73.0,13.3,24.4,15.9,75.0,14.7,24.8,17.3,81.0,13.9,25.5,16.6,82.0,14.5,24.5,16.5,70.0,20.5
2017-11-13,28.5,16.1,63,18.6,0.0,11,26.5,14.4,49.0,14.7,25.1,16.6,73.0,13.3,24.4,15.9,75.0,14.7,24.8,17.3,81.0,13.9,25.5,16.6,82.0,14.5,24.5,16.5,70.0,20.5,24.3,13.6,64.0,22.2
2017-11-14,26.5,14.4,49,14.7,0.0,11,25.1,16.6,73.0,13.3,24.4,15.9,75.0,14.7,24.8,17.3,81.0,13.9,25.5,16.6,82.0,14.5,24.5,16.5,70.0,20.5,24.3,13.6,64.0,22.2,20.8,16.6,57.0,27.8
2017-11-15,25.1,16.6,73,13.3,0.0,11,24.4,15.9,75.0,14.7,24.8,17.3,81.0,13.9,25.5,16.6,82.0,14.5,24.5,16.5,70.0,20.5,24.3,13.6,64.0,22.2,20.8,16.6,57.0,27.8,19.6,15.4,52.0,26.3
2017-11-16,24.4,15.9,75,14.7,0.0,11,24.8,17.3,81.0,13.9,25.5,16.6,82.0,14.5,24.5,16.5,70.0,20.5,24.3,13.6,64.0,22.2,20.8,16.6,57.0,27.8,19.6,15.4,52.0,26.3,21.0,14.1,56.0,19.7
2017-11-17,24.8,17.3,81,13.9,0.0,11,25.5,16.6,82.0,14.5,24.5,16.5,70.0,20.5,24.3,13.6,64.0,22.2,20.8,16.6,57.0,27.8,19.6,15.4,52.0,26.3,21.0,14.1,56.0,19.7,21.6,13.5,60.0,13.7
2017-11-18,25.5,16.6,82,14.5,0.0,11,24.5,16.5,70.0,20.5,24.3,13.6,64.0,22.2,20.8,16.6,57.0,27.8,19.6,15.4,52.0,26.3,21.0,14.1,56.0,19.7,21.6,13.5,60.0,13.7,22.2,14.4,67.0,11.1
2017-11-19,24.5,16.5,70,20.5,0.0,11,24.3,13.6,64.0,22.2,20.8,16.6,57.0,27.8,19.6,15.4,52.0,26.3,21.0,14.1,56.0,19.7,21.6,13.5,60.0,13.7,22.2,14.4,67.0,11.1,21.4,12.6,78.0,14.5
2017-11-20,24.3,13.6,64,22.2,0.1,11,20.8,16.6,57.0,27.8,19.6,15.4,52.0,26.3,21.0,14.1,56.0,19.7,21.6,13.5,60.0,13.7,22.2,14.4,67.0,11.1,21.4,12.6,78.0,14.5,23.0,12.3,76.0,12.1
2017-11-21,20.8,16.6,57,27.8,0.1,11,19.6,15.4,52.0,26.3,21.0,14.1,56.0,19.7,21.6,13.5,60.0,13.7,22.2,14.4,67.0,11.1,21.4,12.6,78.0,14.5,23.0,12.3,76.0,12.1,25.4,12.4,57.0,16.6
2017-11-22,19.6,15.4,52,26.3,0.0,11,21.0,14.1,56.0,19.7,21.6,13.5,60.0,13.7,22.2,14.4,67.0,11.1,21.4,12.6,78.0,14.5,23.0,12.3,76.0,12.1,25.4,12.4,57.0,16.6,22.0,13.2,67.0,16.6
2017-11-23,21.0,14.1,56,19.7,0.1,11,21.6,13.5,60.0,13.7,22.2,14.4,67.0,11.1,21.4,12.6,78.0,14.5,23.0,12.3,76.0,12.1,25.4,12.4,57.0,16.6,22.0,13.2,67.0,16.6,20.9,14.2,71.0,15.2
2017-11-24,21.6,13.5,60,13.7,0.0,11,22.2,14.4,67.0,11.1,21.4,12.6,78.0,14.5,23.0,12.3,76.0,12.1,25.4,12.4,57.0,16.6,22.0,13.2,67.0,16.6,20.9,14.2,71.0,15.2,22.5,14.4,65.0,15.8
2017-11-25,22.2,14.4,67,11.1,1.2,11,21.4,12.6,78.0,14.5,23.0,12.3,76.0,12.1,25.4,12.4,57.0,16.6,22.0,13.2,67.0,16.6,20.9,14.2,71.0,15.2,22.5,14.4,65.0,15.8,24.8,14.7,75.0,14.3
2017-11-26,21.4,12.6,78,14.5,0.8,11,23.0,12.3,76.0,12.1,25.4,12.4,57.0,16.6,22.0,13.2,67.0,16.6,20.9,14.2,71.0,15.2,22.5,14.4,65.0,15.8,24.8,14.7,75.0,14.3,25.0,15.1,77.0,14.1
2017-11-27,23.0,12.3,76,12.1,0.0,11,25.4,12.4,57.0,16.6,22.0,13.2,67.0,16.6,20.9,14.2,71.0,15.2,22.5,14.4,65.0,15.8,24.8,14.7,75.0,14.3,25.0,15.1,77.0,14.1,25.9,14.2,83.0,12.2
2017-11-28,25.4,12.4,57,16.6,0.0,11,22.0,13.2,67.0,16.6,20.9,14.2,71.0,15.2,22.5,14.4,65.0,15.8,24.8,14.7,75.0,14.3,25.0,15.1,77.0,14.1,25.9,14.2,83.0,12.2,22.8,15.1,75.0,20.2
2017-11-29,22.0,13.2,67,16.6,0.1,11,20.9,14.2,71.0,15.2,22.5,14.4,65.0,15.8,24.8,14.7,75.0,14.3,25.0,15.1,77.0,14.1,25.9,14.2,83.0,12.2,22.8,15.1,75.0,20.2,18.5,14.9,55.0,31.1
2017-11-30,20.9,14.2,71,15.2,0.4,11,22.5,14.4,65.0,15.8,24.8,14.7,75.0,14.3,25.0,15.1,77.0,14.1,25.9,14.2,83.0,12.2,22.8,15.1,75.0,20.2,18.5,14.9,55.0,31.1,18.9,14.7,44.0,22.8
2017-12-01,22.5,14.4,65,15.8,0.0,12,24.8,14.7,75.0,14.3,25.0,15.1,77.0,14.1,25.9,14.2,83.0,12.2,22.8,15.1,75.0,20.2,18.5,14.9,55.0,31.1,18.9,14.7,44.0,22.8,20.2,12.1,59.0,14.1
2017-12-02,24.8,14.7,75,14.3,0.0,12,25.0,15.1,77.0,14.1,25.9,14.2,83.0,12.2,22.8,15.1,75.0,20.2,18.5,14.9,55.0,31.1,18.9,14.7,44.0,22.8,20.2,12.1,59.0,14.1,20.3,11.8,62.0,14.3
2017-12-03,25.0,15.1,77,14.1,0.0,12,25.9,14.2,83.0,12.2,22.8,15.1,75.0,20.2,18.5,14.9,55.0,31.1,18.9,14.7,44.0,22.8,20.2,12.1,59.0,14.1,20.3,11.8,62.0,14.3,21.0,13.6,67.0,13.7
2017-12-04,25.9,14.2,83,12.2,0.0,12,22.8,15.1,75.0,20.2,18.5,14.9,55.0,31.1,18.9,14.7,44.0,22.8,20.2,12.1,59.0,14.1,20.3,11.8,62.0,14.3,21.0,13.6,67.0,13.7,21.4,15.3,68.0,22.1
2017-12-05,22.8,15.1,75,20.2,0.0,12,18.5,14.9,55.0,31.1,18.9,14.7,44.0,22.8,20.2,12.1,59.0,14.1,20.3,11.8,62.0,14.3,21.0,13.6,67.0,13.7,21.4,15.3,68.0,22.1,24.5,17.0,73.0,12.2
2017-12-06,18.5,14.9,55,31.1,0.5,12,18.9,14.7,44.0,22.8,20.2,12.1,59.0,14.1,20.3,11.8,62.0,14.3,21.0,13.6,67.0,13.7,21.4,15.3,68.0,22.1,24.5,17.0,73.0,12.2,20.9,17.2,68.0,22.0
2017-12-07,18.9,14.7,44,22.8,0.0,12,20.2,12.1,59.0,14.1,20.3,11.8,62.0,14.3,21.0,13.6,67.0,13.7,21.4,15.3,68.0,22.1,24.5,17.0,73.0,12.2,20.9,17.2,68.0,22.0,21.3,15.9,64.0,17.1
2017-12-08,20.2,12.1,59,14.1,0.0,12,20.3,11.8,62.0,14.3,21.0,13.6,67.0,13.7,21.4,15.3,68.0,22.1,24.5,17.0,73.0,12.2,20.9,17.2,68.0,22.0,21.3,15.9,64.0,17.1,21.4,14.5,66.0,13.4
2017-12-09,20.3,11.8,62,14.3,0.0,12,21.0,13.6,67.0,13.7,21.4,15.3,68.0,22.1,24.5,17.0,73.0,12.2,20.9,17.2,68.0,22.0,21.3,15.9,64.0,17.1,21.4,14.5,66.0,13.4,21.9,10.6,73.0,13.0
2017-12-10,21.0,13.6,67,13.7,0.0,12,21.4,15.3,68.0,22.1,24.5,17.0,73.0,12.2,20.9,17.2,68.0,22.0,21.3,15.9,64.0,17.1,21.4,14.5,66.0,13.4,21.9,10.6,73.0,13.0,24.0,13.9,75.0,13.3
2017-12-11,21.4,15.3,68,22.1,0.0,12,24.5,17.0,73.0,12.2,20.9,17.2,68.0,22.0,21.3,15.9,64.0,17.1,21.4,14.5,66.0,13.4,21.9,10.6,73.0,13.0,24.0,13.9,75.0,13.3,22.5,13.6,66.0,10.6
2017-12-12,24.5,17.0,73,12.2,0.0,12,20.9,17.2,68.0,22.0,21.3,15.9,64.0,17.1,21.4,14.5,66.0,13.4,21.9,10.6,73.0,13.0,24.0,13.9,75.0,13.3,22.5,13.6,66.0,10.6,21.6,15.6,83.0,17.7
2017-12-13,20.9,17.2,68,22.0,0.2,12,21.3,15.9,64.0,17.1,21.4,14.5,66.0,13.4,21.9,10.6,73.0,13.0,24.0,13.9,75.0,13.3,22.5,13.6,66.0,10.6,21.6,15.6,83.0,17.7,21.2,17.1,85.0,17.1
2017-12-14,21.3,15.9,64,17.1,0.0,12,21.4,14.5,66.0,13.4,21.9,10.6,73.0,13.0,24.0,13.9,75.0,13.3,22.5,13.6,66.0,10.6,21.6,15.6,83.0,17.7,21.2,17.1,85.0,17.1,22.0,17.5,84.0,11.4
2017-12-15,21.4,14.5,66,13.4,0.1,12,21.9,10.6,73.0,13.0,24.0,13.9,75.0,13.3,22.5,13.6,66.0,10.6,21.6,15.6,83.0,17.7,21.2,17.1,85.0,17.1,22.0,17.5,84.0,11.4,27.5,16.4,61.0,12.9
2017-12-16,21.9,10.6,73,13.0,0.1,12,24.0,13.9,75.0,13.3,22.5,13.6,66.0,10.6,21.6,15.6,83.0,17.7,21.2,17.1,85.0,17.1,22.0,17.5,84.0,11.4,27.5,16.4,61.0,12.9,22.2,16.2,54.0,17.1
2017-12-17,24.0,13.9,75,13.3,0.0,12,22.5,13.6,66.0,10.6,21.6,15.6,83.0,17.7,21.2,17.1,85.0,17.1,22.0,17.5,84.0,11.4,27.5,16.4,61.0,12.9,22.2,16.2,54.0,17.1,16.5,12.6,63.0,24.5
2017-12-18,22.5,13.6,66,10.6,0.2,12,21.6,15.6,83.0,17.7,21.2,17.1,85.0,17.1,22.0,17.5,84.0,11.4,27.5,16.4,61.0,12.9,22.2,16.2,54.0,17.1,16.5,12.6,63.0,24.5,18.6,12.1,51.0,21.3
2017-12-19,21.6,15.6,83,17.7,0.0,12,21.2,17.1,85.0,17.1,22.0,17.5,84.0,11.4,27.5,16.4,61.0,12.9,22.2,16.2,54.0,17.1,16.5,12.6,63.0,24.5,18.6,12.1,51.0,21.3,20.1,11.0,66.0,20.0
2017-12-20,21.2,17.1,85,17.1,0.0,12,22.0,17.5,84.0,11.4,27.5,16.4,61.0,12.9,22.2,16.2,54.0,17.1,16.5,12.6,63.0,24.5,18.6,12.1,51.0,21.3,20.1,11.0,66.0,20.0,21.5,12.0,68.0,10.9
2017-12-21,22.0,17.5,84,11.4,0.0,12,27.5,16.4,61.0,12.9,22.2,16.2,54.0,17.1,16.5,12.6,63.0,24.5,18.6,12.1,51.0,21.3,20.1,11.0,66.0,20.0,21.5,12.0,68.0,10.9,20.2,12.2,75.0,11.0
2017-12-22,27.5,16.4,61,12.9,0.0,12,22.2,16.2,54.0,17.1,16.5,12.6,63.0,24.5,18.6,12.1,51.0,21.3,20.1,11.0,66.0,20.0,21.5,12.0,68.0,10.9,20.2,12.2,75.0,11.0,20.3,13.7,70.0,12.1
2017-12-23,22.2,16.2,54,17.1,0.0,12,16.5,12.6,63.0,24.5,18.6,12.1,51.0,21.3,20.1,11.0,66.0,20.0,21.5,12.0,68.0,10.9,20.2,12.2,75.0,11.0,20.3,13.7,70.0,12.1,20.4,10.5,47.0,17.8
2017-12-24,16.5,12.6,63,24.5,3.6,12,18.6,12.1,51.0,21.3,20.1,11.0,66.0,20.0,21.5,12.0,68.0,10.9,20.2,12.2,75.0,11.0,20.3,13.7,70.0,12.1,20.4,10.5,47.0,17.8,17.9,9.4,56.0,26.2
2017-12-25,18.6,12.1,51,21.3,0.2,12,20.1,11.0,66.0,20.0,21.5,12.0,68.0,10.9,20.2,12.2,75.0,11.0,20.3,13.7,70.0,12.1,20.4,10.5,47.0,17.8,17.9,9.4,56.0,26.2,17.5,10.8,68.0,28.2
2017-12-26,20.1,11.0,66,20.0,0.0,12,21.5,12.0,68.0,10.9,20.2,12.2,75.0,11.0,20.3,13.7,70.0,12.1,20.4,10.5,47.0,17.8,17.9,9.4,56.0,26.2,17.5,10.8,68.0,28.2,19.5,11.9,60.0,16.8
2017-12-27,21.5,12.0,68,10.9,0.0,12,20.2,12.2,75.0,11.0,20.3,13.7,70.0,12.1,20.4,10.5,47.0,17.8,17.9,9.4,56.0,26.2,17.5,10.8,68.0,28.2,19.5,11.9,60.0,16.8,20.1,10.4,56.0,19.5
2017-12-28,20.2,12.2,75,11.0,0.0,12,20.3,13.7,70.0,12.1,20.4,10.5,47.0,17.8,17.9,9.4,56.0,26.2,17.5,10.8,68.0,28.2,19.5,11.9,60.0,16.8,20.1,10.4,56.0,19.5,18.0,11.2,57.0,26.9
2017-12-29,20.3,13.7,70,12.1,0.3,12,20.4,10.5,47.0,17.8,17.9,9.4,56.0,26.2,17.5,10.8,68.0,28.2,19.5,11.9,60.0,16.8,20.1,10.4,56.0,19.5,18.0,11.2,57.0,26.9,17.5,12.2,77.0,35.7
2017-12-30,20.4,10.5,47,17.8,0.0,12,17.9,9.4,56.0,26.2,17.5,10.8,68.0,28.2,19.5,11.9,60.0,16.8,20.1,10.4,56.0,19.5,18.0,11.2,57.0,26.9,17.5,12.2,77.0,35.7,18.8,12.1,69.0,16.5
2017-12-31,17.9,9.4,56,26.2,0.0,12,17.5,10.8,68.0,28.2,19.5,11.9,60.0,16.8,20.1,10.4,56.0,19.5,18.0,11.2,57.0,26.9,17.5,12.2,77.0,35.7,18.8,12.1,69.0,16.5,20.0,9.9,73.0,14.8
2018-01-01,17.5,10.8,68,28.2,1.1,1,19.5,11.9,60.0,16.8,20.1,10.4,56.0,19.5,18.0,11.2,57.0,26.9,17.5,12.2,77.0,35.7,18.8,12.1,69.0,16.5,20.0,9.9,73.0,14.8,19.6,12.6,74.0,17.4
2018-01-02,19.5,11.9,60,16.8,0.0,1,20.1,10.4,56.0,19.5,18.0,11.2,57.0,26.9,17.5,12.2,77.0,35.7,18.8,12.1,69.0,16.5,20.0,9.9,73.0,14.8,19.6,12.6,74.0,17.4,19.1,11.5,77.0,10.2
2018-01-03,20.1,10.4,56,19.5,0.0,1,18.0,11.2,57.0,26.9,17.5,12.2,77.0,35.7,18.8,12.1,69.0,16.5,20.0,9.9,73.0,14.8,19.6,12.6,74.0,17.4,19.1,11.5,77.0,10.2,18.0,11.3,79.0,14.1
2018-01-04,18.0,11.2,57,26.9,1.5,1,17.5,12.2,77.0,35.7,18.8,12.1,69.0,16.5,20.0,9.9,73.0,14.8,19.6,12.6,74.0,17.4,19.1,11.5,77.0,10.2,18.0,11.3,79.0,14.1,23.6,9.8,62.0,17.9
2018-01-05,17.5,12.2,77,35.7,10.2,1,18.8,12.1,69.0,16.5,20.0,9.9,73.0,14.8,19.6,12.6,74.0,17.4,19.1,11.5,77.0,10.2,18.0,11.3,79.0,14.1,23.6,9.8,62.0,17.9,20.0,10.9,80.0,12.7
2018-01-06,18.8,12.1,69,16.5,0.2,1,20.0,9.9,73.0,14.8,19.6,12.6,74.0,17.4,19.1,11.5,77.0,10.2,18.0,11.3,79.0,14.1,23.6,9.8,62.0,17.9,20.0,10.9,80.0,12.7,20.6,11.8,78.0,11.5
2018-01-07,20.0,9.9,73,14.8,0.0,1,19.6,12.6,74.0,17.4,19.1,11.5,77.0,10.2,18.0,11.3,79.0,14.1,23.6,9.8,62.0,17.9,20.0,10.9,80.0,12.7,20.6,11.8,78.0,11.5,18.4,10.1,58.0,29.3
2018-01-08,19.6,12.6,74,17.4,0.0,1,19.1,11.5,77.0,10.2,18.0,11.3,79.0,14.1,23.6,9.8,62.0,17.9,20.0,10.9,80.0,12.7,20.6,11.8,78.0,11.5,18.4,10.1,58.0,29.3,18.7,11.6,75.0,18.7
2018-01-09,19.1,11.5,77,10.2,0.0,1,18.0,11.3,79.0,14.1,23.6,9.8,62.0,17.9,20.0,10.9,80.0,12.7,20.6,11.8,78.0,11.5,18.4,10.1,58.0,29.3,18.7,11.6,75.0,18.7,19.4,10.8,67.0,14.9
2018-01-10,18.0,11.3,79,14.1,0.0,1,23.6,9.8,62.0,17.9,20.0,10.9,80.0,12.7,20.6,11.8,78.0,11.5,18.4,10.1,58.0,29.3,18.7,11.6,75.0,18.7,19.4,10.8,67.0,14.9,19.1,11.4,66.0,21.9
2018-01-11,23.6,9.8,62,17.9,0.0,1,20.0,10.9,80.0,12.7,20.6,11.8,78.0,11.5,18.4,10.1,58.0,29.3,18.7,11.6,75.0,18.7,19.4,10.8,67.0,14.9,19.1,11.4,66.0,21.9,20.8,11.1,58.0,38.4
2018-01-12,20.0,10.9,80,12.7,0.0,1,20.6,11.8,78.0,11.5,18.4,10.1,58.0,29.3,18.7,11.6,75.0,18.7,19.4,10.8,67.0,14.9,19.1,11.4,66.0,21.9,20.8,11.1,58.0,38.4,16.0,12.4,49.0,36.3
2018-01-13,20.6,11.8,78,11.5,0.4,1,18.4,10.1,58.0,29.3,18.7,11.6,75.0,18.7,19.4,10.8,67.0,14.9,19.1,11.4,66.0,21.9,20.8,11.1,58.0,38.4,16.0,12.4,49.0,36.3,18.4,10.1,63.0,11.0
2018-01-14,18.4,10.1,58,29.3,0.0,1,18.7,11.6,75.0,18.7,19.4,10.8,67.0,14.9,19.1,11.4,66.0,21.9,20.8,11.1,58.0,38.4,16.0,12.4,49.0,36.3,18.4,10.1,63.0,11.0,21.4,8.9,61.0,13.3
2018-01-15,18.7,11.6,75,18.7,0.0,1,19.4,10.8,67.0,14.9,19.1,11.4,66.0,21.9,20.8,11.1,58.0,38.4,16.0,12.4,49.0,36.3,18.4,10.1,63.0,11.0,21.4,8.9,61.0,13.3,20.8,11.9,42.0,24.8
2018-01-16,19.4,10.8,67,14.9,0.0,1,19.1,11.4,66.0,21.9,20.8,11.1,58.0,38.4,16.0,12.4,49.0,36.3,18.4,10.1,63.0,11.0,21.4,8.9,61.0,13.3,20.8,11.9,42.0,24.8,17.6,13.7,68.0,23.0
2018-01-17,19.1,11.4,66,21.9,0.5,1,20.8,11.1,58.0,38.4,16.0,12.4,49.0,36.3,18.4,10.1,63.0,11.0,21.4,8.9,61.0,13.3,20.8,11.9,42.0,24.8,17.6,13.7,68.0,23.0,16.1,11.9,77.0,17.9
2018-01-18,20.8,11.1,58,38.4,1.0,1,16.0,12.4,49.0,36.3,18.4,10.1,63.0,11.0,21.4,8.9,61.0,13.3,20.8,11.9,42.0,24.8,17.6,13.7,68.0,23.0,16.1,11.9,77.0,17.9,15.1,9.9,73.0,31.4
2018-01-19,16.0,12.4,49,36.3,0.6,1,18.4,10.1,63.0,11.0,21.4,8.9,61.0,13.3,20.8,11.9,42.0,24.8,17.6,13.7,68.0,23.0,16.1,11.9,77.0,17.9,15.1,9.9,73.0,31.4,14.2,8.4,63.0,29.2
2018-01-20,18.4,10.1,63,11.0,0.0,1,21.4,8.9,61.0,13.3,20.8,11.9,42.0,24.8,17.6,13.7,68.0,23.0,16.1,11.9,77.0,17.9,15.1,9.9,73.0,31.4,14.2,8.4,63.0,29.2,17.0,8.8,68.0,26.3
2018-01-21,21.4,8.9,61,13.3,0.0,1,20.8,11.9,42.0,24.8,17.6,13.7,68.0,23.0,16.1,11.9,77.0,17.9,15.1,9.9,73.0,31.4,14.2,8.4,63.0,29.2,17.0,8.8,68.0,26.3,18.2,5.9,75.0,18.0
2018-01-22,20.8,11.9,42,24.8,0.0,1,17.6,13.7,68.0,23.0,16.1,11.9,77.0,17.9,15.1,9.9,73.0,31.4,14.2,8.4,63.0,29.2,17.0,8.8,68.0,26.3,18.2,5.9,75.0,18.0,18.1,9.6,71.0,18.4
2018-01-23,17.6,13.7,68,23.0,0.6,1,16.1,11.9,77.0,17.9,15.1,9.9,73.0,31.4,14.2,8.4,63.0,29.2,17.0,8.8,68.0,26.3,18.2,5.9,75.0,18.0,18.1,9.6,71.0,18.4,18.2,9.8,73.0,12.1
2018-01-24,16.1,11.9,77,17.9,1.8,1,15.1,9.9,73.0,31.4,14.2,8.4,63.0,29.2,17.0,8.8,68.0,26.3,18.2,5.9,75.0,18.0,18.1,9.6,71.0,18.4,18.2,9.8,73.0,12.1,18.2,7.9,72.0,11.9
2018-01-25,15.1,9.9,73,31.4,1.6,1,14.2,8.4,63.0,29.2,17.0,8.8,68.0,26.3,18.2,5.9,75.0,18.0,18.1,9.6,71.0,18.4,18.2,9.8,73.0,12.1,18.2,7.9,72.0,11.9,18.8,9.2,71.0,12.8
2018-01-26,14.2,8.4,63,29.2,2.2,1,17.0,8.8,68.0,26.3,18.2,5.9,75.0,18.0,18.1,9.6,71.0,18.4,18.2,9.8,73.0,12.1,18.2,7.9,72.0,11.9,18.8,9.2,71.0,12.8,19.5,10.1,76.0,12.7
2018-01-27,17.0,8.8,68,26.3,0.5,1,18.2,5.9,75.0,18.0,18.1,9.6,71.0,18.4,18.2,9.8,73.0,12.1,18.2,7.9,72.0,11.9,18.8,9.2,71.0,12.8,19.5,10.1,76.0,12.7,20.3,10.9,82.0,14.0
2018-01-28,18.2,5.9,75,18.0,0.1,1,18.1,9.6,71.0,18.4,18.2,9.8,73.0,12.1,18.2,7.9,72.0,11.9,18.8,9.2,71.0,12.8,19.5,10.1,76.0,12.7,20.3,10.9,82.0,14.0,26.0,10.7,75.0,10.3
2018-01-29,18.1,9.6,71,18.4,0.6,1,18.2,9.8,73.0,12.1,18.2,7.9,72.0,11.9,18.8,9.2,71.0,12.8,19.5,10.1,76.0,12.7,20.3,10.9,82.0,14.0,26.0,10.7,75.0,10.3,27.0,11.1,45.0,11.1
2018-01-30,18.2,9.8,73,12.1,0.0,1,18.2,7.9,72.0,11.9,18.8,9.2,71.0,12.8,19.5,10.1,76.0,12.7,20.3,10.9,82.0,14.0,26.0,10.7,75.0,10.3,27.0,11.1,45.0,11.1,24.2,13.8,59.0,9.8
2018-01-31,18.2,7.9,72,11.9,0.0,1,18.8,9.2,71.0,12.8,19.5,10.1,76.0,12.7,20.3,10.9,82.0,14.0,26.0,10.7,75.0,10.3,27.0,11.1,45.0,11.1,24.2,13.8,59.0,9.8,22.5,12.6,79.0,16.9
2018-02-01,18.8,9.2,71,12.8,0.0,2,19.5,10.1,76.0,12.7,20.3,10.9,82.0,14.0,26.0,10.7,75.0,10.3,27.0,11.1,45.0,11.1,24.2,13.8,59.0,9.8,22.5,12.6,79.0,16.9,22.6,15.4,70.0,19.1
2018-02-02,19.5,10.1,76,12.7,0.0,2,20.3,10.9,82.0,14.0,26.0,10.7,75.0,10.3,27.0,11.1,45.0,11.1,24.2,13.8,59.0,9.8,22.5,12.6,79.0,16.9,22.6,15.4,70.0,19.1,22.0,13.1,80.0,15.0
2018-02-03,20.3,10.9,82,14.0,0.0,2,26.0,10.7,75.0,10.3,27.0,11.1,45.0,11.1,24.2,13.8,59.0,9.8,22.5,12.6,79.0,16.9,22.6,15.4,70.0,19.1,22.0,13.1,80.0,15.0,26.5,13.4,72.0,14.2
2018-02-04,26.0,10.7,75,10.3,0.0,2,27.0,11.1,45.0,11.1,24.2,13.8,59.0,9.8,22.5,12.6,79.0,16.9,22.6,15.4,70.0,19.1,22.0,13.1,80.0,15.0,26.5,13.4,72.0,14.2,21.3,15.9,63.0,18.3
2018-02-05,27.0,11.1,45,11.1,0.0,2,24.2,13.8,59.0,9.8,22.5,12.6,79.0,16.9,22.6,15.4,70.0,19.1,22.0,13.1,80.0,15.0,26.5,13.4,72.0,14.2,21.3,15.9,63.0,18.3,18.0,11.9,83.0,13.5
2018-02-06,24.2,13.8,59,9.8,0.0,2,22.5,12.6,79.0,16.9,22.6,15.4,70.0,19.1,22.0,13.1,80.0,15.0,26.5,13.4,72.0,14.2,21.3,15.9,63.0,18.3,18.0,11.9,83.0,13.5,18.2,10.9,75.0,23.5
2018-02-07,22.5,12.6,79,16.9,0.0,2,22.6,15.4,70.0,19.1,22.0,13.1,80.0,15.0,26.5,13.4,72.0,14.2,21.3,15.9,63.0,18.3,18.0,11.9,83.0,13.5,18.2,10.9,75.0,23.5,19.7,10.9,65.0,10.8
2018-02-08,22.6,15.4,70,19.1,0.0,2,22.0,13.1,80.0,15.0,26.5,13.4,72.0,14.2,21.3,15.9,63.0,18.3,18.0,11.9,83.0,13.5,18.2,10.9,75.0,23.5,19.7,10.9,65.0,10.8,19.2,12.1,72.0,14.4
2018-02-09,22.0,13.1,80,15.0,0.0,2,26.5,13.4,72.0,14.2,21.3,15.9,63.0,18.3,18.0,11.9,83.0,13.5,18.2,10.9,75.0,23.5,19.7,10.9,65.0,10.8,19.2,12.1,72.0,14.4,20.7,9.1,71.0,14.4
2018-02-10,26.5,13.4,72,14.2,0.0,2,21.3,15.9,63.0,18.3,18.0,11.9,83.0,13.5,18.2,10.9,75.0,23.5,19.7,10.9,65.0,10.8,19.2,12.1,72.0,14.4,20.7,9.1,71.0,14.4,17.8,9.4,72.0,22.9
2018-02-11,21.3,15.9,63,18.3,1.0,2,18.0,11.9,83.0,13.5,18.2,10.9,75.0,23.5,19.7,10.9,65.0,10.8,19.2,12.1,72.0,14.4,20.7,9.1,71.0,14.4,17.8,9.4,72.0,22.9,19.7,12.6,70.0,26.0
2018-02-12,18.0,11.9,83,13.5,8.8,2,18.2,10.9,75.0,23.5,19.7,10.9,65.0,10.8,19.2,12.1,72.0,14.4,20.7,9.1,71.0,14.4,17.8,9.4,72.0,22.9,19.7,12.6,70.0,26.0,20.4,9.5,77.0,12.3
2018-02-13,18.2,10.9,75,23.5,0.5,2,19.7,10.9,65.0,10.8,19.2,12.1,72.0,14.4,20.7,9.1,71.0,14.4,17.8,9.4,72.0,22.9,19.7,12.6,70.0,26.0,20.4,9.5,77.0,12.3,20.5,11.1,79.0,11.6
2018-02-14,19.7,10.9,65,10.8,0.0,2,19.2,12.1,72.0,14.4,20.7,9.1,71.0,14.4,17.8,9.4,72.0,22.9,19.7,12.6,70.0,26.0,20.4,9.5,77.0,12.3,20.5,11.1,79.0,11.6,22.7,11.4,72.0,20.2
2018-02-15,19.2,12.1,72,14.4,0.0,2,20.7,9.1,71.0,14.4,17.8,9.4,72.0,22.9,19.7,12.6,70.0,26.0,20.4,9.5,77.0,12.3,20.5,11.1,79.0,11.6,22.7,11.4,72.0,20.2,23.7,12.1,69.0,15.1
2018-02-16,20.7,9.1,71,14.4,4.8,2,17.8,9.4,72.0,22.9,19.7,12.6,70.0,26.0,20.4,9.5,77.0,12.3,20.5,11.1,79.0,11.6,22.7,11.4,72.0,20.2,23.7,12.1,69.0,15.1,21.4,12.5,79.0,14.8
2018-02-17,17.8,9.4,72,22.9,0.3,2,19.7,12.6,70.0,26.0,20.4,9.5,77.0,12.3,20.5,11.1,79.0,11.6,22.7,11.4,72.0,20.2,23.7,12.1,69.0,15.1,21.4,12.5,79.0,14.8,21.5,12.1,72.0,10.7
2018-02-18,19.7,12.6,70,26.0,0.0,2,20.4,9.5,77.0,12.3,20.5,11.1,79.0,11.6,22.7,11.4,72.0,20.2,23.7,12.1,69.0,15.1,21.4,12.5,79.0,14.8,21.5,12.1,72.0,10.7,20.2,12.9,61.0,19.5
2018-02-19,20.4,9.5,77,12.3,0.0,2,20.5,11.1,79.0,11.6,22.7,11.4,72.0,20.2,23.7,12.1,69.0,15.1,21.4,12.5,79.0,14.8,21.5,12.1,72.0,10.7,20.2,12.9,61.0,19.5,25.0,13.1,60.0,25.7
2018-02-20,20.5,11.1,79,11.6,0.0,2,22.7,11.4,72.0,20.2,23.7,12.1,69.0,15.1,21.4,12.5,79.0,14.8,21.5,12.1,72.0,10.7,20.2,12.9,61.0,19.5,25.0,13.1,60.0,25.7,20.5,12.1,71.0,15.2
2018-02-21,22.7,11.4,72,20.2,0.9,2,23.7,12.1,69.0,15.1,21.4,12.5,79.0,14.8,21.5,12.1,72.0,10.7,20.2,12.9,61.0,19.5,25.0,13.1,60.0,25.7,20.5,12.1,71.0,15.2,21.7,11.6,67.0,12.9
2018-02-22,23.7,12.1,69,15.1,0.0,2,21.4,12.5,79.0,14.8,21.5,12.1,72.0,10.7,20.2,12.9,61.0,19.5,25.0,13.1,60.0,25.7,20.5,12.1,71.0,15.2,21.7,11.6,67.0,12.9,27.4,11.2,64.0,20.2
2018-02-23,21.4,12.5,79,14.8,0.7,2,21.5,12.1,72.0,10.7,20.2,12.9,61.0,19.5,25.0,13.1,60.0,25.7,20.5,12.1,71.0,15.2,21.7,11.6,67.0,12.9,27.4,11.2,64.0,20.2,22.0,13.1,79.0,14.6
2018-02-24,21.5,12.1,72,10.7,0.0,2,20.2,12.9,61.0,19.5,25.0,13.1,60.0,25.7,20.5,12.1,71.0,15.2,21.7,11.6,67.0,12.9,27.4,11.2,64.0,20.2,22.0,13.1,79.0,14.6,29.0,13.6,66.0,13.0
2018-02-25,20.2,12.9,61,19.5,0.0,2,25.0,13.1,60.0,25.7,20.5,12.1,71.0,15.2,21.7,11.6,67.0,12.9,27.4,11.2,64.0,20.2,22.0,13.1,79.0,14.6,29.0,13.6,66.0,13.0,32.5,15.0,53.0,19.6
2018-02-26,25.0,13.1,60,25.7,0.8,2,20.5,12.1,71.0,15.2,21.7,11.6,67.0,12.9,27.4,11.2,64.0,20.2,22.0,13.1,79.0,14.6,29.0,13.6,66.0,13.0,32.5,15.0,53.0,19.6,29.2,14.2,67.0,12.3
2018-02-27,20.5,12.1,71,15.2,1.3,2,21.7,11.6,67.0,12.9,27.4,11.2,64.0,20.2,22.0,13.1,79.0,14.6,29.0,13.6,66.0,13.0,32.5,15.0,53.0,19.6,29.2,14.2,67.0,12.3,23.4,14.1,58.0,20.0
2018-02-28,21.7,11.6,67,12.9,0.0,2,27.4,11.2,64.0,20.2,22.0,13.1,79.0,14.6,29.0,13.6,66.0,13.0,32.5,15.0,53.0,19.6,29.2,14.2,67.0,12.3,23.4,14.1,58.0,20.0,28.8,12.0,67.0,14.5
2018-03-01,27.4,11.2,64,20.2,0.0,3,22.0,13.1,79.0,14.6,29.0,13.6,66.0,13.0,32.5,15.0,53.0,19.6,29.2,14.2,67.0,12.3,23.4,14.1,58.0,20.0,28.8,12.0,67.0,14.5,28.0,16.6,41.0,23.7
2018-03-02,22.0,13.1,79,14.6,0.0,3,29.0,13.6,66.0,13.0,32.5,15.0,53.0,19.6,29.2,14.2,67.0,12.3,23.4,14.1,58.0,20.0,28.8,12.0,67.0,14.5,28.0,16.6,41.0,23.7,21.1,13.9,65.0,17.9
2018-03-03,29.0,13.6,66,13.0,0.0,3,32.5,15.0,53.0,19.6,29.2,14.2,67.0,12.3,23.4,14.1,58.0,20.0,28.8,12.0,67.0,14.5,28.0,16.6,41.0,23.7,21.1,13.9,65.0,17.9,20.6,12.2,70.0,20.2
2018-03-04,32.5,15.0,53,19.6,0.0,3,29.2,14.2,67.0,12.3,23.4,14.1,58.0,20.0,28.8,12.0,67.0,14.5,28.0,16.6,41.0,23.7,21.1,13.9,65.0,17.9,20.6,12.2,70.0,20.2,20.4,12.6,70.0,15.2
2018-03-05,29.2,14.2,67,12.3,0.0,3,23.4,14.1,58.0,20.0,28.8,12.0,67.0,14.5,28.0,16.6,41.0,23.7,21.1,13.9,65.0,17.9,20.6,12.2,70.0,20.2,20.4,12.6,70.0,15.2,22.0,12.9,71.0,13.1
2018-03-06,23.4,14.1,58,20.0,0.0,3,28.8,12.0,67.0,14.5,28.0,16.6,41.0,23.7,21.1,13.9,65.0,17.9,20.6,12.2,70.0,20.2,20.4,12.6,70.0,15.2,22.0,12.9,71.0,13.1,25.8,11.1,68.0,10.8
2018-03-07,28.8,12.0,67,14.5,0.0,3,28.0,16.6,41.0,23.7,21.1,13.9,65.0,17.9,20.6,12.2,70.0,20.2,20.4,12.6,70.0,15.2,22.0,12.9,71.0,13.1,25.8,11.1,68.0,10.8,23.0,13.1,74.0,18.2
2018-03-08,28.0,16.6,41,23.7,0.0,3,21.1,13.9,65.0,17.9,20.6,12.2,70.0,20.2,20.4,12.6,70.0,15.2,22.0,12.9,71.0,13.1,25.8,11.1,68.0,10.8,23.0,13.1,74.0,18.2,20.6,11.5,79.0,11.5
2018-03-09,21.1,13.9,65,17.9,0.0,3,20.6,12.2,70.0,20.2,20.4,12.6,70.0,15.2,22.0,12.9,71.0,13.1,25.8,11.1,68.0,10.8,23.0,13.1,74.0,18.2,20.6,11.5,79.0,11.5,21.2,12.6,70.0,16.6
2018-03-10,20.6,12.2,70,20.2,0.0,3,20.4,12.6,70.0,15.2,22.0,12.9,71.0,13.1,25.8,11.1,68.0,10.8,23.0,13.1,74.0,18.2,20.6,11.5,79.0,11.5,21.2,12.6,70.0,16.6,22.0,12.9,66.0,14.3
2018-03-11,20.4,12.6,70,15.2,0.0,3,22.0,12.9,71.0,13.1,25.8,11.1,68.0,10.8,23.0,13.1,74.0,18.2,20.6,11.5,79.0,11.5,21.2,12.6,70.0,16.6,22.0,12.9,66.0,14.3,24.7,13.6,69.0,18.0
2018-03-12,22.0,12.9,71,13.1,0.0,3,25.8,11.1,68.0,10.8,23.0,13.1,74.0,18.2,20.6,11.5,79.0,11.5,21.2,12.6,70.0,16.6,22.0,12.9,66.0,14.3,24.7,13.6,69.0,18.0,33.2,14.6,45.0,25.1
2018-03-13,25.8,11.1,68,10.8,0.0,3,23.0,13.1,74.0,18.2,20.6,11.5,79.0,11.5,21.2,12.6,70.0,16.6,22.0,12.9,66.0,14.3,24.7,13.6,69.0,18.0,33.2,14.6,45.0,25.1,26.8,12.9,68.0,15.9
2018-03-14,23.0,13.1,74,18.2,0.0,3,20.6,11.5,79.0,11.5,21.2,12.6,70.0,16.6,22.0,12.9,66.0,14.3,24.7,13.6,69.0,18.0,33.2,14.6,45.0,25.1,26.8,12.9,68.0,15.9,28.0,12.8,66.0,15.2
2018-03-15,20.6,11.5,79,11.5,0.1,3,21.2,12.6,70.0,16.6,22.0,12.9,66.0,14.3,24.7,13.6,69.0,18.0,33.2,14.6,45.0,25.1,26.8,12.9,68.0,15.9,28.0,12.8,66.0,15.2,29.1,15.9,59.0,21.1
2018-03-16,21.2,12.6,70,16.6,0.0,3,22.0,12.9,66.0,14.3,24.7,13.6,69.0,18.0,33.2,14.6,45.0,25.1,26.8,12.9,68.0,15.9,28.0,12.8,66.0,15.2,29.1,15.9,59.0,21.1,36.3,17.2,46.0,23.7
2018-03-17,22.0,12.9,66,14.3,0.0,3,24.7,13.6,69.0,18.0,33.2,14.6,45.0,25.1,26.8,12.9,68.0,15.9,28.0,12.8,66.0,15.2,29.1,15.9,59.0,21.1,36.3,17.2,46.0,23.7,21.5,14.4,58.0,23.4
2018-03-18,24.7,13.6,69,18.0,0.0,3,33.2,14.6,45.0,25.1,26.8,12.9,68.0,15.9,28.0,12.8,66.0,15.2,29.1,15.9,59.0,21.1,36.3,17.2,46.0,23.7,21.5,14.4,58.0,23.4,23.4,10.1,49.0,16.7
2018-03-19,33.2,14.6,45,25.1,0.0,3,26.8,12.9,68.0,15.9,28.0,12.8,66.0,15.2,29.1,15.9,59.0,21.1,36.3,17.2,46.0,23.7,21.5,14.4,58.0,23.4,23.4,10.1,49.0,16.7,23.1,14.2,66.0,19.4
2018-03-20,26.8,12.9,68,15.9,0.0,3,28.0,12.8,66.0,15.2,29.1,15.9,59.0,21.1,36.3,17.2,46.0,23.7,21.5,14.4,58.0,23.4,23.4,10.1,49.0,16.7,23.1,14.2,66.0,19.4,26.1,13.0,74.0,14.5
2018-03-21,28.0,12.8,66,15.2,0.0,3,29.1,15.9,59.0,21.1,36.3,17.2,46.0,23.7,21.5,14.4,58.0,23.4,23.4,10.1,49.0,16.7,23.1,14.2,66.0,19.4,26.1,13.0,74.0,14.5,28.5,16.1,64.0,19.3
2018-03-22,29.1,15.9,59,21.1,0.0,3,36.3,17.2,46.0,23.7,21.5,14.4,58.0,23.4,23.4,10.1,49.0,16.7,23.1,14.2,66.0,19.4,26.1,13.0,74.0,14.5,28.5,16.1,64.0,19.3,21.1,13.8,64.0,32.8
2018-03-23,36.3,17.2,46,23.7,0.0,3,21.5,14.4,58.0,23.4,23.4,10.1,49.0,16.7,23.1,14.2,66.0,19.4,26.1,13.0,74.0,14.5,28.5,16.1,64.0,19.3,21.1,13.8,64.0,32.8,21.1,13.5,55.0,22.2
2018-03-24,21.5,14.4,58,23.4,0.0,3,23.4,10.1,49.0,16.7,23.1,14.2,66.0,19.4,26.1,13.0,74.0,14.5,28.5,16.1,64.0,19.3,21.1,13.8,64.0,32.8,21.1,13.5,55.0,22.2,21.3,13.9,64.0,14.7
2018-03-25,23.4,10.1,49,16.7,0.0,3,23.1,14.2,66.0,19.4,26.1,13.0,74.0,14.5,28.5,16.1,64.0,19.3,21.1,13.8,64.0,32.8,21.1,13.5,55.0,22.2,21.3,13.9,64.0,14.7,22.0,13.1,73.0,14.9
2018-03-26,23.1,14.2,66,19.4,0.0,3,26.1,13.0,74.0,14.5,28.5,16.1,64.0,19.3,21.1,13.8,64.0,32.8,21.1,13.5,55.0,22.2,21.3,13.9,64.0,14.7,22.0,13.1,73.0,14.9,26.5,13.0,70.0,16.1
2018-03-27,26.1,13.0,74,14.5,0.0,3,28.5,16.1,64.0,19.3,21.1,13.8,64.0,32.8,21.1,13.5,55.0,22.2,21.3,13.9,64.0,14.7,22.0,13.1,73.0,14.9,26.5,13.0,70.0,16.1,20.8,16.3,69.0,16.4
2018-03-28,28.5,16.1,64,19.3,1.1,3,21.1,13.8,64.0,32.8,21.1,13.5,55.0,22.2,21.3,13.9,64.0,14.7,22.0,13.1,73.0,14.9,26.5,13.0,70.0,16.1,20.8,16.3,69.0,16.4,23.0,16.1,62.0,23.5
2018-03-29,21.1,13.8,64,32.8,1.6,3,21.1,13.5,55.0,22.2,21.3,13.9,64.0,14.7,22.0,13.1,73.0,14.9,26.5,13.0,70.0,16.1,20.8,16.3,69.0,16.4,23.0,16.1,62.0,23.5,23.1,16.4,64.0,20.5
2018-03-30,21.1,13.5,55,22.2,0.0,3,21.3,13.9,64.0,14.7,22.0,13.1,73.0,14.9,26.5,13.0,70.0,16.1,20.8,16.3,69.0,16.4,23.0,16.1,62.0,23.5,23.1,16.4,64.0,20.5,24.5,15.1,71.0,14.8
2018-03-31,21.3,13.9,64,14.7,0.0,3,22.0,13.1,73.0,14.9,26.5,13.0,70.0,16.1,20.8,16.3,69.0,16.4,23.0,16.1,62.0,23.5,23.1,16.4,64.0,20.5,24.5,15.1,71.0,14.8,24.7,13.1,74.0,21.5
2018-04-01,22.0,13.1,73,14.9,0.0,4,26.5,13.0,70.0,16.1,20.8,16.3,69.0,16.4,23.0,16.1,62.0,23.5,23.1,16.4,64.0,20.5,24.5,15.1,71.0,14.8,24.7,13.1,74.0,21.5,24.3,13.1,71.0,23.1
2018-04-02,26.5,13.0,70,16.1,0.0,4,20.8,16.3,69.0,16.4,23.0,16.1,62.0,23.5,23.1,16.4,64.0,20.5,24.5,15.1,71.0,14.8,24.7,13.1,74.0,21.5,24.3,13.1,71.0,23.1,21.7,13.7,72.0,15.5
2018-04-03,20.8,16.3,69,16.4,0.1,4,23.0,16.1,62.0,23.5,23.1,16.4,64.0,20.5,24.5,15.1,71.0,14.8,24.7,13.1,74.0,21.5,24.3,13.1,71.0,23.1,21.7,13.7,72.0,15.5,22.5,14.4,72.0,16.6
2018-04-04,23.0,16.1,62,23.5,0.0,4,23.1,16.4,64.0,20.5,24.5,15.1,71.0,14.8,24.7,13.1,74.0,21.5,24.3,13.1,71.0,23.1,21.7,13.7,72.0,15.5,22.5,14.4,72.0,16.6,25.2,13.1,73.0,14.4
2018-04-05,23.1,16.4,64,20.5,0.0,4,24.5,15.1,71.0,14.8,24.7,13.1,74.0,21.5,24.3,13.1,71.0,23.1,21.7,13.7,72.0,15.5,22.5,14.4,72.0,16.6,25.2,13.1,73.0,14.4,26.1,16.2,68.0,19.1
2018-04-06,24.5,15.1,71,14.8,0.0,4,24.7,13.1,74.0,21.5,24.3,13.1,71.0,23.1,21.7,13.7,72.0,15.5,22.5,14.4,72.0,16.6,25.2,13.1,73.0,14.4,26.1,16.2,68.0,19.1,28.5,17.1,67.0,15.1
2018-04-07,24.7,13.1,74,21.5,0.0,4,24.3,13.1,71.0,23.1,21.7,13.7,72.0,15.5,22.5,14.4,72.0,16.6,25.2,13.1,73.0,14.4,26.1,16.2,68.0,19.1,28.5,17.1,67.0,15.1,29.7,15.6,63.0,13.1
2018-04-08,24.3,13.1,71,23.1,0.0,4,21.7,13.7,72.0,15.5,22.5,14.4,72.0,16.6,25.2,13.1,73.0,14.4,26.1,16.2,68.0,19.1,28.5,17.1,67.0,15.1,29.7,15.6,63.0,13.1,28.8,15.6,64.0,14.7
2018-04-09,21.7,13.7,72,15.5,0.7,4,22.5,14.4,72.0,16.6,25.2,13.1,73.0,14.4,26.1,16.2,68.0,19.1,28.5,17.1,67.0,15.1,29.7,15.6,63.0,13.1,28.8,15.6,64.0,14.7,29.9,16.4,68.0,16.9
2018-04-10,22.5,14.4,72,16.6,0.0,4,25.2,13.1,73.0,14.4,26.1,16.2,68.0,19.1,28.5,17.1,67.0,15.1,29.7,15.6,63.0,13.1,28.8,15.6,64.0,14.7,29.9,16.4,68.0,16.9,28.2,16.8,63.0,14.5
2018-04-11,25.2,13.1,73,14.4,0.0,4,26.1,16.2,68.0,19.1,28.5,17.1,67.0,15.1,29.7,15.6,63.0,13.1,28.8,15.6,64.0,14.7,29.9,16.4,68.0,16.9,28.2,16.8,63.0,14.5,27.6,16.5,71.0,14.6
2018-04-12,26.1,16.2,68,19.1,0.0,4,28.5,17.1,67.0,15.1,29.7,15.6,63.0,13.1,28.8,15.6,64.0,14.7,29.9,16.4,68.0,16.9,28.2,16.8,63.0,14.5,27.6,16.5,71.0,14.6,24.8,16.9,76.0,18.7
2018-04-13,28.5,17.1,67,15.1,0.0,4,29.7,15.6,63.0,13.1,28.8,15.6,64.0,14.7,29.9,16.4,68.0,16.9,28.2,16.8,63.0,14.5,27.6,16.5,71.0,14.6,24.8,16.9,76.0,18.7,26.5,15.6,69.0,20.2
2018-04-14,29.7,15.6,63,13.1,0.0,4,28.8,15.6,64.0,14.7,29.9,16.4,68.0,16.9,28.2,16.8,63.0,14.5,27.6,16.5,71.0,14.6,24.8,16.9,76.0,18.7,26.5,15.6,69.0,20.2,24.9,17.7,62.0,25.1
2018-04-15,28.8,15.6,64,14.7,0.0,4,29.9,16.4,68.0,16.9,28.2,16.8,63.0,14.5,27.6,16.5,71.0,14.6,24.8,16.9,76.0,18.7,26.5,15.6,69.0,20.2,24.9,17.7,62.0,25.1,23.5,16.9,55.0,21.4
2018-04-16,29.9,16.4,68,16.9,0.0,4,28.2,16.8,63.0,14.5,27.6,16.5,71.0,14.6,24.8,16.9,76.0,18.7,26.5,15.6,69.0,20.2,24.9,17.7,62.0,25.1,23.5,16.9,55.0,21.4,24.0,14.6,63.0,15.1
2018-04-17,28.2,16.8,63,14.5,0.0,4,27.6,16.5,71.0,14.6,24.8,16.9,76.0,18.7,26.5,15.6,69.0,20.2,24.9,17.7,62.0,25.1,23.5,16.9,55.0,21.4,24.0,14.6,63.0,15.1,23.4,15.1,71.0,19.6
2018-04-18,27.6,16.5,71,14.6,0.0,4,24.8,16.9,76.0,18.7,26.5,15.6,69.0,20.2,24.9,17.7,62.0,25.1,23.5,16.9,55.0,21.4,24.0,14.6,63.0,15.1,23.4,15.1,71.0,19.6,22.6,15.4,70.0,18.1
2018-04-19,24.8,16.9,76,18.7,0.0,4,26.5,15.6,69.0,20.2,24.9,17.7,62.0,25.1,23.5,16.9,55.0,21.4,24.0,14.6,63.0,15.1,23.4,15.1,71.0,19.6,22.6,15.4,70.0,18.1,26.4,17.4,72.0,22.5
2018-04-20,26.5,15.6,69,20.2,0.0,4,24.9,17.7,62.0,25.1,23.5,16.9,55.0,21.4,24.0,14.6,63.0,15.1,23.4,15.1,71.0,19.6,22.6,15.4,70.0,18.1,26.4,17.4,72.0,22.5,26.0,17.9,73.0,20.1
2018-04-21,24.9,17.7,62,25.1,0.0,4,23.5,16.9,55.0,21.4,24.0,14.6,63.0,15.1,23.4,15.1,71.0,19.6,22.6,15.4,70.0,18.1,26.4,17.4,72.0,22.5,26.0,17.9,73.0,20.1,29.2,16.4,72.0,20.0
2018-04-22,23.5,16.9,55,21.4,0.0,4,24.0,14.6,63.0,15.1,23.4,15.1,71.0,19.6,22.6,15.4,70.0,18.1,26.4,17.4,72.0,22.5,26.0,17.9,73.0,20.1,29.2,16.4,72.0,20.0,32.5,15.9,60.0,14.3
2018-04-23,24.0,14.6,63,15.1,0.0,4,23.4,15.1,71.0,19.6,22.6,15.4,70.0,18.1,26.4,17.4,72.0,22.5,26.0,17.9,73.0,20.1,29.2,16.4,72.0,20.0,32.5,15.9,60.0,14.3,30.8,19.2,59.0,25.2
2018-04-24,23.4,15.1,71,19.6,0.4,4,22.6,15.4,70.0,18.1,26.4,17.4,72.0,22.5,26.0,17.9,73.0,20.1,29.2,16.4,72.0,20.0,32.5,15.9,60.0,14.3,30.8,19.2,59.0,25.2,33.9,21.2,54.0,24.1
2018-04-25,22.6,15.4,70,18.1,3.0,4,26.4,17.4,72.0,22.5,26.0,17.9,73.0,20.1,29.2,16.4,72.0,20.0,32.5,15.9,60.0,14.3,30.8,19.2,59.0,25.2,33.9,21.2,54.0,24.1,33.5,20.0,58.0,20.9
2018-04-26,26.4,17.4,72,22.5,1.4,4,26.0,17.9,73.0,20.1,29.2,16.4,72.0,20.0,32.5,15.9,60.0,14.3,30.8,19.2,59.0,25.2,33.9,21.2,54.0,24.1,33.5,20.0,58.0,20.9,33.5,18.0,60.0,15.1
2018-04-27,26.0,17.9,73,20.1,0.0,4,29.2,16.4,72.0,20.0,32.5,15.9,60.0,14.3,30.8,19.2,59.0,25.2,33.9,21.2,54.0,24.1,33.5,20.0,58.0,20.9,33.5,18.0,60.0,15.1,40.3,20.4,53.0,25.8
2018-04-28,29.2,16.4,72,20.0,0.0,4,32.5,15.9,60.0,14.3,30.8,19.2,59.0,25.2,33.9,21.2,54.0,24.1,33.5,20.0,58.0,20.9,33.5,18.0,60.0,15.1,40.3,20.4,53.0,25.8,26.9,19.7,67.0,19.3
2018-04-29,32.5,15.9,60,14.3,0.0,4,30.8,19.2,59.0,25.2,33.9,21.2,54.0,24.1,33.5,20.0,58.0,20.9,33.5,18.0,60.0,15.1,40.3,20.4,53.0,25.8,26.9,19.7,67.0,19.3,28.0,19.0,74.0,15.1
2018-04-30,30.8,19.2,59,25.2,0.0,4,33.9,21.2,54.0,24.1,33.5,20.0,58.0,20.9,33.5,18.0,60.0,15.1,40.3,20.4,53.0,25.8,26.9,19.7,67.0,19.3,28.0,19.0,74.0,15.1,25.9,18.9,64.0,25.1
2018-05-01,33.9,21.2,54,24.1,0.0,5,33.5,20.0,58.0,20.9,33.5,18.0,60.0,15.1,40.3,20.4,53.0,25.8,26.9,19.7,67.0,19.3,28.0,19.0,74.0,15.1,25.9,18.9,64.0,25.1,24.5,17.5,57.0,23.6
2018-05-02,33.5,20.0,58,20.9,0.0,5,33.5,18.0,60.0,15.1,40.3,20.4,53.0,25.8,26.9,19.7,67.0,19.3,28.0,19.0,74.0,15.1,25.9,18.9,64.0,25.1,24.5,17.5,57.0,23.6,27.5,16.5,70.0,15.2
2018-05-03,33.5,18.0,60,15.1,0.0,5,40.3,20.4,53.0,25.8,26.9,19.7,67.0,19.3,28.0,19.0,74.0,15.1,25.9,18.9,64.0,25.1,24.5,17.5,57.0,23.6,27.5,16.5,70.0,15.2,35.1,20.0,63.0,28.1
2018-05-04,40.3,20.4,53,25.8,0.9,5,26.9,19.7,67.0,19.3,28.0,19.0,74.0,15.1,25.9,18.9,64.0,25.1,24.5,17.5,57.0,23.6,27.5,16.5,70.0,15.2,35.1,20.0,63.0,28.1,26.6,18.8,72.0,24.5
2018-05-05,26.9,19.7,67,19.3,0.0,5,28.0,19.0,74.0,15.1,25.9,18.9,64.0,25.1,24.5,17.5,57.0,23.6,27.5,16.5,70.0,15.2,35.1,20.0,63.0,28.1,26.6,18.8,72.0,24.5,26.6,18.6,64.0,24.4
2018-05-06,28.0,19.0,74,15.1,0.3,5,25.9,18.9,64.0,25.1,24.5,17.5,57.0,23.6,27.5,16.5,70.0,15.2,35.1,20.0,63.0,28.1,26.6,18.8,72.0,24.5,26.6,18.6,64.0,24.4,26.6,18.4,67.0,26.5
2018-05-07,25.9,18.9,64,25.1,0.9,5,24.5,17.5,57.0,23.6,27.5,16.5,70.0,15.2,35.1,20.0,63.0,28.1,26.6,18.8,72.0,24.5,26.6,18.6,64.0,24.4,26.6,18.4,67.0,26.5,26.0,18.0,63.0,19.5
2018-05-08,24.5,17.5,57,23.6,2.6,5,27.5,16.5,70.0,15.2,35.1,20.0,63.0,28.1,26.6,18.8,72.0,24.5,26.6,18.6,64.0,24.4,26.6,18.4,67.0,26.5,26.0,18.0,63.0,19.5,27.0,18.5,70.0,16.7
2018-05-09,27.5,16.5,70,15.2,0.0,5,35.1,20.0,63.0,28.1,26.6,18.8,72.0,24.5,26.6,18.6,64.0,24.4,26.6,18.4,67.0,26.5,26.0,18.0,63.0,19.5,27.0,18.5,70.0,16.7,26.7,18.2,73.0,15.0
2018-05-10,35.1,20.0,63,28.1,0.3,5,26.6,18.8,72.0,24.5,26.6,18.6,64.0,24.4,26.6,18.4,67.0,26.5,26.0,18.0,63.0,19.5,27.0,18.5,70.0,16.7,26.7,18.2,73.0,15.0,29.8,19.5,68.0,19.0
2018-05-11,26.6,18.8,72,24.5,0.2,5,26.6,18.6,64.0,24.4,26.6,18.4,67.0,26.5,26.0,18.0,63.0,19.5,27.0,18.5,70.0,16.7,26.7,18.2,73.0,15.0,29.8,19.5,68.0,19.0,31.5,21.1,62.0,19.8
2018-05-12,26.6,18.6,64,24.4,0.8,5,26.6,18.4,67.0,26.5,26.0,18.0,63.0,19.5,27.0,18.5,70.0,16.7,26.7,18.2,73.0,15.0,29.8,19.5,68.0,19.0,31.5,21.1,62.0,19.8,33.8,20.7,61.0,18.9
2018-05-13,26.6,18.4,67,26.5,0.1,5,26.0,18.0,63.0,19.5,27.0,18.5,70.0,16.7,26.7,18.2,73.0,15.0,29.8,19.5,68.0,19.0,31.5,21.1,62.0,19.8,33.8,20.7,61.0,18.9,32.8,20.2,60.0,17.3
2018-05-14,26.0,18.0,63,19.5,0.0,5,27.0,18.5,70.0,16.7,26.7,18.2,73.0,15.0,29.8,19.5,68.0,19.0,31.5,21.1,62.0,19.8,33.8,20.7,61.0,18.9,32.8,20.2,60.0,17.3,37.1,20.0,46.0,14.3
2018-05-15,27.0,18.5,70,16.7,0.0,5,26.7,18.2,73.0,15.0,29.8,19.5,68.0,19.0,31.5,21.1,62.0,19.8,33.8,20.7,61.0,18.9,32.8,20.2,60.0,17.3,37.1,20.0,46.0,14.3,43.8,24.6,38.0,19.4
2018-05-16,26.7,18.2,73,15.0,0.0,5,29.8,19.5,68.0,19.0,31.5,21.1,62.0,19.8,33.8,20.7,61.0,18.9,32.8,20.2,60.0,17.3,37.1,20.0,46.0,14.3,43.8,24.6,38.0,19.4,34.5,22.5,59.0,23.6
2018-05-17,29.8,19.5,68,19.0,0.0,5,31.5,21.1,62.0,19.8,33.8,20.7,61.0,18.9,32.8,20.2,60.0,17.3,37.1,20.0,46.0,14.3,43.8,24.6,38.0,19.4,34.5,22.5,59.0,23.6,33.7,19.4,59.0,19.5
2018-05-18,31.5,21.1,62,19.8,0.0,5,33.8,20.7,61.0,18.9,32.8,20.2,60.0,17.3,37.1,20.0,46.0,14.3,43.8,24.6,38.0,19.4,34.5,22.5,59.0,23.6,33.7,19.4,59.0,19.5,31.6,21.5,68.0,19.5
2018-05-19,33.8,20.7,61,18.9,0.0,5,32.8,20.2,60.0,17.3,37.1,20.0,46.0,14.3,43.8,24.6,38.0,19.4,34.5,22.5,59.0,23.6,33.7,19.4,59.0,19.5,31.6,21.5,68.0,19.5,28.4,20.5,70.0,20.2
2018-05-20,32.8,20.2,60,17.3,0.0,5,37.1,20.0,46.0,14.3,43.8,24.6,38.0,19.4,34.5,22.5,59.0,23.6,33.7,19.4,59.0,19.5,31.6,21.5,68.0,19.5,28.4,20.5,70.0,20.2,28.2,20.1,71.0,20.5
2018-05-21,37.1,20.0,46,14.3,0.0,5,43.8,24.6,38.0,19.4,34.5,22.5,59.0,23.6,33.7,19.4,59.0,19.5,31.6,21.5,68.0,19.5,28.4,20.5,70.0,20.2,28.2,20.1,71.0,20.5,28.6,20.1,71.0,18.8
2018-05-22,43.8,24.6,38,19.4,0.0,5,34.5,22.5,59.0,23.6,33.7,19.4,59.0,19.5,31.6,21.5,68.0,19.5,28.4,20.5,70.0,20.2,28.2,20.1,71.0,20.5,28.6,20.1,71.0,18.8,27.8,20.5,69.0,18.3
2018-05-23,34.5,22.5,59,23.6,0.0,5,33.7,19.4,59.0,19.5,31.6,21.5,68.0,19.5,28.4,20.5,70.0,20.2,28.2,20.1,71.0,20.5,28.6,20.1,71.0,18.8,27.8,20.5,69.0,18.3,28.2,20.2,71.0,20.2
2018-05-24,33.7,19.4,59,19.5,0.0,5,31.6,21.5,68.0,19.5,28.4,20.5,70.0,20.2,28.2,20.1,71.0,20.5,28.6,20.1,71.0,18.8,27.8,20.5,69.0,18.3,28.2,20.2,71.0,20.2,27.6,20.2,70.0,16.3
2018-05-25,31.6,21.5,68,19.5,0.0,5,28.4,20.5,70.0,20.2,28.2,20.1,71.0,20.5,28.6,20.1,71.0,18.8,27.8,20.5,69.0,18.3,28.2,20.2,71.0,20.2,27.6,20.2,70.0,16.3,28.0,20.0,69.0,25.3
2018-05-26,28.4,20.5,70,20.2,0.0,5,28.2,20.1,71.0,20.5,28.6,20.1,71.0,18.8,27.8,20.5,69.0,18.3,28.2,20.2,71.0,20.2,27.6,20.2,70.0,16.3,28.0,20.0,69.0,25.3,27.9,20.1,66.0,17.8
2018-05-27,28.2,20.1,71,20.5,0.0,5,28.6,20.1,71.0,18.8,27.8,20.5,69.0,18.3,28.2,20.2,71.0,20.2,27.6,20.2,70.0,16.3,28.0,20.0,69.0,25.3,27.9,20.1,66.0,17.8,29.4,20.3,73.0,17.9
2018-05-28,28.6,20.1,71,18.8,0.3,5,27.8,20.5,69.0,18.3,28.2,20.2,71.0,20.2,27.6,20.2,70.0,16.3,28.0,20.0,69.0,25.3,27.9,20.1,66.0,17.8,29.4,20.3,73.0,17.9,29.1,21.1,69.0,24.1
2018-05-29,27.8,20.5,69,18.3,0.8,5,28.2,20.2,71.0,20.2,27.6,20.2,70.0,16.3,28.0,20.0,69.0,25.3,27.9,20.1,66.0,17.8,29.4,20.3,73.0,17.9,29.1,21.1,69.0,24.1,30.4,20.6,67.0,17.3
2018-05-30,28.2,20.2,71,20.2,2.7,5,27.6,20.2,70.0,16.3,28.0,20.0,69.0,25.3,27.9,20.1,66.0,17.8,29.4,20.3,73.0,17.9,29.1,21.1,69.0,24.1,30.4,20.6,67.0,17.3,30.0,19.5,69.0,16.3
2018-05-31,27.6,20.2,70,16.3,0.4,5,28.0,20.0,69.0,25.3,27.9,20.1,66.0,17.8,29.4,20.3,73.0,17.9,29.1,21.1,69.0,24.1,30.4,20.6,67.0,17.3,30.0,19.5,69.0,16.3,31.4,20.4,69.0,18.4
2018-06-01,28.0,20.0,69,25.3,0.4,6,27.9,20.1,66.0,17.8,29.4,20.3,73.0,17.9,29.1,21.1,69.0,24.1,30.4,20.6,67.0,17.3,30.0,19.5,69.0,16.3,31.4,20.4,69.0,18.4,32.8,22.0,64.0,17.0
2018-06-02,27.9,20.1,66,17.8,1.9,6,29.4,20.3,73.0,17.9,29.1,21.1,69.0,24.1,30.4,20.6,67.0,17.3,30.0,19.5,69.0,16.3,31.4,20.4,69.0,18.4,32.8,22.0,64.0,17.0,31.8,21.8,70.0,17.7
2018-06-03,29.4,20.3,73,17.9,0.5,6,29.1,21.1,69.0,24.1,30.4,20.6,67.0,17.3,30.0,19.5,69.0,16.3,31.4,20.4,69.0,18.4,32.8,22.0,64.0,17.0,31.8,21.8,70.0,17.7,33.4,21.2,64.0,20.6
2018-06-04,29.1,21.1,69,24.1,0.0,6,30.4,20.6,67.0,17.3,30.0,19.5,69.0,16.3,31.4,20.4,69.0,18.4,32.8,22.0,64.0,17.0,31.8,21.8,70.0,17.7,33.4,21.2,64.0,20.6,30.8,21.4,67.0,26.6
2018-06-05,30.4,20.6,67,17.3,0.0,6,30.0,19.5,69.0,16.3,31.4,20.4,69.0,18.4,32.8,22.0,64.0,17.0,31.8,21.8,70.0,17.7,33.4,21.2,64.0,20.6,30.8,21.4,67.0,26.6,29.1,22.0,69.0,20.2
2018-06-06,30.0,19.5,69,16.3,0.0,6,31.4,20.4,69.0,18.4,32.8,22.0,64.0,17.0,31.8,21.8,70.0,17.7,33.4,21.2,64.0,20.6,30.8,21.4,67.0,26.6,29.1,22.0,69.0,20.2,30.9,23.0,61.0,20.9
2018-06-07,31.4,20.4,69,18.4,0.0,6,32.8,22.0,64.0,17.0,31.8,21.8,70.0,17.7,33.4,21.2,64.0,20.6,30.8,21.4,67.0,26.6,29.1,22.0,69.0,20.2,30.9,23.0,61.0,20.9,33.8,19.0,57.0,15.5
2018-06-08,32.8,22.0,64,17.0,0.0,6,31.8,21.8,70.0,17.7,33.4,21.2,64.0,20.6,30.8,21.4,67.0,26.6,29.1,22.0,69.0,20.2,30.9,23.0,61.0,20.9,33.8,19.0,57.0,15.5,35.8,21.0,54.0,14.3
2018-06-09,31.8,21.8,70,17.7,0.0,6,33.4,21.2,64.0,20.6,30.8,21.4,67.0,26.6,29.1,22.0,69.0,20.2,30.9,23.0,61.0,20.9,33.8,19.0,57.0,15.5,35.8,21.0,54.0,14.3,39.5,24.3,48.0,33.5
2018-06-10,33.4,21.2,64,20.6,0.0,6,30.8,21.4,67.0,26.6,29.1,22.0,69.0,20.2,30.9,23.0,61.0,20.9,33.8,19.0,57.0,15.5,35.8,21.0,54.0,14.3,39.5,24.3,48.0,33.5,31.7,22.5,67.0,19.0
2018-06-11,30.8,21.4,67,26.6,0.0,6,29.1,22.0,69.0,20.2,30.9,23.0,61.0,20.9,33.8,19.0,57.0,15.5,35.8,21.0,54.0,14.3,39.5,24.3,48.0,33.5,31.7,22.5,67.0,19.0,30.8,21.9,69.0,21.1
2018-06-12,29.1,22.0,69,20.2,2.9,6,30.9,23.0,61.0,20.9,33.8,19.0,57.0,15.5,35.8,21.0,54.0,14.3,39.5,24.3,48.0,33.5,31.7,22.5,67.0,19.0,30.8,21.9,69.0,21.1,30.4,21.3,70.0,16.4
2018-06-13,30.9,23.0,61,20.9,0.0,6,33.8,19.0,57.0,15.5,35.8,21.0,54.0,14.3,39.5,24.3,48.0,33.5,31.7,22.5,67.0,19.0,30.8,21.9,69.0,21.1,30.4,21.3,70.0,16.4,30.6,21.6,69.0,17.3
2018-06-14,33.8,19.0,57,15.5,0.0,6,35.8,21.0,54.0,14.3,39.5,24.3,48.0,33.5,31.7,22.5,67.0,19.0,30.8,21.9,69.0,21.1,30.4,21.3,70.0,16.4,30.6,21.6,69.0,17.3,31.7,21.4,67.0,14.8
2018-06-15,35.8,21.0,54,14.3,0.0,6,39.5,24.3,48.0,33.5,31.7,22.5,67.0,19.0,30.8,21.9,69.0,21.1,30.4,21.3,70.0,16.4,30.6,21.6,69.0,17.3,31.7,21.4,67.0,14.8,33.1,22.9,65.0,16.5
2018-06-16,39.5,24.3,48,33.5,0.0,6,31.7,22.5,67.0,19.0,30.8,21.9,69.0,21.1,30.4,21.3,70.0,16.4,30.6,21.6,69.0,17.3,31.7,21.4,67.0,14.8,33.1,22.9,65.0,16.5,31.0,22.5,69.0,18.6
2018-06-17,31.7,22.5,67,19.0,0.0,6,30.8,21.9,69.0,21.1,30.4,21.3,70.0,16.4,30.6,21.6,69.0,17.3,31.7,21.4,67.0,14.8,33.1,22.9,65.0,16.5,31.0,22.5,69.0,18.6,30.0,22.1,71.0,19.6
2018-06-18,30.8,21.9,69,21.1,0.0,6,30.4,21.3,70.0,16.4,30.6,21.6,69.0,17.3,31.7,21.4,67.0,14.8,33.1,22.9,65.0,16.5,31.0,22.5,69.0,18.6,30.0,22.1,71.0,19.6,30.6,22.4,69.0,16.0
2018-06-19,30.4,21.3,70,16.4,1.6,6,30.6,21.6,69.0,17.3,31.7,21.4,67.0,14.8,33.1,22.9,65.0,16.5,31.0,22.5,69.0,18.6,30.0,22.1,71.0,19.6,30.6,22.4,69.0,16.0,31.5,21.9,71.0,16.2
2018-06-20,30.6,21.6,69,17.3,0.0,6,31.7,21.4,67.0,14.8,33.1,22.9,65.0,16.5,31.0,22.5,69.0,18.6,30.0,22.1,71.0,19.6,30.6,22.4,69.0,16.0,31.5,21.9,71.0,16.2,37.8,21.9,64.0,17.3
2018-06-21,31.7,21.4,67,14.8,0.0,6,33.1,22.9,65.0,16.5,31.0,22.5,69.0,18.6,30.0,22.1,71.0,19.6,30.6,22.4,69.0,16.0,31.5,21.9,71.0,16.2,37.8,21.9,64.0,17.3,29.5,24.0,65.0,21.6
2018-06-22,33.1,22.9,65,16.5,0.0,6,31.0,22.5,69.0,18.6,30.0,22.1,71.0,19.6,30.6,22.4,69.0,16.0,31.5,21.9,71.0,16.2,37.8,21.9,64.0,17.3,29.5,24.0,65.0,21.6,28.8,22.7,57.0,20.6
2018-06-23,31.0,22.5,69,18.6,0.0,6,30.0,22.1,71.0,19.6,30.6,22.4,69.0,16.0,31.5,21.9,71.0,16.2,37.8,21.9,64.0,17.3,29.5,24.0,65.0,21.6,28.8,22.7,57.0,20.6,29.2,21.7,57.0,23.7
2018-06-24,30.0,22.1,71,19.6,0.0,6,30.6,22.4,69.0,16.0,31.5,21.9,71.0,16.2,37.8,21.9,64.0,17.3,29.5,24.0,65.0,21.6,28.8,22.7,57.0,20.6,29.2,21.7,57.0,23.7,30.5,20.6,63.0,17.0
2018-06-25,30.6,22.4,69,16.0,0.0,6,31.5,21.9,71.0,16.2,37.8,21.9,64.0,17.3,29.5,24.0,65.0,21.6,28.8,22.7,57.0,20.6,29.2,21.7,57.0,23.7,30.5,20.6,63.0,17.0,29.7,21.4,69.0,17.0
2018-06-26,31.5,21.9,71,16.2,0.0,6,37.8,21.9,64.0,17.3,29.5,24.0,65.0,21.6,28.8,22.7,57.0,20.6,29.2,21.7,57.0,23.7,30.5,20.6,63.0,17.0,29.7,21.4,69.0,17.0,31.5,20.9,71.0,15.9
2018-06-27,37.8,21.9,64,17.3,0.0,6,29.5,24.0,65.0,21.6,28.8,22.7,57.0,20.6,29.2,21.7,57.0,23.7,30.5,20.6,63.0,17.0,29.7,21.4,69.0,17.0,31.5,20.9,71.0,15.9,32.8,22.9,73.0,21.1
2018-06-28,29.5,24.0,65,21.6,0.0,6,28.8,22.7,57.0,20.6,29.2,21.7,57.0,23.7,30.5,20.6,63.0,17.0,29.7,21.4,69.0,17.0,31.5,20.9,71.0,15.9,32.8,22.9,73.0,21.1,34.8,24.0,70.0,21.8
2018-06-29,28.8,22.7,57,20.6,0.0,6,29.2,21.7,57.0,23.7,30.5,20.6,63.0,17.0,29.7,21.4,69.0,17.0,31.5,20.9,71.0,15.9,32.8,22.9,73.0,21.1,34.8,24.0,70.0,21.8,34.8,23.3,72.0,21.7
2018-06-30,29.2,21.7,57,23.7,0.0,6,30.5,20.6,63.0,17.0,29.7,21.4,69.0,17.0,31.5,20.9,71.0,15.9,32.8,22.9,73.0,21.1,34.8,24.0,70.0,21.8,34.8,23.3,72.0,21.7,33.6,23.3,71.0,21.0
2018-07-01,30.5,20.6,63,17.0,0.0,7,29.7,21.4,69.0,17.0,31.5,20.9,71.0,15.9,32.8,22.9,73.0,21.1,34.8,24.0,70.0,21.8,34.8,23.3,72.0,21.7,33.6,23.3,71.0,21.0,33.2,22.1,73.0,18.5
2018-07-02,29.7,21.4,69,17.0,0.0,7,31.5,20.9,71.0,15.9,32.8,22.9,73.0,21.1,34.8,24.0,70.0,21.8,34.8,23.3,72.0,21.7,33.6,23.3,71.0,21.0,33.2,22.1,73.0,18.5,33.0,21.9,72.0,17.6
2018-07-03,31.5,20.9,71,15.9,0.0,7,32.8,22.9,73.0,21.1,34.8,24.0,70.0,21.8,34.8,23.3,72.0,21.7,33.6,23.3,71.0,21.0,33.2,22.1,73.0,18.5,33.0,21.9,72.0,17.6,31.5,23.0,74.0,16.2
2018-07-04,32.8,22.9,73,21.1,0.0,7,34.8,24.0,70.0,21.8,34.8,23.3,72.0,21.7,33.6,23.3,71.0,21.0,33.2,22.1,73.0,18.5,33.0,21.9,72.0,17.6,31.5,23.0,74.0,16.2,30.4,24.0,68.0,17.7
2018-07-05,34.8,24.0,70,21.8,0.0,7,34.8,23.3,72.0,21.7,33.6,23.3,71.0,21.0,33.2,22.1,73.0,18.5,33.0,21.9,72.0,17.6,31.5,23.0,74.0,16.2,30.4,24.0,68.0,17.7,30.8,23.0,66.0,22.5
2018-07-06,34.8,23.3,72,21.7,0.0,7,33.6,23.3,71.0,21.0,33.2,22.1,73.0,18.5,33.0,21.9,72.0,17.6,31.5,23.0,74.0,16.2,30.4,24.0,68.0,17.7,30.8,23.0,66.0,22.5,33.2,25.1,64.0,25.0
2018-07-07,33.6,23.3,71,21.0,0.0,7,33.2,22.1,73.0,18.5,33.0,21.9,72.0,17.6,31.5,23.0,74.0,16.2,30.4,24.0,68.0,17.7,30.8,23.0,66.0,22.5,33.2,25.1,64.0,25.0,34.6,24.4,64.0,23.7
2018-07-08,33.2,22.1,73,18.5,0.0,7,33.0,21.9,72.0,17.6,31.5,23.0,74.0,16.2,30.4,24.0,68.0,17.7,30.8,23.0,66.0,22.5,33.2,25.1,64.0,25.0,34.6,24.4,64.0,23.7,33.4,23.5,71.0,18.5
2018-07-09,33.0,21.9,72,17.6,0.0,7,31.5,23.0,74.0,16.2,30.4,24.0,68.0,17.7,30.8,23.0,66.0,22.5,33.2,25.1,64.0,25.0,34.6,24.4,64.0,23.7,33.4,23.5,71.0,18.5,33.2,24.1,74.0,22.0
2018-07-10,31.5,23.0,74,16.2,0.0,7,30.4,24.0,68.0,17.7,30.8,23.0,66.0,22.5,33.2,25.1,64.0,25.0,34.6,24.4,64.0,23.7,33.4,23.5,71.0,18.5,33.2,24.1,74.0,22.0,34.3,22.4,75.0,21.1
2018-07-11,30.4,24.0,68,17.7,0.0,7,30.8,23.0,66.0,22.5,33.2,25.1,64.0,25.0,34.6,24.4,64.0,23.7,33.4,23.5,71.0,18.5,33.2,24.1,74.0,22.0,34.3,22.4,75.0,21.1,33.8,23.1,71.0,18.8
2018-07-12,30.8,23.0,66,22.5,0.0,7,33.2,25.1,64.0,25.0,34.6,24.4,64.0,23.7,33.4,23.5,71.0,18.5,33.2,24.1,74.0,22.0,34.3,22.4,75.0,21.1,33.8,23.1,71.0,18.8,31.6,24.5,71.0,23.8
2018-07-13,33.2,25.1,64,25.0,0.0,7,34.6,24.4,64.0,23.7,33.4,23.5,71.0,18.5,33.2,24.1,74.0,22.0,34.3,22.4,75.0,21.1,33.8,23.1,71.0,18.8,31.6,24.5,71.0,23.8,33.0,23.1,63.0,24.1
2018-07-14,34.6,24.4,64,23.7,0.0,7,33.4,23.5,71.0,18.5,33.2,24.1,74.0,22.0,34.3,22.4,75.0,21.1,33.8,23.1,71.0,18.8,31.6,24.5,71.0,23.8,33.0,23.1,63.0,24.1,31.4,22.2,69.0,22.0
2018-07-15,33.4,23.5,71,18.5,0.0,7,33.2,24.1,74.0,22.0,34.3,22.4,75.0,21.1,33.8,23.1,71.0,18.8,31.6,24.5,71.0,23.8,33.0,23.1,63.0,24.1,31.4,22.2,69.0,22.0,33.3,25.1,71.0,20.7
2018-07-16,33.2,24.1,74,22.0,0.0,7,34.3,22.4,75.0,21.1,33.8,23.1,71.0,18.8,31.6,24.5,71.0,23.8,33.0,23.1,63.0,24.1,31.4,22.2,69.0,22.0,33.3,25.1,71.0,20.7,33.8,24.6,67.0,21.4
2018-07-17,34.3,22.4,75,21.1,0.0,7,33.8,23.1,71.0,18.8,31.6,24.5,71.0,23.8,33.0,23.1,63.0,24.1,31.4,22.2,69.0,22.0,33.3,25.1,71.0,20.7,33.8,24.6,67.0,21.4,38.3,23.1,66.0,10.6
2018-07-18,33.8,23.1,71,18.8,0.0,7,31.6,24.5,71.0,23.8,33.0,23.1,63.0,24.1,31.4,22.2,69.0,22.0,33.3,25.1,71.0,20.7,33.8,24.6,67.0,21.4,38.3,23.1,66.0,10.6,32.2,25.2,71.0,23.2
2018-07-19,31.6,24.5,71,23.8,0.0,7,33.0,23.1,63.0,24.1,31.4,22.2,69.0,22.0,33.3,25.1,71.0,20.7,33.8,24.6,67.0,21.4,38.3,23.1,66.0,10.6,32.2,25.2,71.0,23.2,31.8,22.3,70.0,17.9
2018-07-20,33.0,23.1,63,24.1,0.0,7,31.4,22.2,69.0,22.0,33.3,25.1,71.0,20.7,33.8,24.6,67.0,21.4,38.3,23.1,66.0,10.6,32.2,25.2,71.0,23.2,31.8,22.3,70.0,17.9,31.2,23.0,72.0,16.6
2018-07-21,31.4,22.2,69,22.0,0.0,7,33.3,25.1,71.0,20.7,33.8,24.6,67.0,21.4,38.3,23.1,66.0,10.6,32.2,25.2,71.0,23.2,31.8,22.3,70.0,17.9,31.2,23.0,72.0,16.6,31.0,23.8,69.0,22.5
2018-07-22,33.3,25.1,71,20.7,0.0,7,33.8,24.6,67.0,21.4,38.3,23.1,66.0,10.6,32.2,25.2,71.0,23.2,31.8,22.3,70.0,17.9,31.2,23.0,72.0,16.6,31.0,23.8,69.0,22.5,31.6,22.9,68.0,22.9
2018-07-23,33.8,24.6,67,21.4,0.0,7,38.3,23.1,66.0,10.6,32.2,25.2,71.0,23.2,31.8,22.3,70.0,17.9,31.2,23.0,72.0,16.6,31.0,23.8,69.0,22.5,31.6,22.9,68.0,22.9,32.8,22.6,69.0,17.1
2018-07-24,38.3,23.1,66,10.6,0.0,7,32.2,25.2,71.0,23.2,31.8,22.3,70.0,17.9,31.2,23.0,72.0,16.6,31.0,23.8,69.0,22.5,31.6,22.9,68.0,22.9,32.8,22.6,69.0,17.1,32.7,22.3,72.0,18.4
2018-07-25,32.2,25.2,71,23.2,0.0,7,31.8,22.3,70.0,17.9,31.2,23.0,72.0,16.6,31.0,23.8,69.0,22.5,31.6,22.9,68.0,22.9,32.8,22.6,69.0,17.1,32.7,22.3,72.0,18.4,31.7,22.8,72.0,19.7
2018-07-26,31.8,22.3,70,17.9,0.0,7,31.2,23.0,72.0,16.6,31.0,23.8,69.0,22.5,31.6,22.9,68.0,22.9,32.8,22.6,69.0,17.1,32.7,22.3,72.0,18.4,31.7,22.8,72.0,19.7,33.5,25.5,68.0,24.6
2018-07-27,31.2,23.0,72,16.6,0.0,7,31.0,23.8,69.0,22.5,31.6,22.9,68.0,22.9,32.8,22.6,69.0,17.1,32.7,22.3,72.0,18.4,31.7,22.8,72.0,19.7,33.5,25.5,68.0,24.6,33.3,25.2,71.0,23.3
2018-07-28,31.0,23.8,69,22.5,0.0,7,31.6,22.9,68.0,22.9,32.8,22.6,69.0,17.1,32.7,22.3,72.0,18.4,31.7,22.8,72.0,19.7,33.5,25.5,68.0,24.6,33.3,25.2,71.0,23.3,33.9,23.6,74.0,22.5
2018-07-29,31.6,22.9,68,22.9,0.0,7,32.8,22.6,69.0,17.1,32.7,22.3,72.0,18.4,31.7,22.8,72.0,19.7,33.5,25.5,68.0,24.6,33.3,25.2,71.0,23.3,33.9,23.6,74.0,22.5,32.8,25.0,71.0,15.3
2018-07-30,32.8,22.6,69,17.1,0.0,7,32.7,22.3,72.0,18.4,31.7,22.8,72.0,19.7,33.5,25.5,68.0,24.6,33.3,25.2,71.0,23.3,33.9,23.6,74.0,22.5,32.8,25.0,71.0,15.3,32.3,23.0,72.0,19.9
2018-07-31,32.7,22.3,72,18.4,0.0,7,31.7,22.8,72.0,19.7,33.5,25.5,68.0,24.6,33.3,25.2,71.0,23.3,33.9,23.6,74.0,22.5,32.8,25.0,71.0,15.3,32.3,23.0,72.0,19.9,31.5,24.4,69.0,22.9
2018-08-01,31.7,22.8,72,19.7,0.0,8,33.5,25.5,68.0,24.6,33.3,25.2,71.0,23.3,33.9,23.6,74.0,22.5,32.8,25.0,71.0,15.3,32.3,23.0,72.0,19.9,31.5,24.4,69.0,22.9,32.5,24.2,68.0,24.7
2018-08-02,33.5,25.5,68,24.6,0.0,8,33.3,25.2,71.0,23.3,33.9,23.6,74.0,22.5,32.8,25.0,71.0,15.3,32.3,23.0,72.0,19.9,31.5,24.4,69.0,22.9,32.5,24.2,68.0,24.7,32.3,24.0,73.0,18.3
2018-08-03,33.3,25.2,71,23.3,0.0,8,33.9,23.6,74.0,22.5,32.8,25.0,71.0,15.3,32.3,23.0,72.0,19.9,31.5,24.4,69.0,22.9,32.5,24.2,68.0,24.7,32.3,24.0,73.0,18.3,35.1,23.4,72.0,16.8
2018-08-04,33.9,23.6,74,22.5,0.0,8,32.8,25.0,71.0,15.3,32.3,23.0,72.0,19.9,31.5,24.4,69.0,22.9,32.5,24.2,68.0,24.7,32.3,24.0,73.0,18.3,35.1,23.4,72.0,16.8,32.7,24.5,75.0,19.5
2018-08-05,32.8,25.0,71,15.3,0.0,8,32.3,23.0,72.0,19.9,31.5,24.4,69.0,22.9,32.5,24.2,68.0,24.7,32.3,24.0,73.0,18.3,35.1,23.4,72.0,16.8,32.7,24.5,75.0,19.5,32.8,23.9,76.0,20.1
2018-08-06,32.3,23.0,72,19.9,0.0,8,31.5,24.4,69.0,22.9,32.5,24.2,68.0,24.7,32.3,24.0,73.0,18.3,35.1,23.4,72.0,16.8,32.7,24.5,75.0,19.5,32.8,23.9,76.0,20.1,32.0,23.6,68.0,23.4
2018-08-07,31.5,24.4,69,22.9,0.0,8,32.5,24.2,68.0,24.7,32.3,24.0,73.0,18.3,35.1,23.4,72.0,16.8,32.7,24.5,75.0,19.5,32.8,23.9,76.0,20.1,32.0,23.6,68.0,23.4,31.3,23.2,67.0,22.6
2018-08-08,32.5,24.2,68,24.7,0.0,8,32.3,24.0,73.0,18.3,35.1,23.4,72.0,16.8,32.7,24.5,75.0,19.5,32.8,23.9,76.0,20.1,32.0,23.6,68.0,23.4,31.3,23.2,67.0,22.6,31.2,23.0,72.0,19.2
2018-08-09,32.3,24.0,73,18.3,0.0,8,35.1,23.4,72.0,16.8,32.7,24.5,75.0,19.5,32.8,23.9,76.0,20.1,32.0,23.6,68.0,23.4,31.3,23.2,67.0,22.6,31.2,23.0,72.0,19.2,31.4,23.0,71.0,20.4
2018-08-10,35.1,23.4,72,16.8,0.0,8,32.7,24.5,75.0,19.5,32.8,23.9,76.0,20.1,32.0,23.6,68.0,23.4,31.3,23.2,67.0,22.6,31.2,23.0,72.0,19.2,31.4,23.0,71.0,20.4,31.5,23.6,68.0,19.7
2018-08-11,32.7,24.5,75,19.5,0.0,8,32.8,23.9,76.0,20.1,32.0,23.6,68.0,23.4,31.3,23.2,67.0,22.6,31.2,23.0,72.0,19.2,31.4,23.0,71.0,20.4,31.5,23.6,68.0,19.7,31.2,24.6,70.0,20.9
2018-08-12,32.8,23.9,76,20.1,0.0,8,32.0,23.6,68.0,23.4,31.3,23.2,67.0,22.6,31.2,23.0,72.0,19.2,31.4,23.0,71.0,20.4,31.5,23.6,68.0,19.7,31.2,24.6,70.0,20.9,31.9,24.0,68.0,21.9
2018-08-13,32.0,23.6,68,23.4,0.0,8,31.3,23.2,67.0,22.6,31.2,23.0,72.0,19.2,31.4,23.0,71.0,20.4,31.5,23.6,68.0,19.7,31.2,24.6,70.0,20.9,31.9,24.0,68.0,21.9,32.5,24.6,69.0,19.7
2018-08-14,31.3,23.2,67,22.6,0.0,8,31.2,23.0,72.0,19.2,31.4,23.0,71.0,20.4,31.5,23.6,68.0,19.7,31.2,24.6,70.0,20.9,31.9,24.0,68.0,21.9,32.5,24.6,69.0,19.7,32.5,22.6,74.0,17.5
2018-08-15,31.2,23.0,72,19.2,0.0,8,31.4,23.0,71.0,20.4,31.5,23.6,68.0,19.7,31.2,24.6,70.0,20.9,31.9,24.0,68.0,21.9,32.5,24.6,69.0,19.7,32.5,22.6,74.0,17.5,30.9,24.8,72.0,18.0
2018-08-16,31.4,23.0,71,20.4,0.0,8,31.5,23.6,68.0,19.7,31.2,24.6,70.0,20.9,31.9,24.0,68.0,21.9,32.5,24.6,69.0,19.7,32.5,22.6,74.0,17.5,30.9,24.8,72.0,18.0,31.4,24.3,74.0,18.2
2018-08-17,31.5,23.6,68,19.7,0.0,8,31.2,24.6,70.0,20.9,31.9,24.0,68.0,21.9,32.5,24.6,69.0,19.7,32.5,22.6,74.0,17.5,30.9,24.8,72.0,18.0,31.4,24.3,74.0,18.2,31.5,23.4,74.0,16.7
2018-08-18,31.2,24.6,70,20.9,0.0,8,31.9,24.0,68.0,21.9,32.5,24.6,69.0,19.7,32.5,22.6,74.0,17.5,30.9,24.8,72.0,18.0,31.4,24.3,74.0,18.2,31.5,23.4,74.0,16.7,31.2,21.8,74.0,17.3
2018-08-19,31.9,24.0,68,21.9,0.0,8,32.5,24.6,69.0,19.7,32.5,22.6,74.0,17.5,30.9,24.8,72.0,18.0,31.4,24.3,74.0,18.2,31.5,23.4,74.0,16.7,31.2,21.8,74.0,17.3,31.3,24.3,71.0,23.2
2018-08-20,32.5,24.6,69,19.7,0.0,8,32.5,22.6,74.0,17.5,30.9,24.8,72.0,18.0,31.4,24.3,74.0,18.2,31.5,23.4,74.0,16.7,31.2,21.8,74.0,17.3,31.3,24.3,71.0,23.2,31.7,24.8,70.0,23.6
2018-08-21,32.5,22.6,74,17.5,0.0,8,30.9,24.8,72.0,18.0,31.4,24.3,74.0,18.2,31.5,23.4,74.0,16.7,31.2,21.8,74.0,17.3,31.3,24.3,71.0,23.2,31.7,24.8,70.0,23.6,32.0,23.0,65.0,20.4
2018-08-22,30.9,24.8,72,18.0,0.0,8,31.4,24.3,74.0,18.2,31.5,23.4,74.0,16.7,31.2,21.8,74.0,17.3,31.3,24.3,71.0,23.2,31.7,24.8,70.0,23.6,32.0,23.0,65.0,20.4,31.7,22.5,67.0,17.1
2018-08-23,31.4,24.3,74,18.2,0.0,8,31.5,23.4,74.0,16.7,31.2,21.8,74.0,17.3,31.3,24.3,71.0,23.2,31.7,24.8,70.0,23.6,32.0,23.0,65.0,20.4,31.7,22.5,67.0,17.1,31.4,23.4,69.0,17.2
2018-08-24,31.5,23.4,74,16.7,0.0,8,31.2,21.8,74.0,17.3,31.3,24.3,71.0,23.2,31.7,24.8,70.0,23.6,32.0,23.0,65.0,20.4,31.7,22.5,67.0,17.1,31.4,23.4,69.0,17.2,31.4,23.4,68.0,15.2
2018-08-25,31.2,21.8,74,17.3,0.0,8,31.3,24.3,71.0,23.2,31.7,24.8,70.0,23.6,32.0,23.0,65.0,20.4,31.7,22.5,67.0,17.1,31.4,23.4,69.0,17.2,31.4,23.4,68.0,15.2,31.7,23.9,71.0,17.6
2018-08-26,31.3,24.3,71,23.2,0.0,8,31.7,24.8,70.0,23.6,32.0,23.0,65.0,20.4,31.7,22.5,67.0,17.1,31.4,23.4,69.0,17.2,31.4,23.4,68.0,15.2,31.7,23.9,71.0,17.6,31.8,24.9,74.0,17.6
2018-08-27,31.7,24.8,70,23.6,1.4,8,32.0,23.0,65.0,20.4,31.7,22.5,67.0,17.1,31.4,23.4,69.0,17.2,31.4,23.4,68.0,15.2,31.7,23.9,71.0,17.6,31.8,24.9,74.0,17.6,32.2,25.0,77.0,18.3
2018-08-28,32.0,23.0,65,20.4,0.0,8,31.7,22.5,67.0,17.1,31.4,23.4,69.0,17.2,31.4,23.4,68.0,15.2,31.7,23.9,71.0,17.6,31.8,24.9,74.0,17.6,32.2,25.0,77.0,18.3,32.8,24.1,74.0,15.8
2018-08-29,31.7,22.5,67,17.1,0.0,8,31.4,23.4,69.0,17.2,31.4,23.4,68.0,15.2,31.7,23.9,71.0,17.6,31.8,24.9,74.0,17.6,32.2,25.0,77.0,18.3,32.8,24.1,74.0,15.8,32.5,23.5,72.0,18.8
2018-08-30,31.4,23.4,69,17.2,0.0,8,31.4,23.4,68.0,15.2,31.7,23.9,71.0,17.6,31.8,24.9,74.0,17.6,32.2,25.0,77.0,18.3,32.8,24.1,74.0,15.8,32.5,23.5,72.0,18.8,32.8,22.6,65.0,22.7
2018-08-31,31.4,23.4,68,15.2,0.0,8,31.7,23.9,71.0,17.6,31.8,24.9,74.0,17.6,32.2,25.0,77.0,18.3,32.8,24.1,74.0,15.8,32.5,23.5,72.0,18.8,32.8,22.6,65.0,22.7,31.2,24.0,62.0,22.7
2018-09-01,31.7,23.9,71,17.6,0.0,9,31.8,24.9,74.0,17.6,32.2,25.0,77.0,18.3,32.8,24.1,74.0,15.8,32.5,23.5,72.0,18.8,32.8,22.6,65.0,22.7,31.2,24.0,62.0,22.7,31.9,22.9,66.0,24.4
2018-09-02,31.8,24.9,74,17.6,0.0,9,32.2,25.0,77.0,18.3,32.8,24.1,74.0,15.8,32.5,23.5,72.0,18.8,32.8,22.6,65.0,22.7,31.2,24.0,62.0,22.7,31.9,22.9,66.0,24.4,31.9,23.4,66.0,23.9
2018-09-03,32.2,25.0,77,18.3,0.0,9,32.8,24.1,74.0,15.8,32.5,23.5,72.0,18.8,32.8,22.6,65.0,22.7,31.2,24.0,62.0,22.7,31.9,22.9,66.0,24.4,31.9,23.4,66.0,23.9,30.6,23.8,68.0,18.7
2018-09-04,32.8,24.1,74,15.8,0.0,9,32.5,23.5,72.0,18.8,32.8,22.6,65.0,22.7,31.2,24.0,62.0,22.7,31.9,22.9,66.0,24.4,31.9,23.4,66.0,23.9,30.6,23.8,68.0,18.7,31.7,22.9,70.0,14.9
2018-09-05,32.5,23.5,72,18.8,0.0,9,32.8,22.6,65.0,22.7,31.2,24.0,62.0,22.7,31.9,22.9,66.0,24.4,31.9,23.4,66.0,23.9,30.6,23.8,68.0,18.7,31.7,22.9,70.0,14.9,30.9,22.2,71.0,16.1
2018-09-06,32.8,22.6,65,22.7,0.0,9,31.2,24.0,62.0,22.7,31.9,22.9,66.0,24.4,31.9,23.4,66.0,23.9,30.6,23.8,68.0,18.7,31.7,22.9,70.0,14.9,30.9,22.2,71.0,16.1,30.9,22.1,64.0,21.9
2018-09-07,31.2,24.0,62,22.7,0.0,9,31.9,22.9,66.0,24.4,31.9,23.4,66.0,23.9,30.6,23.8,68.0,18.7,31.7,22.9,70.0,14.9,30.9,22.2,71.0,16.1,30.9,22.1,64.0,21.9,30.0,21.0,65.0,16.2
2018-09-08,31.9,22.9,66,24.4,0.0,9,31.9,23.4,66.0,23.9,30.6,23.8,68.0,18.7,31.7,22.9,70.0,14.9,30.9,22.2,71.0,16.1,30.9,22.1,64.0,21.9,30.0,21.0,65.0,16.2,29.8,22.5,63.0,18.1
2018-09-09,31.9,23.4,66,23.9,0.2,9,30.6,23.8,68.0,18.7,31.7,22.9,70.0,14.9,30.9,22.2,71.0,16.1,30.9,22.1,64.0,21.9,30.0,21.0,65.0,16.2,29.8,22.5,63.0,18.1,29.9,23.5,62.0,17.9
2018-09-10,30.6,23.8,68,18.7,0.0,9,31.7,22.9,70.0,14.9,30.9,22.2,71.0,16.1,30.9,22.1,64.0,21.9,30.0,21.0,65.0,16.2,29.8,22.5,63.0,18.1,29.9,23.5,62.0,17.9,30.2,22.4,66.0,17.3
2018-09-11,31.7,22.9,70,14.9,0.0,9,30.9,22.2,71.0,16.1,30.9,22.1,64.0,21.9,30.0,21.0,65.0,16.2,29.8,22.5,63.0,18.1,29.9,23.5,62.0,17.9,30.2,22.4,66.0,17.3,32.0,22.1,70.0,17.7
2018-09-12,30.9,22.2,71,16.1,0.0,9,30.9,22.1,64.0,21.9,30.0,21.0,65.0,16.2,29.8,22.5,63.0,18.1,29.9,23.5,62.0,17.9,30.2,22.4,66.0,17.3,32.0,22.1,70.0,17.7,32.5,22.6,72.0,21.3
2018-09-13,30.9,22.1,64,21.9,0.0,9,30.0,21.0,65.0,16.2,29.8,22.5,63.0,18.1,29.9,23.5,62.0,17.9,30.2,22.4,66.0,17.3,32.0,22.1,70.0,17.7,32.5,22.6,72.0,21.3,30.8,23.1,70.0,23.4
2018-09-14,30.0,21.0,65,16.2,0.1,9,29.8,22.5,63.0,18.1,29.9,23.5,62.0,17.9,30.2,22.4,66.0,17.3,32.0,22.1,70.0,17.7,32.5,22.6,72.0,21.3,30.8,23.1,70.0,23.4,29.8,22.2,67.0,17.3
2018-09-15,29.8,22.5,63,18.1,0.0,9,29.9,23.5,62.0,17.9,30.2,22.4,66.0,17.3,32.0,22.1,70.0,17.7,32.5,22.6,72.0,21.3,30.8,23.1,70.0,23.4,29.8,22.2,67.0,17.3,29.6,21.6,73.0,15.8
2018-09-16,29.9,23.5,62,17.9,0.0,9,30.2,22.4,66.0,17.3,32.0,22.1,70.0,17.7,32.5,22.6,72.0,21.3,30.8,23.1,70.0,23.4,29.8,22.2,67.0,17.3,29.6,21.6,73.0,15.8,29.9,22.1,71.0,14.7
2018-09-17,30.2,22.4,66,17.3,0.0,9,32.0,22.1,70.0,17.7,32.5,22.6,72.0,21.3,30.8,23.1,70.0,23.4,29.8,22.2,67.0,17.3,29.6,21.6,73.0,15.8,29.9,22.1,71.0,14.7,30.8,22.0,73.0,14.8
2018-09-18,32.0,22.1,70,17.7,0.0,9,32.5,22.6,72.0,21.3,30.8,23.1,70.0,23.4,29.8,22.2,67.0,17.3,29.6,21.6,73.0,15.8,29.9,22.1,71.0,14.7,30.8,22.0,73.0,14.8,30.2,21.9,76.0,17.2
2018-09-19,32.5,22.6,72,21.3,0.0,9,30.8,23.1,70.0,23.4,29.8,22.2,67.0,17.3,29.6,21.6,73.0,15.8,29.9,22.1,71.0,14.7,30.8,22.0,73.0,14.8,30.2,21.9,76.0,17.2,30.6,21.3,74.0,19.3
2018-09-20,30.8,23.1,70,23.4,0.0,9,29.8,22.2,67.0,17.3,29.6,21.6,73.0,15.8,29.9,22.1,71.0,14.7,30.8,22.0,73.0,14.8,30.2,21.9,76.0,17.2,30.6,21.3,74.0,19.3,29.7,21.6,68.0,14.3
2018-09-21,29.8,22.2,67,17.3,0.0,9,29.6,21.6,73.0,15.8,29.9,22.1,71.0,14.7,30.8,22.0,73.0,14.8,30.2,21.9,76.0,17.2,30.6,21.3,74.0,19.3,29.7,21.6,68.0,14.3,32.4,21.4,70.0,12.7
2018-09-22,29.6,21.6,73,15.8,0.0,9,29.9,22.1,71.0,14.7,30.8,22.0,73.0,14.8,30.2,21.9,76.0,17.2,30.6,21.3,74.0,19.3,29.7,21.6,68.0,14.3,32.4,21.4,70.0,12.7,32.8,23.0,71.0,16.3
2018-09-23,29.9,22.1,71,14.7,0.0,9,30.8,22.0,73.0,14.8,30.2,21.9,76.0,17.2,30.6,21.3,74.0,19.3,29.7,21.6,68.0,14.3,32.4,21.4,70.0,12.7,32.8,23.0,71.0,16.3,31.4,23.5,78.0,21.1
2018-09-24,30.8,22.0,73,14.8,0.0,9,30.2,21.9,76.0,17.2,30.6,21.3,74.0,19.3,29.7,21.6,68.0,14.3,32.4,21.4,70.0,12.7,32.8,23.0,71.0,16.3,31.4,23.5,78.0,21.1,30.6,24.4,65.0,17.2
2018-09-25,30.2,21.9,76,17.2,0.0,9,30.6,21.3,74.0,19.3,29.7,21.6,68.0,14.3,32.4,21.4,70.0,12.7,32.8,23.0,71.0,16.3,31.4,23.5,78.0,21.1,30.6,24.4,65.0,17.2,30.6,23.0,64.0,16.7
2018-09-26,30.6,21.3,74,19.3,0.0,9,29.7,21.6,68.0,14.3,32.4,21.4,70.0,12.7,32.8,23.0,71.0,16.3,31.4,23.5,78.0,21.1,30.6,24.4,65.0,17.2,30.6,23.0,64.0,16.7,30.0,23.0,68.0,16.2
2018-09-27,29.7,21.6,68,14.3,0.0,9,32.4,21.4,70.0,12.7,32.8,23.0,71.0,16.3,31.4,23.5,78.0,21.1,30.6,24.4,65.0,17.2,30.6,23.0,64.0,16.7,30.0,23.0,68.0,16.2,28.5,22.4,67.0,16.8
2018-09-28,32.4,21.4,70,12.7,0.0,9,32.8,23.0,71.0,16.3,31.4,23.5,78.0,21.1,30.6,24.4,65.0,17.2,30.6,23.0,64.0,16.7,30.0,23.0,68.0,16.2,28.5,22.4,67.0,16.8,29.9,23.4,72.0,13.2
2018-09-29,32.8,23.0,71,16.3,0.0,9,31.4,23.5,78.0,21.1,30.6,24.4,65.0,17.2,30.6,23.0,64.0,16.7,30.0,23.0,68.0,16.2,28.5,22.4,67.0,16.8,29.9,23.4,72.0,13.2,29.1,22.6,70.0,16.0
2018-09-30,31.4,23.5,78,21.1,0.0,9,30.6,24.4,65.0,17.2,30.6,23.0,64.0,16.7,30.0,23.0,68.0,16.2,28.5,22.4,67.0,16.8,29.9,23.4,72.0,13.2,29.1,22.6,70.0,16.0,29.1,22.0,68.0,21.2
2018-10-01,30.6,24.4,65,17.2,0.0,10,30.6,23.0,64.0,16.7,30.0,23.0,68.0,16.2,28.5,22.4,67.0,16.8,29.9,23.4,72.0,13.2,29.1,22.6,70.0,16.0,29.1,22.0,68.0,21.2,27.6,20.4,66.0,18.2
2018-10-02,30.6,23.0,64,16.7,0.0,10,30.0,23.0,68.0,16.2,28.5,22.4,67.0,16.8,29.9,23.4,72.0,13.2,29.1,22.6,70.0,16.0,29.1,22.0,68.0,21.2,27.6,20.4,66.0,18.2,27.2,20.9,66.0,16.3
2018-10-03,30.0,23.0,68,16.2,0.0,10,28.5,22.4,67.0,16.8,29.9,23.4,72.0,13.2,29.1,22.6,70.0,16.0,29.1,22.0,68.0,21.2,27.6,20.4,66.0,18.2,27.2,20.9,66.0,16.3,27.4,19.4,65.0,20.5
2018-10-04,28.5,22.4,67,16.8,0.0,10,29.9,23.4,72.0,13.2,29.1,22.6,70.0,16.0,29.1,22.0,68.0,21.2,27.6,20.4,66.0,18.2,27.2,20.9,66.0,16.3,27.4,19.4,65.0,20.5,27.5,19.9,64.0,14.8
2018-10-05,29.9,23.4,72,13.2,0.0,10,29.1,22.6,70.0,16.0,29.1,22.0,68.0,21.2,27.6,20.4,66.0,18.2,27.2,20.9,66.0,16.3,27.4,19.4,65.0,20.5,27.5,19.9,64.0,14.8,26.6,20.5,69.0,16.1
2018-10-06,29.1,22.6,70,16.0,0.0,10,29.1,22.0,68.0,21.2,27.6,20.4,66.0,18.2,27.2,20.9,66.0,16.3,27.4,19.4,65.0,20.5,27.5,19.9,64.0,14.8,26.6,20.5,69.0,16.1,28.2,19.6,63.0,18.7
2018-10-07,29.1,22.0,68,21.2,0.0,10,27.6,20.4,66.0,18.2,27.2,20.9,66.0,16.3,27.4,19.4,65.0,20.5,27.5,19.9,64.0,14.8,26.6,20.5,69.0,16.1,28.2,19.6,63.0,18.7,27.6,18.2,63.0,18.9
2018-10-08,27.6,20.4,66,18.2,0.0,10,27.2,20.9,66.0,16.3,27.4,19.4,65.0,20.5,27.5,19.9,64.0,14.8,26.6,20.5,69.0,16.1,28.2,19.6,63.0,18.7,27.6,18.2,63.0,18.9,27.2,20.2,63.0,19.3
2018-10-09,27.2,20.9,66,16.3,0.0,10,27.4,19.4,65.0,20.5,27.5,19.9,64.0,14.8,26.6,20.5,69.0,16.1,28.2,19.6,63.0,18.7,27.6,18.2,63.0,18.9,27.2,20.2,63.0,19.3,27.0,20.6,62.0,18.0
2018-10-10,27.4,19.4,65,20.5,0.0,10,27.5,19.9,64.0,14.8,26.6,20.5,69.0,16.1,28.2,19.6,63.0,18.7,27.6,18.2,63.0,18.9,27.2,20.2,63.0,19.3,27.0,20.6,62.0,18.0,27.3,20.9,61.0,16.0
2018-10-11,27.5,19.9,64,14.8,0.3,10,26.6,20.5,69.0,16.1,28.2,19.6,63.0,18.7,27.6,18.2,63.0,18.9,27.2,20.2,63.0,19.3,27.0,20.6,62.0,18.0,27.3,20.9,61.0,16.0,28.4,19.6,63.0,17.7
2018-10-12,26.6,20.5,69,16.1,0.0,10,28.2,19.6,63.0,18.7,27.6,18.2,63.0,18.9,27.2,20.2,63.0,19.3,27.0,20.6,62.0,18.0,27.3,20.9,61.0,16.0,28.4,19.6,63.0,17.7,26.8,18.9,77.0,15.0
2018-10-13,28.2,19.6,63,18.7,0.1,10,27.6,18.2,63.0,18.9,27.2,20.2,63.0,19.3,27.0,20.6,62.0,18.0,27.3,20.9,61.0,16.0,28.4,19.6,63.0,17.7,26.8,18.9,77.0,15.0,28.0,19.0,77.0,14.2
2018-10-14,27.6,18.2,63,18.9,0.0,10,27.2,20.2,63.0,19.3,27.0,20.6,62.0,18.0,27.3,20.9,61.0,16.0,28.4,19.6,63.0,17.7,26.8,18.9,77.0,15.0,28.0,19.0,77.0,14.2,29.5,18.0,74.0,11.8
2018-10-15,27.2,20.2,63,19.3,0.0,10,27.0,20.6,62.0,18.0,27.3,20.9,61.0,16.0,28.4,19.6,63.0,17.7,26.8,18.9,77.0,15.0,28.0,19.0,77.0,14.2,29.5,18.0,74.0,11.8,31.9,22.1,69.0,22.7
2018-10-16,27.0,20.6,62,18.0,0.0,10,27.3,20.9,61.0,16.0,28.4,19.6,63.0,17.7,26.8,18.9,77.0,15.0,28.0,19.0,77.0,14.2,29.5,18.0,74.0,11.8,31.9,22.1,69.0,22.7,33.5,20.5,68.0,12.7
2018-10-17,27.3,20.9,61,16.0,0.0,10,28.4,19.6,63.0,17.7,26.8,18.9,77.0,15.0,28.0,19.0,77.0,14.2,29.5,18.0,74.0,11.8,31.9,22.1,69.0,22.7,33.5,20.5,68.0,12.7,32.5,20.5,71.0,14.1
2018-10-18,28.4,19.6,63,17.7,0.0,10,26.8,18.9,77.0,15.0,28.0,19.0,77.0,14.2,29.5,18.0,74.0,11.8,31.9,22.1,69.0,22.7,33.5,20.5,68.0,12.7,32.5,20.5,71.0,14.1,28.9,19.5,62.0,30.6
2018-10-19,26.8,18.9,77,15.0,1.4,10,28.0,19.0,77.0,14.2,29.5,18.0,74.0,11.8,31.9,22.1,69.0,22.7,33.5,20.5,68.0,12.7,32.5,20.5,71.0,14.1,28.9,19.5,62.0,30.6,23.1,17.0,50.0,23.5
2018-10-20,28.0,19.0,77,14.2,0.0,10,29.5,18.0,74.0,11.8,31.9,22.1,69.0,22.7,33.5,20.5,68.0,12.7,32.5,20.5,71.0,14.1,28.9,19.5,62.0,30.6,23.1,17.0,50.0,23.5,25.8,15.8,56.0,13.9
2018-10-21,29.5,18.0,74,11.8,0.0,10,31.9,22.1,69.0,22.7,33.5,20.5,68.0,12.7,32.5,20.5,71.0,14.1,28.9,19.5,62.0,30.6,23.1,17.0,50.0,23.5,25.8,15.8,56.0,13.9,26.5,17.8,55.0,18.2
2018-10-22,31.9,22.1,69,22.7,0.0,10,33.5,20.5,68.0,12.7,32.5,20.5,71.0,14.1,28.9,19.5,62.0,30.6,23.1,17.0,50.0,23.5,25.8,15.8,56.0,13.9,26.5,17.8,55.0,18.2,27.9,18.8,50.0,18.0
2018-10-23,33.5,20.5,68,12.7,0.0,10,32.5,20.5,71.0,14.1,28.9,19.5,62.0,30.6,23.1,17.0,50.0,23.5,25.8,15.8,56.0,13.9,26.5,17.8,55.0,18.2,27.9,18.8,50.0,18.0,28.4,20.0,58.0,17.5
2018-10-24,32.5,20.5,71,14.1,0.0,10,28.9,19.5,62.0,30.6,23.1,17.0,50.0,23.5,25.8,15.8,56.0,13.9,26.5,17.8,55.0,18.2,27.9,18.8,50.0,18.0,28.4,20.0,58.0,17.5,28.6,21.0,56.0,20.7
2018-10-25,28.9,19.5,62,30.6,1.0,10,23.1,17.0,50.0,23.5,25.8,15.8,56.0,13.9,26.5,17.8,55.0,18.2,27.9,18.8,50.0,18.0,28.4,20.0,58.0,17.5,28.6,21.0,56.0,20.7,28.8,21.2,59.0,18.9
2018-10-26,23.1,17.0,50,23.5,0.7,10,25.8,15.8,56.0,13.9,26.5,17.8,55.0,18.2,27.9,18.8,50.0,18.0,28.4,20.0,58.0,17.5,28.6,21.0,56.0,20.7,28.8,21.2,59.0,18.9,28.9,20.6,54.0,17.0
2018-10-27,25.8,15.8,56,13.9,0.0,10,26.5,17.8,55.0,18.2,27.9,18.8,50.0,18.0,28.4,20.0,58.0,17.5,28.6,21.0,56.0,20.7,28.8,21.2,59.0,18.9,28.9,20.6,54.0,17.0,28.6,19.1,64.0,15.6
2018-10-28,26.5,17.8,55,18.2,0.0,10,27.9,18.8,50.0,18.0,28.4,20.0,58.0,17.5,28.6,21.0,56.0,20.7,28.8,21.2,59.0,18.9,28.9,20.6,54.0,17.0,28.6,19.1,64.0,15.6,27.2,18.3,67.0,20.0
2018-10-29,27.9,18.8,50,18.0,0.0,10,28.4,20.0,58.0,17.5,28.6,21.0,56.0,20.7,28.8,21.2,59.0,18.9,28.9,20.6,54.0,17.0,28.6,19.1,64.0,15.6,27.2,18.3,67.0,20.0,25.0,19.5,55.0,19.5
2018-10-30,28.4,20.0,58,17.5,0.0,10,28.6,21.0,56.0,20.7,28.8,21.2,59.0,18.9,28.9,20.6,54.0,17.0,28.6,19.1,64.0,15.6,27.2,18.3,67.0,20.0,25.0,19.5,55.0,19.5,25.4,18.2,64.0,15.6
2018-10-31,28.6,21.0,56,20.7,0.0,10,28.8,21.2,59.0,18.9,28.9,20.6,54.0,17.0,28.6,19.1,64.0,15.6,27.2,18.3,67.0,20.0,25.0,19.5,55.0,19.5,25.4,18.2,64.0,15.6,25.0,15.7,69.0,13.3
2018-11-01,28.8,21.2,59,18.9,0.0,11,28.9,20.6,54.0,17.0,28.6,19.1,64.0,15.6,27.2,18.3,67.0,20.0,25.0,19.5,55.0,19.5,25.4,18.2,64.0,15.6,25.0,15.7,69.0,13.3,23.9,17.6,78.0,12.8
2018-11-02,28.9,20.6,54,17.0,0.0,11,28.6,19.1,64.0,15.6,27.2,18.3,67.0,20.0,25.0,19.5,55.0,19.5,25.4,18.2,64.0,15.6,25.0,15.7,69.0,13.3,23.9,17.6,78.0,12.8,25.1,18.2,64.0,12.3
2018-11-03,28.6,19.1,64,15.6,0.0,11,27.2,18.3,67.0,20.0,25.0,19.5,55.0,19.5,25.4,18.2,64.0,15.6,25.0,15.7,69.0,13.3,23.9,17.6,78.0,12.8,25.1,18.2,64.0,12.3,23.5,16.5,76.0,11.0
2018-11-04,27.2,18.3,67,20.0,0.1,11,25.0,19.5,55.0,19.5,25.4,18.2,64.0,15.6,25.0,15.7,69.0,13.3,23.9,17.6,78.0,12.8,25.1,18.2,64.0,12.3,23.5,16.5,76.0,11.0,25.4,14.5,73.0,17.0
2018-11-05,25.0,19.5,55,19.5,0.5,11,25.4,18.2,64.0,15.6,25.0,15.7,69.0,13.3,23.9,17.6,78.0,12.8,25.1,18.2,64.0,12.3,23.5,16.5,76.0,11.0,25.4,14.5,73.0,17.0,24.9,16.9,65.0,13.4
2018-11-06,25.4,18.2,64,15.6,0.2,11,25.0,15.7,69.0,13.3,23.9,17.6,78.0,12.8,25.1,18.2,64.0,12.3,23.5,16.5,76.0,11.0,25.4,14.5,73.0,17.0,24.9,16.9,65.0,13.4,24.2,17.5,61.0,11.9
2018-11-07,25.0,15.7,69,13.3,0.6,11,23.9,17.6,78.0,12.8,25.1,18.2,64.0,12.3,23.5,16.5,76.0,11.0,25.4,14.5,73.0,17.0,24.9,16.9,65.0,13.4,24.2,17.5,61.0,11.9,22.0,15.6,74.0,15.9
2018-11-08,23.9,17.6,78,12.8,0.6,11,25.1,18.2,64.0,12.3,23.5,16.5,76.0,11.0,25.4,14.5,73.0,17.0,24.9,16.9,65.0,13.4,24.2,17.5,61.0,11.9,22.0,15.6,74.0,15.9,23.9,16.5,67.0,18.5
2018-11-09,25.1,18.2,64,12.3,0.1,11,23.5,16.5,76.0,11.0,25.4,14.5,73.0,17.0,24.9,16.9,65.0,13.4,24.2,17.5,61.0,11.9,22.0,15.6,74.0,15.9,23.9,16.5,67.0,18.5,23.1,15.6,61.0,17.4
2018-11-10,23.5,16.5,76,11.0,1.2,11,25.4,14.5,73.0,17.0,24.9,16.9,65.0,13.4,24.2,17.5,61.0,11.9,22.0,15.6,74.0,15.9,23.9,16.5,67.0,18.5,23.1,15.6,61.0,17.4,25.1,12.6,63.0,14.0
2018-11-11,25.4,14.5,73,17.0,0.1,11,24.9,16.9,65.0,13.4,24.2,17.5,61.0,11.9,22.0,15.6,74.0,15.9,23.9,16.5,67.0,18.5,23.1,15.6,61.0,17.4,25.1,12.6,63.0,14.0,24.6,15.7,69.0,12.8
2018-11-12,24.9,16.9,65,13.4,0.0,11,24.2,17.5,61.0,11.9,22.0,15.6,74.0,15.9,23.9,16.5,67.0,18.5,23.1,15.6,61.0,17.4,25.1,12.6,63.0,14.0,24.6,15.7,69.0,12.8,25.0,15.4,75.0,14.0
2018-11-13,24.2,17.5,61,11.9,0.0,11,22.0,15.6,74.0,15.9,23.9,16.5,67.0,18.5,23.1,15.6,61.0,17.4,25.1,12.6,63.0,14.0,24.6,15.7,69.0,12.8,25.0,15.4,75.0,14.0,25.5,14.5,78.0,11.3
2018-11-14,22.0,15.6,74,15.9,0.8,11,23.9,16.5,67.0,18.5,23.1,15.6,61.0,17.4,25.1,12.6,63.0,14.0,24.6,15.7,69.0,12.8,25.0,15.4,75.0,14.0,25.5,14.5,78.0,11.3,26.5,14.4,76.0,11.0
2018-11-15,23.9,16.5,67,18.5,0.7,11,23.1,15.6,61.0,17.4,25.1,12.6,63.0,14.0,24.6,15.7,69.0,12.8,25.0,15.4,75.0,14.0,25.5,14.5,78.0,11.3,26.5,14.4,76.0,11.0,24.9,15.4,70.0,16.5
2018-11-16,23.1,15.6,61,17.4,0.1,11,25.1,12.6,63.0,14.0,24.6,15.7,69.0,12.8,25.0,15.4,75.0,14.0,25.5,14.5,78.0,11.3,26.5,14.4,76.0,11.0,24.9,15.4,70.0,16.5,20.6,15.4,82.0,21.4
2018-11-17,25.1,12.6,63,14.0,0.0,11,24.6,15.7,69.0,12.8,25.0,15.4,75.0,14.0,25.5,14.5,78.0,11.3,26.5,14.4,76.0,11.0,24.9,15.4,70.0,16.5,20.6,15.4,82.0,21.4,20.9,15.2,81.0,19.8
2018-11-18,24.6,15.7,69,12.8,0.0,11,25.0,15.4,75.0,14.0,25.5,14.5,78.0,11.3,26.5,14.4,76.0,11.0,24.9,15.4,70.0,16.5,20.6,15.4,82.0,21.4,20.9,15.2,81.0,19.8,21.5,15.6,75.0,13.8
2018-11-19,25.0,15.4,75,14.0,0.0,11,25.5,14.5,78.0,11.3,26.5,14.4,76.0,11.0,24.9,15.4,70.0,16.5,20.6,15.4,82.0,21.4,20.9,15.2,81.0,19.8,21.5,15.6,75.0,13.8,23.6,12.2,72.0,10.2
2018-11-20,25.5,14.5,78,11.3,0.0,11,26.5,14.4,76.0,11.0,24.9,15.4,70.0,16.5,20.6,15.4,82.0,21.4,20.9,15.2,81.0,19.8,21.5,15.6,75.0,13.8,23.6,12.2,72.0,10.2,24.0,15.5,79.0,11.9
2018-11-21,26.5,14.4,76,11.0,0.0,11,24.9,15.4,70.0,16.5,20.6,15.4,82.0,21.4,20.9,15.2,81.0,19.8,21.5,15.6,75.0,13.8,23.6,12.2,72.0,10.2,24.0,15.5,79.0,11.9,25.5,12.6,79.0,12.1
2018-11-22,24.9,15.4,70,16.5,0.2,11,20.6,15.4,82.0,21.4,20.9,15.2,81.0,19.8,21.5,15.6,75.0,13.8,23.6,12.2,72.0,10.2,24.0,15.5,79.0,11.9,25.5,12.6,79.0,12.1,24.6,15.2,73.0,13.8
2018-11-23,20.6,15.4,82,21.4,4.1,11,20.9,15.2,81.0,19.8,21.5,15.6,75.0,13.8,23.6,12.2,72.0,10.2,24.0,15.5,79.0,11.9,25.5,12.6,79.0,12.1,24.6,15.2,73.0,13.8,23.0,13.9,53.0,21.7
2018-11-24,20.9,15.2,81,19.8,5.4,11,21.5,15.6,75.0,13.8,23.6,12.2,72.0,10.2,24.0,15.5,79.0,11.9,25.5,12.6,79.0,12.1,24.6,15.2,73.0,13.8,23.0,13.9,53.0,21.7,22.0,13.6,72.0,19.6
2018-11-25,21.5,15.6,75,13.8,1.3,11,23.6,12.2,72.0,10.2,24.0,15.5,79.0,11.9,25.5,12.6,79.0,12.1,24.6,15.2,73.0,13.8,23.0,13.9,53.0,21.7,22.0,13.6,72.0,19.6,21.2,14.2,76.0,10.6
2018-11-26,23.6,12.2,72,10.2,0.0,11,24.0,15.5,79.0,11.9,25.5,12.6,79.0,12.1,24.6,15.2,73.0,13.8,23.0,13.9,53.0,21.7,22.0,13.6,72.0,19.6,21.2,14.2,76.0,10.6,23.9,13.5,72.0,20.0
2018-11-27,24.0,15.5,79,11.9,0.6,11,25.5,12.6,79.0,12.1,24.6,15.2,73.0,13.8,23.0,13.9,53.0,21.7,22.0,13.6,72.0,19.6,21.2,14.2,76.0,10.6,23.9,13.5,72.0,20.0,22.5,13.1,53.0,29.3
2018-11-28,25.5,12.6,79,12.1,0.0,11,24.6,15.2,73.0,13.8,23.0,13.9,53.0,21.7,22.0,13.6,72.0,19.6,21.2,14.2,76.0,10.6,23.9,13.5,72.0,20.0,22.5,13.1,53.0,29.3,21.8,13.5,60.0,32.2
2018-11-29,24.6,15.2,73,13.8,0.0,11,23.0,13.9,53.0,21.7,22.0,13.6,72.0,19.6,21.2,14.2,76.0,10.6,23.9,13.5,72.0,20.0,22.5,13.1,53.0,29.3,21.8,13.5,60.0,32.2,18.9,13.3,80.0,28.9
2018-11-30,23.0,13.9,53,21.7,0.0,11,22.0,13.6,72.0,19.6,21.2,14.2,76.0,10.6,23.9,13.5,72.0,20.0,22.5,13.1,53.0,29.3,21.8,13.5,60.0,32.2,18.9,13.3,80.0,28.9,19.4,14.4,61.0,30.4
2018-12-01,22.0,13.6,72,19.6,0.6,12,21.2,14.2,76.0,10.6,23.9,13.5,72.0,20.0,22.5,13.1,53.0,29.3,21.8,13.5,60.0,32.2,18.9,13.3,80.0,28.9,19.4,14.4,61.0,30.4,20.1,13.6,62.0,21.2
2018-12-02,21.2,14.2,76,10.6,0.1,12,23.9,13.5,72.0,20.0,22.5,13.1,53.0,29.3,21.8,13.5,60.0,32.2,18.9,13.3,80.0,28.9,19.4,14.4,61.0,30.4,20.1,13.6,62.0,21.2,21.1,12.8,53.0,12.1
2018-12-03,23.9,13.5,72,20.0,0.1,12,22.5,13.1,53.0,29.3,21.8,13.5,60.0,32.2,18.9,13.3,80.0,28.9,19.4,14.4,61.0,30.4,20.1,13.6,62.0,21.2,21.1,12.8,53.0,12.1,22.0,12.4,58.0,19.9
2018-12-04,22.5,13.1,53,29.3,0.0,12,21.8,13.5,60.0,32.2,18.9,13.3,80.0,28.9,19.4,14.4,61.0,30.4,20.1,13.6,62.0,21.2,21.1,12.8,53.0,12.1,22.0,12.4,58.0,19.9,22.9,14.4,52.0,23.5
2018-12-05,21.8,13.5,60,32.2,0.0,12,18.9,13.3,80.0,28.9,19.4,14.4,61.0,30.4,20.1,13.6,62.0,21.2,21.1,12.8,53.0,12.1,22.0,12.4,58.0,19.9,22.9,14.4,52.0,23.5,20.8,15.8,57.0,24.3
2018-12-06,18.9,13.3,80,28.9,4.2,12,19.4,14.4,61.0,30.4,20.1,13.6,62.0,21.2,21.1,12.8,53.0,12.1,22.0,12.4,58.0,19.9,22.9,14.4,52.0,23.5,20.8,15.8,57.0,24.3,20.2,13.1,64.0,11.4
2018-12-07,19.4,14.4,61,30.4,0.7,12,20.1,13.6,62.0,21.2,21.1,12.8,53.0,12.1,22.0,12.4,58.0,19.9,22.9,14.4,52.0,23.5,20.8,15.8,57.0,24.3,20.2,13.1,64.0,11.4,21.0,10.2,69.0,12.8
2018-12-08,20.1,13.6,62,21.2,0.0,12,21.1,12.8,53.0,12.1,22.0,12.4,58.0,19.9,22.9,14.4,52.0,23.5,20.8,15.8,57.0,24.3,20.2,13.1,64.0,11.4,21.0,10.2,69.0,12.8,22.1,13.3,74.0,18.7
2018-12-09,21.1,12.8,53,12.1,0.0,12,22.0,12.4,58.0,19.9,22.9,14.4,52.0,23.5,20.8,15.8,57.0,24.3,20.2,13.1,64.0,11.4,21.0,10.2,69.0,12.8,22.1,13.3,74.0,18.7,23.5,12.1,58.0,14.3
2018-12-10,22.0,12.4,58,19.9,0.0,12,22.9,14.4,52.0,23.5,20.8,15.8,57.0,24.3,20.2,13.1,64.0,11.4,21.0,10.2,69.0,12.8,22.1,13.3,74.0,18.7,23.5,12.1,58.0,14.3,20.2,11.9,61.0,25.1
2018-12-11,22.9,14.4,52,23.5,0.0,12,20.8,15.8,57.0,24.3,20.2,13.1,64.0,11.4,21.0,10.2,69.0,12.8,22.1,13.3,74.0,18.7,23.5,12.1,58.0,14.3,20.2,11.9,61.0,25.1,21.9,13.9,58.0,15.8
2018-12-12,20.8,15.8,57,24.3,0.2,12,20.2,13.1,64.0,11.4,21.0,10.2,69.0,12.8,22.1,13.3,74.0,18.7,23.5,12.1,58.0,14.3,20.2,11.9,61.0,25.1,21.9,13.9,58.0,15.8,19.6,13.1,56.0,24.0
2018-12-13,20.2,13.1,64,11.4,0.4,12,21.0,10.2,69.0,12.8,22.1,13.3,74.0,18.7,23.5,12.1,58.0,14.3,20.2,11.9,61.0,25.1,21.9,13.9,58.0,15.8,19.6,13.1,56.0,24.0,19.4,13.2,65.0,26.7
2018-12-14,21.0,10.2,69,12.8,0.0,12,22.1,13.3,74.0,18.7,23.5,12.1,58.0,14.3,20.2,11.9,61.0,25.1,21.9,13.9,58.0,15.8,19.6,13.1,56.0,24.0,19.4,13.2,65.0,26.7,19.0,12.4,68.0,17.1
2018-12-15,22.1,13.3,74,18.7,0.0,12,23.5,12.1,58.0,14.3,20.2,11.9,61.0,25.1,21.9,13.9,58.0,15.8,19.6,13.1,56.0,24.0,19.4,13.2,65.0,26.7,19.0,12.4,68.0,17.1,20.3,8.8,72.0,19.2
2018-12-16,23.5,12.1,58,14.3,0.0,12,20.2,11.9,61.0,25.1,21.9,13.9,58.0,15.8,19.6,13.1,56.0,24.0,19.4,13.2,65.0,26.7,19.0,12.4,68.0,17.1,20.3,8.8,72.0,19.2,19.5,11.4,67.0,15.7
2018-12-17,20.2,11.9,61,25.1,0.6,12,21.9,13.9,58.0,15.8,19.6,13.1,56.0,24.0,19.4,13.2,65.0,26.7,19.0,12.4,68.0,17.1,20.3,8.8,72.0,19.2,19.5,11.4,67.0,15.7,20.2,12.0,75.0,14.2
2018-12-18,21.9,13.9,58,15.8,0.0,12,19.6,13.1,56.0,24.0,19.4,13.2,65.0,26.7,19.0,12.4,68.0,17.1,20.3,8.8,72.0,19.2,19.5,11.4,67.0,15.7,20.2,12.0,75.0,14.2,21.0,10.2,69.0,9.7
2018-12-19,19.6,13.1,56,24.0,0.6,12,19.4,13.2,65.0,26.7,19.0,12.4,68.0,17.1,20.3,8.8,72.0,19.2,19.5,11.4,67.0,15.7,20.2,12.0,75.0,14.2,21.0,10.2,69.0,9.7,22.0,11.7,65.0,18.7
2018-12-20,19.4,13.2,65,26.7,1.2,12,19.0,12.4,68.0,17.1,20.3,8.8,72.0,19.2,19.5,11.4,67.0,15.7,20.2,12.0,75.0,14.2,21.0,10.2,69.0,9.7,22.0,11.7,65.0,18.7,16.2,11.4,62.0,36.6
2018-12-21,19.0,12.4,68,17.1,0.4,12,20.3,8.8,72.0,19.2,19.5,11.4,67.0,15.7,20.2,12.0,75.0,14.2,21.0,10.2,69.0,9.7,22.0,11.7,65.0,18.7,16.2,11.4,62.0,36.6,17.2,12.5,55.0,23.0
2018-12-22,20.3,8.8,72,19.2,0.1,12,19.5,11.4,67.0,15.7,20.2,12.0,75.0,14.2,21.0,10.2,69.0,9.7,22.0,11.7,65.0,18.7,16.2,11.4,62.0,36.6,17.2,12.5,55.0,23.0,15.8,11.4,84.0,13.1
2018-12-23,19.5,11.4,67,15.7,0.0,12,20.2,12.0,75.0,14.2,21.0,10.2,69.0,9.7,22.0,11.7,65.0,18.7,16.2,11.4,62.0,36.6,17.2,12.5,55.0,23.0,15.8,11.4,84.0,13.1,18.2,10.4,74.0,20.4
2018-12-24,20.2,12.0,75,14.2,0.0,12,21.0,10.2,69.0,9.7,22.0,11.7,65.0,18.7,16.2,11.4,62.0,36.6,17.2,12.5,55.0,23.0,15.8,11.4,84.0,13.1,18.2,10.4,74.0,20.4,20.1,8.7,67.0,13.8
2018-12-25,21.0,10.2,69,9.7,0.0,12,22.0,11.7,65.0,18.7,16.2,11.4,62.0,36.6,17.2,12.5,55.0,23.0,15.8,11.4,84.0,13.1,18.2,10.4,74.0,20.4,20.1,8.7,67.0,13.8,19.5,8.4,58.0,15.2
2018-12-26,22.0,11.7,65,18.7,0.1,12,16.2,11.4,62.0,36.6,17.2,12.5,55.0,23.0,15.8,11.4,84.0,13.1,18.2,10.4,74.0,20.4,20.1,8.7,67.0,13.8,19.5,8.4,58.0,15.2,17.5,8.9,47.0,29.8
2018-12-27,16.2,11.4,62,36.6,1.6,12,17.2,12.5,55.0,23.0,15.8,11.4,84.0,13.1,18.2,10.4,74.0,20.4,20.1,8.7,67.0,13.8,19.5,8.4,58.0,15.2,17.5,8.9,47.0,29.8,18.9,9.6,57.0,21.9
2018-12-28,17.2,12.5,55,23.0,0.3,12,15.8,11.4,84.0,13.1,18.2,10.4,74.0,20.4,20.1,8.7,67.0,13.8,19.5,8.4,58.0,15.2,17.5,8.9,47.0,29.8,18.9,9.6,57.0,21.9,20.0,8.6,49.0,15.6
2018-12-29,15.8,11.4,84,13.1,2.2,12,18.2,10.4,74.0,20.4,20.1,8.7,67.0,13.8,19.5,8.4,58.0,15.2,17.5,8.9,47.0,29.8,18.9,9.6,57.0,21.9,20.0,8.6,49.0,15.6,19.2,7.3,58.0,20.3
2018-12-30,18.2,10.4,74,20.4,0.3,12,20.1,8.7,67.0,13.8,19.5,8.4,58.0,15.2,17.5,8.9,47.0,29.8,18.9,9.6,57.0,21.9,20.0,8.6,49.0,15.6,19.2,7.3,58.0,20.3,14.6,9.1,54.0,38.9
2018-12-31,20.1,8.7,67,13.8,0.0,12,19.5,8.4,58.0,15.2,17.5,8.9,47.0,29.8,18.9,9.6,57.0,21.9,20.0,8.6,49.0,15.6,19.2,7.3,58.0,20.3,14.6,9.1,54.0,38.9,17.2,8.1,49.0,27.2
2019-01-01,19.5,8.4,58,15.2,0.0,1,17.5,8.9,47.0,29.8,18.9,9.6,57.0,21.9,20.0,8.6,49.0,15.6,19.2,7.3,58.0,20.3,14.6,9.1,54.0,38.9,17.2,8.1,49.0,27.2,16.4,9.2,58.0,34.4
2019-01-02,17.5,8.9,47,29.8,0.0,1,18.9,9.6,57.0,21.9,20.0,8.6,49.0,15.6,19.2,7.3,58.0,20.3,14.6,9.1,54.0,38.9,17.2,8.1,49.0,27.2,16.4,9.2,58.0,34.4,15.1,7.4,63.0,14.8
2019-01-03,18.9,9.6,57,21.9,0.0,1,20.0,8.6,49.0,15.6,19.2,7.3,58.0,20.3,14.6,9.1,54.0,38.9,17.2,8.1,49.0,27.2,16.4,9.2,58.0,34.4,15.1,7.4,63.0,14.8,17.1,5.2,71.0,15.7
2019-01-04,20.0,8.6,49,15.6,0.0,1,19.2,7.3,58.0,20.3,14.6,9.1,54.0,38.9,17.2,8.1,49.0,27.2,16.4,9.2,58.0,34.4,15.1,7.4,63.0,14.8,17.1,5.2,71.0,15.7,17.9,6.8,74.0,10.9
2019-01-05,19.2,7.3,58,20.3,0.1,1,14.6,9.1,54.0,38.9,17.2,8.1,49.0,27.2,16.4,9.2,58.0,34.4,15.1,7.4,63.0,14.8,17.1,5.2,71.0,15.7,17.9,6.8,74.0,10.9,18.6,5.4,78.0,11.3
2019-01-06,14.6,9.1,54,38.9,0.1,1,17.2,8.1,49.0,27.2,16.4,9.2,58.0,34.4,15.1,7.4,63.0,14.8,17.1,5.2,71.0,15.7,17.9,6.8,74.0,10.9,18.6,5.4,78.0,11.3,17.1,9.4,42.0,31.7
2019-01-07,17.2,8.1,49,27.2,0.0,1,16.4,9.2,58.0,34.4,15.1,7.4,63.0,14.8,17.1,5.2,71.0,15.7,17.9,6.8,74.0,10.9,18.6,5.4,78.0,11.3,17.1,9.4,42.0,31.7,18.0,10.3,55.0,23.5
2019-01-08,16.4,9.2,58,34.4,1.0,1,15.1,7.4,63.0,14.8,17.1,5.2,71.0,15.7,17.9,6.8,74.0,10.9,18.6,5.4,78.0,11.3,17.1,9.4,42.0,31.7,18.0,10.3,55.0,23.5,17.6,9.5,35.0,32.1
2019-01-09,15.1,7.4,63,14.8,0.1,1,17.1,5.2,71.0,15.7,17.9,6.8,74.0,10.9,18.6,5.4,78.0,11.3,17.1,9.4,42.0,31.7,18.0,10.3,55.0,23.5,17.6,9.5,35.0,32.1,13.4,8.8,56.0,37.7
2019-01-10,17.1,5.2,71,15.7,0.0,1,17.9,6.8,74.0,10.9,18.6,5.4,78.0,11.3,17.1,9.4,42.0,31.7,18.0,10.3,55.0,23.5,17.6,9.5,35.0,32.1,13.4,8.8,56.0,37.7,16.1,11.1,57.0,28.3
2019-01-11,17.9,6.8,74,10.9,0.0,1,18.6,5.4,78.0,11.3,17.1,9.4,42.0,31.7,18.0,10.3,55.0,23.5,17.6,9.5,35.0,32.1,13.4,8.8,56.0,37.7,16.1,11.1,57.0,28.3,17.5,9.2,67.0,16.2
2019-01-12,18.6,5.4,78,11.3,0.0,1,17.1,9.4,42.0,31.7,18.0,10.3,55.0,23.5,17.6,9.5,35.0,32.1,13.4,8.8,56.0,37.7,16.1,11.1,57.0,28.3,17.5,9.2,67.0,16.2,17.2,8.6,73.0,16.2
2019-01-13,17.1,9.4,42,31.7,0.0,1,18.0,10.3,55.0,23.5,17.6,9.5,35.0,32.1,13.4,8.8,56.0,37.7,16.1,11.1,57.0,28.3,17.5,9.2,67.0,16.2,17.2,8.6,73.0,16.2,18.9,9.4,70.0,15.5
2019-01-14,18.0,10.3,55,23.5,0.4,1,17.6,9.5,35.0,32.1,13.4,8.8,56.0,37.7,16.1,11.1,57.0,28.3,17.5,9.2,67.0,16.2,17.2,8.6,73.0,16.2,18.9,9.4,70.0,15.5,20.0,8.2,77.0,13.9
2019-01-15,17.6,9.5,35,32.1,0.0,1,13.4,8.8,56.0,37.7,16.1,11.1,57.0,28.3,17.5,9.2,67.0,16.2,17.2,8.6,73.0,16.2,18.9,9.4,70.0,15.5,20.0,8.2,77.0,13.9,19.2,9.1,81.0,13.6
2019-01-16,13.4,8.8,56,37.7,3.9,1,16.1,11.1,57.0,28.3,17.5,9.2,67.0,16.2,17.2,8.6,73.0,16.2,18.9,9.4,70.0,15.5,20.0,8.2,77.0,13.9,19.2,9.1,81.0,13.6,19.4,8.2,81.0,22.0
2019-01-17,16.1,11.1,57,28.3,0.4,1,17.5,9.2,67.0,16.2,17.2,8.6,73.0,16.2,18.9,9.4,70.0,15.5,20.0,8.2,77.0,13.9,19.2,9.1,81.0,13.6,19.4,8.2,81.0,22.0,20.8,10.6,38.0,25.7
2019-01-18,17.5,9.2,67,16.2,0.0,1,17.2,8.6,73.0,16.2,18.9,9.4,70.0,15.5,20.0,8.2,77.0,13.9,19.2,9.1,81.0,13.6,19.4,8.2,81.0,22.0,20.8,10.6,38.0,25.7,21.6,5.7,43.0,18.0
2019-01-19,17.2,8.6,73,16.2,0.2,1,18.9,9.4,70.0,15.5,20.0,8.2,77.0,13.9,19.2,9.1,81.0,13.6,19.4,8.2,81.0,22.0,20.8,10.6,38.0,25.7,21.6,5.7,43.0,18.0,25.4,8.6,37.0,22.5
2019-01-20,18.9,9.4,70,15.5,0.0,1,20.0,8.2,77.0,13.9,19.2,9.1,81.0,13.6,19.4,8.2,81.0,22.0,20.8,10.6,38.0,25.7,21.6,5.7,43.0,18.0,25.4,8.6,37.0,22.5,17.5,7.8,39.0,20.3
2019-01-21,20.0,8.2,77,13.9,0.2,1,19.2,9.1,81.0,13.6,19.4,8.2,81.0,22.0,20.8,10.6,38.0,25.7,21.6,5.7,43.0,18.0,25.4,8.6,37.0,22.5,17.5,7.8,39.0,20.3,17.9,9.9,66.0,24.7
2019-01-22,19.2,9.1,81,13.6,0.0,1,19.4,8.2,81.0,22.0,20.8,10.6,38.0,25.7,21.6,5.7,43.0,18.0,25.4,8.6,37.0,22.5,17.5,7.8,39.0,20.3,17.9,9.9,66.0,24.7,20.9,6.7,60.0,16.7
2019-01-23,19.4,8.2,81,22.0,0.0,1,20.8,10.6,38.0,25.7,21.6,5.7,43.0,18.0,25.4,8.6,37.0,22.5,17.5,7.8,39.0,20.3,17.9,9.9,66.0,24.7,20.9,6.7,60.0,16.7,20.2,7.2,43.0,22.3
2019-01-24,20.8,10.6,38,25.7,0.0,1,21.6,5.7,43.0,18.0,25.4,8.6,37.0,22.5,17.5,7.8,39.0,20.3,17.9,9.9,66.0,24.7,20.9,6.7,60.0,16.7,20.2,7.2,43.0,22.3,20.2,7.8,35.0,17.6
2019-01-25,21.6,5.7,43,18.0,0.0,1,25.4,8.6,37.0,22.5,17.5,7.8,39.0,20.3,17.9,9.9,66.0,24.7,20.9,6.7,60.0,16.7,20.2,7.2,43.0,22.3,20.2,7.8,35.0,17.6,21.8,7.1,53.0,18.5
2019-01-26,25.4,8.6,37,22.5,0.0,1,17.5,7.8,39.0,20.3,17.9,9.9,66.0,24.7,20.9,6.7,60.0,16.7,20.2,7.2,43.0,22.3,20.2,7.8,35.0,17.6,21.8,7.1,53.0,18.5,18.9,9.1,74.0,12.8
2019-01-27,17.5,7.8,39,20.3,0.0,1,17.9,9.9,66.0,24.7,20.9,6.7,60.0,16.7,20.2,7.2,43.0,22.3,20.2,7.8,35.0,17.6,21.8,7.1,53.0,18.5,18.9,9.1,74.0,12.8,19.4,9.8,73.0,18.9
2019-01-28,17.9,9.9,66,24.7,0.8,1,20.9,6.7,60.0,16.7,20.2,7.2,43.0,22.3,20.2,7.8,35.0,17.6,21.8,7.1,53.0,18.5,18.9,9.1,74.0,12.8,19.4,9.8,73.0,18.9,23.4,12.6,67.0,14.4
2019-01-29,20.9,6.7,60,16.7,0.0,1,20.2,7.2,43.0,22.3,20.2,7.8,35.0,17.6,21.8,7.1,53.0,18.5,18.9,9.1,74.0,12.8,19.4,9.8,73.0,18.9,23.4,12.6,67.0,14.4,28.5,13.9,52.0,17.5
2019-01-30,20.2,7.2,43,22.3,0.0,1,20.2,7.8,35.0,17.6,21.8,7.1,53.0,18.5,18.9,9.1,74.0,12.8,19.4,9.8,73.0,18.9,23.4,12.6,67.0,14.4,28.5,13.9,52.0,17.5,19.5,11.1,67.0,18.6
2019-01-31,20.2,7.8,35,17.6,0.1,1,21.8,7.1,53.0,18.5,18.9,9.1,74.0,12.8,19.4,9.8,73.0,18.9,23.4,12.6,67.0,14.4,28.5,13.9,52.0,17.5,19.5,11.1,67.0,18.6,19.5,7.5,66.0,17.6
2019-02-01,21.8,7.1,53,18.5,0.0,2,18.9,9.1,74.0,12.8,19.4,9.8,73.0,18.9,23.4,12.6,67.0,14.4,28.5,13.9,52.0,17.5,19.5,11.1,67.0,18.6,19.5,7.5,66.0,17.6,18.3,9.8,67.0,20.2
2019-02-02,18.9,9.1,74,12.8,0.0,2,19.4,9.8,73.0,18.9,23.4,12.6,67.0,14.4,28.5,13.9,52.0,17.5,19.5,11.1,67.0,18.6,19.5,7.5,66.0,17.6,18.3,9.8,67.0,20.2,18.0,9.6,72.0,16.0
2019-02-03,19.4,9.8,73,18.9,0.0,2,23.4,12.6,67.0,14.4,28.5,13.9,52.0,17.5,19.5,11.1,67.0,18.6,19.5,7.5,66.0,17.6,18.3,9.8,67.0,20.2,18.0,9.6,72.0,16.0,16.5,8.6,78.0,18.9
2019-02-04,23.4,12.6,67,14.4,0.0,2,28.5,13.9,52.0,17.5,19.5,11.1,67.0,18.6,19.5,7.5,66.0,17.6,18.3,9.8,67.0,20.2,18.0,9.6,72.0,16.0,16.5,8.6,78.0,18.9,17.9,10.1,68.0,17.2
2019-02-05,28.5,13.9,52,17.5,0.0,2,19.5,11.1,67.0,18.6,19.5,7.5,66.0,17.6,18.3,9.8,67.0,20.2,18.0,9.6,72.0,16.0,16.5,8.6,78.0,18.9,17.9,10.1,68.0,17.2,18.9,7.7,72.0,17.9
2019-02-06,19.5,11.1,67,18.6,9.5,2,19.5,7.5,66.0,17.6,18.3,9.8,67.0,20.2,18.0,9.6,72.0,16.0,16.5,8.6,78.0,18.9,17.9,10.1,68.0,17.2,18.9,7.7,72.0,17.9,20.0,10.1,73.0,13.2
2019-02-07,19.5,7.5,66,17.6,0.0,2,18.3,9.8,67.0,20.2,18.0,9.6,72.0,16.0,16.5,8.6,78.0,18.9,17.9,10.1,68.0,17.2,18.9,7.7,72.0,17.9,20.0,10.1,73.0,13.2,16.9,9.9,59.0,27.9
2019-02-08,18.3,9.8,67,20.2,0.8,2,18.0,9.6,72.0,16.0,16.5,8.6,78.0,18.9,17.9,10.1,68.0,17.2,18.9,7.7,72.0,17.9,20.0,10.1,73.0,13.2,16.9,9.9,59.0,27.9,17.5,9.2,58.0,25.3
2019-02-09,18.0,9.6,72,16.0,0.1,2,16.5,8.6,78.0,18.9,17.9,10.1,68.0,17.2,18.9,7.7,72.0,17.9,20.0,10.1,73.0,13.2,16.9,9.9,59.0,27.9,17.5,9.2,58.0,25.3,16.8,9.1,71.0,18.9
2019-02-10,16.5,8.6,78,18.9,2.4,2,17.9,10.1,68.0,17.2,18.9,7.7,72.0,17.9,20.0,10.1,73.0,13.2,16.9,9.9,59.0,27.9,17.5,9.2,58.0,25.3,16.8,9.1,71.0,18.9,17.1,7.1,67.0,18.2
2019-02-11,17.9,10.1,68,17.2,0.0,2,18.9,7.7,72.0,17.9,20.0,10.1,73.0,13.2,16.9,9.9,59.0,27.9,17.5,9.2,58.0,25.3,16.8,9.1,71.0,18.9,17.1,7.1,67.0,18.2,15.5,6.0,74.0,16.1
2019-02-12,18.9,7.7,72,17.9,0.0,2,20.0,10.1,73.0,13.2,16.9,9.9,59.0,27.9,17.5,9.2,58.0,25.3,16.8,9.1,71.0,18.9,17.1,7.1,67.0,18.2,15.5,6.0,74.0,16.1,17.9,9.2,72.0,16.0
2019-02-13,20.0,10.1,73,13.2,0.8,2,16.9,9.9,59.0,27.9,17.5,9.2,58.0,25.3,16.8,9.1,71.0,18.9,17.1,7.1,67.0,18.2,15.5,6.0,74.0,16.1,17.9,9.2,72.0,16.0,19.8,9.8,69.0,19.8
2019-02-14,16.9,9.9,59,27.9,0.1,2,17.5,9.2,58.0,25.3,16.8,9.1,71.0,18.9,17.1,7.1,67.0,18.2,15.5,6.0,74.0,16.1,17.9,9.2,72.0,16.0,19.8,9.8,69.0,19.8,17.5,8.9,73.0,13.6
2019-02-15,17.5,9.2,58,25.3,0.8,2,16.8,9.1,71.0,18.9,17.1,7.1,67.0,18.2,15.5,6.0,74.0,16.1,17.9,9.2,72.0,16.0,19.8,9.8,69.0,19.8,17.5,8.9,73.0,13.6,18.5,8.1,76.0,13.0
2019-02-16,16.8,9.1,71,18.9,1.7,2,17.1,7.1,67.0,18.2,15.5,6.0,74.0,16.1,17.9,9.2,72.0,16.0,19.8,9.8,69.0,19.8,17.5,8.9,73.0,13.6,18.5,8.1,76.0,13.0,19.6,7.2,76.0,15.5
2019-02-17,17.1,7.1,67,18.2,2.2,2,15.5,6.0,74.0,16.1,17.9,9.2,72.0,16.0,19.8,9.8,69.0,19.8,17.5,8.9,73.0,13.6,18.5,8.1,76.0,13.0,19.6,7.2,76.0,15.5,20.8,9.6,73.0,19.8
2019-02-18,15.5,6.0,74,16.1,1.0,2,17.9,9.2,72.0,16.0,19.8,9.8,69.0,19.8,17.5,8.9,73.0,13.6,18.5,8.1,76.0,13.0,19.6,7.2,76.0,15.5,20.8,9.6,73.0,19.8,25.5,14.3,57.0,19.5
2019-02-19,17.9,9.2,72,16.0,0.1,2,19.8,9.8,69.0,19.8,17.5,8.9,73.0,13.6,18.5,8.1,76.0,13.0,19.6,7.2,76.0,15.5,20.8,9.6,73.0,19.8,25.5,14.3,57.0,19.5,21.8,12.1,44.0,25.9
2019-02-20,19.8,9.8,69,19.8,0.0,2,17.5,8.9,73.0,13.6,18.5,8.1,76.0,13.0,19.6,7.2,76.0,15.5,20.8,9.6,73.0,19.8,25.5,14.3,57.0,19.5,21.8,12.1,44.0,25.9,19.0,12.8,69.0,26.3
2019-02-21,17.5,8.9,73,13.6,0.5,2,18.5,8.1,76.0,13.0,19.6,7.2,76.0,15.5,20.8,9.6,73.0,19.8,25.5,14.3,57.0,19.5,21.8,12.1,44.0,25.9,19.0,12.8,69.0,26.3,15.7,11.5,63.0,39.3
2019-02-22,18.5,8.1,76,13.0,0.9,2,19.6,7.2,76.0,15.5,20.8,9.6,73.0,19.8,25.5,14.3,57.0,19.5,21.8,12.1,44.0,25.9,19.0,12.8,69.0,26.3,15.7,11.5,63.0,39.3,18.1,11.9,55.0,23.3
2019-02-23,19.6,7.2,76,15.5,0.2,2,20.8,9.6,73.0,19.8,25.5,14.3,57.0,19.5,21.8,12.1,44.0,25.9,19.0,12.8,69.0,26.3,15.7,11.5,63.0,39.3,18.1,11.9,55.0,23.3,20.5,10.8,58.0,22.8
2019-02-24,20.8,9.6,73,19.8,0.0,2,25.5,14.3,57.0,19.5,21.8,12.1,44.0,25.9,19.0,12.8,69.0,26.3,15.7,11.5,63.0,39.3,18.1,11.9,55.0,23.3,20.5,10.8,58.0,22.8,22.1,9.4,48.0,26.1
2019-02-25,25.5,14.3,57,19.5,0.0,2,21.8,12.1,44.0,25.9,19.0,12.8,69.0,26.3,15.7,11.5,63.0,39.3,18.1,11.9,55.0,23.3,20.5,10.8,58.0,22.8,22.1,9.4,48.0,26.1,19.2,11.5,72.0,17.8
2019-02-26,21.8,12.1,44,25.9,0.0,2,19.0,12.8,69.0,26.3,15.7,11.5,63.0,39.3,18.1,11.9,55.0,23.3,20.5,10.8,58.0,22.8,22.1,9.4,48.0,26.1,19.2,11.5,72.0,17.8,15.9,10.6,80.0,14.8
2019-02-27,19.0,12.8,69,26.3,1.1,2,15.7,11.5,63.0,39.3,18.1,11.9,55.0,23.3,20.5,10.8,58.0,22.8,22.1,9.4,48.0,26.1,19.2,11.5,72.0,17.8,15.9,10.6,80.0,14.8,18.4,9.1,76.0,14.1
2019-02-28,15.7,11.5,63,39.3,2.6,2,18.1,11.9,55.0,23.3,20.5,10.8,58.0,22.8,22.1,9.4,48.0,26.1,19.2,11.5,72.0,17.8,15.9,10.6,80.0,14.8,18.4,9.1,76.0,14.1,19.3,7.5,75.0,18.8
2019-03-01,18.1,11.9,55,23.3,0.7,3,20.5,10.8,58.0,22.8,22.1,9.4,48.0,26.1,19.2,11.5,72.0,17.8,15.9,10.6,80.0,14.8,18.4,9.1,76.0,14.1,19.3,7.5,75.0,18.8,20.2,11.2,73.0,13.5
2019-03-02,20.5,10.8,58,22.8,0.0,3,22.1,9.4,48.0,26.1,19.2,11.5,72.0,17.8,15.9,10.6,80.0,14.8,18.4,9.1,76.0,14.1,19.3,7.5,75.0,18.8,20.2,11.2,73.0,13.5,20.5,10.6,76.0,13.7
2019-03-03,22.1,9.4,48,26.1,0.0,3,19.2,11.5,72.0,17.8,15.9,10.6,80.0,14.8,18.4,9.1,76.0,14.1,19.3,7.5,75.0,18.8,20.2,11.2,73.0,13.5,20.5,10.6,76.0,13.7,20.2,10.6,77.0,20.0
2019-03-04,19.2,11.5,72,17.8,0.9,3,15.9,10.6,80.0,14.8,18.4,9.1,76.0,14.1,19.3,7.5,75.0,18.8,20.2,11.2,73.0,13.5,20.5,10.6,76.0,13.7,20.2,10.6,77.0,20.0,23.1,9.9,78.0,10.6
2019-03-05,15.9,10.6,80,14.8,4.6,3,18.4,9.1,76.0,14.1,19.3,7.5,75.0,18.8,20.2,11.2,73.0,13.5,20.5,10.6,76.0,13.7,20.2,10.6,77.0,20.0,23.1,9.9,78.0,10.6,20.5,10.6,78.0,13.8
2019-03-06,18.4,9.1,76,14.1,0.0,3,19.3,7.5,75.0,18.8,20.2,11.2,73.0,13.5,20.5,10.6,76.0,13.7,20.2,10.6,77.0,20.0,23.1,9.9,78.0,10.6,20.5,10.6,78.0,13.8,24.5,11.6,64.0,32.8
2019-03-07,19.3,7.5,75,18.8,0.0,3,20.2,11.2,73.0,13.5,20.5,10.6,76.0,13.7,20.2,10.6,77.0,20.0,23.1,9.9,78.0,10.6,20.5,10.6,78.0,13.8,24.5,11.6,64.0,32.8,20.2,10.4,68.0,28.8
2019-03-08,20.2,11.2,73,13.5,0.0,3,20.5,10.6,76.0,13.7,20.2,10.6,77.0,20.0,23.1,9.9,78.0,10.6,20.5,10.6,78.0,13.8,24.5,11.6,64.0,32.8,20.2,10.4,68.0,28.8,24.1,11.1,64.0,27.1
2019-03-09,20.5,10.6,76,13.7,0.0,3,20.2,10.6,77.0,20.0,23.1,9.9,78.0,10.6,20.5,10.6,78.0,13.8,24.5,11.6,64.0,32.8,20.2,10.4,68.0,28.8,24.1,11.1,64.0,27.1,18.0,11.8,66.0,32.5
2019-03-10,20.2,10.6,77,20.0,0.0,3,23.1,9.9,78.0,10.6,20.5,10.6,78.0,13.8,24.5,11.6,64.0,32.8,20.2,10.4,68.0,28.8,24.1,11.1,64.0,27.1,18.0,11.8,66.0,32.5,20.5,12.6,56.0,24.3
2019-03-11,23.1,9.9,78,10.6,0.0,3,20.5,10.6,78.0,13.8,24.5,11.6,64.0,32.8,20.2,10.4,68.0,28.8,24.1,11.1,64.0,27.1,18.0,11.8,66.0,32.5,20.5,12.6,56.0,24.3,22.7,8.8,74.0,13.8
2019-03-12,20.5,10.6,78,13.8,0.2,3,24.5,11.6,64.0,32.8,20.2,10.4,68.0,28.8,24.1,11.1,64.0,27.1,18.0,11.8,66.0,32.5,20.5,12.6,56.0,24.3,22.7,8.8,74.0,13.8,22.0,11.0,77.0,14.9
2019-03-13,24.5,11.6,64,32.8,1.2,3,20.2,10.4,68.0,28.8,24.1,11.1,64.0,27.1,18.0,11.8,66.0,32.5,20.5,12.6,56.0,24.3,22.7,8.8,74.0,13.8,22.0,11.0,77.0,14.9,21.2,12.6,78.0,13.6
2019-03-14,20.2,10.4,68,28.8,0.4,3,24.1,11.1,64.0,27.1,18.0,11.8,66.0,32.5,20.5,12.6,56.0,24.3,22.7,8.8,74.0,13.8,22.0,11.0,77.0,14.9,21.2,12.6,78.0,13.6,21.2,13.9,79.0,15.1
2019-03-15,24.1,11.1,64,27.1,0.0,3,18.0,11.8,66.0,32.5,20.5,12.6,56.0,24.3,22.7,8.8,74.0,13.8,22.0,11.0,77.0,14.9,21.2,12.6,78.0,13.6,21.2,13.9,79.0,15.1,23.4,11.7,76.0,12.4
2019-03-16,18.0,11.8,66,32.5,2.7,3,20.5,12.6,56.0,24.3,22.7,8.8,74.0,13.8,22.0,11.0,77.0,14.9,21.2,12.6,78.0,13.6,21.2,13.9,79.0,15.1,23.4,11.7,76.0,12.4,21.5,13.1,78.0,14.8
2019-03-17,20.5,12.6,56,24.3,0.0,3,22.7,8.8,74.0,13.8,22.0,11.0,77.0,14.9,21.2,12.6,78.0,13.6,21.2,13.9,79.0,15.1,23.4,11.7,76.0,12.4,21.5,13.1,78.0,14.8,21.7,13.7,72.0,27.0
2019-03-18,22.7,8.8,74,13.8,0.0,3,22.0,11.0,77.0,14.9,21.2,12.6,78.0,13.6,21.2,13.9,79.0,15.1,23.4,11.7,76.0,12.4,21.5,13.1,78.0,14.8,21.7,13.7,72.0,27.0,18.2,11.9,51.0,28.8
2019-03-19,22.0,11.0,77,14.9,0.0,3,21.2,12.6,78.0,13.6,21.2,13.9,79.0,15.1,23.4,11.7,76.0,12.4,21.5,13.1,78.0,14.8,21.7,13.7,72.0,27.0,18.2,11.9,51.0,28.8,20.2,10.4,63.0,20.9
2019-03-20,21.2,12.6,78,13.6,0.0,3,21.2,13.9,79.0,15.1,23.4,11.7,76.0,12.4,21.5,13.1,78.0,14.8,21.7,13.7,72.0,27.0,18.2,11.9,51.0,28.8,20.2,10.4,63.0,20.9,21.6,11.6,74.0,21.2
2019-03-21,21.2,13.9,79,15.1,0.0,3,23.4,11.7,76.0,12.4,21.5,13.1,78.0,14.8,21.7,13.7,72.0,27.0,18.2,11.9,51.0,28.8,20.2,10.4,63.0,20.9,21.6,11.6,74.0,21.2,24.9,11.1,68.0,16.6
2019-03-22,23.4,11.7,76,12.4,0.0,3,21.5,13.1,78.0,14.8,21.7,13.7,72.0,27.0,18.2,11.9,51.0,28.8,20.2,10.4,63.0,20.9,21.6,11.6,74.0,21.2,24.9,11.1,68.0,16.6,26.8,15.0,61.0,31.5
2019-03-23,21.5,13.1,78,14.8,0.0,3,21.7,13.7,72.0,27.0,18.2,11.9,51.0,28.8,20.2,10.4,63.0,20.9,21.6,11.6,74.0,21.2,24.9,11.1,68.0,16.6,26.8,15.0,61.0,31.5,16.4,13.6,73.0,38.9
2019-03-24,21.7,13.7,72,27.0,1.1,3,18.2,11.9,51.0,28.8,20.2,10.4,63.0,20.9,21.6,11.6,74.0,21.2,24.9,11.1,68.0,16.6,26.8,15.0,61.0,31.5,16.4,13.6,73.0,38.9,17.1,11.6,71.0,21.3
2019-03-25,18.2,11.9,51,28.8,0.1,3,20.2,10.4,63.0,20.9,21.6,11.6,74.0,21.2,24.9,11.1,68.0,16.6,26.8,15.0,61.0,31.5,16.4,13.6,73.0,38.9,17.1,11.6,71.0,21.3,19.5,11.1,73.0,20.7
2019-03-26,20.2,10.4,63,20.9,0.4,3,21.6,11.6,74.0,21.2,24.9,11.1,68.0,16.6,26.8,15.0,61.0,31.5,16.4,13.6,73.0,38.9,17.1,11.6,71.0,21.3,19.5,11.1,73.0,20.7,19.1,10.8,72.0,15.4
2019-03-27,21.6,11.6,74,21.2,0.7,3,24.9,11.1,68.0,16.6,26.8,15.0,61.0,31.5,16.4,13.6,73.0,38.9,17.1,11.6,71.0,21.3,19.5,11.1,73.0,20.7,19.1,10.8,72.0,15.4,21.9,11.1,74.0,16.3
2019-03-28,24.9,11.1,68,16.6,0.0,3,26.8,15.0,61.0,31.5,16.4,13.6,73.0,38.9,17.1,11.6,71.0,21.3,19.5,11.1,73.0,20.7,19.1,10.8,72.0,15.4,21.9,11.1,74.0,16.3,19.7,12.3,78.0,18.5
2019-03-29,26.8,15.0,61,31.5,0.2,3,16.4,13.6,73.0,38.9,17.1,11.6,71.0,21.3,19.5,11.1,73.0,20.7,19.1,10.8,72.0,15.4,21.9,11.1,74.0,16.3,19.7,12.3,78.0,18.5,21.4,12.1,74.0,15.8
2019-03-30,16.4,13.6,73,38.9,11.2,3,17.1,11.6,71.0,21.3,19.5,11.1,73.0,20.7,19.1,10.8,72.0,15.4,21.9,11.1,74.0,16.3,19.7,12.3,78.0,18.5,21.4,12.1,74.0,15.8,23.0,15.0,73.0,21.6
2019-03-31,17.1,11.6,71,21.3,2.9,3,19.5,11.1,73.0,20.7,19.1,10.8,72.0,15.4,21.9,11.1,74.0,16.3,19.7,12.3,78.0,18.5,21.4,12.1,74.0,15.8,23.0,15.0,73.0,21.6,30.8,14.9,56.0,20.5
2019-04-01,19.5,11.1,73,20.7,2.5,4,19.1,10.8,72.0,15.4,21.9,11.1,74.0,16.3,19.7,12.3,78.0,18.5,21.4,12.1,74.0,15.8,23.0,15.0,73.0,21.6,30.8,14.9,56.0,20.5,23.6,13.9,79.0,18.1
2019-04-02,19.1,10.8,72,15.4,0.2,4,21.9,11.1,74.0,16.3,19.7,12.3,78.0,18.5,21.4,12.1,74.0,15.8,23.0,15.0,73.0,21.6,30.8,14.9,56.0,20.5,23.6,13.9,79.0,18.1,21.1,14.4,72.0,25.5
2019-04-03,21.9,11.1,74,16.3,0.8,4,19.7,12.3,78.0,18.5,21.4,12.1,74.0,15.8,23.0,15.0,73.0,21.6,30.8,14.9,56.0,20.5,23.6,13.9,79.0,18.1,21.1,14.4,72.0,25.5,22.9,10.4,70.0,17.5
2019-04-04,19.7,12.3,78,18.5,0.2,4,21.4,12.1,74.0,15.8,23.0,15.0,73.0,21.6,30.8,14.9,56.0,20.5,23.6,13.9,79.0,18.1,21.1,14.4,72.0,25.5,22.9,10.4,70.0,17.5,23.1,12.3,68.0,15.0
2019-04-05,21.4,12.1,74,15.8,0.0,4,23.0,15.0,73.0,21.6,30.8,14.9,56.0,20.5,23.6,13.9,79.0,18.1,21.1,14.4,72.0,25.5,22.9,10.4,70.0,17.5,23.1,12.3,68.0,15.0,22.3,12.6,71.0,17.1
2019-04-06,23.0,15.0,73,21.6,2.8,4,30.8,14.9,56.0,20.5,23.6,13.9,79.0,18.1,21.1,14.4,72.0,25.5,22.9,10.4,70.0,17.5,23.1,12.3,68.0,15.0,22.3,12.6,71.0,17.1,24.1,13.4,72.0,19.7
2019-04-07,30.8,14.9,56,20.5,0.0,4,23.6,13.9,79.0,18.1,21.1,14.4,72.0,25.5,22.9,10.4,70.0,17.5,23.1,12.3,68.0,15.0,22.3,12.6,71.0,17.1,24.1,13.4,72.0,19.7,24.4,15.8,58.0,29.3
2019-04-08,23.6,13.9,79,18.1,0.0,4,21.1,14.4,72.0,25.5,22.9,10.4,70.0,17.5,23.1,12.3,68.0,15.0,22.3,12.6,71.0,17.1,24.1,13.4,72.0,19.7,24.4,15.8,58.0,29.3,20.4,14.1,76.0,11.8
2019-04-09,21.1,14.4,72,25.5,0.0,4,22.9,10.4,70.0,17.5,23.1,12.3,68.0,15.0,22.3,12.6,71.0,17.1,24.1,13.4,72.0,19.7,24.4,15.8,58.0,29.3,20.4,14.1,76.0,11.8,23.4,11.4,74.0,23.2
2019-04-10,22.9,10.4,70,17.5,0.0,4,23.1,12.3,68.0,15.0,22.3,12.6,71.0,17.1,24.1,13.4,72.0,19.7,24.4,15.8,58.0,29.3,20.4,14.1,76.0,11.8,23.4,11.4,74.0,23.2,20.5,13.9,64.0,24.4
2019-04-11,23.1,12.3,68,15.0,0.0,4,22.3,12.6,71.0,17.1,24.1,13.4,72.0,19.7,24.4,15.8,58.0,29.3,20.4,14.1,76.0,11.8,23.4,11.4,74.0,23.2,20.5,13.9,64.0,24.4,20.4,12.6,62.0,21.7
2019-04-12,22.3,12.6,71,17.1,0.0,4,24.1,13.4,72.0,19.7,24.4,15.8,58.0,29.3,20.4,14.1,76.0,11.8,23.4,11.4,74.0,23.2,20.5,13.9,64.0,24.4,20.4,12.6,62.0,21.7,21.0,12.0,62.0,26.1
2019-04-13,24.1,13.4,72,19.7,0.0,4,24.4,15.8,58.0,29.3,20.4,14.1,76.0,11.8,23.4,11.4,74.0,23.2,20.5,13.9,64.0,24.4,20.4,12.6,62.0,21.7,21.0,12.0,62.0,26.1,21.2,14.7,53.0,27.8
2019-04-14,24.4,15.8,58,29.3,0.0,4,20.4,14.1,76.0,11.8,23.4,11.4,74.0,23.2,20.5,13.9,64.0,24.4,20.4,12.6,62.0,21.7,21.0,12.0,62.0,26.1,21.2,14.7,53.0,27.8,18.5,13.9,50.0,28.8
2019-04-15,20.4,14.1,76,11.8,4.7,4,23.4,11.4,74.0,23.2,20.5,13.9,64.0,24.4,20.4,12.6,62.0,21.7,21.0,12.0,62.0,26.1,21.2,14.7,53.0,27.8,18.5,13.9,50.0,28.8,20.4,11.1,55.0,23.2
2019-04-16,23.4,11.4,74,23.2,3.1,4,20.5,13.9,64.0,24.4,20.4,12.6,62.0,21.7,21.0,12.0,62.0,26.1,21.2,14.7,53.0,27.8,18.5,13.9,50.0,28.8,20.4,11.1,55.0,23.2,22.0,11.3,60.0,15.8
2019-04-17,20.5,13.9,64,24.4,0.3,4,20.4,12.6,62.0,21.7,21.0,12.0,62.0,26.1,21.2,14.7,53.0,27.8,18.5,13.9,50.0,28.8,20.4,11.1,55.0,23.2,22.0,11.3,60.0,15.8,23.2,14.8,64.0,21.5
2019-04-18,20.4,12.6,62,21.7,0.1,4,21.0,12.0,62.0,26.1,21.2,14.7,53.0,27.8,18.5,13.9,50.0,28.8,20.4,11.1,55.0,23.2,22.0,11.3,60.0,15.8,23.2,14.8,64.0,21.5,26.4,15.8,57.0,18.4
2019-04-19,21.0,12.0,62,26.1,0.0,4,21.2,14.7,53.0,27.8,18.5,13.9,50.0,28.8,20.4,11.1,55.0,23.2,22.0,11.3,60.0,15.8,23.2,14.8,64.0,21.5,26.4,15.8,57.0,18.4,28.4,14.8,57.0,14.7
2019-04-20,21.2,14.7,53,27.8,0.0,4,18.5,13.9,50.0,28.8,20.4,11.1,55.0,23.2,22.0,11.3,60.0,15.8,23.2,14.8,64.0,21.5,26.4,15.8,57.0,18.4,28.4,14.8,57.0,14.7,27.6,15.4,61.0,16.6
2019-04-21,18.5,13.9,50,28.8,0.0,4,20.4,11.1,55.0,23.2,22.0,11.3,60.0,15.8,23.2,14.8,64.0,21.5,26.4,15.8,57.0,18.4,28.4,14.8,57.0,14.7,27.6,15.4,61.0,16.6,30.0,13.6,61.0,22.5
2019-04-22,20.4,11.1,55,23.2,0.0,4,22.0,11.3,60.0,15.8,23.2,14.8,64.0,21.5,26.4,15.8,57.0,18.4,28.4,14.8,57.0,14.7,27.6,15.4,61.0,16.6,30.0,13.6,61.0,22.5,28.5,16.1,63.0,15.6
2019-04-23,22.0,11.3,60,15.8,0.0,4,23.2,14.8,64.0,21.5,26.4,15.8,57.0,18.4,28.4,14.8,57.0,14.7,27.6,15.4,61.0,16.6,30.0,13.6,61.0,22.5,28.5,16.1,63.0,15.6,28.9,15.9,65.0,15.7
2019-04-24,23.2,14.8,64,21.5,0.0,4,26.4,15.8,57.0,18.4,28.4,14.8,57.0,14.7,27.6,15.4,61.0,16.6,30.0,13.6,61.0,22.5,28.5,16.1,63.0,15.6,28.9,15.9,65.0,15.7,28.7,17.8,61.0,23.1
2019-04-25,26.4,15.8,57,18.4,0.0,4,28.4,14.8,57.0,14.7,27.6,15.4,61.0,16.6,30.0,13.6,61.0,22.5,28.5,16.1,63.0,15.6,28.9,15.9,65.0,15.7,28.7,17.8,61.0,23.1,27.9,17.7,69.0,15.1
2019-04-26,28.4,14.8,57,14.7,0.0,4,27.6,15.4,61.0,16.6,30.0,13.6,61.0,22.5,28.5,16.1,63.0,15.6,28.9,15.9,65.0,15.7,28.7,17.8,61.0,23.1,27.9,17.7,69.0,15.1,23.4,17.0,71.0,22.2
2019-04-27,27.6,15.4,61,16.6,0.0,4,30.0,13.6,61.0,22.5,28.5,16.1,63.0,15.6,28.9,15.9,65.0,15.7,28.7,17.8,61.0,23.1,27.9,17.7,69.0,15.1,23.4,17.0,71.0,22.2,24.9,15.1,66.0,14.3
2019-04-28,30.0,13.6,61,22.5,0.0,4,28.5,16.1,63.0,15.6,28.9,15.9,65.0,15.7,28.7,17.8,61.0,23.1,27.9,17.7,69.0,15.1,23.4,17.0,71.0,22.2,24.9,15.1,66.0,14.3,26.8,16.2,68.0,21.0
2019-04-29,28.5,16.1,63,15.6,0.0,4,28.9,15.9,65.0,15.7,28.7,17.8,61.0,23.1,27.9,17.7,69.0,15.1,23.4,17.0,71.0,22.2,24.9,15.1,66.0,14.3,26.8,16.2,68.0,21.0,29.2,18.2,58.0,26.1
2019-04-30,28.9,15.9,65,15.7,0.0,4,28.7,17.8,61.0,23.1,27.9,17.7,69.0,15.1,23.4,17.0,71.0,22.2,24.9,15.1,66.0,14.3,26.8,16.2,68.0,21.0,29.2,18.2,58.0,26.1,24.3,16.3,63.0,17.4
2019-05-01,28.7,17.8,61,23.1,0.0,5,27.9,17.7,69.0,15.1,23.4,17.0,71.0,22.2,24.9,15.1,66.0,14.3,26.8,16.2,68.0,21.0,29.2,18.2,58.0,26.1,24.3,16.3,63.0,17.4,22.2,14.4,67.0,20.5
2019-05-02,27.9,17.7,69,15.1,0.0,5,23.4,17.0,71.0,22.2,24.9,15.1,66.0,14.3,26.8,16.2,68.0,21.0,29.2,18.2,58.0,26.1,24.3,16.3,63.0,17.4,22.2,14.4,67.0,20.5,22.4,15.0,66.0,18.4
2019-05-03,23.4,17.0,71,22.2,0.0,5,24.9,15.1,66.0,14.3,26.8,16.2,68.0,21.0,29.2,18.2,58.0,26.1,24.3,16.3,63.0,17.4,22.2,14.4,67.0,20.5,22.4,15.0,66.0,18.4,23.6,13.9,62.0,15.6
2019-05-04,24.9,15.1,66,14.3,0.0,5,26.8,16.2,68.0,21.0,29.2,18.2,58.0,26.1,24.3,16.3,63.0,17.4,22.2,14.4,67.0,20.5,22.4,15.0,66.0,18.4,23.6,13.9,62.0,15.6,27.2,14.6,62.0,14.7
2019-05-05,26.8,16.2,68,21.0,0.0,5,29.2,18.2,58.0,26.1,24.3,16.3,63.0,17.4,22.2,14.4,67.0,20.5,22.4,15.0,66.0,18.4,23.6,13.9,62.0,15.6,27.2,14.6,62.0,14.7,27.9,17.9,66.0,20.4
2019-05-06,29.2,18.2,58,26.1,0.0,5,24.3,16.3,63.0,17.4,22.2,14.4,67.0,20.5,22.4,15.0,66.0,18.4,23.6,13.9,62.0,15.6,27.2,14.6,62.0,14.7,27.9,17.9,66.0,20.4,29.5,17.4,57.0,17.4
2019-05-07,24.3,16.3,63,17.4,0.0,5,22.2,14.4,67.0,20.5,22.4,15.0,66.0,18.4,23.6,13.9,62.0,15.6,27.2,14.6,62.0,14.7,27.9,17.9,66.0,20.4,29.5,17.4,57.0,17.4,31.8,18.9,53.0,15.6
2019-05-08,22.2,14.4,67,20.5,0.0,5,22.4,15.0,66.0,18.4,23.6,13.9,62.0,15.6,27.2,14.6,62.0,14.7,27.9,17.9,66.0,20.4,29.5,17.4,57.0,17.4,31.8,18.9,53.0,15.6,33.6,17.1,55.0,14.8
2019-05-09,22.4,15.0,66,18.4,2.1,5,23.6,13.9,62.0,15.6,27.2,14.6,62.0,14.7,27.9,17.9,66.0,20.4,29.5,17.4,57.0,17.4,31.8,18.9,53.0,15.6,33.6,17.1,55.0,14.8,32.0,18.0,56.0,16.3
2019-05-10,23.6,13.9,62,15.6,0.0,5,27.2,14.6,62.0,14.7,27.9,17.9,66.0,20.4,29.5,17.4,57.0,17.4,31.8,18.9,53.0,15.6,33.6,17.1,55.0,14.8,32.0,18.0,56.0,16.3,27.9,17.6,65.0,26.0
2019-05-11,27.2,14.6,62,14.7,0.0,5,27.9,17.9,66.0,20.4,29.5,17.4,57.0,17.4,31.8,18.9,53.0,15.6,33.6,17.1,55.0,14.8,32.0,18.0,56.0,16.3,27.9,17.6,65.0,26.0,32.5,15.9,58.0,20.1
2019-05-12,27.9,17.9,66,20.4,0.0,5,29.5,17.4,57.0,17.4,31.8,18.9,53.0,15.6,33.6,17.1,55.0,14.8,32.0,18.0,56.0,16.3,27.9,17.6,65.0,26.0,32.5,15.9,58.0,20.1,25.9,16.5,72.0,15.1
2019-05-13,29.5,17.4,57,17.4,0.0,5,31.8,18.9,53.0,15.6,33.6,17.1,55.0,14.8,32.0,18.0,56.0,16.3,27.9,17.6,65.0,26.0,32.5,15.9,58.0,20.1,25.9,16.5,72.0,15.1,30.8,16.8,67.0,12.4
2019-05-14,31.8,18.9,53,15.6,0.0,5,33.6,17.1,55.0,14.8,32.0,18.0,56.0,16.3,27.9,17.6,65.0,26.0,32.5,15.9,58.0,20.1,25.9,16.5,72.0,15.1,30.8,16.8,67.0,12.4,33.0,18.3,57.0,15.0
2019-05-15,33.6,17.1,55,14.8,0.0,5,32.0,18.0,56.0,16.3,27.9,17.6,65.0,26.0,32.5,15.9,58.0,20.1,25.9,16.5,72.0,15.1,30.8,16.8,67.0,12.4,33.0,18.3,57.0,15.0,36.8,19.5,48.0,17.5
2019-05-16,32.0,18.0,56,16.3,0.0,5,27.9,17.6,65.0,26.0,32.5,15.9,58.0,20.1,25.9,16.5,72.0,15.1,30.8,16.8,67.0,12.4,33.0,18.3,57.0,15.0,36.8,19.5,48.0,17.5,45.7,23.2,29.0,15.3
2019-05-17,27.9,17.6,65,26.0,0.0,5,32.5,15.9,58.0,20.1,25.9,16.5,72.0,15.1,30.8,16.8,67.0,12.4,33.0,18.3,57.0,15.0,36.8,19.5,48.0,17.5,45.7,23.2,29.0,15.3,31.7,21.9,52.0,23.2
2019-05-18,32.5,15.9,58,20.1,0.0,5,25.9,16.5,72.0,15.1,30.8,16.8,67.0,12.4,33.0,18.3,57.0,15.0,36.8,19.5,48.0,17.5,45.7,23.2,29.0,15.3,31.7,21.9,52.0,23.2,27.1,19.1,67.0,18.4
2019-05-19,25.9,16.5,72,15.1,0.0,5,30.8,16.8,67.0,12.4,33.0,18.3,57.0,15.0,36.8,19.5,48.0,17.5,45.7,23.2,29.0,15.3,31.7,21.9,52.0,23.2,27.1,19.1,67.0,18.4,26.8,17.4,69.0,15.0
2019-05-20,30.8,16.8,67,12.4,0.0,5,33.0,18.3,57.0,15.0,36.8,19.5,48.0,17.5,45.7,23.2,29.0,15.3,31.7,21.9,52.0,23.2,27.1,19.1,67.0,18.4,26.8,17.4,69.0,15.0,28.2,17.4,70.0,13.9
2019-05-21,33.0,18.3,57,15.0,0.0,5,36.8,19.5,48.0,17.5,45.7,23.2,29.0,15.3,31.7,21.9,52.0,23.2,27.1,19.1,67.0,18.4,26.8,17.4,69.0,15.0,28.2,17.4,70.0,13.9,31.0,18.4,70.0,14.8
2019-05-22,36.8,19.5,48,17.5,0.0,5,45.7,23.2,29.0,15.3,31.7,21.9,52.0,23.2,27.1,19.1,67.0,18.4,26.8,17.4,69.0,15.0,28.2,17.4,70.0,13.9,31.0,18.4,70.0,14.8,30.7,19.4,62.0,19.2
2019-05-23,45.7,23.2,29,15.3,0.0,5,31.7,21.9,52.0,23.2,27.1,19.1,67.0,18.4,26.8,17.4,69.0,15.0,28.2,17.4,70.0,13.9,31.0,18.4,70.0,14.8,30.7,19.4,62.0,19.2,31.2,20.0,64.0,19.6
2019-05-24,31.7,21.9,52,23.2,0.0,5,27.1,19.1,67.0,18.4,26.8,17.4,69.0,15.0,28.2,17.4,70.0,13.9,31.0,18.4,70.0,14.8,30.7,19.4,62.0,19.2,31.2,20.0,64.0,19.6,30.2,20.2,64.0,19.8
2019-05-25,27.1,19.1,67,18.4,0.0,5,26.8,17.4,69.0,15.0,28.2,17.4,70.0,13.9,31.0,18.4,70.0,14.8,30.7,19.4,62.0,19.2,31.2,20.0,64.0,19.6,30.2,20.2,64.0,19.8,30.5,20.7,66.0,17.9
2019-05-26,26.8,17.4,69,15.0,0.0,5,28.2,17.4,70.0,13.9,31.0,18.4,70.0,14.8,30.7,19.4,62.0,19.2,31.2,20.0,64.0,19.6,30.2,20.2,64.0,19.8,30.5,20.7,66.0,17.9,32.0,21.5,65.0,15.5
2019-05-27,28.2,17.4,70,13.9,0.0,5,31.0,18.4,70.0,14.8,30.7,19.4,62.0,19.2,31.2,20.0,64.0,19.6,30.2,20.2,64.0,19.8,30.5,20.7,66.0,17.9,32.0,21.5,65.0,15.5,32.8,21.5,63.0,17.3
2019-05-28,31.0,18.4,70,14.8,0.0,5,30.7,19.4,62.0,19.2,31.2,20.0,64.0,19.6,30.2,20.2,64.0,19.8,30.5,20.7,66.0,17.9,32.0,21.5,65.0,15.5,32.8,21.5,63.0,17.3,28.0,22.0,70.0,21.6
2019-05-29,30.7,19.4,62,19.2,0.0,5,31.2,20.0,64.0,19.6,30.2,20.2,64.0,19.8,30.5,20.7,66.0,17.9,32.0,21.5,65.0,15.5,32.8,21.5,63.0,17.3,28.0,22.0,70.0,21.6,28.2,22.3,72.0,18.1
2019-05-30,31.2,20.0,64,19.6,0.0,5,30.2,20.2,64.0,19.8,30.5,20.7,66.0,17.9,32.0,21.5,65.0,15.5,32.8,21.5,63.0,17.3,28.0,22.0,70.0,21.6,28.2,22.3,72.0,18.1,30.2,21.9,66.0,18.7
2019-05-31,30.2,20.2,64,19.8,0.0,5,30.5,20.7,66.0,17.9,32.0,21.5,65.0,15.5,32.8,21.5,63.0,17.3,28.0,22.0,70.0,21.6,28.2,22.3,72.0,18.1,30.2,21.9,66.0,18.7,27.9,21.0,70.0,20.2
2019-06-01,30.5,20.7,66,17.9,0.0,6,32.0,21.5,65.0,15.5,32.8,21.5,63.0,17.3,28.0,22.0,70.0,21.6,28.2,22.3,72.0,18.1,30.2,21.9,66.0,18.7,27.9,21.0,70.0,20.2,28.2,20.7,73.0,20.3
2019-06-02,32.0,21.5,65,15.5,0.0,6,32.8,21.5,63.0,17.3,28.0,22.0,70.0,21.6,28.2,22.3,72.0,18.1,30.2,21.9,66.0,18.7,27.9,21.0,70.0,20.2,28.2,20.7,73.0,20.3,30.9,19.8,76.0,16.6
2019-06-03,32.8,21.5,63,17.3,0.0,6,28.0,22.0,70.0,21.6,28.2,22.3,72.0,18.1,30.2,21.9,66.0,18.7,27.9,21.0,70.0,20.2,28.2,20.7,73.0,20.3,30.9,19.8,76.0,16.6,32.6,20.0,77.0,16.0
2019-06-04,28.0,22.0,70,21.6,0.1,6,28.2,22.3,72.0,18.1,30.2,21.9,66.0,18.7,27.9,21.0,70.0,20.2,28.2,20.7,73.0,20.3,30.9,19.8,76.0,16.6,32.6,20.0,77.0,16.0,31.0,20.5,76.0,19.2
2019-06-05,28.2,22.3,72,18.1,0.0,6,30.2,21.9,66.0,18.7,27.9,21.0,70.0,20.2,28.2,20.7,73.0,20.3,30.9,19.8,76.0,16.6,32.6,20.0,77.0,16.0,31.0,20.5,76.0,19.2,28.8,21.2,74.0,20.6
2019-06-06,30.2,21.9,66,18.7,0.0,6,27.9,21.0,70.0,20.2,28.2,20.7,73.0,20.3,30.9,19.8,76.0,16.6,32.6,20.0,77.0,16.0,31.0,20.5,76.0,19.2,28.8,21.2,74.0,20.6,29.6,20.4,73.0,22.5
2019-06-07,27.9,21.0,70,20.2,0.0,6,28.2,20.7,73.0,20.3,30.9,19.8,76.0,16.6,32.6,20.0,77.0,16.0,31.0,20.5,76.0,19.2,28.8,21.2,74.0,20.6,29.6,20.4,73.0,22.5,30.0,21.6,73.0,15.5
2019-06-08,28.2,20.7,73,20.3,0.0,6,30.9,19.8,76.0,16.6,32.6,20.0,77.0,16.0,31.0,20.5,76.0,19.2,28.8,21.2,74.0,20.6,29.6,20.4,73.0,22.5,30.0,21.6,73.0,15.5,32.7,20.9,72.0,13.0
2019-06-09,30.9,19.8,76,16.6,0.0,6,32.6,20.0,77.0,16.0,31.0,20.5,76.0,19.2,28.8,21.2,74.0,20.6,29.6,20.4,73.0,22.5,30.0,21.6,73.0,15.5,32.7,20.9,72.0,13.0,32.1,21.5,67.0,25.0
2019-06-10,32.6,20.0,77,16.0,0.0,6,31.0,20.5,76.0,19.2,28.8,21.2,74.0,20.6,29.6,20.4,73.0,22.5,30.0,21.6,73.0,15.5,32.7,20.9,72.0,13.0,32.1,21.5,67.0,25.0,30.5,22.1,74.0,18.6
2019-06-11,31.0,20.5,76,19.2,0.1,6,28.8,21.2,74.0,20.6,29.6,20.4,73.0,22.5,30.0,21.6,73.0,15.5,32.7,20.9,72.0,13.0,32.1,21.5,67.0,25.0,30.5,22.1,74.0,18.6,33.5,21.2,68.0,16.2
2019-06-12,28.8,21.2,74,20.6,0.0,6,29.6,20.4,73.0,22.5,30.0,21.6,73.0,15.5,32.7,20.9,72.0,13.0,32.1,21.5,67.0,25.0,30.5,22.1,74.0,18.6,33.5,21.2,68.0,16.2,33.4,20.9,62.0,16.0
2019-06-13,29.6,20.4,73,22.5,1.4,6,30.0,21.6,73.0,15.5,32.7,20.9,72.0,13.0,32.1,21.5,67.0,25.0,30.5,22.1,74.0,18.6,33.5,21.2,68.0,16.2,33.4,20.9,62.0,16.0,32.0,21.5,64.0,17.6
2019-06-14,30.0,21.6,73,15.5,0.2,6,32.7,20.9,72.0,13.0,32.1,21.5,67.0,25.0,30.5,22.1,74.0,18.6,33.5,21.2,68.0,16.2,33.4,20.9,62.0,16.0,32.0,21.5,64.0,17.6,31.1,22.0,64.0,21.6
2019-06-15,32.7,20.9,72,13.0,0.4,6,32.1,21.5,67.0,25.0,30.5,22.1,74.0,18.6,33.5,21.2,68.0,16.2,33.4,20.9,62.0,16.0,32.0,21.5,64.0,17.6,31.1,22.0,64.0,21.6,31.0,23.1,68.0,22.2
2019-06-16,32.1,21.5,67,25.0,1.8,6,30.5,22.1,74.0,18.6,33.5,21.2,68.0,16.2,33.4,20.9,62.0,16.0,32.0,21.5,64.0,17.6,31.1,22.0,64.0,21.6,31.0,23.1,68.0,22.2,32.2,23.0,73.0,16.5
2019-06-17,30.5,22.1,74,18.6,0.5,6,33.5,21.2,68.0,16.2,33.4,20.9,62.0,16.0,32.0,21.5,64.0,17.6,31.1,22.0,64.0,21.6,31.0,23.1,68.0,22.2,32.2,23.0,73.0,16.5,32.9,22.4,71.0,15.5
2019-06-18,33.5,21.2,68,16.2,0.0,6,33.4,20.9,62.0,16.0,32.0,21.5,64.0,17.6,31.1,22.0,64.0,21.6,31.0,23.1,68.0,22.2,32.2,23.0,73.0,16.5,32.9,22.4,71.0,15.5,34.5,22.4,68.0,14.8
2019-06-19,33.4,20.9,62,16.0,0.0,6,32.0,21.5,64.0,17.6,31.1,22.0,64.0,21.6,31.0,23.1,68.0,22.2,32.2,23.0,73.0,16.5,32.9,22.4,71.0,15.5,34.5,22.4,68.0,14.8,34.9,22.4,73.0,17.6
2019-06-20,32.0,21.5,64,17.6,0.0,6,31.1,22.0,64.0,21.6,31.0,23.1,68.0,22.2,32.2,23.0,73.0,16.5,32.9,22.4,71.0,15.5,34.5,22.4,68.0,14.8,34.9,22.4,73.0,17.6,33.5,22.2,72.0,16.2
2019-06-21,31.1,22.0,64,21.6,0.0,6,31.0,23.1,68.0,22.2,32.2,23.0,73.0,16.5,32.9,22.4,71.0,15.5,34.5,22.4,68.0,14.8,34.9,22.4,73.0,17.6,33.5,22.2,72.0,16.2,32.2,23.4,72.0,24.9
2019-06-22,31.0,23.1,68,22.2,0.0,6,32.2,23.0,73.0,16.5,32.9,22.4,71.0,15.5,34.5,22.4,68.0,14.8,34.9,22.4,73.0,17.6,33.5,22.2,72.0,16.2,32.2,23.4,72.0,24.9,32.8,23.1,69.0,23.7
2019-06-23,32.2,23.0,73,16.5,0.0,6,32.9,22.4,71.0,15.5,34.5,22.4,68.0,14.8,34.9,22.4,73.0,17.6,33.5,22.2,72.0,16.2,32.2,23.4,72.0,24.9,32.8,23.1,69.0,23.7,33.4,23.6,73.0,17.4
2019-06-24,32.9,22.4,71,15.5,0.0,6,34.5,22.4,68.0,14.8,34.9,22.4,73.0,17.6,33.5,22.2,72.0,16.2,32.2,23.4,72.0,24.9,32.8,23.1,69.0,23.7,33.4,23.6,73.0,17.4,33.5,23.8,72.0,15.2
2019-06-25,34.5,22.4,68,14.8,0.0,6,34.9,22.4,73.0,17.6,33.5,22.2,72.0,16.2,32.2,23.4,72.0,24.9,32.8,23.1,69.0,23.7,33.4,23.6,73.0,17.4,33.5,23.8,72.0,15.2,33.5,23.4,69.0,18.4
2019-06-26,34.9,22.4,73,17.6,0.0,6,33.5,22.2,72.0,16.2,32.2,23.4,72.0,24.9,32.8,23.1,69.0,23.7,33.4,23.6,73.0,17.4,33.5,23.8,72.0,15.2,33.5,23.4,69.0,18.4,33.5,22.6,68.0,17.2
2019-06-27,33.5,22.2,72,16.2,0.0,6,32.2,23.4,72.0,24.9,32.8,23.1,69.0,23.7,33.4,23.6,73.0,17.4,33.5,23.8,72.0,15.2,33.5,23.4,69.0,18.4,33.5,22.6,68.0,17.2,32.5,22.2,65.0,17.0
2019-06-28,32.2,23.4,72,24.9,0.0,6,32.8,23.1,69.0,23.7,33.4,23.6,73.0,17.4,33.5,23.8,72.0,15.2,33.5,23.4,69.0,18.4,33.5,22.6,68.0,17.2,32.5,22.2,65.0,17.0,31.9,22.4,66.0,17.6
2019-06-29,32.8,23.1,69,23.7,0.0,6,33.4,23.6,73.0,17.4,33.5,23.8,72.0,15.2,33.5,23.4,69.0,18.4,33.5,22.6,68.0,17.2,32.5,22.2,65.0,17.0,31.9,22.4,66.0,17.6,35.0,22.9,70.0,22.5
2019-06-30,33.4,23.6,73,17.4,0.0,6,33.5,23.8,72.0,15.2,33.5,23.4,69.0,18.4,33.5,22.6,68.0,17.2,32.5,22.2,65.0,17.0,31.9,22.4,66.0,17.6,35.0,22.9,70.0,22.5,33.8,24.0,63.0,25.2
2019-07-01,33.5,23.8,72,15.2,0.0,7,33.5,23.4,69.0,18.4,33.5,22.6,68.0,17.2,32.5,22.2,65.0,17.0,31.9,22.4,66.0,17.6,35.0,22.9,70.0,22.5,33.8,24.0,63.0,25.2,32.8,23.4,64.0,22.7
2019-07-02,33.5,23.4,69,18.4,0.0,7,33.5,22.6,68.0,17.2,32.5,22.2,65.0,17.0,31.9,22.4,66.0,17.6,35.0,22.9,70.0,22.5,33.8,24.0,63.0,25.2,32.8,23.4,64.0,22.7,35.0,22.5,63.0,23.5
2019-07-03,33.5,22.6,68,17.2,0.0,7,32.5,22.2,65.0,17.0,31.9,22.4,66.0,17.6,35.0,22.9,70.0,22.5,33.8,24.0,63.0,25.2,32.8,23.4,64.0,22.7,35.0,22.5,63.0,23.5,33.4,23.8,70.0,19.0
2019-07-04,32.5,22.2,65,17.0,0.0,7,31.9,22.4,66.0,17.6,35.0,22.9,70.0,22.5,33.8,24.0,63.0,25.2,32.8,23.4,64.0,22.7,35.0,22.5,63.0,23.5,33.4,23.8,70.0,19.0,35.5,23.6,67.0,19.7
2019-07-05,31.9,22.4,66,17.6,0.0,7,35.0,22.9,70.0,22.5,33.8,24.0,63.0,25.2,32.8,23.4,64.0,22.7,35.0,22.5,63.0,23.5,33.4,23.8,70.0,19.0,35.5,23.6,67.0,19.7,34.7,24.0,66.0,25.6
2019-07-06,35.0,22.9,70,22.5,0.0,7,33.8,24.0,63.0,25.2,32.8,23.4,64.0,22.7,35.0,22.5,63.0,23.5,33.4,23.8,70.0,19.0,35.5,23.6,67.0,19.7,34.7,24.0,66.0,25.6,31.5,22.8,59.0,23.0
2019-07-07,33.8,24.0,63,25.2,0.0,7,32.8,23.4,64.0,22.7,35.0,22.5,63.0,23.5,33.4,23.8,70.0,19.0,35.5,23.6,67.0,19.7,34.7,24.0,66.0,25.6,31.5,22.8,59.0,23.0,32.0,21.9,62.0,17.1
2019-07-08,32.8,23.4,64,22.7,0.0,7,35.0,22.5,63.0,23.5,33.4,23.8,70.0,19.0,35.5,23.6,67.0,19.7,34.7,24.0,66.0,25.6,31.5,22.8,59.0,23.0,32.0,21.9,62.0,17.1,31.8,22.4,68.0,20.0
2019-07-09,35.0,22.5,63,23.5,0.0,7,33.4,23.8,70.0,19.0,35.5,23.6,67.0,19.7,34.7,24.0,66.0,25.6,31.5,22.8,59.0,23.0,32.0,21.9,62.0,17.1,31.8,22.4,68.0,20.0,35.5,22.9,63.0,15.5
2019-07-10,33.4,23.8,70,19.0,0.0,7,35.5,23.6,67.0,19.7,34.7,24.0,66.0,25.6,31.5,22.8,59.0,23.0,32.0,21.9,62.0,17.1,31.8,22.4,68.0,20.0,35.5,22.9,63.0,15.5,36.2,26.5,51.0,27.2
2019-07-11,35.5,23.6,67,19.7,0.0,7,34.7,24.0,66.0,25.6,31.5,22.8,59.0,23.0,32.0,21.9,62.0,17.1,31.8,22.4,68.0,20.0,35.5,22.9,63.0,15.5,36.2,26.5,51.0,27.2,32.2,24.0,67.0,25.7
2019-07-12,34.7,24.0,66,25.6,0.0,7,31.5,22.8,59.0,23.0,32.0,21.9,62.0,17.1,31.8,22.4,68.0,20.0,35.5,22.9,63.0,15.5,36.2,26.5,51.0,27.2,32.2,24.0,67.0,25.7,31.6,23.4,66.0,17.6
2019-07-13,31.5,22.8,59,23.0,0.0,7,32.0,21.9,62.0,17.1,31.8,22.4,68.0,20.0,35.5,22.9,63.0,15.5,36.2,26.5,51.0,27.2,32.2,24.0,67.0,25.7,31.6,23.4,66.0,17.6,31.2,23.0,64.0,20.8
2019-07-14,32.0,21.9,62,17.1,0.0,7,31.8,22.4,68.0,20.0,35.5,22.9,63.0,15.5,36.2,26.5,51.0,27.2,32.2,24.0,67.0,25.7,31.6,23.4,66.0,17.6,31.2,23.0,64.0,20.8,31.4,23.9,65.0,21.3
2019-07-15,31.8,22.4,68,20.0,0.0,7,35.5,22.9,63.0,15.5,36.2,26.5,51.0,27.2,32.2,24.0,67.0,25.7,31.6,23.4,66.0,17.6,31.2,23.0,64.0,20.8,31.4,23.9,65.0,21.3,34.3,22.9,68.0,18.5
2019-07-16,35.5,22.9,63,15.5,0.0,7,36.2,26.5,51.0,27.2,32.2,24.0,67.0,25.7,31.6,23.4,66.0,17.6,31.2,23.0,64.0,20.8,31.4,23.9,65.0,21.3,34.3,22.9,68.0,18.5,34.9,24.0,68.0,21.1
2019-07-17,36.2,26.5,51,27.2,0.0,7,32.2,24.0,67.0,25.7,31.6,23.4,66.0,17.6,31.2,23.0,64.0,20.8,31.4,23.9,65.0,21.3,34.3,22.9,68.0,18.5,34.9,24.0,68.0,21.1,34.0,22.5,70.0,20.7
2019-07-18,32.2,24.0,67,25.7,0.0,7,31.6,23.4,66.0,17.6,31.2,23.0,64.0,20.8,31.4,23.9,65.0,21.3,34.3,22.9,68.0,18.5,34.9,24.0,68.0,21.1,34.0,22.5,70.0,20.7,35.2,22.5,70.0,17.7
2019-07-19,31.6,23.4,66,17.6,0.0,7,31.2,23.0,64.0,20.8,31.4,23.9,65.0,21.3,34.3,22.9,68.0,18.5,34.9,24.0,68.0,21.1,34.0,22.5,70.0,20.7,35.2,22.5,70.0,17.7,32.4,24.2,71.0,18.7
2019-07-20,31.2,23.0,64,20.8,0.0,7,31.4,23.9,65.0,21.3,34.3,22.9,68.0,18.5,34.9,24.0,68.0,21.1,34.0,22.5,70.0,20.7,35.2,22.5,70.0,17.7,32.4,24.2,71.0,18.7,32.0,23.5,69.0,24.7
2019-07-21,31.4,23.9,65,21.3,0.0,7,34.3,22.9,68.0,18.5,34.9,24.0,68.0,21.1,34.0,22.5,70.0,20.7,35.2,22.5,70.0,17.7,32.4,24.2,71.0,18.7,32.0,23.5,69.0,24.7,32.2,22.6,64.0,22.7
2019-07-22,34.3,22.9,68,18.5,0.0,7,34.9,24.0,68.0,21.1,34.0,22.5,70.0,20.7,35.2,22.5,70.0,17.7,32.4,24.2,71.0,18.7,32.0,23.5,69.0,24.7,32.2,22.6,64.0,22.7,33.5,22.2,67.0,18.1
2019-07-23,34.9,24.0,68,21.1,0.0,7,34.0,22.5,70.0,20.7,35.2,22.5,70.0,17.7,32.4,24.2,71.0,18.7,32.0,23.5,69.0,24.7,32.2,22.6,64.0,22.7,33.5,22.2,67.0,18.1,35.7,22.0,70.0,18.8
2019-07-24,34.0,22.5,70,20.7,0.0,7,35.2,22.5,70.0,17.7,32.4,24.2,71.0,18.7,32.0,23.5,69.0,24.7,32.2,22.6,64.0,22.7,33.5,22.2,67.0,18.1,35.7,22.0,70.0,18.8,32.5,23.4,71.0,17.7
2019-07-25,35.2,22.5,70,17.7,0.0,7,32.4,24.2,71.0,18.7,32.0,23.5,69.0,24.7,32.2,22.6,64.0,22.7,33.5,22.2,67.0,18.1,35.7,22.0,70.0,18.8,32.5,23.4,71.0,17.7,32.7,22.9,71.0,20.6
2019-07-26,32.4,24.2,71,18.7,0.0,7,32.0,23.5,69.0,24.7,32.2,22.6,64.0,22.7,33.5,22.2,67.0,18.1,35.7,22.0,70.0,18.8,32.5,23.4,71.0,17.7,32.7,22.9,71.0,20.6,34.0,24.1,70.0,20.3
2019-07-27,32.0,23.5,69,24.7,0.0,7,32.2,22.6,64.0,22.7,33.5,22.2,67.0,18.1,35.7,22.0,70.0,18.8,32.5,23.4,71.0,17.7,32.7,22.9,71.0,20.6,34.0,24.1,70.0,20.3,35.0,23.5,70.0,23.8
2019-07-28,32.2,22.6,64,22.7,0.0,7,33.5,22.2,67.0,18.1,35.7,22.0,70.0,18.8,32.5,23.4,71.0,17.7,32.7,22.9,71.0,20.6,34.0,24.1,70.0,20.3,35.0,23.5,70.0,23.8,35.4,25.0,68.0,22.5
2019-07-29,33.5,22.2,67,18.1,0.0,7,35.7,22.0,70.0,18.8,32.5,23.4,71.0,17.7,32.7,22.9,71.0,20.6,34.0,24.1,70.0,20.3,35.0,23.5,70.0,23.8,35.4,25.0,68.0,22.5,34.0,25.2,70.0,24.5
2019-07-30,35.7,22.0,70,18.8,0.0,7,32.5,23.4,71.0,17.7,32.7,22.9,71.0,20.6,34.0,24.1,70.0,20.3,35.0,23.5,70.0,23.8,35.4,25.0,68.0,22.5,34.0,25.2,70.0,24.5,32.9,23.4,64.0,24.2
2019-07-31,32.5,23.4,71,17.7,0.0,7,32.7,22.9,71.0,20.6,34.0,24.1,70.0,20.3,35.0,23.5,70.0,23.8,35.4,25.0,68.0,22.5,34.0,25.2,70.0,24.5,32.9,23.4,64.0,24.2,32.9,23.0,65.0,20.1
2019-08-01,32.7,22.9,71,20.6,0.0,8,34.0,24.1,70.0,20.3,35.0,23.5,70.0,23.8,35.4,25.0,68.0,22.5,34.0,25.2,70.0,24.5,32.9,23.4,64.0,24.2,32.9,23.0,65.0,20.1,34.7,23.8,71.0,17.2
2019-08-02,34.0,24.1,70,20.3,0.0,8,35.0,23.5,70.0,23.8,35.4,25.0,68.0,22.5,34.0,25.2,70.0,24.5,32.9,23.4,64.0,24.2,32.9,23.0,65.0,20.1,34.7,23.8,71.0,17.2,34.1,23.6,63.0,23.1
2019-08-03,35.0,23.5,70,23.8,0.0,8,35.4,25.0,68.0,22.5,34.0,25.2,70.0,24.5,32.9,23.4,64.0,24.2,32.9,23.0,65.0,20.1,34.7,23.8,71.0,17.2,34.1,23.6,63.0,23.1,33.8,21.6,63.0,22.2
2019-08-04,35.4,25.0,68,22.5,0.0,8,34.0,25.2,70.0,24.5,32.9,23.4,64.0,24.2,32.9,23.0,65.0,20.1,34.7,23.8,71.0,17.2,34.1,23.6,63.0,23.1,33.8,21.6,63.0,22.2,35.6,21.1,68.0,16.9
2019-08-05,34.0,25.2,70,24.5,0.0,8,32.9,23.4,64.0,24.2,32.9,23.0,65.0,20.1,34.7,23.8,71.0,17.2,34.1,23.6,63.0,23.1,33.8,21.6,63.0,22.2,35.6,21.1,68.0,16.9,36.0,22.2,70.0,17.5
2019-08-06,32.9,23.4,64,24.2,0.0,8,32.9,23.0,65.0,20.1,34.7,23.8,71.0,17.2,34.1,23.6,63.0,23.1,33.8,21.6,63.0,22.2,35.6,21.1,68.0,16.9,36.0,22.2,70.0,17.5,34.3,23.0,73.0,20.2
2019-08-07,32.9,23.0,65,20.1,0.0,8,34.7,23.8,71.0,17.2,34.1,23.6,63.0,23.1,33.8,21.6,63.0,22.2,35.6,21.1,68.0,16.9,36.0,22.2,70.0,17.5,34.3,23.0,73.0,20.2,34.8,22.0,69.0,15.7
2019-08-08,34.7,23.8,71,17.2,0.0,8,34.1,23.6,63.0,23.1,33.8,21.6,63.0,22.2,35.6,21.1,68.0,16.9,36.0,22.2,70.0,17.5,34.3,23.0,73.0,20.2,34.8,22.0,69.0,15.7,40.0,22.4,61.0,18.4
2019-08-09,34.1,23.6,63,23.1,0.0,8,33.8,21.6,63.0,22.2,35.6,21.1,68.0,16.9,36.0,22.2,70.0,17.5,34.3,23.0,73.0,20.2,34.8,22.0,69.0,15.7,40.0,22.4,61.0,18.4,32.7,25.1,71.0,16.5
2019-08-10,33.8,21.6,63,22.2,0.0,8,35.6,21.1,68.0,16.9,36.0,22.2,70.0,17.5,34.3,23.0,73.0,20.2,34.8,22.0,69.0,15.7,40.0,22.4,61.0,18.4,32.7,25.1,71.0,16.5,32.5,23.8,73.0,20.0
2019-08-11,35.6,21.1,68,16.9,0.0,8,36.0,22.2,70.0,17.5,34.3,23.0,73.0,20.2,34.8,22.0,69.0,15.7,40.0,22.4,61.0,18.4,32.7,25.1,71.0,16.5,32.5,23.8,73.0,20.0,33.1,25.0,63.0,26.8
2019-08-12,36.0,22.2,70,17.5,0.0,8,34.3,23.0,73.0,20.2,34.8,22.0,69.0,15.7,40.0,22.4,61.0,18.4,32.7,25.1,71.0,16.5,32.5,23.8,73.0,20.0,33.1,25.0,63.0,26.8,32.4,24.4,59.0,27.7
2019-08-13,34.3,23.0,73,20.2,0.0,8,34.8,22.0,69.0,15.7,40.0,22.4,61.0,18.4,32.7,25.1,71.0,16.5,32.5,23.8,73.0,20.0,33.1,25.0,63.0,26.8,32.4,24.4,59.0,27.7,33.0,23.0,68.0,18.7
2019-08-14,34.8,22.0,69,15.7,0.0,8,40.0,22.4,61.0,18.4,32.7,25.1,71.0,16.5,32.5,23.8,73.0,20.0,33.1,25.0,63.0,26.8,32.4,24.4,59.0,27.7,33.0,23.0,68.0,18.7,32.5,23.3,69.0,17.0
2019-08-15,40.0,22.4,61,18.4,0.0,8,32.7,25.1,71.0,16.5,32.5,23.8,73.0,20.0,33.1,25.0,63.0,26.8,32.4,24.4,59.0,27.7,33.0,23.0,68.0,18.7,32.5,23.3,69.0,17.0,32.5,23.1,66.0,17.5
2019-08-16,32.7,25.1,71,16.5,0.0,8,32.5,23.8,73.0,20.0,33.1,25.0,63.0,26.8,32.4,24.4,59.0,27.7,33.0,23.0,68.0,18.7,32.5,23.3,69.0,17.0,32.5,23.1,66.0,17.5,33.2,23.1,69.0,16.9
2019-08-17,32.5,23.8,73,20.0,0.0,8,33.1,25.0,63.0,26.8,32.4,24.4,59.0,27.7,33.0,23.0,68.0,18.7,32.5,23.3,69.0,17.0,32.5,23.1,66.0,17.5,33.2,23.1,69.0,16.9,35.1,23.0,73.0,17.9
2019-08-18,33.1,25.0,63,26.8,0.0,8,32.4,24.4,59.0,27.7,33.0,23.0,68.0,18.7,32.5,23.3,69.0,17.0,32.5,23.1,66.0,17.5,33.2,23.1,69.0,16.9,35.1,23.0,73.0,17.9,35.4,23.5,74.0,19.2
2019-08-19,32.4,24.4,59,27.7,0.0,8,33.0,23.0,68.0,18.7,32.5,23.3,69.0,17.0,32.5,23.1,66.0,17.5,33.2,23.1,69.0,16.9,35.1,23.0,73.0,17.9,35.4,23.5,74.0,19.2,34.4,23.8,72.0,16.5
2019-08-20,33.0,23.0,68,18.7,0.0,8,32.5,23.3,69.0,17.0,32.5,23.1,66.0,17.5,33.2,23.1,69.0,16.9,35.1,23.0,73.0,17.9,35.4,23.5,74.0,19.2,34.4,23.8,72.0,16.5,33.2,24.1,74.0,17.8
2019-08-21,32.5,23.3,69,17.0,0.0,8,32.5,23.1,66.0,17.5,33.2,23.1,69.0,16.9,35.1,23.0,73.0,17.9,35.4,23.5,74.0,19.2,34.4,23.8,72.0,16.5,33.2,24.1,74.0,17.8,34.1,24.6,72.0,18.0
2019-08-22,32.5,23.1,66,17.5,0.0,8,33.2,23.1,69.0,16.9,35.1,23.0,73.0,17.9,35.4,23.5,74.0,19.2,34.4,23.8,72.0,16.5,33.2,24.1,74.0,17.8,34.1,24.6,72.0,18.0,32.5,25.0,74.0,20.8
2019-08-23,33.2,23.1,69,16.9,0.0,8,35.1,23.0,73.0,17.9,35.4,23.5,74.0,19.2,34.4,23.8,72.0,16.5,33.2,24.1,74.0,17.8,34.1,24.6,72.0,18.0,32.5,25.0,74.0,20.8,32.8,23.9,69.0,20.5
2019-08-24,35.1,23.0,73,17.9,0.0,8,35.4,23.5,74.0,19.2,34.4,23.8,72.0,16.5,33.2,24.1,74.0,17.8,34.1,24.6,72.0,18.0,32.5,25.0,74.0,20.8,32.8,23.9,69.0,20.5,33.2,22.9,70.0,18.2
2019-08-25,35.4,23.5,74,19.2,0.0,8,34.4,23.8,72.0,16.5,33.2,24.1,74.0,17.8,34.1,24.6,72.0,18.0,32.5,25.0,74.0,20.8,32.8,23.9,69.0,20.5,33.2,22.9,70.0,18.2,32.8,24.1,69.0,17.4
2019-08-26,34.4,23.8,72,16.5,0.0,8,33.2,24.1,74.0,17.8,34.1,24.6,72.0,18.0,32.5,25.0,74.0,20.8,32.8,23.9,69.0,20.5,33.2,22.9,70.0,18.2,32.8,24.1,69.0,17.4,31.8,23.9,67.0,20.7
2019-08-27,33.2,24.1,74,17.8,0.0,8,34.1,24.6,72.0,18.0,32.5,25.0,74.0,20.8,32.8,23.9,69.0,20.5,33.2,22.9,70.0,18.2,32.8,24.1,69.0,17.4,31.8,23.9,67.0,20.7,31.7,23.1,62.0,19.0
2019-08-28,34.1,24.6,72,18.0,0.0,8,32.5,25.0,74.0,20.8,32.8,23.9,69.0,20.5,33.2,22.9,70.0,18.2,32.8,24.1,69.0,17.4,31.8,23.9,67.0,20.7,31.7,23.1,62.0,19.0,31.8,23.8,63.0,20.5
2019-08-29,32.5,25.0,74,20.8,0.0,8,32.8,23.9,69.0,20.5,33.2,22.9,70.0,18.2,32.8,24.1,69.0,17.4,31.8,23.9,67.0,20.7,31.7,23.1,62.0,19.0,31.8,23.8,63.0,20.5,33.2,22.2,68.0,19.5
2019-08-30,32.8,23.9,69,20.5,0.0,8,33.2,22.9,70.0,18.2,32.8,24.1,69.0,17.4,31.8,23.9,67.0,20.7,31.7,23.1,62.0,19.0,31.8,23.8,63.0,20.5,33.2,22.2,68.0,19.5,32.7,22.4,71.0,18.3
2019-08-31,33.2,22.9,70,18.2,0.0,8,32.8,24.1,69.0,17.4,31.8,23.9,67.0,20.7,31.7,23.1,62.0,19.0,31.8,23.8,63.0,20.5,33.2,22.2,68.0,19.5,32.7,22.4,71.0,18.3,31.0,23.8,69.0,20.8
2019-09-01,32.8,24.1,69,17.4,0.0,9,31.8,23.9,67.0,20.7,31.7,23.1,62.0,19.0,31.8,23.8,63.0,20.5,33.2,22.2,68.0,19.5,32.7,22.4,71.0,18.3,31.0,23.8,69.0,20.8,30.9,24.5,65.0,24.7
2019-09-02,31.8,23.9,67,20.7,0.0,9,31.7,23.1,62.0,19.0,31.8,23.8,63.0,20.5,33.2,22.2,68.0,19.5,32.7,22.4,71.0,18.3,31.0,23.8,69.0,20.8,30.9,24.5,65.0,24.7,31.2,23.0,65.0,20.5
2019-09-03,31.7,23.1,62,19.0,0.0,9,31.8,23.8,63.0,20.5,33.2,22.2,68.0,19.5,32.7,22.4,71.0,18.3,31.0,23.8,69.0,20.8,30.9,24.5,65.0,24.7,31.2,23.0,65.0,20.5,30.5,24.0,67.0,19.2
2019-09-04,31.8,23.8,63,20.5,0.0,9,33.2,22.2,68.0,19.5,32.7,22.4,71.0,18.3,31.0,23.8,69.0,20.8,30.9,24.5,65.0,24.7,31.2,23.0,65.0,20.5,30.5,24.0,67.0,19.2,30.5,23.1,66.0,17.9
2019-09-05,33.2,22.2,68,19.5,0.0,9,32.7,22.4,71.0,18.3,31.0,23.8,69.0,20.8,30.9,24.5,65.0,24.7,31.2,23.0,65.0,20.5,30.5,24.0,67.0,19.2,30.5,23.1,66.0,17.9,30.5,24.0,66.0,21.9
2019-09-06,32.7,22.4,71,18.3,0.0,9,31.0,23.8,69.0,20.8,30.9,24.5,65.0,24.7,31.2,23.0,65.0,20.5,30.5,24.0,67.0,19.2,30.5,23.1,66.0,17.9,30.5,24.0,66.0,21.9,31.0,24.5,65.0,24.6
2019-09-07,31.0,23.8,69,20.8,0.0,9,30.9,24.5,65.0,24.7,31.2,23.0,65.0,20.5,30.5,24.0,67.0,19.2,30.5,23.1,66.0,17.9,30.5,24.0,66.0,21.9,31.0,24.5,65.0,24.6,30.6,22.8,61.0,20.1
2019-09-08,30.9,24.5,65,24.7,0.0,9,31.2,23.0,65.0,20.5,30.5,24.0,67.0,19.2,30.5,23.1,66.0,17.9,30.5,24.0,66.0,21.9,31.0,24.5,65.0,24.6,30.6,22.8,61.0,20.1,31.2,22.8,63.0,20.1
2019-09-09,31.2,23.0,65,20.5,0.0,9,30.5,24.0,67.0,19.2,30.5,23.1,66.0,17.9,30.5,24.0,66.0,21.9,31.0,24.5,65.0,24.6,30.6,22.8,61.0,20.1,31.2,22.8,63.0,20.1,32.1,22.0,71.0,17.9
2019-09-10,30.5,24.0,67,19.2,0.0,9,30.5,23.1,66.0,17.9,30.5,24.0,66.0,21.9,31.0,24.5,65.0,24.6,30.6,22.8,61.0,20.1,31.2,22.8,63.0,20.1,32.1,22.0,71.0,17.9,31.4,22.0,72.0,16.9
2019-09-11,30.5,23.1,66,17.9,0.0,9,30.5,24.0,66.0,21.9,31.0,24.5,65.0,24.6,30.6,22.8,61.0,20.1,31.2,22.8,63.0,20.1,32.1,22.0,71.0,17.9,31.4,22.0,72.0,16.9,30.9,22.2,69.0,16.6
2019-09-12,30.5,24.0,66,21.9,0.0,9,31.0,24.5,65.0,24.6,30.6,22.8,61.0,20.1,31.2,22.8,63.0,20.1,32.1,22.0,71.0,17.9,31.4,22.0,72.0,16.9,30.9,22.2,69.0,16.6,30.3,23.1,72.0,16.2
2019-09-13,31.0,24.5,65,24.6,0.0,9,30.6,22.8,61.0,20.1,31.2,22.8,63.0,20.1,32.1,22.0,71.0,17.9,31.4,22.0,72.0,16.9,30.9,22.2,69.0,16.6,30.3,23.1,72.0,16.2,29.4,22.8,67.0,18.2
2019-09-14,30.6,22.8,61,20.1,0.2,9,31.2,22.8,63.0,20.1,32.1,22.0,71.0,17.9,31.4,22.0,72.0,16.9,30.9,22.2,69.0,16.6,30.3,23.1,72.0,16.2,29.4,22.8,67.0,18.2,30.6,22.2,68.0,21.3
2019-09-15,31.2,22.8,63,20.1,0.2,9,32.1,22.0,71.0,17.9,31.4,22.0,72.0,16.9,30.9,22.2,69.0,16.6,30.3,23.1,72.0,16.2,29.4,22.8,67.0,18.2,30.6,22.2,68.0,21.3,29.9,23.8,68.0,16.0
2019-09-16,32.1,22.0,71,17.9,0.0,9,31.4,22.0,72.0,16.9,30.9,22.2,69.0,16.6,30.3,23.1,72.0,16.2,29.4,22.8,67.0,18.2,30.6,22.2,68.0,21.3,29.9,23.8,68.0,16.0,30.7,22.8,70.0,17.1
2019-09-17,31.4,22.0,72,16.9,0.0,9,30.9,22.2,69.0,16.6,30.3,23.1,72.0,16.2,29.4,22.8,67.0,18.2,30.6,22.2,68.0,21.3,29.9,23.8,68.0,16.0,30.7,22.8,70.0,17.1,29.0,21.1,69.0,15.1
2019-09-18,30.9,22.2,69,16.6,0.0,9,30.3,23.1,72.0,16.2,29.4,22.8,67.0,18.2,30.6,22.2,68.0,21.3,29.9,23.8,68.0,16.0,30.7,22.8,70.0,17.1,29.0,21.1,69.0,15.1,31.8,18.4,70.0,12.7
2019-09-19,30.3,23.1,72,16.2,0.0,9,29.4,22.8,67.0,18.2,30.6,22.2,68.0,21.3,29.9,23.8,68.0,16.0,30.7,22.8,70.0,17.1,29.0,21.1,69.0,15.1,31.8,18.4,70.0,12.7,32.6,20.1,72.0,18.2
2019-09-20,29.4,22.8,67,18.2,0.0,9,30.6,22.2,68.0,21.3,29.9,23.8,68.0,16.0,30.7,22.8,70.0,17.1,29.0,21.1,69.0,15.1,31.8,18.4,70.0,12.7,32.6,20.1,72.0,18.2,30.8,21.6,73.0,18.4
2019-09-21,30.6,22.2,68,21.3,0.0,9,29.9,23.8,68.0,16.0,30.7,22.8,70.0,17.1,29.0,21.1,69.0,15.1,31.8,18.4,70.0,12.7,32.6,20.1,72.0,18.2,30.8,21.6,73.0,18.4,29.7,22.5,70.0,15.0
2019-09-22,29.9,23.8,68,16.0,0.0,9,30.7,22.8,70.0,17.1,29.0,21.1,69.0,15.1,31.8,18.4,70.0,12.7,32.6,20.1,72.0,18.2,30.8,21.6,73.0,18.4,29.7,22.5,70.0,15.0,30.0,21.9,72.0,18.7
2019-09-23,30.7,22.8,70,17.1,0.0,9,29.0,21.1,69.0,15.1,31.8,18.4,70.0,12.7,32.6,20.1,72.0,18.2,30.8,21.6,73.0,18.4,29.7,22.5,70.0,15.0,30.0,21.9,72.0,18.7,29.0,22.0,70.0,17.6
2019-09-24,29.0,21.1,69,15.1,0.0,9,31.8,18.4,70.0,12.7,32.6,20.1,72.0,18.2,30.8,21.6,73.0,18.4,29.7,22.5,70.0,15.0,30.0,21.9,72.0,18.7,29.0,22.0,70.0,17.6,29.1,21.5,68.0,16.3
2019-09-25,31.8,18.4,70,12.7,0.0,9,32.6,20.1,72.0,18.2,30.8,21.6,73.0,18.4,29.7,22.5,70.0,15.0,30.0,21.9,72.0,18.7,29.0,22.0,70.0,17.6,29.1,21.5,68.0,16.3,29.8,19.3,69.0,15.9
2019-09-26,32.6,20.1,72,18.2,0.0,9,30.8,21.6,73.0,18.4,29.7,22.5,70.0,15.0,30.0,21.9,72.0,18.7,29.0,22.0,70.0,17.6,29.1,21.5,68.0,16.3,29.8,19.3,69.0,15.9,32.8,19.5,67.0,17.0
2019-09-27,30.8,21.6,73,18.4,0.0,9,29.7,22.5,70.0,15.0,30.0,21.9,72.0,18.7,29.0,22.0,70.0,17.6,29.1,21.5,68.0,16.3,29.8,19.3,69.0,15.9,32.8,19.5,67.0,17.0,31.4,21.1,69.0,15.0
2019-09-28,29.7,22.5,70,15.0,0.0,9,30.0,21.9,72.0,18.7,29.0,22.0,70.0,17.6,29.1,21.5,68.0,16.3,29.8,19.3,69.0,15.9,32.8,19.5,67.0,17.0,31.4,21.1,69.0,15.0,33.7,20.2,68.0,16.1
2019-09-29,30.0,21.9,72,18.7,0.0,9,29.0,22.0,70.0,17.6,29.1,21.5,68.0,16.3,29.8,19.3,69.0,15.9,32.8,19.5,67.0,17.0,31.4,21.1,69.0,15.0,33.7,20.2,68.0,16.1,29.5,20.0,73.0,20.6
2019-09-30,29.0,22.0,70,17.6,0.0,9,29.1,21.5,68.0,16.3,29.8,19.3,69.0,15.9,32.8,19.5,67.0,17.0,31.4,21.1,69.0,15.0,33.7,20.2,68.0,16.1,29.5,20.0,73.0,20.6,30.4,19.5,66.0,16.6
2019-10-01,29.1,21.5,68,16.3,0.0,10,29.8,19.3,69.0,15.9,32.8,19.5,67.0,17.0,31.4,21.1,69.0,15.0,33.7,20.2,68.0,16.1,29.5,20.0,73.0,20.6,30.4,19.5,66.0,16.6,31.8,20.2,70.0,15.4
2019-10-02,29.8,19.3,69,15.9,0.0,10,32.8,19.5,67.0,17.0,31.4,21.1,69.0,15.0,33.7,20.2,68.0,16.1,29.5,20.0,73.0,20.6,30.4,19.5,66.0,16.6,31.8,20.2,70.0,15.4,29.9,21.6,66.0,15.5
2019-10-03,32.8,19.5,67,17.0,0.0,10,31.4,21.1,69.0,15.0,33.7,20.2,68.0,16.1,29.5,20.0,73.0,20.6,30.4,19.5,66.0,16.6,31.8,20.2,70.0,15.4,29.9,21.6,66.0,15.5,29.3,22.6,69.0,14.9
2019-10-04,31.4,21.1,69,15.0,0.0,10,33.7,20.2,68.0,16.1,29.5,20.0,73.0,20.6,30.4,19.5,66.0,16.6,31.8,20.2,70.0,15.4,29.9,21.6,66.0,15.5,29.3,22.6,69.0,14.9,29.8,21.5,75.0,15.1
2019-10-05,33.7,20.2,68,16.1,0.0,10,29.5,20.0,73.0,20.6,30.4,19.5,66.0,16.6,31.8,20.2,70.0,15.4,29.9,21.6,66.0,15.5,29.3,22.6,69.0,14.9,29.8,21.5,75.0,15.1,32.7,21.4,76.0,14.9
2019-10-06,29.5,20.0,73,20.6,0.0,10,30.4,19.5,66.0,16.6,31.8,20.2,70.0,15.4,29.9,21.6,66.0,15.5,29.3,22.6,69.0,14.9,29.8,21.5,75.0,15.1,32.7,21.4,76.0,14.9,31.8,21.6,77.0,15.6
2019-10-07,30.4,19.5,66,16.6,0.0,10,31.8,20.2,70.0,15.4,29.9,21.6,66.0,15.5,29.3,22.6,69.0,14.9,29.8,21.5,75.0,15.1,32.7,21.4,76.0,14.9,31.8,21.6,77.0,15.6,31.5,22.1,73.0,15.8
2019-10-08,31.8,20.2,70,15.4,0.0,10,29.9,21.6,66.0,15.5,29.3,22.6,69.0,14.9,29.8,21.5,75.0,15.1,32.7,21.4,76.0,14.9,31.8,21.6,77.0,15.6,31.5,22.1,73.0,15.8,32.8,22.2,81.0,21.0
2019-10-09,29.9,21.6,66,15.5,0.0,10,29.3,22.6,69.0,14.9,29.8,21.5,75.0,15.1,32.7,21.4,76.0,14.9,31.8,21.6,77.0,15.6,31.5,22.1,73.0,15.8,32.8,22.2,81.0,21.0,30.4,22.3,77.0,20.2
2019-10-10,29.3,22.6,69,14.9,0.0,10,29.8,21.5,75.0,15.1,32.7,21.4,76.0,14.9,31.8,21.6,77.0,15.6,31.5,22.1,73.0,15.8,32.8,22.2,81.0,21.0,30.4,22.3,77.0,20.2,29.5,20.1,76.0,17.0
2019-10-11,29.8,21.5,75,15.1,0.0,10,32.7,21.4,76.0,14.9,31.8,21.6,77.0,15.6,31.5,22.1,73.0,15.8,32.8,22.2,81.0,21.0,30.4,22.3,77.0,20.2,29.5,20.1,76.0,17.0,29.2,20.6,72.0,16.2
2019-10-12,32.7,21.4,76,14.9,0.0,10,31.8,21.6,77.0,15.6,31.5,22.1,73.0,15.8,32.8,22.2,81.0,21.0,30.4,22.3,77.0,20.2,29.5,20.1,76.0,17.0,29.2,20.6,72.0,16.2,30.9,20.6,73.0,12.7
2019-10-13,31.8,21.6,77,15.6,0.0,10,31.5,22.1,73.0,15.8,32.8,22.2,81.0,21.0,30.4,22.3,77.0,20.2,29.5,20.1,76.0,17.0,29.2,20.6,72.0,16.2,30.9,20.6,73.0,12.7,31.8,19.5,71.0,16.9
2019-10-14,31.5,22.1,73,15.8,0.0,10,32.8,22.2,81.0,21.0,30.4,22.3,77.0,20.2,29.5,20.1,76.0,17.0,29.2,20.6,72.0,16.2,30.9,20.6,73.0,12.7,31.8,19.5,71.0,16.9,29.9,21.4,73.0,12.3
2019-10-15,32.8,22.2,81,21.0,0.0,10,30.4,22.3,77.0,20.2,29.5,20.1,76.0,17.0,29.2,20.6,72.0,16.2,30.9,20.6,73.0,12.7,31.8,19.5,71.0,16.9,29.9,21.4,73.0,12.3,27.0,21.7,73.0,11.1
2019-10-16,30.4,22.3,77,20.2,0.0,10,29.5,20.1,76.0,17.0,29.2,20.6,72.0,16.2,30.9,20.6,73.0,12.7,31.8,19.5,71.0,16.9,29.9,21.4,73.0,12.3,27.0,21.7,73.0,11.1,24.5,18.3,78.0,17.6
2019-10-17,29.5,20.1,76,17.0,0.0,10,29.2,20.6,72.0,16.2,30.9,20.6,73.0,12.7,31.8,19.5,71.0,16.9,29.9,21.4,73.0,12.3,27.0,21.7,73.0,11.1,24.5,18.3,78.0,17.6,24.6,18.5,84.0,19.8
2019-10-18,29.2,20.6,72,16.2,0.0,10,30.9,20.6,73.0,12.7,31.8,19.5,71.0,16.9,29.9,21.4,73.0,12.3,27.0,21.7,73.0,11.1,24.5,18.3,78.0,17.6,24.6,18.5,84.0,19.8,24.5,18.8,82.0,25.4
2019-10-19,30.9,20.6,73,12.7,0.0,10,31.8,19.5,71.0,16.9,29.9,21.4,73.0,12.3,27.0,21.7,73.0,11.1,24.5,18.3,78.0,17.6,24.6,18.5,84.0,19.8,24.5,18.8,82.0,25.4,24.6,19.2,80.0,29.4
2019-10-20,31.8,19.5,71,16.9,0.0,10,29.9,21.4,73.0,12.3,27.0,21.7,73.0,11.1,24.5,18.3,78.0,17.6,24.6,18.5,84.0,19.8,24.5,18.8,82.0,25.4,24.6,19.2,80.0,29.4,26.0,18.5,78.0,15.6
2019-10-21,29.9,21.4,73,12.3,2.7,10,27.0,21.7,73.0,11.1,24.5,18.3,78.0,17.6,24.6,18.5,84.0,19.8,24.5,18.8,82.0,25.4,24.6,19.2,80.0,29.4,26.0,18.5,78.0,15.6,26.6,17.5,66.0,19.2
2019-10-22,27.0,21.7,73,11.1,1.0,10,24.5,18.3,78.0,17.6,24.6,18.5,84.0,19.8,24.5,18.8,82.0,25.4,24.6,19.2,80.0,29.4,26.0,18.5,78.0,15.6,26.6,17.5,66.0,19.2,26.0,17.4,70.0,13.1
2019-10-23,24.5,18.3,78,17.6,18.6,10,24.6,18.5,84.0,19.8,24.5,18.8,82.0,25.4,24.6,19.2,80.0,29.4,26.0,18.5,78.0,15.6,26.6,17.5,66.0,19.2,26.0,17.4,70.0,13.1,25.4,18.2,76.0,13.1
2019-10-24,24.6,18.5,84,19.8,6.0,10,24.5,18.8,82.0,25.4,24.6,19.2,80.0,29.4,26.0,18.5,78.0,15.6,26.6,17.5,66.0,19.2,26.0,17.4,70.0,13.1,25.4,18.2,76.0,13.1,26.4,17.4,71.0,18.7
2019-10-25,24.5,18.8,82,25.4,4.9,10,24.6,19.2,80.0,29.4,26.0,18.5,78.0,15.6,26.6,17.5,66.0,19.2,26.0,17.4,70.0,13.1,25.4,18.2,76.0,13.1,26.4,17.4,71.0,18.7,26.8,15.9,71.0,12.8
2019-10-26,24.6,19.2,80,29.4,5.6,10,26.0,18.5,78.0,15.6,26.6,17.5,66.0,19.2,26.0,17.4,70.0,13.1,25.4,18.2,76.0,13.1,26.4,17.4,71.0,18.7,26.8,15.9,71.0,12.8,28.3,15.4,71.0,14.7
2019-10-27,26.0,18.5,78,15.6,1.2,10,26.6,17.5,66.0,19.2,26.0,17.4,70.0,13.1,25.4,18.2,76.0,13.1,26.4,17.4,71.0,18.7,26.8,15.9,71.0,12.8,28.3,15.4,71.0,14.7,27.5,20.1,75.0,18.1
2019-10-28,26.6,17.5,66,19.2,0.0,10,26.0,17.4,70.0,13.1,25.4,18.2,76.0,13.1,26.4,17.4,71.0,18.7,26.8,15.9,71.0,12.8,28.3,15.4,71.0,14.7,27.5,20.1,75.0,18.1,27.7,18.8,75.0,16.2
2019-10-29,26.0,17.4,70,13.1,0.0,10,25.4,18.2,76.0,13.1,26.4,17.4,71.0,18.7,26.8,15.9,71.0,12.8,28.3,15.4,71.0,14.7,27.5,20.1,75.0,18.1,27.7,18.8,75.0,16.2,27.6,18.4,76.0,19.2
2019-10-30,25.4,18.2,76,13.1,0.7,10,26.4,17.4,71.0,18.7,26.8,15.9,71.0,12.8,28.3,15.4,71.0,14.7,27.5,20.1,75.0,18.1,27.7,18.8,75.0,16.2,27.6,18.4,76.0,19.2,27.0,21.0,74.0,20.0
2019-10-31,26.4,17.4,71,18.7,0.0,10,26.8,15.9,71.0,12.8,28.3,15.4,71.0,14.7,27.5,20.1,75.0,18.1,27.7,18.8,75.0,16.2,27.6,18.4,76.0,19.2,27.0,21.0,74.0,20.0,29.2,20.0,75.0,18.7
2019-11-01,26.8,15.9,71,12.8,0.0,11,28.3,15.4,71.0,14.7,27.5,20.1,75.0,18.1,27.7,18.8,75.0,16.2,27.6,18.4,76.0,19.2,27.0,21.0,74.0,20.0,29.2,20.0,75.0,18.7,28.7,18.8,82.0,13.7
2019-11-02,28.3,15.4,71,14.7,0.0,11,27.5,20.1,75.0,18.1,27.7,18.8,75.0,16.2,27.6,18.4,76.0,19.2,27.0,21.0,74.0,20.0,29.2,20.0,75.0,18.7,28.7,18.8,82.0,13.7,27.4,19.6,80.0,15.6
2019-11-03,27.5,20.1,75,18.1,0.0,11,27.7,18.8,75.0,16.2,27.6,18.4,76.0,19.2,27.0,21.0,74.0,20.0,29.2,20.0,75.0,18.7,28.7,18.8,82.0,13.7,27.4,19.6,80.0,15.6,27.9,19.0,78.0,14.5
2019-11-04,27.7,18.8,75,16.2,0.0,11,27.6,18.4,76.0,19.2,27.0,21.0,74.0,20.0,29.2,20.0,75.0,18.7,28.7,18.8,82.0,13.7,27.4,19.6,80.0,15.6,27.9,19.0,78.0,14.5,29.0,21.2,76.0,11.9
2019-11-05,27.6,18.4,76,19.2,0.0,11,27.0,21.0,74.0,20.0,29.2,20.0,75.0,18.7,28.7,18.8,82.0,13.7,27.4,19.6,80.0,15.6,27.9,19.0,78.0,14.5,29.0,21.2,76.0,11.9,30.4,21.0,56.0,19.3
2019-11-06,27.0,21.0,74,20.0,0.0,11,29.2,20.0,75.0,18.7,28.7,18.8,82.0,13.7,27.4,19.6,80.0,15.6,27.9,19.0,78.0,14.5,29.0,21.2,76.0,11.9,30.4,21.0,56.0,19.3,30.8,19.4,75.0,13.4
2019-11-07,29.2,20.0,75,18.7,0.0,11,28.7,18.8,82.0,13.7,27.4,19.6,80.0,15.6,27.9,19.0,78.0,14.5,29.0,21.2,76.0,11.9,30.4,21.0,56.0,19.3,30.8,19.4,75.0,13.4,33.8,17.1,61.0,19.9
2019-11-08,28.7,18.8,82,13.7,0.0,11,27.4,19.6,80.0,15.6,27.9,19.0,78.0,14.5,29.0,21.2,76.0,11.9,30.4,21.0,56.0,19.3,30.8,19.4,75.0,13.4,33.8,17.1,61.0,19.9,25.5,20.0,66.0,22.0
2019-11-09,27.4,19.6,80,15.6,0.0,11,27.9,19.0,78.0,14.5,29.0,21.2,76.0,11.9,30.4,21.0,56.0,19.3,30.8,19.4,75.0,13.4,33.8,17.1,61.0,19.9,25.5,20.0,66.0,22.0,24.0,19.7,65.0,23.3
2019-11-10,27.9,19.0,78,14.5,0.0,11,29.0,21.2,76.0,11.9,30.4,21.0,56.0,19.3,30.8,19.4,75.0,13.4,33.8,17.1,61.0,19.9,25.5,20.0,66.0,22.0,24.0,19.7,65.0,23.3,25.8,18.6,61.0,19.6
2019-11-11,29.0,21.2,76,11.9,0.0,11,30.4,21.0,56.0,19.3,30.8,19.4,75.0,13.4,33.8,17.1,61.0,19.9,25.5,20.0,66.0,22.0,24.0,19.7,65.0,23.3,25.8,18.6,61.0,19.6,24.8,18.4,45.0,23.8
2019-11-12,30.4,21.0,56,19.3,0.0,11,30.8,19.4,75.0,13.4,33.8,17.1,61.0,19.9,25.5,20.0,66.0,22.0,24.0,19.7,65.0,23.3,25.8,18.6,61.0,19.6,24.8,18.4,45.0,23.8,24.0,16.0,45.0,18.8
2019-11-13,30.8,19.4,75,13.4,0.0,11,33.8,17.1,61.0,19.9,25.5,20.0,66.0,22.0,24.0,19.7,65.0,23.3,25.8,18.6,61.0,19.6,24.8,18.4,45.0,23.8,24.0,16.0,45.0,18.8,24.0,15.8,50.0,18.5
2019-11-14,33.8,17.1,61,19.9,0.0,11,25.5,20.0,66.0,22.0,24.0,19.7,65.0,23.3,25.8,18.6,61.0,19.6,24.8,18.4,45.0,23.8,24.0,16.0,45.0,18.8,24.0,15.8,50.0,18.5,24.5,14.8,58.0,14.7
2019-11-15,25.5,20.0,66,22.0,0.0,11,24.0,19.7,65.0,23.3,25.8,18.6,61.0,19.6,24.8,18.4,45.0,23.8,24.0,16.0,45.0,18.8,24.0,15.8,50.0,18.5,24.5,14.8,58.0,14.7,23.6,15.9,60.0,14.3
2019-11-16,24.0,19.7,65,23.3,0.3,11,25.8,18.6,61.0,19.6,24.8,18.4,45.0,23.8,24.0,16.0,45.0,18.8,24.0,15.8,50.0,18.5,24.5,14.8,58.0,14.7,23.6,15.9,60.0,14.3,24.0,12.5,69.0,11.9
2019-11-17,25.8,18.6,61,19.6,0.0,11,24.8,18.4,45.0,23.8,24.0,16.0,45.0,18.8,24.0,15.8,50.0,18.5,24.5,14.8,58.0,14.7,23.6,15.9,60.0,14.3,24.0,12.5,69.0,11.9,24.2,13.8,74.0,13.0
2019-11-18,24.8,18.4,45,23.8,0.0,11,24.0,16.0,45.0,18.8,24.0,15.8,50.0,18.5,24.5,14.8,58.0,14.7,23.6,15.9,60.0,14.3,24.0,12.5,69.0,11.9,24.2,13.8,74.0,13.0,28.9,15.0,56.0,15.6
2019-11-19,24.0,16.0,45,18.8,0.0,11,24.0,15.8,50.0,18.5,24.5,14.8,58.0,14.7,23.6,15.9,60.0,14.3,24.0,12.5,69.0,11.9,24.2,13.8,74.0,13.0,28.9,15.0,56.0,15.6,27.8,14.8,34.0,22.6
2019-11-20,24.0,15.8,50,18.5,0.0,11,24.5,14.8,58.0,14.7,23.6,15.9,60.0,14.3,24.0,12.5,69.0,11.9,24.2,13.8,74.0,13.0,28.9,15.0,56.0,15.6,27.8,14.8,34.0,22.6,24.0,14.1,34.0,19.1
2019-11-21,24.5,14.8,58,14.7,0.0,11,23.6,15.9,60.0,14.3,24.0,12.5,69.0,11.9,24.2,13.8,74.0,13.0,28.9,15.0,56.0,15.6,27.8,14.8,34.0,22.6,24.0,14.1,34.0,19.1,23.8,14.6,63.0,13.9
2019-11-22,23.6,15.9,60,14.3,0.0,11,24.0,12.5,69.0,11.9,24.2,13.8,74.0,13.0,28.9,15.0,56.0,15.6,27.8,14.8,34.0,22.6,24.0,14.1,34.0,19.1,23.8,14.6,63.0,13.9,24.2,14.2,73.0,12.2
2019-11-23,24.0,12.5,69,11.9,0.0,11,24.2,13.8,74.0,13.0,28.9,15.0,56.0,15.6,27.8,14.8,34.0,22.6,24.0,14.1,34.0,19.1,23.8,14.6,63.0,13.9,24.2,14.2,73.0,12.2,24.5,14.0,76.0,12.0
2019-11-24,24.2,13.8,74,13.0,0.1,11,28.9,15.0,56.0,15.6,27.8,14.8,34.0,22.6,24.0,14.1,34.0,19.1,23.8,14.6,63.0,13.9,24.2,14.2,73.0,12.2,24.5,14.0,76.0,12.0,22.9,13.9,75.0,13.3
2019-11-25,28.9,15.0,56,15.6,0.0,11,27.8,14.8,34.0,22.6,24.0,14.1,34.0,19.1,23.8,14.6,63.0,13.9,24.2,14.2,73.0,12.2,24.5,14.0,76.0,12.0,22.9,13.9,75.0,13.3,22.4,15.4,60.0,17.0
2019-11-26,27.8,14.8,34,22.6,0.0,11,24.0,14.1,34.0,19.1,23.8,14.6,63.0,13.9,24.2,14.2,73.0,12.2,24.5,14.0,76.0,12.0,22.9,13.9,75.0,13.3,22.4,15.4,60.0,17.0,22.2,13.4,60.0,18.9
2019-11-27,24.0,14.1,34,19.1,0.0,11,23.8,14.6,63.0,13.9,24.2,14.2,73.0,12.2,24.5,14.0,76.0,12.0,22.9,13.9,75.0,13.3,22.4,15.4,60.0,17.0,22.2,13.4,60.0,18.9,22.7,15.5,61.0,17.6
2019-11-28,23.8,14.6,63,13.9,0.0,11,24.2,14.2,73.0,12.2,24.5,14.0,76.0,12.0,22.9,13.9,75.0,13.3,22.4,15.4,60.0,17.0,22.2,13.4,60.0,18.9,22.7,15.5,61.0,17.6,24.1,13.3,72.0,22.2
2019-11-29,24.2,14.2,73,12.2,0.0,11,24.5,14.0,76.0,12.0,22.9,13.9,75.0,13.3,22.4,15.4,60.0,17.0,22.2,13.4,60.0,18.9,22.7,15.5,61.0,17.6,24.1,13.3,72.0,22.2,20.5,17.4,58.0,21.6
2019-11-30,24.5,14.0,76,12.0,0.0,11,22.9,13.9,75.0,13.3,22.4,15.4,60.0,17.0,22.2,13.4,60.0,18.9,22.7,15.5,61.0,17.6,24.1,13.3,72.0,22.2,20.5,17.4,58.0,21.6,20.9,15.2,66.0,10.5
2019-12-01,22.9,13.9,75,13.3,0.7,12,22.4,15.4,60.0,17.0,22.2,13.4,60.0,18.9,22.7,15.5,61.0,17.6,24.1,13.3,72.0,22.2,20.5,17.4,58.0,21.6,20.9,15.2,66.0,10.5,21.1,15.6,65.0,17.7
2019-12-02,22.4,15.4,60,17.0,0.1,12,22.2,13.4,60.0,18.9,22.7,15.5,61.0,17.6,24.1,13.3,72.0,22.2,20.5,17.4,58.0,21.6,20.9,15.2,66.0,10.5,21.1,15.6,65.0,17.7,21.6,15.4,69.0,18.8
2019-12-03,22.2,13.4,60,18.9,0.0,12,22.7,15.5,61.0,17.6,24.1,13.3,72.0,22.2,20.5,17.4,58.0,21.6,20.9,15.2,66.0,10.5,21.1,15.6,65.0,17.7,21.6,15.4,69.0,18.8,23.1,13.2,67.0,16.9
2019-12-04,22.7,15.5,61,17.6,0.0,12,24.1,13.3,72.0,22.2,20.5,17.4,58.0,21.6,20.9,15.2,66.0,10.5,21.1,15.6,65.0,17.7,21.6,15.4,69.0,18.8,23.1,13.2,67.0,16.9,22.4,12.8,52.0,13.8
2019-12-05,24.1,13.3,72,22.2,0.0,12,20.5,17.4,58.0,21.6,20.9,15.2,66.0,10.5,21.1,15.6,65.0,17.7,21.6,15.4,69.0,18.8,23.1,13.2,67.0,16.9,22.4,12.8,52.0,13.8,17.9,12.9,63.0,28.8
2019-12-06,20.5,17.4,58,21.6,0.0,12,20.9,15.2,66.0,10.5,21.1,15.6,65.0,17.7,21.6,15.4,69.0,18.8,23.1,13.2,67.0,16.9,22.4,12.8,52.0,13.8,17.9,12.9,63.0,28.8,21.5,12.1,57.0,21.3
2019-12-07,20.9,15.2,66,10.5,1.2,12,21.1,15.6,65.0,17.7,21.6,15.4,69.0,18.8,23.1,13.2,67.0,16.9,22.4,12.8,52.0,13.8,17.9,12.9,63.0,28.8,21.5,12.1,57.0,21.3,20.6,10.5,39.0,22.6
2019-12-08,21.1,15.6,65,17.7,1.1,12,21.6,15.4,69.0,18.8,23.1,13.2,67.0,16.9,22.4,12.8,52.0,13.8,17.9,12.9,63.0,28.8,21.5,12.1,57.0,21.3,20.6,10.5,39.0,22.6,18.6,9.5,57.0,18.0
2019-12-09,21.6,15.4,69,18.8,0.4,12,23.1,13.2,67.0,16.9,22.4,12.8,52.0,13.8,17.9,12.9,63.0,28.8,21.5,12.1,57.0,21.3,20.6,10.5,39.0,22.6,18.6,9.5,57.0,18.0,21.5,9.1,72.0,18.9
2019-12-10,23.1,13.2,67,16.9,0.4,12,22.4,12.8,52.0,13.8,17.9,12.9,63.0,28.8,21.5,12.1,57.0,21.3,20.6,10.5,39.0,22.6,18.6,9.5,57.0,18.0,21.5,9.1,72.0,18.9,22.1,12.6,74.0,12.6
2019-12-11,22.4,12.8,52,13.8,0.0,12,17.9,12.9,63.0,28.8,21.5,12.1,57.0,21.3,20.6,10.5,39.0,22.6,18.6,9.5,57.0,18.0,21.5,9.1,72.0,18.9,22.1,12.6,74.0,12.6,21.5,12.2,75.0,12.2
2019-12-12,17.9,12.9,63,28.8,3.1,12,21.5,12.1,57.0,21.3,20.6,10.5,39.0,22.6,18.6,9.5,57.0,18.0,21.5,9.1,72.0,18.9,22.1,12.6,74.0,12.6,21.5,12.2,75.0,12.2,21.8,12.6,79.0,15.6
2019-12-13,21.5,12.1,57,21.3,0.0,12,20.6,10.5,39.0,22.6,18.6,9.5,57.0,18.0,21.5,9.1,72.0,18.9,22.1,12.6,74.0,12.6,21.5,12.2,75.0,12.2,21.8,12.6,79.0,15.6,22.2,12.9,73.0,13.8
2019-12-14,20.6,10.5,39,22.6,0.0,12,18.6,9.5,57.0,18.0,21.5,9.1,72.0,18.9,22.1,12.6,74.0,12.6,21.5,12.2,75.0,12.2,21.8,12.6,79.0,15.6,22.2,12.9,73.0,13.8,21.5,12.1,73.0,14.7
2019-12-15,18.6,9.5,57,18.0,2.6,12,21.5,9.1,72.0,18.9,22.1,12.6,74.0,12.6,21.5,12.2,75.0,12.2,21.8,12.6,79.0,15.6,22.2,12.9,73.0,13.8,21.5,12.1,73.0,14.7,21.5,13.5,68.0,10.9
2019-12-16,21.5,9.1,72,18.9,0.0,12,22.1,12.6,74.0,12.6,21.5,12.2,75.0,12.2,21.8,12.6,79.0,15.6,22.2,12.9,73.0,13.8,21.5,12.1,73.0,14.7,21.5,13.5,68.0,10.9,22.0,9.3,64.0,20.7
2019-12-17,22.1,12.6,74,12.6,0.0,12,21.5,12.2,75.0,12.2,21.8,12.6,79.0,15.6,22.2,12.9,73.0,13.8,21.5,12.1,73.0,14.7,21.5,13.5,68.0,10.9,22.0,9.3,64.0,20.7,21.1,13.1,42.0,29.8
2019-12-18,21.5,12.2,75,12.2,0.0,12,21.8,12.6,79.0,15.6,22.2,12.9,73.0,13.8,21.5,12.1,73.0,14.7,21.5,13.5,68.0,10.9,22.0,9.3,64.0,20.7,21.1,13.1,42.0,29.8,18.1,12.6,62.0,29.8
2019-12-19,21.8,12.6,79,15.6,0.0,12,22.2,12.9,73.0,13.8,21.5,12.1,73.0,14.7,21.5,13.5,68.0,10.9,22.0,9.3,64.0,20.7,21.1,13.1,42.0,29.8,18.1,12.6,62.0,29.8,19.1,12.7,68.0,32.5
2019-12-20,22.2,12.9,73,13.8,0.0,12,21.5,12.1,73.0,14.7,21.5,13.5,68.0,10.9,22.0,9.3,64.0,20.7,21.1,13.1,42.0,29.8,18.1,12.6,62.0,29.8,19.1,12.7,68.0,32.5,17.1,11.5,69.0,23.3
2019-12-21,21.5,12.1,73,14.7,0.0,12,21.5,13.5,68.0,10.9,22.0,9.3,64.0,20.7,21.1,13.1,42.0,29.8,18.1,12.6,62.0,29.8,19.1,12.7,68.0,32.5,17.1,11.5,69.0,23.3,17.6,10.0,62.0,18.4
2019-12-22,21.5,13.5,68,10.9,0.0,12,22.0,9.3,64.0,20.7,21.1,13.1,42.0,29.8,18.1,12.6,62.0,29.8,19.1,12.7,68.0,32.5,17.1,11.5,69.0,23.3,17.6,10.0,62.0,18.4,19.5,9.5,48.0,20.7
2019-12-23,22.0,9.3,64,20.7,0.0,12,21.1,13.1,42.0,29.8,18.1,12.6,62.0,29.8,19.1,12.7,68.0,32.5,17.1,11.5,69.0,23.3,17.6,10.0,62.0,18.4,19.5,9.5,48.0,20.7,17.4,10.4,47.0,27.4
2019-12-24,21.1,13.1,42,29.8,0.0,12,18.1,12.6,62.0,29.8,19.1,12.7,68.0,32.5,17.1,11.5,69.0,23.3,17.6,10.0,62.0,18.4,19.5,9.5,48.0,20.7,17.4,10.4,47.0,27.4,19.0,8.4,62.0,15.7
2019-12-25,18.1,12.6,62,29.8,4.5,12,19.1,12.7,68.0,32.5,17.1,11.5,69.0,23.3,17.6,10.0,62.0,18.4,19.5,9.5,48.0,20.7,17.4,10.4,47.0,27.4,19.0,8.4,62.0,15.7,18.1,10.1,78.0,13.9
2019-12-26,19.1,12.7,68,32.5,2.4,12,17.1,11.5,69.0,23.3,17.6,10.0,62.0,18.4,19.5,9.5,48.0,20.7,17.4,10.4,47.0,27.4,19.0,8.4,62.0,15.7,18.1,10.1,78.0,13.9,16.8,8.6,68.0,20.2
2019-12-27,17.1,11.5,69,23.3,2.5,12,17.6,10.0,62.0,18.4,19.5,9.5,48.0,20.7,17.4,10.4,47.0,27.4,19.0,8.4,62.0,15.7,18.1,10.1,78.0,13.9,16.8,8.6,68.0,20.2,16.0,8.6,58.0,33.0
2019-12-28,17.6,10.0,62,18.4,0.0,12,19.5,9.5,48.0,20.7,17.4,10.4,47.0,27.4,19.0,8.4,62.0,15.7,18.1,10.1,78.0,13.9,16.8,8.6,68.0,20.2,16.0,8.6,58.0,33.0,15.6,10.6,81.0,22.9
2019-12-29,19.5,9.5,48,20.7,0.1,12,17.4,10.4,47.0,27.4,19.0,8.4,62.0,15.7,18.1,10.1,78.0,13.9,16.8,8.6,68.0,20.2,16.0,8.6,58.0,33.0,15.6,10.6,81.0,22.9,17.9,9.1,67.0,21.3
2019-12-30,17.4,10.4,47,27.4,0.1,12,19.0,8.4,62.0,15.7,18.1,10.1,78.0,13.9,16.8,8.6,68.0,20.2,16.0,8.6,58.0,33.0,15.6,10.6,81.0,22.9,17.9,9.1,67.0,21.3,18.0,9.7,54.0,33.2
2019-12-31,19.0,8.4,62,15.7,0.0,12,18.1,10.1,78.0,13.9,16.8,8.6,68.0,20.2,16.0,8.6,58.0,33.0,15.6,10.6,81.0,22.9,17.9,9.1,67.0,21.3,18.0,9.7,54.0,33.2,16.5,11.0,49.0,31.3
2020-01-01,18.1,10.1,78,13.9,1.0,1,16.8,8.6,68.0,20.2,16.0,8.6,58.0,33.0,15.6,10.6,81.0,22.9,17.9,9.1,67.0,21.3,18.0,9.7,54.0,33.2,16.5,11.0,49.0,31.3,16.0,10.4,76.0,32.6
2020-01-02,16.8,8.6,68,20.2,0.0,1,16.0,8.6,58.0,33.0,15.6,10.6,81.0,22.9,17.9,9.1,67.0,21.3,18.0,9.7,54.0,33.2,16.5,11.0,49.0,31.3,16.0,10.4,76.0,32.6,16.4,9.6,80.0,24.1
2020-01-03,16.0,8.6,58,33.0,0.1,1,15.6,10.6,81.0,22.9,17.9,9.1,67.0,21.3,18.0,9.7,54.0,33.2,16.5,11.0,49.0,31.3,16.0,10.4,76.0,32.6,16.4,9.6,80.0,24.1,16.3,7.1,81.0,18.8
2020-01-04,15.6,10.6,81,22.9,4.9,1,17.9,9.1,67.0,21.3,18.0,9.7,54.0,33.2,16.5,11.0,49.0,31.3,16.0,10.4,76.0,32.6,16.4,9.6,80.0,24.1,16.3,7.1,81.0,18.8,18.3,7.1,74.0,9.1
2020-01-05,17.9,9.1,67,21.3,0.0,1,18.0,9.7,54.0,33.2,16.5,11.0,49.0,31.3,16.0,10.4,76.0,32.6,16.4,9.6,80.0,24.1,16.3,7.1,81.0,18.8,18.3,7.1,74.0,9.1,19.4,11.4,68.0,15.2
2020-01-06,18.0,9.7,54,33.2,0.0,1,16.5,11.0,49.0,31.3,16.0,10.4,76.0,32.6,16.4,9.6,80.0,24.1,16.3,7.1,81.0,18.8,18.3,7.1,74.0,9.1,19.4,11.4,68.0,15.2,18.7,8.8,78.0,13.8
2020-01-07,16.5,11.0,49,31.3,0.0,1,16.0,10.4,76.0,32.6,16.4,9.6,80.0,24.1,16.3,7.1,81.0,18.8,18.3,7.1,74.0,9.1,19.4,11.4,68.0,15.2,18.7,8.8,78.0,13.8,19.1,10.4,73.0,13.0
2020-01-08,16.0,10.4,76,32.6,5.0,1,16.4,9.6,80.0,24.1,16.3,7.1,81.0,18.8,18.3,7.1,74.0,9.1,19.4,11.4,68.0,15.2,18.7,8.8,78.0,13.8,19.1,10.4,73.0,13.0,19.9,14.4,79.0,18.7
2020-01-09,16.4,9.6,80,24.1,1.9,1,16.3,7.1,81.0,18.8,18.3,7.1,74.0,9.1,19.4,11.4,68.0,15.2,18.7,8.8,78.0,13.8,19.1,10.4,73.0,13.0,19.9,14.4,79.0,18.7,20.4,12.5,64.0,23.2
2020-01-10,16.3,7.1,81,18.8,2.2,1,18.3,7.1,74.0,9.1,19.4,11.4,68.0,15.2,18.7,8.8,78.0,13.8,19.1,10.4,73.0,13.0,19.9,14.4,79.0,18.7,20.4,12.5,64.0,23.2,18.0,11.1,71.0,21.4
2020-01-11,18.3,7.1,74,9.1,0.0,1,19.4,11.4,68.0,15.2,18.7,8.8,78.0,13.8,19.1,10.4,73.0,13.0,19.9,14.4,79.0,18.7,20.4,12.5,64.0,23.2,18.0,11.1,71.0,21.4,17.0,12.1,89.0,18.4
2020-01-12,19.4,11.4,68,15.2,0.0,1,18.7,8.8,78.0,13.8,19.1,10.4,73.0,13.0,19.9,14.4,79.0,18.7,20.4,12.5,64.0,23.2,18.0,11.1,71.0,21.4,17.0,12.1,89.0,18.4,16.2,10.9,81.0,21.0
2020-01-13,18.7,8.8,78,13.8,0.0,1,19.1,10.4,73.0,13.0,19.9,14.4,79.0,18.7,20.4,12.5,64.0,23.2,18.0,11.1,71.0,21.4,17.0,12.1,89.0,18.4,16.2,10.9,81.0,21.0,17.5,10.6,70.0,27.9
2020-01-14,19.1,10.4,73,13.0,0.0,1,19.9,14.4,79.0,18.7,20.4,12.5,64.0,23.2,18.0,11.1,71.0,21.4,17.0,12.1,89.0,18.4,16.2,10.9,81.0,21.0,17.5,10.6,70.0,27.9,15.4,11.5,55.0,30.8
2020-01-15,19.9,14.4,79,18.7,3.2,1,20.4,12.5,64.0,23.2,18.0,11.1,71.0,21.4,17.0,12.1,89.0,18.4,16.2,10.9,81.0,21.0,17.5,10.6,70.0,27.9,15.4,11.5,55.0,30.8,16.0,9.2,58.0,18.3
2020-01-16,20.4,12.5,64,23.2,0.8,1,18.0,11.1,71.0,21.4,17.0,12.1,89.0,18.4,16.2,10.9,81.0,21.0,17.5,10.6,70.0,27.9,15.4,11.5,55.0,30.8,16.0,9.2,58.0,18.3,17.8,8.4,65.0,19.4
2020-01-17,18.0,11.1,71,21.4,0.8,1,17.0,12.1,89.0,18.4,16.2,10.9,81.0,21.0,17.5,10.6,70.0,27.9,15.4,11.5,55.0,30.8,16.0,9.2,58.0,18.3,17.8,8.4,65.0,19.4,15.3,8.8,57.0,31.1
2020-01-18,17.0,12.1,89,18.4,9.5,1,16.2,10.9,81.0,21.0,17.5,10.6,70.0,27.9,15.4,11.5,55.0,30.8,16.0,9.2,58.0,18.3,17.8,8.4,65.0,19.4,15.3,8.8,57.0,31.1,17.0,8.1,61.0,12.6
2020-01-19,16.2,10.9,81,21.0,0.5,1,17.5,10.6,70.0,27.9,15.4,11.5,55.0,30.8,16.0,9.2,58.0,18.3,17.8,8.4,65.0,19.4,15.3,8.8,57.0,31.1,17.0,8.1,61.0,12.6,17.5,6.9,73.0,10.6
2020-01-20,17.5,10.6,70,27.9,0.4,1,15.4,11.5,55.0,30.8,16.0,9.2,58.0,18.3,17.8,8.4,65.0,19.4,15.3,8.8,57.0,31.1,17.0,8.1,61.0,12.6,17.5,6.9,73.0,10.6,17.8,8.2,79.0,13.3
2020-01-21,15.4,11.5,55,30.8,0.8,1,16.0,9.2,58.0,18.3,17.8,8.4,65.0,19.4,15.3,8.8,57.0,31.1,17.0,8.1,61.0,12.6,17.5,6.9,73.0,10.6,17.8,8.2,79.0,13.3,18.8,7.4,77.0,17.3
2020-01-22,16.0,9.2,58,18.3,0.0,1,17.8,8.4,65.0,19.4,15.3,8.8,57.0,31.1,17.0,8.1,61.0,12.6,17.5,6.9,73.0,10.6,17.8,8.2,79.0,13.3,18.8,7.4,77.0,17.3,19.9,10.1,71.0,16.7
2020-01-23,17.8,8.4,65,19.4,0.1,1,15.3,8.8,57.0,31.1,17.0,8.1,61.0,12.6,17.5,6.9,73.0,10.6,17.8,8.2,79.0,13.3,18.8,7.4,77.0,17.3,19.9,10.1,71.0,16.7,20.5,9.6,65.0,16.9
2020-01-24,15.3,8.8,57,31.1,0.1,1,17.0,8.1,61.0,12.6,17.5,6.9,73.0,10.6,17.8,8.2,79.0,13.3,18.8,7.4,77.0,17.3,19.9,10.1,71.0,16.7,20.5,9.6,65.0,16.9,18.3,10.1,63.0,25.5
2020-01-25,17.0,8.1,61,12.6,0.0,1,17.5,6.9,73.0,10.6,17.8,8.2,79.0,13.3,18.8,7.4,77.0,17.3,19.9,10.1,71.0,16.7,20.5,9.6,65.0,16.9,18.3,10.1,63.0,25.5,19.1,8.1,71.0,18.8
2020-01-26,17.5,6.9,73,10.6,0.0,1,17.8,8.2,79.0,13.3,18.8,7.4,77.0,17.3,19.9,10.1,71.0,16.7,20.5,9.6,65.0,16.9,18.3,10.1,63.0,25.5,19.1,8.1,71.0,18.8,20.0,10.6,71.0,15.5
2020-01-27,17.8,8.2,79,13.3,0.0,1,18.8,7.4,77.0,17.3,19.9,10.1,71.0,16.7,20.5,9.6,65.0,16.9,18.3,10.1,63.0,25.5,19.1,8.1,71.0,18.8,20.0,10.6,71.0,15.5,18.8,9.9,79.0,13.5
2020-01-28,18.8,7.4,77,17.3,0.3,1,19.9,10.1,71.0,16.7,20.5,9.6,65.0,16.9,18.3,10.1,63.0,25.5,19.1,8.1,71.0,18.8,20.0,10.6,71.0,15.5,18.8,9.9,79.0,13.5,20.5,10.4,79.0,19.9
2020-01-29,19.9,10.1,71,16.7,0.0,1,20.5,9.6,65.0,16.9,18.3,10.1,63.0,25.5,19.1,8.1,71.0,18.8,20.0,10.6,71.0,15.5,18.8,9.9,79.0,13.5,20.5,10.4,79.0,19.9,22.8,10.9,61.0,21.4
2020-01-30,20.5,9.6,65,16.9,0.0,1,18.3,10.1,63.0,25.5,19.1,8.1,71.0,18.8,20.0,10.6,71.0,15.5,18.8,9.9,79.0,13.5,20.5,10.4,79.0,19.9,22.8,10.9,61.0,21.4,23.8,13.9,42.0,25.0
2020-01-31,18.3,10.1,63,25.5,0.0,1,19.1,8.1,71.0,18.8,20.0,10.6,71.0,15.5,18.8,9.9,79.0,13.5,20.5,10.4,79.0,19.9,22.8,10.9,61.0,21.4,23.8,13.9,42.0,25.0,18.4,11.1,54.0,31.4
2020-02-01,19.1,8.1,71,18.8,0.1,2,20.0,10.6,71.0,15.5,18.8,9.9,79.0,13.5,20.5,10.4,79.0,19.9,22.8,10.9,61.0,21.4,23.8,13.9,42.0,25.0,18.4,11.1,54.0,31.4,15.4,10.2,63.0,32.1
2020-02-02,20.0,10.6,71,15.5,0.0,2,18.8,9.9,79.0,13.5,20.5,10.4,79.0,19.9,22.8,10.9,61.0,21.4,23.8,13.9,42.0,25.0,18.4,11.1,54.0,31.4,15.4,10.2,63.0,32.1,13.8,10.6,53.0,25.0
2020-02-03,18.8,9.9,79,13.5,0.0,2,20.5,10.4,79.0,19.9,22.8,10.9,61.0,21.4,23.8,13.9,42.0,25.0,18.4,11.1,54.0,31.4,15.4,10.2,63.0,32.1,13.8,10.6,53.0,25.0,14.8,11.1,51.0,19.9
2020-02-04,20.5,10.4,79,19.9,0.0,2,22.8,10.9,61.0,21.4,23.8,13.9,42.0,25.0,18.4,11.1,54.0,31.4,15.4,10.2,63.0,32.1,13.8,10.6,53.0,25.0,14.8,11.1,51.0,19.9,18.4,9.4,64.0,20.5
2020-02-05,22.8,10.9,61,21.4,0.0,2,23.8,13.9,42.0,25.0,18.4,11.1,54.0,31.4,15.4,10.2,63.0,32.1,13.8,10.6,53.0,25.0,14.8,11.1,51.0,19.9,18.4,9.4,64.0,20.5,22.4,10.3,63.0,17.4
2020-02-06,23.8,13.9,42,25.0,0.0,2,18.4,11.1,54.0,31.4,15.4,10.2,63.0,32.1,13.8,10.6,53.0,25.0,14.8,11.1,51.0,19.9,18.4,9.4,64.0,20.5,22.4,10.3,63.0,17.4,22.8,9.8,70.0,15.4
2020-02-07,18.4,11.1,54,31.4,0.1,2,15.4,10.2,63.0,32.1,13.8,10.6,53.0,25.0,14.8,11.1,51.0,19.9,18.4,9.4,64.0,20.5,22.4,10.3,63.0,17.4,22.8,9.8,70.0,15.4,19.0,12.1,83.0,17.1
2020-02-08,15.4,10.2,63,32.1,1.0,2,13.8,10.6,53.0,25.0,14.8,11.1,51.0,19.9,18.4,9.4,64.0,20.5,22.4,10.3,63.0,17.4,22.8,9.8,70.0,15.4,19.0,12.1,83.0,17.1,21.2,10.6,84.0,22.4
2020-02-09,13.8,10.6,53,25.0,0.5,2,14.8,11.1,51.0,19.9,18.4,9.4,64.0,20.5,22.4,10.3,63.0,17.4,22.8,9.8,70.0,15.4,19.0,12.1,83.0,17.1,21.2,10.6,84.0,22.4,18.5,12.1,80.0,19.0
2020-02-10,14.8,11.1,51,19.9,0.0,2,18.4,9.4,64.0,20.5,22.4,10.3,63.0,17.4,22.8,9.8,70.0,15.4,19.0,12.1,83.0,17.1,21.2,10.6,84.0,22.4,18.5,12.1,80.0,19.0,18.9,12.5,71.0,16.1
2020-02-11,18.4,9.4,64,20.5,0.3,2,22.4,10.3,63.0,17.4,22.8,9.8,70.0,15.4,19.0,12.1,83.0,17.1,21.2,10.6,84.0,22.4,18.5,12.1,80.0,19.0,18.9,12.5,71.0,16.1,18.2,11.1,73.0,18.8
2020-02-12,22.4,10.3,63,17.4,0.0,2,22.8,9.8,70.0,15.4,19.0,12.1,83.0,17.1,21.2,10.6,84.0,22.4,18.5,12.1,80.0,19.0,18.9,12.5,71.0,16.1,18.2,11.1,73.0,18.8,17.4,11.2,77.0,25.1
2020-02-13,22.8,9.8,70,15.4,0.0,2,19.0,12.1,83.0,17.1,21.2,10.6,84.0,22.4,18.5,12.1,80.0,19.0,18.9,12.5,71.0,16.1,18.2,11.1,73.0,18.8,17.4,11.2,77.0,25.1,20.0,10.3,64.0,15.0
2020-02-14,19.0,12.1,83,17.1,0.0,2,21.2,10.6,84.0,22.4,18.5,12.1,80.0,19.0,18.9,12.5,71.0,16.1,18.2,11.1,73.0,18.8,17.4,11.2,77.0,25.1,20.0,10.3,64.0,15.0,20.6,10.4,57.0,29.8
2020-02-15,21.2,10.6,84,22.4,0.0,2,18.5,12.1,80.0,19.0,18.9,12.5,71.0,16.1,18.2,11.1,73.0,18.8,17.4,11.2,77.0,25.1,20.0,10.3,64.0,15.0,20.6,10.4,57.0,29.8,18.6,10.9,65.0,21.0
2020-02-16,18.5,12.1,80,19.0,1.1,2,18.9,12.5,71.0,16.1,18.2,11.1,73.0,18.8,17.4,11.2,77.0,25.1,20.0,10.3,64.0,15.0,20.6,10.4,57.0,29.8,18.6,10.9,65.0,21.0,17.5,8.9,73.0,9.7
2020-02-17,18.9,12.5,71,16.1,0.0,2,18.2,11.1,73.0,18.8,17.4,11.2,77.0,25.1,20.0,10.3,64.0,15.0,20.6,10.4,57.0,29.8,18.6,10.9,65.0,21.0,17.5,8.9,73.0,9.7,16.4,10.0,74.0,13.4
2020-02-18,18.2,11.1,73,18.8,0.6,2,17.4,11.2,77.0,25.1,20.0,10.3,64.0,15.0,20.6,10.4,57.0,29.8,18.6,10.9,65.0,21.0,17.5,8.9,73.0,9.7,16.4,10.0,74.0,13.4,18.6,10.5,73.0,23.3
2020-02-19,17.4,11.2,77,25.1,1.9,2,20.0,10.3,64.0,15.0,20.6,10.4,57.0,29.8,18.6,10.9,65.0,21.0,17.5,8.9,73.0,9.7,16.4,10.0,74.0,13.4,18.6,10.5,73.0,23.3,21.6,11.2,76.0,13.0
2020-02-20,20.0,10.3,64,15.0,0.0,2,20.6,10.4,57.0,29.8,18.6,10.9,65.0,21.0,17.5,8.9,73.0,9.7,16.4,10.0,74.0,13.4,18.6,10.5,73.0,23.3,21.6,11.2,76.0,13.0,25.6,10.6,65.0,12.8
2020-02-21,20.6,10.4,57,29.8,0.2,2,18.6,10.9,65.0,21.0,17.5,8.9,73.0,9.7,16.4,10.0,74.0,13.4,18.6,10.5,73.0,23.3,21.6,11.2,76.0,13.0,25.6,10.6,65.0,12.8,26.4,11.6,60.0,19.2
2020-02-22,18.6,10.9,65,21.0,0.0,2,17.5,8.9,73.0,9.7,16.4,10.0,74.0,13.4,18.6,10.5,73.0,23.3,21.6,11.2,76.0,13.0,25.6,10.6,65.0,12.8,26.4,11.6,60.0,19.2,21.1,12.4,61.0,28.5
2020-02-23,17.5,8.9,73,9.7,3.6,2,16.4,10.0,74.0,13.4,18.6,10.5,73.0,23.3,21.6,11.2,76.0,13.0,25.6,10.6,65.0,12.8,26.4,11.6,60.0,19.2,21.1,12.4,61.0,28.5,19.3,12.4,55.0,25.5
2020-02-24,16.4,10.0,74,13.4,1.5,2,18.6,10.5,73.0,23.3,21.6,11.2,76.0,13.0,25.6,10.6,65.0,12.8,26.4,11.6,60.0,19.2,21.1,12.4,61.0,28.5,19.3,12.4,55.0,25.5,19.5,11.6,63.0,13.7
2020-02-25,18.6,10.5,73,23.3,1.2,2,21.6,11.2,76.0,13.0,25.6,10.6,65.0,12.8,26.4,11.6,60.0,19.2,21.1,12.4,61.0,28.5,19.3,12.4,55.0,25.5,19.5,11.6,63.0,13.7,20.0,10.1,74.0,17.0
2020-02-26,21.6,11.2,76,13.0,0.0,2,25.6,10.6,65.0,12.8,26.4,11.6,60.0,19.2,21.1,12.4,61.0,28.5,19.3,12.4,55.0,25.5,19.5,11.6,63.0,13.7,20.0,10.1,74.0,17.0,25.0,11.4,78.0,11.5
2020-02-27,25.6,10.6,65,12.8,0.0,2,26.4,11.6,60.0,19.2,21.1,12.4,61.0,28.5,19.3,12.4,55.0,25.5,19.5,11.6,63.0,13.7,20.0,10.1,74.0,17.0,25.0,11.4,78.0,11.5,26.6,12.6,61.0,24.8
2020-02-28,26.4,11.6,60,19.2,0.0,2,21.1,12.4,61.0,28.5,19.3,12.4,55.0,25.5,19.5,11.6,63.0,13.7,20.0,10.1,74.0,17.0,25.0,11.4,78.0,11.5,26.6,12.6,61.0,24.8,19.5,12.9,77.0,17.7
2020-02-29,21.1,12.4,61,28.5,0.1,2,19.3,12.4,55.0,25.5,19.5,11.6,63.0,13.7,20.0,10.1,74.0,17.0,25.0,11.4,78.0,11.5,26.6,12.6,61.0,24.8,19.5,12.9,77.0,17.7,21.0,11.9,77.0,12.8
2020-03-01,19.3,12.4,55,25.5,0.0,3,19.5,11.6,63.0,13.7,20.0,10.1,74.0,17.0,25.0,11.4,78.0,11.5,26.6,12.6,61.0,24.8,19.5,12.9,77.0,17.7,21.0,11.9,77.0,12.8,20.5,12.9,80.0,18.8
2020-03-02,19.5,11.6,63,13.7,0.0,3,20.0,10.1,74.0,17.0,25.0,11.4,78.0,11.5,26.6,12.6,61.0,24.8,19.5,12.9,77.0,17.7,21.0,11.9,77.0,12.8,20.5,12.9,80.0,18.8,31.2,13.6,63.0,27.6
2020-03-03,20.0,10.1,74,17.0,0.0,3,25.0,11.4,78.0,11.5,26.6,12.6,61.0,24.8,19.5,12.9,77.0,17.7,21.0,11.9,77.0,12.8,20.5,12.9,80.0,18.8,31.2,13.6,63.0,27.6,20.1,11.0,68.0,18.2
2020-03-04,25.0,11.4,78,11.5,0.0,3,26.6,12.6,61.0,24.8,19.5,12.9,77.0,17.7,21.0,11.9,77.0,12.8,20.5,12.9,80.0,18.8,31.2,13.6,63.0,27.6,20.1,11.0,68.0,18.2,19.7,12.5,72.0,20.8
2020-03-05,26.6,12.6,61,24.8,0.0,3,19.5,12.9,77.0,17.7,21.0,11.9,77.0,12.8,20.5,12.9,80.0,18.8,31.2,13.6,63.0,27.6,20.1,11.0,68.0,18.2,19.7,12.5,72.0,20.8,20.0,15.0,88.0,24.1
2020-03-06,19.5,12.9,77,17.7,6.5,3,21.0,11.9,77.0,12.8,20.5,12.9,80.0,18.8,31.2,13.6,63.0,27.6,20.1,11.0,68.0,18.2,19.7,12.5,72.0,20.8,20.0,15.0,88.0,24.1,16.5,12.4,85.0,24.3
2020-03-07,21.0,11.9,77,12.8,0.0,3,20.5,12.9,80.0,18.8,31.2,13.6,63.0,27.6,20.1,11.0,68.0,18.2,19.7,12.5,72.0,20.8,20.0,15.0,88.0,24.1,16.5,12.4,85.0,24.3,20.8,13.9,84.0,17.7
2020-03-08,20.5,12.9,80,18.8,0.0,3,31.2,13.6,63.0,27.6,20.1,11.0,68.0,18.2,19.7,12.5,72.0,20.8,20.0,15.0,88.0,24.1,16.5,12.4,85.0,24.3,20.8,13.9,84.0,17.7,23.4,11.9,84.0,10.7
2020-03-09,31.2,13.6,63,27.6,0.0,3,20.1,11.0,68.0,18.2,19.7,12.5,72.0,20.8,20.0,15.0,88.0,24.1,16.5,12.4,85.0,24.3,20.8,13.9,84.0,17.7,23.4,11.9,84.0,10.7,22.0,12.4,84.0,14.3
2020-03-10,20.1,11.0,68,18.2,0.0,3,19.7,12.5,72.0,20.8,20.0,15.0,88.0,24.1,16.5,12.4,85.0,24.3,20.8,13.9,84.0,17.7,23.4,11.9,84.0,10.7,22.0,12.4,84.0,14.3,18.0,13.1,68.0,36.1
2020-03-11,19.7,12.5,72,20.8,0.5,3,20.0,15.0,88.0,24.1,16.5,12.4,85.0,24.3,20.8,13.9,84.0,17.7,23.4,11.9,84.0,10.7,22.0,12.4,84.0,14.3,18.0,13.1,68.0,36.1,19.0,11.4,53.0,28.7
2020-03-12,20.0,15.0,88,24.1,48.4,3,16.5,12.4,85.0,24.3,20.8,13.9,84.0,17.7,23.4,11.9,84.0,10.7,22.0,12.4,84.0,14.3,18.0,13.1,68.0,36.1,19.0,11.4,53.0,28.7,16.9,11.6,58.0,33.4
2020-03-13,16.5,12.4,85,24.3,7.8,3,20.8,13.9,84.0,17.7,23.4,11.9,84.0,10.7,22.0,12.4,84.0,14.3,18.0,13.1,68.0,36.1,19.0,11.4,53.0,28.7,16.9,11.6,58.0,33.4,16.1,9.6,66.0,25.6
2020-03-14,20.8,13.9,84,17.7,0.0,3,23.4,11.9,84.0,10.7,22.0,12.4,84.0,14.3,18.0,13.1,68.0,36.1,19.0,11.4,53.0,28.7,16.9,11.6,58.0,33.4,16.1,9.6,66.0,25.6,16.4,9.1,70.0,21.4
2020-03-15,23.4,11.9,84,10.7,0.0,3,22.0,12.4,84.0,14.3,18.0,13.1,68.0,36.1,19.0,11.4,53.0,28.7,16.9,11.6,58.0,33.4,16.1,9.6,66.0,25.6,16.4,9.1,70.0,21.4,19.3,7.3,68.0,18.6
2020-03-16,22.0,12.4,84,14.3,0.0,3,18.0,13.1,68.0,36.1,19.0,11.4,53.0,28.7,16.9,11.6,58.0,33.4,16.1,9.6,66.0,25.6,16.4,9.1,70.0,21.4,19.3,7.3,68.0,18.6,29.2,12.8,55.0,19.3
2020-03-17,18.0,13.1,68,36.1,1.1,3,19.0,11.4,53.0,28.7,16.9,11.6,58.0,33.4,16.1,9.6,66.0,25.6,16.4,9.1,70.0,21.4,19.3,7.3,68.0,18.6,29.2,12.8,55.0,19.3,21.7,12.1,71.0,20.3
2020-03-18,19.0,11.4,53,28.7,0.0,3,16.9,11.6,58.0,33.4,16.1,9.6,66.0,25.6,16.4,9.1,70.0,21.4,19.3,7.3,68.0,18.6,29.2,12.8,55.0,19.3,21.7,12.1,71.0,20.3,21.0,11.9,75.0,12.0
2020-03-19,16.9,11.6,58,33.4,0.0,3,16.1,9.6,66.0,25.6,16.4,9.1,70.0,21.4,19.3,7.3,68.0,18.6,29.2,12.8,55.0,19.3,21.7,12.1,71.0,20.3,21.0,11.9,75.0,12.0,20.7,14.1,75.0,22.3
2020-03-20,16.1,9.6,66,25.6,2.9,3,16.4,9.1,70.0,21.4,19.3,7.3,68.0,18.6,29.2,12.8,55.0,19.3,21.7,12.1,71.0,20.3,21.0,11.9,75.0,12.0,20.7,14.1,75.0,22.3,22.0,14.7,74.0,18.3
2020-03-21,16.4,9.1,70,21.4,1.5,3,19.3,7.3,68.0,18.6,29.2,12.8,55.0,19.3,21.7,12.1,71.0,20.3,21.0,11.9,75.0,12.0,20.7,14.1,75.0,22.3,22.0,14.7,74.0,18.3,20.6,13.6,68.0,22.7
2020-03-22,19.3,7.3,68,18.6,0.0,3,29.2,12.8,55.0,19.3,21.7,12.1,71.0,20.3,21.0,11.9,75.0,12.0,20.7,14.1,75.0,22.3,22.0,14.7,74.0,18.3,20.6,13.6,68.0,22.7,26.6,11.1,56.0,25.2
2020-03-23,29.2,12.8,55,19.3,0.1,3,21.7,12.1,71.0,20.3,21.0,11.9,75.0,12.0,20.7,14.1,75.0,22.3,22.0,14.7,74.0,18.3,20.6,13.6,68.0,22.7,26.6,11.1,56.0,25.2,31.0,12.1,43.0,17.7
2020-03-24,21.7,12.1,71,20.3,0.0,3,21.0,11.9,75.0,12.0,20.7,14.1,75.0,22.3,22.0,14.7,74.0,18.3,20.6,13.6,68.0,22.7,26.6,11.1,56.0,25.2,31.0,12.1,43.0,17.7,29.8,17.0,38.0,29.2
2020-03-25,21.0,11.9,75,12.0,0.0,3,20.7,14.1,75.0,22.3,22.0,14.7,74.0,18.3,20.6,13.6,68.0,22.7,26.6,11.1,56.0,25.2,31.0,12.1,43.0,17.7,29.8,17.0,38.0,29.2,21.3,15.0,71.0,22.5
2020-03-26,20.7,14.1,75,22.3,0.8,3,22.0,14.7,74.0,18.3,20.6,13.6,68.0,22.7,26.6,11.1,56.0,25.2,31.0,12.1,43.0,17.7,29.8,17.0,38.0,29.2,21.3,15.0,71.0,22.5,23.0,11.9,74.0,18.2
2020-03-27,22.0,14.7,74,18.3,0.1,3,20.6,13.6,68.0,22.7,26.6,11.1,56.0,25.2,31.0,12.1,43.0,17.7,29.8,17.0,38.0,29.2,21.3,15.0,71.0,22.5,23.0,11.9,74.0,18.2,26.6,12.1,63.0,17.1
2020-03-28,20.6,13.6,68,22.7,0.0,3,26.6,11.1,56.0,25.2,31.0,12.1,43.0,17.7,29.8,17.0,38.0,29.2,21.3,15.0,71.0,22.5,23.0,11.9,74.0,18.2,26.6,12.1,63.0,17.1,27.9,16.1,55.0,27.0
2020-03-29,26.6,11.1,56,25.2,0.0,3,31.0,12.1,43.0,17.7,29.8,17.0,38.0,29.2,21.3,15.0,71.0,22.5,23.0,11.9,74.0,18.2,26.6,12.1,63.0,17.1,27.9,16.1,55.0,27.0,25.5,16.2,49.0,26.1
2020-03-30,31.0,12.1,43,17.7,0.0,3,29.8,17.0,38.0,29.2,21.3,15.0,71.0,22.5,23.0,11.9,74.0,18.2,26.6,12.1,63.0,17.1,27.9,16.1,55.0,27.0,25.5,16.2,49.0,26.1,22.1,13.8,74.0,19.8
2020-03-31,29.8,17.0,38,29.2,0.0,3,21.3,15.0,71.0,22.5,23.0,11.9,74.0,18.2,26.6,12.1,63.0,17.1,27.9,16.1,55.0,27.0,25.5,16.2,49.0,26.1,22.1,13.8,74.0,19.8,20.5,12.1,66.0,20.1
2020-04-01,21.3,15.0,71,22.5,0.0,4,23.0,11.9,74.0,18.2,26.6,12.1,63.0,17.1,27.9,16.1,55.0,27.0,25.5,16.2,49.0,26.1,22.1,13.8,74.0,19.8,20.5,12.1,66.0,20.1,20.9,12.2,72.0,16.0
2020-04-02,23.0,11.9,74,18.2,0.0,4,26.6,12.1,63.0,17.1,27.9,16.1,55.0,27.0,25.5,16.2,49.0,26.1,22.1,13.8,74.0,19.8,20.5,12.1,66.0,20.1,20.9,12.2,72.0,16.0,20.1,12.4,72.0,21.6
2020-04-03,26.6,12.1,63,17.1,0.0,4,27.9,16.1,55.0,27.0,25.5,16.2,49.0,26.1,22.1,13.8,74.0,19.8,20.5,12.1,66.0,20.1,20.9,12.2,72.0,16.0,20.1,12.4,72.0,21.6,20.7,12.5,70.0,20.9
2020-04-04,27.9,16.1,55,27.0,0.0,4,25.5,16.2,49.0,26.1,22.1,13.8,74.0,19.8,20.5,12.1,66.0,20.1,20.9,12.2,72.0,16.0,20.1,12.4,72.0,21.6,20.7,12.5,70.0,20.9,21.5,12.5,71.0,18.9
2020-04-05,25.5,16.2,49,26.1,0.0,4,22.1,13.8,74.0,19.8,20.5,12.1,66.0,20.1,20.9,12.2,72.0,16.0,20.1,12.4,72.0,21.6,20.7,12.5,70.0,20.9,21.5,12.5,71.0,18.9,23.8,11.9,74.0,16.3
2020-04-06,22.1,13.8,74,19.8,0.0,4,20.5,12.1,66.0,20.1,20.9,12.2,72.0,16.0,20.1,12.4,72.0,21.6,20.7,12.5,70.0,20.9,21.5,12.5,71.0,18.9,23.8,11.9,74.0,16.3,23.0,13.0,74.0,17.1
2020-04-07,20.5,12.1,66,20.1,0.0,4,20.9,12.2,72.0,16.0,20.1,12.4,72.0,21.6,20.7,12.5,70.0,20.9,21.5,12.5,71.0,18.9,23.8,11.9,74.0,16.3,23.0,13.0,74.0,17.1,22.4,13.9,69.0,19.1
2020-04-08,20.9,12.2,72,16.0,0.7,4,20.1,12.4,72.0,21.6,20.7,12.5,70.0,20.9,21.5,12.5,71.0,18.9,23.8,11.9,74.0,16.3,23.0,13.0,74.0,17.1,22.4,13.9,69.0,19.1,25.6,12.9,65.0,17.0
2020-04-09,20.1,12.4,72,21.6,0.4,4,20.7,12.5,70.0,20.9,21.5,12.5,71.0,18.9,23.8,11.9,74.0,16.3,23.0,13.0,74.0,17.1,22.4,13.9,69.0,19.1,25.6,12.9,65.0,17.0,23.1,14.7,67.0,28.3
2020-04-10,20.7,12.5,70,20.9,0.6,4,21.5,12.5,71.0,18.9,23.8,11.9,74.0,16.3,23.0,13.0,74.0,17.1,22.4,13.9,69.0,19.1,25.6,12.9,65.0,17.0,23.1,14.7,67.0,28.3,23.0,16.5,70.0,25.3
2020-04-11,21.5,12.5,71,18.9,0.0,4,23.8,11.9,74.0,16.3,23.0,13.0,74.0,17.1,22.4,13.9,69.0,19.1,25.6,12.9,65.0,17.0,23.1,14.7,67.0,28.3,23.0,16.5,70.0,25.3,23.9,15.9,76.0,18.0
2020-04-12,23.8,11.9,74,16.3,0.0,4,23.0,13.0,74.0,17.1,22.4,13.9,69.0,19.1,25.6,12.9,65.0,17.0,23.1,14.7,67.0,28.3,23.0,16.5,70.0,25.3,23.9,15.9,76.0,18.0,24.1,16.1,72.0,17.1
2020-04-13,23.0,13.0,74,17.1,0.0,4,22.4,13.9,69.0,19.1,25.6,12.9,65.0,17.0,23.1,14.7,67.0,28.3,23.0,16.5,70.0,25.3,23.9,15.9,76.0,18.0,24.1,16.1,72.0,17.1,24.8,15.6,71.0,15.5
2020-04-14,22.4,13.9,69,19.1,0.0,4,25.6,12.9,65.0,17.0,23.1,14.7,67.0,28.3,23.0,16.5,70.0,25.3,23.9,15.9,76.0,18.0,24.1,16.1,72.0,17.1,24.8,15.6,71.0,15.5,27.9,15.3,64.0,16.5
2020-04-15,25.6,12.9,65,17.0,0.0,4,23.1,14.7,67.0,28.3,23.0,16.5,70.0,25.3,23.9,15.9,76.0,18.0,24.1,16.1,72.0,17.1,24.8,15.6,71.0,15.5,27.9,15.3,64.0,16.5,35.9,17.0,63.0,28.5
2020-04-16,23.1,14.7,67,28.3,0.4,4,23.0,16.5,70.0,25.3,23.9,15.9,76.0,18.0,24.1,16.1,72.0,17.1,24.8,15.6,71.0,15.5,27.9,15.3,64.0,16.5,35.9,17.0,63.0,28.5,24.5,15.9,73.0,23.8
2020-04-17,23.0,16.5,70,25.3,1.0,4,23.9,15.9,76.0,18.0,24.1,16.1,72.0,17.1,24.8,15.6,71.0,15.5,27.9,15.3,64.0,16.5,35.9,17.0,63.0,28.5,24.5,15.9,73.0,23.8,27.0,15.2,76.0,28.3
2020-04-18,23.9,15.9,76,18.0,0.0,4,24.1,16.1,72.0,17.1,24.8,15.6,71.0,15.5,27.9,15.3,64.0,16.5,35.9,17.0,63.0,28.5,24.5,15.9,73.0,23.8,27.0,15.2,76.0,28.3,23.3,15.9,63.0,25.3
2020-04-19,24.1,16.1,72,17.1,0.0,4,24.8,15.6,71.0,15.5,27.9,15.3,64.0,16.5,35.9,17.0,63.0,28.5,24.5,15.9,73.0,23.8,27.0,15.2,76.0,28.3,23.3,15.9,63.0,25.3,23.5,14.9,69.0,20.8
2020-04-20,24.8,15.6,71,15.5,0.0,4,27.9,15.3,64.0,16.5,35.9,17.0,63.0,28.5,24.5,15.9,73.0,23.8,27.0,15.2,76.0,28.3,23.3,15.9,63.0,25.3,23.5,14.9,69.0,20.8,27.6,13.5,65.0,17.9
2020-04-21,27.9,15.3,64,16.5,0.0,4,35.9,17.0,63.0,28.5,24.5,15.9,73.0,23.8,27.0,15.2,76.0,28.3,23.3,15.9,63.0,25.3,23.5,14.9,69.0,20.8,27.6,13.5,65.0,17.9,24.4,16.0,68.0,17.0
2020-04-22,35.9,17.0,63,28.5,0.0,4,24.5,15.9,73.0,23.8,27.0,15.2,76.0,28.3,23.3,15.9,63.0,25.3,23.5,14.9,69.0,20.8,27.6,13.5,65.0,17.9,24.4,16.0,68.0,17.0,23.0,15.4,65.0,17.3
2020-04-23,24.5,15.9,73,23.8,0.0,4,27.0,15.2,76.0,28.3,23.3,15.9,63.0,25.3,23.5,14.9,69.0,20.8,27.6,13.5,65.0,17.9,24.4,16.0,68.0,17.0,23.0,15.4,65.0,17.3,26.5,14.1,73.0,19.2
2020-04-24,27.0,15.2,76,28.3,0.3,4,23.3,15.9,63.0,25.3,23.5,14.9,69.0,20.8,27.6,13.5,65.0,17.9,24.4,16.0,68.0,17.0,23.0,15.4,65.0,17.3,26.5,14.1,73.0,19.2,29.3,14.1,67.0,20.9
2020-04-25,23.3,15.9,63,25.3,0.4,4,23.5,14.9,69.0,20.8,27.6,13.5,65.0,17.9,24.4,16.0,68.0,17.0,23.0,15.4,65.0,17.3,26.5,14.1,73.0,19.2,29.3,14.1,67.0,20.9,25.8,15.5,74.0,17.3
2020-04-26,23.5,14.9,69,20.8,0.0,4,27.6,13.5,65.0,17.9,24.4,16.0,68.0,17.0,23.0,15.4,65.0,17.3,26.5,14.1,73.0,19.2,29.3,14.1,67.0,20.9,25.8,15.5,74.0,17.3,28.2,13.8,72.0,19.6
2020-04-27,27.6,13.5,65,17.9,0.4,4,24.4,16.0,68.0,17.0,23.0,15.4,65.0,17.3,26.5,14.1,73.0,19.2,29.3,14.1,67.0,20.9,25.8,15.5,74.0,17.3,28.2,13.8,72.0,19.6,29.2,15.9,67.0,21.1
2020-04-28,24.4,16.0,68,17.0,0.0,4,23.0,15.4,65.0,17.3,26.5,14.1,73.0,19.2,29.3,14.1,67.0,20.9,25.8,15.5,74.0,17.3,28.2,13.8,72.0,19.6,29.2,15.9,67.0,21.1,23.9,16.5,68.0,30.9
2020-04-29,23.0,15.4,65,17.3,0.0,4,26.5,14.1,73.0,19.2,29.3,14.1,67.0,20.9,25.8,15.5,74.0,17.3,28.2,13.8,72.0,19.6,29.2,15.9,67.0,21.1,23.9,16.5,68.0,30.9,24.9,16.9,62.0,24.7
2020-04-30,26.5,14.1,73,19.2,0.0,4,29.3,14.1,67.0,20.9,25.8,15.5,74.0,17.3,28.2,13.8,72.0,19.6,29.2,15.9,67.0,21.1,23.9,16.5,68.0,30.9,24.9,16.9,62.0,24.7,28.8,13.4,66.0,15.2
2020-05-01,29.3,14.1,67,20.9,0.0,5,25.8,15.5,74.0,17.3,28.2,13.8,72.0,19.6,29.2,15.9,67.0,21.1,23.9,16.5,68.0,30.9,24.9,16.9,62.0,24.7,28.8,13.4,66.0,15.2,31.0,15.9,60.0,20.6
2020-05-02,25.8,15.5,74,17.3,0.0,5,28.2,13.8,72.0,19.6,29.2,15.9,67.0,21.1,23.9,16.5,68.0,30.9,24.9,16.9,62.0,24.7,28.8,13.4,66.0,15.2,31.0,15.9,60.0,20.6,24.9,15.8,72.0,21.6
2020-05-03,28.2,13.8,72,19.6,0.0,5,29.2,15.9,67.0,21.1,23.9,16.5,68.0,30.9,24.9,16.9,62.0,24.7,28.8,13.4,66.0,15.2,31.0,15.9,60.0,20.6,24.9,15.8,72.0,21.6,25.6,15.5,68.0,18.0
2020-05-04,29.2,15.9,67,21.1,0.0,5,23.9,16.5,68.0,30.9,24.9,16.9,62.0,24.7,28.8,13.4,66.0,15.2,31.0,15.9,60.0,20.6,24.9,15.8,72.0,21.6,25.6,15.5,68.0,18.0,28.5,15.1,68.0,16.3
2020-05-05,23.9,16.5,68,30.9,1.5,5,24.9,16.9,62.0,24.7,28.8,13.4,66.0,15.2,31.0,15.9,60.0,20.6,24.9,15.8,72.0,21.6,25.6,15.5,68.0,18.0,28.5,15.1,68.0,16.3,30.9,16.6,64.0,16.0
2020-05-06,24.9,16.9,62,24.7,0.0,5,28.8,13.4,66.0,15.2,31.0,15.9,60.0,20.6,24.9,15.8,72.0,21.6,25.6,15.5,68.0,18.0,28.5,15.1,68.0,16.3,30.9,16.6,64.0,16.0,31.5,16.7,58.0,17.3
2020-05-07,28.8,13.4,66,15.2,0.0,5,31.0,15.9,60.0,20.6,24.9,15.8,72.0,21.6,25.6,15.5,68.0,18.0,28.5,15.1,68.0,16.3,30.9,16.6,64.0,16.0,31.5,16.7,58.0,17.3,29.0,17.5,65.0,15.5
2020-05-08,31.0,15.9,60,20.6,0.0,5,24.9,15.8,72.0,21.6,25.6,15.5,68.0,18.0,28.5,15.1,68.0,16.3,30.9,16.6,64.0,16.0,31.5,16.7,58.0,17.3,29.0,17.5,65.0,15.5,31.0,17.8,61.0,18.5
2020-05-09,24.9,15.8,72,21.6,0.0,5,25.6,15.5,68.0,18.0,28.5,15.1,68.0,16.3,30.9,16.6,64.0,16.0,31.5,16.7,58.0,17.3,29.0,17.5,65.0,15.5,31.0,17.8,61.0,18.5,32.2,20.6,53.0,19.3
2020-05-10,25.6,15.5,68,18.0,0.0,5,28.5,15.1,68.0,16.3,30.9,16.6,64.0,16.0,31.5,16.7,58.0,17.3,29.0,17.5,65.0,15.5,31.0,17.8,61.0,18.5,32.2,20.6,53.0,19.3,35.0,21.5,50.0,18.6
2020-05-11,28.5,15.1,68,16.3,0.0,5,30.9,16.6,64.0,16.0,31.5,16.7,58.0,17.3,29.0,17.5,65.0,15.5,31.0,17.8,61.0,18.5,32.2,20.6,53.0,19.3,35.0,21.5,50.0,18.6,34.5,21.8,49.0,17.9
2020-05-12,30.9,16.6,64,16.0,0.0,5,31.5,16.7,58.0,17.3,29.0,17.5,65.0,15.5,31.0,17.8,61.0,18.5,32.2,20.6,53.0,19.3,35.0,21.5,50.0,18.6,34.5,21.8,49.0,17.9,38.4,21.5,45.0,19.8
2020-05-13,31.5,16.7,58,17.3,0.0,5,29.0,17.5,65.0,15.5,31.0,17.8,61.0,18.5,32.2,20.6,53.0,19.3,35.0,21.5,50.0,18.6,34.5,21.8,49.0,17.9,38.4,21.5,45.0,19.8,39.0,21.0,45.0,15.1
2020-05-14,29.0,17.5,65,15.5,0.0,5,31.0,17.8,61.0,18.5,32.2,20.6,53.0,19.3,35.0,21.5,50.0,18.6,34.5,21.8,49.0,17.9,38.4,21.5,45.0,19.8,39.0,21.0,45.0,15.1,40.5,22.1,46.0,18.4
2020-05-15,31.0,17.8,61,18.5,0.0,5,32.2,20.6,53.0,19.3,35.0,21.5,50.0,18.6,34.5,21.8,49.0,17.9,38.4,21.5,45.0,19.8,39.0,21.0,45.0,15.1,40.5,22.1,46.0,18.4,29.1,22.0,67.0,24.1
2020-05-16,32.2,20.6,53,19.3,0.0,5,35.0,21.5,50.0,18.6,34.5,21.8,49.0,17.9,38.4,21.5,45.0,19.8,39.0,21.0,45.0,15.1,40.5,22.1,46.0,18.4,29.1,22.0,67.0,24.1,26.6,20.6,59.0,26.0
2020-05-17,35.0,21.5,50,18.6,0.0,5,34.5,21.8,49.0,17.9,38.4,21.5,45.0,19.8,39.0,21.0,45.0,15.1,40.5,22.1,46.0,18.4,29.1,22.0,67.0,24.1,26.6,20.6,59.0,26.0,25.0,19.5,48.0,30.6
2020-05-18,34.5,21.8,49,17.9,0.0,5,38.4,21.5,45.0,19.8,39.0,21.0,45.0,15.1,40.5,22.1,46.0,18.4,29.1,22.0,67.0,24.1,26.6,20.6,59.0,26.0,25.0,19.5,48.0,30.6,28.0,16.0,60.0,21.1
2020-05-19,38.4,21.5,45,19.8,0.0,5,39.0,21.0,45.0,15.1,40.5,22.1,46.0,18.4,29.1,22.0,67.0,24.1,26.6,20.6,59.0,26.0,25.0,19.5,48.0,30.6,28.0,16.0,60.0,21.1,29.0,16.0,67.0,16.4
2020-05-20,39.0,21.0,45,15.1,0.0,5,40.5,22.1,46.0,18.4,29.1,22.0,67.0,24.1,26.6,20.6,59.0,26.0,25.0,19.5,48.0,30.6,28.0,16.0,60.0,21.1,29.0,16.0,67.0,16.4,26.5,17.0,73.0,23.7
2020-05-21,40.5,22.1,46,18.4,0.0,5,29.1,22.0,67.0,24.1,26.6,20.6,59.0,26.0,25.0,19.5,48.0,30.6,28.0,16.0,60.0,21.1,29.0,16.0,67.0,16.4,26.5,17.0,73.0,23.7,26.0,18.7,63.0,17.7
2020-05-22,29.1,22.0,67,24.1,0.0,5,26.6,20.6,59.0,26.0,25.0,19.5,48.0,30.6,28.0,16.0,60.0,21.1,29.0,16.0,67.0,16.4,26.5,17.0,73.0,23.7,26.0,18.7,63.0,17.7,25.0,17.5,58.0,20.0
2020-05-23,26.6,20.6,59,26.0,0.0,5,25.0,19.5,48.0,30.6,28.0,16.0,60.0,21.1,29.0,16.0,67.0,16.4,26.5,17.0,73.0,23.7,26.0,18.7,63.0,17.7,25.0,17.5,58.0,20.0,25.6,16.5,60.0,17.4
2020-05-24,25.0,19.5,48,30.6,0.0,5,28.0,16.0,60.0,21.1,29.0,16.0,67.0,16.4,26.5,17.0,73.0,23.7,26.0,18.7,63.0,17.7,25.0,17.5,58.0,20.0,25.6,16.5,60.0,17.4,26.8,17.5,59.0,15.0
2020-05-25,28.0,16.0,60,21.1,0.0,5,29.0,16.0,67.0,16.4,26.5,17.0,73.0,23.7,26.0,18.7,63.0,17.7,25.0,17.5,58.0,20.0,25.6,16.5,60.0,17.4,26.8,17.5,59.0,15.0,32.8,17.8,59.0,19.3
2020-05-26,29.0,16.0,67,16.4,0.0,5,26.5,17.0,73.0,23.7,26.0,18.7,63.0,17.7,25.0,17.5,58.0,20.0,25.6,16.5,60.0,17.4,26.8,17.5,59.0,15.0,32.8,17.8,59.0,19.3,27.6,19.6,64.0,26.6
2020-05-27,26.5,17.0,73,23.7,0.0,5,26.0,18.7,63.0,17.7,25.0,17.5,58.0,20.0,25.6,16.5,60.0,17.4,26.8,17.5,59.0,15.0,32.8,17.8,59.0,19.3,27.6,19.6,64.0,26.6,29.1,17.0,66.0,18.4
2020-05-28,26.0,18.7,63,17.7,0.0,5,25.0,17.5,58.0,20.0,25.6,16.5,60.0,17.4,26.8,17.5,59.0,15.0,32.8,17.8,59.0,19.3,27.6,19.6,64.0,26.6,29.1,17.0,66.0,18.4,29.0,18.1,65.0,21.2
2020-05-29,25.0,17.5,58,20.0,0.0,5,25.6,16.5,60.0,17.4,26.8,17.5,59.0,15.0,32.8,17.8,59.0,19.3,27.6,19.6,64.0,26.6,29.1,17.0,66.0,18.4,29.0,18.1,65.0,21.2,26.6,18.9,68.0,18.0
2020-05-30,25.6,16.5,60,17.4,0.0,5,26.8,17.5,59.0,15.0,32.8,17.8,59.0,19.3,27.6,19.6,64.0,26.6,29.1,17.0,66.0,18.4,29.0,18.1,65.0,21.2,26.6,18.9,68.0,18.0,31.1,17.1,61.0,15.5
2020-05-31,26.8,17.5,59,15.0,0.0,5,32.8,17.8,59.0,19.3,27.6,19.6,64.0,26.6,29.1,17.0,66.0,18.4,29.0,18.1,65.0,21.2,26.6,18.9,68.0,18.0,31.1,17.1,61.0,15.5,35.5,19.1,59.0,16.1
2020-06-01,32.8,17.8,59,19.3,0.0,6,27.6,19.6,64.0,26.6,29.1,17.0,66.0,18.4,29.0,18.1,65.0,21.2,26.6,18.9,68.0,18.0,31.1,17.1,61.0,15.5,35.5,19.1,59.0,16.1,28.0,20.5,73.0,20.9
2020-06-02,27.6,19.6,64,26.6,0.0,6,29.1,17.0,66.0,18.4,29.0,18.1,65.0,21.2,26.6,18.9,68.0,18.0,31.1,17.1,61.0,15.5,35.5,19.1,59.0,16.1,28.0,20.5,73.0,20.9,28.9,18.0,72.0,18.1
2020-06-03,29.1,17.0,66,18.4,0.0,6,29.0,18.1,65.0,21.2,26.6,18.9,68.0,18.0,31.1,17.1,61.0,15.5,35.5,19.1,59.0,16.1,28.0,20.5,73.0,20.9,28.9,18.0,72.0,18.1,34.7,18.5,60.0,15.1
2020-06-04,29.0,18.1,65,21.2,0.0,6,26.6,18.9,68.0,18.0,31.1,17.1,61.0,15.5,35.5,19.1,59.0,16.1,28.0,20.5,73.0,20.9,28.9,18.0,72.0,18.1,34.7,18.5,60.0,15.1,30.1,20.0,70.0,19.8
2020-06-05,26.6,18.9,68,18.0,0.0,6,31.1,17.1,61.0,15.5,35.5,19.1,59.0,16.1,28.0,20.5,73.0,20.9,28.9,18.0,72.0,18.1,34.7,18.5,60.0,15.1,30.1,20.0,70.0,19.8,34.2,18.8,56.0,18.4
2020-06-06,31.1,17.1,61,15.5,0.0,6,35.5,19.1,59.0,16.1,28.0,20.5,73.0,20.9,28.9,18.0,72.0,18.1,34.7,18.5,60.0,15.1,30.1,20.0,70.0,19.8,34.2,18.8,56.0,18.4,30.5,21.6,59.0,20.3
2020-06-07,35.5,19.1,59,16.1,0.0,6,28.0,20.5,73.0,20.9,28.9,18.0,72.0,18.1,34.7,18.5,60.0,15.1,30.1,20.0,70.0,19.8,34.2,18.8,56.0,18.4,30.5,21.6,59.0,20.3,28.5,19.0,67.0,19.2
2020-06-08,28.0,20.5,73,20.9,0.0,6,28.9,18.0,72.0,18.1,34.7,18.5,60.0,15.1,30.1,20.0,70.0,19.8,34.2,18.8,56.0,18.4,30.5,21.6,59.0,20.3,28.5,19.0,67.0,19.2,30.1,18.8,64.0,17.6
2020-06-09,28.9,18.0,72,18.1,0.0,6,34.7,18.5,60.0,15.1,30.1,20.0,70.0,19.8,34.2,18.8,56.0,18.4,30.5,21.6,59.0,20.3,28.5,19.0,67.0,19.2,30.1,18.8,64.0,17.6,33.3,19.3,59.0,14.2
2020-06-10,34.7,18.5,60,15.1,0.0,6,30.1,20.0,70.0,19.8,34.2,18.8,56.0,18.4,30.5,21.6,59.0,20.3,28.5,19.0,67.0,19.2,30.1,18.8,64.0,17.6,33.3,19.3,59.0,14.2,39.2,21.3,53.0,27.4
2020-06-11,30.1,20.0,70,19.8,0.0,6,34.2,18.8,56.0,18.4,30.5,21.6,59.0,20.3,28.5,19.0,67.0,19.2,30.1,18.8,64.0,17.6,33.3,19.3,59.0,14.2,39.2,21.3,53.0,27.4,30.0,22.2,65.0,24.3
2020-06-12,34.2,18.8,56,18.4,0.0,6,30.5,21.6,59.0,20.3,28.5,19.0,67.0,19.2,30.1,18.8,64.0,17.6,33.3,19.3,59.0,14.2,39.2,21.3,53.0,27.4,30.0,22.2,65.0,24.3,31.0,20.2,64.0,25.9
2020-06-13,30.5,21.6,59,20.3,0.0,6,28.5,19.0,67.0,19.2,30.1,18.8,64.0,17.6,33.3,19.3,59.0,14.2,39.2,21.3,53.0,27.4,30.0,22.2,65.0,24.3,31.0,20.2,64.0,25.9,30.8,21.8,65.0,27.0
2020-06-14,28.5,19.0,67,19.2,0.0,6,30.1,18.8,64.0,17.6,33.3,19.3,59.0,14.2,39.2,21.3,53.0,27.4,30.0,22.2,65.0,24.3,31.0,20.2,64.0,25.9,30.8,21.8,65.0,27.0,41.5,20.0,50.0,20.8
2020-06-15,30.1,18.8,64,17.6,0.0,6,33.3,19.3,59.0,14.2,39.2,21.3,53.0,27.4,30.0,22.2,65.0,24.3,31.0,20.2,64.0,25.9,30.8,21.8,65.0,27.0,41.5,20.0,50.0,20.8,32.5,20.9,68.0,26.1
2020-06-16,33.3,19.3,59,14.2,0.0,6,39.2,21.3,53.0,27.4,30.0,22.2,65.0,24.3,31.0,20.2,64.0,25.9,30.8,21.8,65.0,27.0,41.5,20.0,50.0,20.8,32.5,20.9,68.0,26.1,32.0,19.5,67.0,19.0
2020-06-17,39.2,21.3,53,27.4,0.0,6,30.0,22.2,65.0,24.3,31.0,20.2,64.0,25.9,30.8,21.8,65.0,27.0,41.5,20.0,50.0,20.8,32.5,20.9,68.0,26.1,32.0,19.5,67.0,19.0,29.5,20.7,70.0,18.6
2020-06-18,30.0,22.2,65,24.3,0.0,6,31.0,20.2,64.0,25.9,30.8,21.8,65.0,27.0,41.5,20.0,50.0,20.8,32.5,20.9,68.0,26.1,32.0,19.5,67.0,19.0,29.5,20.7,70.0,18.6,28.9,22.4,65.0,18.3
2020-06-19,31.0,20.2,64,25.9,0.0,6,30.8,21.8,65.0,27.0,41.5,20.0,50.0,20.8,32.5,20.9,68.0,26.1,32.0,19.5,67.0,19.0,29.5,20.7,70.0,18.6,28.9,22.4,65.0,18.3,30.6,22.9,69.0,17.2
2020-06-20,30.8,21.8,65,27.0,0.0,6,41.5,20.0,50.0,20.8,32.5,20.9,68.0,26.1,32.0,19.5,67.0,19.0,29.5,20.7,70.0,18.6,28.9,22.4,65.0,18.3,30.6,22.9,69.0,17.2,32.5,22.1,73.0,18.7
2020-06-21,41.5,20.0,50,20.8,0.0,6,32.5,20.9,68.0,26.1,32.0,19.5,67.0,19.0,29.5,20.7,70.0,18.6,28.9,22.4,65.0,18.3,30.6,22.9,69.0,17.2,32.5,22.1,73.0,18.7,31.2,22.4,74.0,22.1
2020-06-22,32.5,20.9,68,26.1,0.0,6,32.0,19.5,67.0,19.0,29.5,20.7,70.0,18.6,28.9,22.4,65.0,18.3,30.6,22.9,69.0,17.2,32.5,22.1,73.0,18.7,31.2,22.4,74.0,22.1,32.4,21.6,69.0,22.9
2020-06-23,32.0,19.5,67,19.0,0.0,6,29.5,20.7,70.0,18.6,28.9,22.4,65.0,18.3,30.6,22.9,69.0,17.2,32.5,22.1,73.0,18.7,31.2,22.4,74.0,22.1,32.4,21.6,69.0,22.9,31.5,21.2,64.0,23.8
2020-06-24,29.5,20.7,70,18.6,0.0,6,28.9,22.4,65.0,18.3,30.6,22.9,69.0,17.2,32.5,22.1,73.0,18.7,31.2,22.4,74.0,22.1,32.4,21.6,69.0,22.9,31.5,21.2,64.0,23.8,34.2,20.5,67.0,15.9
2020-06-25,28.9,22.4,65,18.3,0.0,6,30.6,22.9,69.0,17.2,32.5,22.1,73.0,18.7,31.2,22.4,74.0,22.1,32.4,21.6,69.0,22.9,31.5,21.2,64.0,23.8,34.2,20.5,67.0,15.9,34.8,21.1,70.0,17.3
2020-06-26,30.6,22.9,69,17.2,0.0,6,32.5,22.1,73.0,18.7,31.2,22.4,74.0,22.1,32.4,21.6,69.0,22.9,31.5,21.2,64.0,23.8,34.2,20.5,67.0,15.9,34.8,21.1,70.0,17.3,35.6,21.5,70.0,17.2
2020-06-27,32.5,22.1,73,18.7,0.0,6,31.2,22.4,74.0,22.1,32.4,21.6,69.0,22.9,31.5,21.2,64.0,23.8,34.2,20.5,67.0,15.9,34.8,21.1,70.0,17.3,35.6,21.5,70.0,17.2,33.6,23.0,74.0,20.6
2020-06-28,31.2,22.4,74,22.1,0.0,6,32.4,21.6,69.0,22.9,31.5,21.2,64.0,23.8,34.2,20.5,67.0,15.9,34.8,21.1,70.0,17.3,35.6,21.5,70.0,17.2,33.6,23.0,74.0,20.6,33.2,22.3,68.0,25.6
2020-06-29,32.4,21.6,69,22.9,0.0,6,31.5,21.2,64.0,23.8,34.2,20.5,67.0,15.9,34.8,21.1,70.0,17.3,35.6,21.5,70.0,17.2,33.6,23.0,74.0,20.6,33.2,22.3,68.0,25.6,34.8,22.9,64.0,23.5
2020-06-30,31.5,21.2,64,23.8,0.0,6,34.2,20.5,67.0,15.9,34.8,21.1,70.0,17.3,35.6,21.5,70.0,17.2,33.6,23.0,74.0,20.6,33.2,22.3,68.0,25.6,34.8,22.9,64.0,23.5,35.0,21.4,72.0,21.5
2020-07-01,34.2,20.5,67,15.9,0.0,7,34.8,21.1,70.0,17.3,35.6,21.5,70.0,17.2,33.6,23.0,74.0,20.6,33.2,22.3,68.0,25.6,34.8,22.9,64.0,23.5,35.0,21.4,72.0,21.5,30.6,21.9,74.0,18.8
2020-07-02,34.8,21.1,70,17.3,0.0,7,35.6,21.5,70.0,17.2,33.6,23.0,74.0,20.6,33.2,22.3,68.0,25.6,34.8,22.9,64.0,23.5,35.0,21.4,72.0,21.5,30.6,21.9,74.0,18.8,30.6,22.9,72.0,15.3
2020-07-03,35.6,21.5,70,17.2,0.0,7,33.6,23.0,74.0,20.6,33.2,22.3,68.0,25.6,34.8,22.9,64.0,23.5,35.0,21.4,72.0,21.5,30.6,21.9,74.0,18.8,30.6,22.9,72.0,15.3,32.8,22.9,74.0,20.1
2020-07-04,33.6,23.0,74,20.6,0.0,7,33.2,22.3,68.0,25.6,34.8,22.9,64.0,23.5,35.0,21.4,72.0,21.5,30.6,21.9,74.0,18.8,30.6,22.9,72.0,15.3,32.8,22.9,74.0,20.1,32.8,24.6,69.0,21.1
2020-07-05,33.2,22.3,68,25.6,0.0,7,34.8,22.9,64.0,23.5,35.0,21.4,72.0,21.5,30.6,21.9,74.0,18.8,30.6,22.9,72.0,15.3,32.8,22.9,74.0,20.1,32.8,24.6,69.0,21.1,32.2,22.8,73.0,23.9
2020-07-06,34.8,22.9,64,23.5,0.0,7,35.0,21.4,72.0,21.5,30.6,21.9,74.0,18.8,30.6,22.9,72.0,15.3,32.8,22.9,74.0,20.1,32.8,24.6,69.0,21.1,32.2,22.8,73.0,23.9,32.8,23.0,70.0,24.0
2020-07-07,35.0,21.4,72,21.5,0.0,7,30.6,21.9,74.0,18.8,30.6,22.9,72.0,15.3,32.8,22.9,74.0,20.1,32.8,24.6,69.0,21.1,32.2,22.8,73.0,23.9,32.8,23.0,70.0,24.0,34.5,22.0,70.0,17.3
2020-07-08,30.6,21.9,74,18.8,2.1,7,30.6,22.9,72.0,15.3,32.8,22.9,74.0,20.1,32.8,24.6,69.0,21.1,32.2,22.8,73.0,23.9,32.8,23.0,70.0,24.0,34.5,22.0,70.0,17.3,32.6,22.4,73.0,22.4
2020-07-09,30.6,22.9,72,15.3,0.9,7,32.8,22.9,74.0,20.1,32.8,24.6,69.0,21.1,32.2,22.8,73.0,23.9,32.8,23.0,70.0,24.0,34.5,22.0,70.0,17.3,32.6,22.4,73.0,22.4,30.5,23.5,65.0,22.4
2020-07-10,32.8,22.9,74,20.1,0.0,7,32.8,24.6,69.0,21.1,32.2,22.8,73.0,23.9,32.8,23.0,70.0,24.0,34.5,22.0,70.0,17.3,32.6,22.4,73.0,22.4,30.5,23.5,65.0,22.4,32.0,22.5,61.0,24.7
2020-07-11,32.8,24.6,69,21.1,0.0,7,32.2,22.8,73.0,23.9,32.8,23.0,70.0,24.0,34.5,22.0,70.0,17.3,32.6,22.4,73.0,22.4,30.5,23.5,65.0,22.4,32.0,22.5,61.0,24.7,31.4,22.1,63.0,22.3
2020-07-12,32.2,22.8,73,23.9,0.0,7,32.8,23.0,70.0,24.0,34.5,22.0,70.0,17.3,32.6,22.4,73.0,22.4,30.5,23.5,65.0,22.4,32.0,22.5,61.0,24.7,31.4,22.1,63.0,22.3,31.5,23.0,70.0,15.7
2020-07-13,32.8,23.0,70,24.0,0.0,7,34.5,22.0,70.0,17.3,32.6,22.4,73.0,22.4,30.5,23.5,65.0,22.4,32.0,22.5,61.0,24.7,31.4,22.1,63.0,22.3,31.5,23.0,70.0,15.7,31.5,22.9,72.0,17.3
2020-07-14,34.5,22.0,70,17.3,0.0,7,32.6,22.4,73.0,22.4,30.5,23.5,65.0,22.4,32.0,22.5,61.0,24.7,31.4,22.1,63.0,22.3,31.5,23.0,70.0,15.7,31.5,22.9,72.0,17.3,32.5,23.0,70.0,20.5
2020-07-15,32.6,22.4,73,22.4,0.0,7,30.5,23.5,65.0,22.4,32.0,22.5,61.0,24.7,31.4,22.1,63.0,22.3,31.5,23.0,70.0,15.7,31.5,22.9,72.0,17.3,32.5,23.0,70.0,20.5,33.0,23.8,71.0,19.0
2020-07-16,30.5,23.5,65,22.4,0.0,7,32.0,22.5,61.0,24.7,31.4,22.1,63.0,22.3,31.5,23.0,70.0,15.7,31.5,22.9,72.0,17.3,32.5,23.0,70.0,20.5,33.0,23.8,71.0,19.0,34.0,23.9,73.0,18.4
2020-07-17,32.0,22.5,61,24.7,0.0,7,31.4,22.1,63.0,22.3,31.5,23.0,70.0,15.7,31.5,22.9,72.0,17.3,32.5,23.0,70.0,20.5,33.0,23.8,71.0,19.0,34.0,23.9,73.0,18.4,34.5,23.0,72.0,19.0
2020-07-18,31.4,22.1,63,22.3,0.0,7,31.5,23.0,70.0,15.7,31.5,22.9,72.0,17.3,32.5,23.0,70.0,20.5,33.0,23.8,71.0,19.0,34.0,23.9,73.0,18.4,34.5,23.0,72.0,19.0,33.0,22.0,69.0,17.6
2020-07-19,31.5,23.0,70,15.7,0.0,7,31.5,22.9,72.0,17.3,32.5,23.0,70.0,20.5,33.0,23.8,71.0,19.0,34.0,23.9,73.0,18.4,34.5,23.0,72.0,19.0,33.0,22.0,69.0,17.6,33.2,22.8,72.0,19.3
2020-07-20,31.5,22.9,72,17.3,0.0,7,32.5,23.0,70.0,20.5,33.0,23.8,71.0,19.0,34.0,23.9,73.0,18.4,34.5,23.0,72.0,19.0,33.0,22.0,69.0,17.6,33.2,22.8,72.0,19.3,32.5,24.2,69.0,18.7
2020-07-21,32.5,23.0,70,20.5,0.0,7,33.0,23.8,71.0,19.0,34.0,23.9,73.0,18.4,34.5,23.0,72.0,19.0,33.0,22.0,69.0,17.6,33.2,22.8,72.0,19.3,32.5,24.2,69.0,18.7,33.0,23.2,72.0,19.3
2020-07-22,33.0,23.8,71,19.0,0.0,7,34.0,23.9,73.0,18.4,34.5,23.0,72.0,19.0,33.0,22.0,69.0,17.6,33.2,22.8,72.0,19.3,32.5,24.2,69.0,18.7,33.0,23.2,72.0,19.3,33.7,22.4,71.0,16.1
2020-07-23,34.0,23.9,73,18.4,0.0,7,34.5,23.0,72.0,19.0,33.0,22.0,69.0,17.6,33.2,22.8,72.0,19.3,32.5,24.2,69.0,18.7,33.0,23.2,72.0,19.3,33.7,22.4,71.0,16.1,33.7,23.4,71.0,16.1
2020-07-24,34.5,23.0,72,19.0,0.0,7,33.0,22.0,69.0,17.6,33.2,22.8,72.0,19.3,32.5,24.2,69.0,18.7,33.0,23.2,72.0,19.3,33.7,22.4,71.0,16.1,33.7,23.4,71.0,16.1,34.3,24.0,72.0,18.7
2020-07-25,33.0,22.0,69,17.6,0.0,7,33.2,22.8,72.0,19.3,32.5,24.2,69.0,18.7,33.0,23.2,72.0,19.3,33.7,22.4,71.0,16.1,33.7,23.4,71.0,16.1,34.3,24.0,72.0,18.7,35.4,24.4,64.0,25.1
2020-07-26,33.2,22.8,72,19.3,0.0,7,32.5,24.2,69.0,18.7,33.0,23.2,72.0,19.3,33.7,22.4,71.0,16.1,33.7,23.4,71.0,16.1,34.3,24.0,72.0,18.7,35.4,24.4,64.0,25.1,37.8,21.5,67.0,17.2
2020-07-27,32.5,24.2,69,18.7,0.0,7,33.0,23.2,72.0,19.3,33.7,22.4,71.0,16.1,33.7,23.4,71.0,16.1,34.3,24.0,72.0,18.7,35.4,24.4,64.0,25.1,37.8,21.5,67.0,17.2,34.0,24.2,69.0,22.5
2020-07-28,33.0,23.2,72,19.3,0.0,7,33.7,22.4,71.0,16.1,33.7,23.4,71.0,16.1,34.3,24.0,72.0,18.7,35.4,24.4,64.0,25.1,37.8,21.5,67.0,17.2,34.0,24.2,69.0,22.5,34.0,24.2,70.0,23.9
2020-07-29,33.7,22.4,71,16.1,0.0,7,33.7,23.4,71.0,16.1,34.3,24.0,72.0,18.7,35.4,24.4,64.0,25.1,37.8,21.5,67.0,17.2,34.0,24.2,69.0,22.5,34.0,24.2,70.0,23.9,33.5,23.8,66.0,23.7
2020-07-30,33.7,23.4,71,16.1,0.0,7,34.3,24.0,72.0,18.7,35.4,24.4,64.0,25.1,37.8,21.5,67.0,17.2,34.0,24.2,69.0,22.5,34.0,24.2,70.0,23.9,33.5,23.8,66.0,23.7,34.3,22.9,70.0,23.0
2020-07-31,34.3,24.0,72,18.7,0.0,7,35.4,24.4,64.0,25.1,37.8,21.5,67.0,17.2,34.0,24.2,69.0,22.5,34.0,24.2,70.0,23.9,33.5,23.8,66.0,23.7,34.3,22.9,70.0,23.0,35.4,23.0,66.0,24.7
2020-08-01,35.4,24.4,64,25.1,0.0,8,37.8,21.5,67.0,17.2,34.0,24.2,69.0,22.5,34.0,24.2,70.0,23.9,33.5,23.8,66.0,23.7,34.3,22.9,70.0,23.0,35.4,23.0,66.0,24.7,34.6,24.3,65.0,21.8
2020-08-02,37.8,21.5,67,17.2,0.0,8,34.0,24.2,69.0,22.5,34.0,24.2,70.0,23.9,33.5,23.8,66.0,23.7,34.3,22.9,70.0,23.0,35.4,23.0,66.0,24.7,34.6,24.3,65.0,21.8,32.7,24.9,64.0,21.5
2020-08-03,34.0,24.2,69,22.5,0.0,8,34.0,24.2,70.0,23.9,33.5,23.8,66.0,23.7,34.3,22.9,70.0,23.0,35.4,23.0,66.0,24.7,34.6,24.3,65.0,21.8,32.7,24.9,64.0,21.5,32.6,23.5,66.0,21.1
2020-08-04,34.0,24.2,70,23.9,0.0,8,33.5,23.8,66.0,23.7,34.3,22.9,70.0,23.0,35.4,23.0,66.0,24.7,34.6,24.3,65.0,21.8,32.7,24.9,64.0,21.5,32.6,23.5,66.0,21.1,31.6,23.9,70.0,24.7
2020-08-05,33.5,23.8,66,23.7,0.0,8,34.3,22.9,70.0,23.0,35.4,23.0,66.0,24.7,34.6,24.3,65.0,21.8,32.7,24.9,64.0,21.5,32.6,23.5,66.0,21.1,31.6,23.9,70.0,24.7,32.7,24.5,68.0,19.5
2020-08-06,34.3,22.9,70,23.0,0.0,8,35.4,23.0,66.0,24.7,34.6,24.3,65.0,21.8,32.7,24.9,64.0,21.5,32.6,23.5,66.0,21.1,31.6,23.9,70.0,24.7,32.7,24.5,68.0,19.5,34.2,23.0,71.0,19.4
2020-08-07,35.4,23.0,66,24.7,0.0,8,34.6,24.3,65.0,21.8,32.7,24.9,64.0,21.5,32.6,23.5,66.0,21.1,31.6,23.9,70.0,24.7,32.7,24.5,68.0,19.5,34.2,23.0,71.0,19.4,35.5,23.5,73.0,22.1
2020-08-08,34.6,24.3,65,21.8,0.0,8,32.7,24.9,64.0,21.5,32.6,23.5,66.0,21.1,31.6,23.9,70.0,24.7,32.7,24.5,68.0,19.5,34.2,23.0,71.0,19.4,35.5,23.5,73.0,22.1,35.3,23.6,70.0,18.2
2020-08-09,32.7,24.9,64,21.5,0.0,8,32.6,23.5,66.0,21.1,31.6,23.9,70.0,24.7,32.7,24.5,68.0,19.5,34.2,23.0,71.0,19.4,35.5,23.5,73.0,22.1,35.3,23.6,70.0,18.2,34.8,23.7,73.0,19.7
2020-08-10,32.6,23.5,66,21.1,0.0,8,31.6,23.9,70.0,24.7,32.7,24.5,68.0,19.5,34.2,23.0,71.0,19.4,35.5,23.5,73.0,22.1,35.3,23.6,70.0,18.2,34.8,23.7,73.0,19.7,34.7,21.9,74.0,21.4
2020-08-11,31.6,23.9,70,24.7,0.4,8,32.7,24.5,68.0,19.5,34.2,23.0,71.0,19.4,35.5,23.5,73.0,22.1,35.3,23.6,70.0,18.2,34.8,23.7,73.0,19.7,34.7,21.9,74.0,21.4,32.5,24.2,71.0,23.0
2020-08-12,32.7,24.5,68,19.5,0.0,8,34.2,23.0,71.0,19.4,35.5,23.5,73.0,22.1,35.3,23.6,70.0,18.2,34.8,23.7,73.0,19.7,34.7,21.9,74.0,21.4,32.5,24.2,71.0,23.0,32.2,22.5,66.0,19.9
2020-08-13,34.2,23.0,71,19.4,0.0,8,35.5,23.5,73.0,22.1,35.3,23.6,70.0,18.2,34.8,23.7,73.0,19.7,34.7,21.9,74.0,21.4,32.5,24.2,71.0,23.0,32.2,22.5,66.0,19.9,32.0,23.8,67.0,19.8
2020-08-14,35.5,23.5,73,22.1,0.0,8,35.3,23.6,70.0,18.2,34.8,23.7,73.0,19.7,34.7,21.9,74.0,21.4,32.5,24.2,71.0,23.0,32.2,22.5,66.0,19.9,32.0,23.8,67.0,19.8,33.1,23.1,70.0,24.7
2020-08-15,35.3,23.6,70,18.2,0.0,8,34.8,23.7,73.0,19.7,34.7,21.9,74.0,21.4,32.5,24.2,71.0,23.0,32.2,22.5,66.0,19.9,32.0,23.8,67.0,19.8,33.1,23.1,70.0,24.7,33.2,23.3,68.0,17.1
2020-08-16,34.8,23.7,73,19.7,0.0,8,34.7,21.9,74.0,21.4,32.5,24.2,71.0,23.0,32.2,22.5,66.0,19.9,32.0,23.8,67.0,19.8,33.1,23.1,70.0,24.7,33.2,23.3,68.0,17.1,34.5,22.7,71.0,18.2
2020-08-17,34.7,21.9,74,21.4,0.0,8,32.5,24.2,71.0,23.0,32.2,22.5,66.0,19.9,32.0,23.8,67.0,19.8,33.1,23.1,70.0,24.7,33.2,23.3,68.0,17.1,34.5,22.7,71.0,18.2,34.8,21.8,68.0,17.3
2020-08-18,32.5,24.2,71,23.0,0.0,8,32.2,22.5,66.0,19.9,32.0,23.8,67.0,19.8,33.1,23.1,70.0,24.7,33.2,23.3,68.0,17.1,34.5,22.7,71.0,18.2,34.8,21.8,68.0,17.3,34.5,22.5,71.0,17.8
2020-08-19,32.2,22.5,66,19.9,0.0,8,32.0,23.8,67.0,19.8,33.1,23.1,70.0,24.7,33.2,23.3,68.0,17.1,34.5,22.7,71.0,18.2,34.8,21.8,68.0,17.3,34.5,22.5,71.0,17.8,33.5,23.0,67.0,16.2
2020-08-20,32.0,23.8,67,19.8,0.0,8,33.1,23.1,70.0,24.7,33.2,23.3,68.0,17.1,34.5,22.7,71.0,18.2,34.8,21.8,68.0,17.3,34.5,22.5,71.0,17.8,33.5,23.0,67.0,16.2,31.6,23.0,71.0,19.7
2020-08-21,33.1,23.1,70,24.7,0.0,8,33.2,23.3,68.0,17.1,34.5,22.7,71.0,18.2,34.8,21.8,68.0,17.3,34.5,22.5,71.0,17.8,33.5,23.0,67.0,16.2,31.6,23.0,71.0,19.7,33.2,23.5,75.0,19.2
2020-08-22,33.2,23.3,68,17.1,0.0,8,34.5,22.7,71.0,18.2,34.8,21.8,68.0,17.3,34.5,22.5,71.0,17.8,33.5,23.0,67.0,16.2,31.6,23.0,71.0,19.7,33.2,23.5,75.0,19.2,33.0,23.5,75.0,15.9
2020-08-23,34.5,22.7,71,18.2,0.0,8,34.8,21.8,68.0,17.3,34.5,22.5,71.0,17.8,33.5,23.0,67.0,16.2,31.6,23.0,71.0,19.7,33.2,23.5,75.0,19.2,33.0,23.5,75.0,15.9,33.5,24.1,76.0,17.8
2020-08-24,34.8,21.8,68,17.3,0.0,8,34.5,22.5,71.0,17.8,33.5,23.0,67.0,16.2,31.6,23.0,71.0,19.7,33.2,23.5,75.0,19.2,33.0,23.5,75.0,15.9,33.5,24.1,76.0,17.8,35.7,23.9,74.0,18.7
2020-08-25,34.5,22.5,71,17.8,0.0,8,33.5,23.0,67.0,16.2,31.6,23.0,71.0,19.7,33.2,23.5,75.0,19.2,33.0,23.5,75.0,15.9,33.5,24.1,76.0,17.8,35.7,23.9,74.0,18.7,34.6,24.5,69.0,22.2
2020-08-26,33.5,23.0,67,16.2,0.0,8,31.6,23.0,71.0,19.7,33.2,23.5,75.0,19.2,33.0,23.5,75.0,15.9,33.5,24.1,76.0,17.8,35.7,23.9,74.0,18.7,34.6,24.5,69.0,22.2,34.8,21.7,73.0,16.9
2020-08-27,31.6,23.0,71,19.7,0.0,8,33.2,23.5,75.0,19.2,33.0,23.5,75.0,15.9,33.5,24.1,76.0,17.8,35.7,23.9,74.0,18.7,34.6,24.5,69.0,22.2,34.8,21.7,73.0,16.9,33.3,22.0,76.0,15.3
2020-08-28,33.2,23.5,75,19.2,0.0,8,33.0,23.5,75.0,15.9,33.5,24.1,76.0,17.8,35.7,23.9,74.0,18.7,34.6,24.5,69.0,22.2,34.8,21.7,73.0,16.9,33.3,22.0,76.0,15.3,35.7,25.5,75.0,16.5
2020-08-29,33.0,23.5,75,15.9,0.0,8,33.5,24.1,76.0,17.8,35.7,23.9,74.0,18.7,34.6,24.5,69.0,22.2,34.8,21.7,73.0,16.9,33.3,22.0,76.0,15.3,35.7,25.5,75.0,16.5,34.2,25.1,73.0,19.3
2020-08-30,33.5,24.1,76,17.8,0.0,8,35.7,23.9,74.0,18.7,34.6,24.5,69.0,22.2,34.8,21.7,73.0,16.9,33.3,22.0,76.0,15.3,35.7,25.5,75.0,16.5,34.2,25.1,73.0,19.3,32.2,24.0,72.0,17.4
2020-08-31,35.7,23.9,74,18.7,0.0,8,34.6,24.5,69.0,22.2,34.8,21.7,73.0,16.9,33.3,22.0,76.0,15.3,35.7,25.5,75.0,16.5,34.2,25.1,73.0,19.3,32.2,24.0,72.0,17.4,32.8,23.8,75.0,14.9
2020-09-01,34.6,24.5,69,22.2,0.0,9,34.8,21.7,73.0,16.9,33.3,22.0,76.0,15.3,35.7,25.5,75.0,16.5,34.2,25.1,73.0,19.3,32.2,24.0,72.0,17.4,32.8,23.8,75.0,14.9,32.8,24.4,76.0,17.2
2020-09-02,34.8,21.7,73,16.9,0.0,9,33.3,22.0,76.0,15.3,35.7,25.5,75.0,16.5,34.2,25.1,73.0,19.3,32.2,24.0,72.0,17.4,32.8,23.8,75.0,14.9,32.8,24.4,76.0,17.2,33.0,24.1,76.0,15.4
2020-09-03,33.3,22.0,76,15.3,0.0,9,35.7,25.5,75.0,16.5,34.2,25.1,73.0,19.3,32.2,24.0,72.0,17.4,32.8,23.8,75.0,14.9,32.8,24.4,76.0,17.2,33.0,24.1,76.0,15.4,33.7,23.9,76.0,15.1
2020-09-04,35.7,25.5,75,16.5,0.0,9,34.2,25.1,73.0,19.3,32.2,24.0,72.0,17.4,32.8,23.8,75.0,14.9,32.8,24.4,76.0,17.2,33.0,24.1,76.0,15.4,33.7,23.9,76.0,15.1,37.0,22.5,69.0,17.1
2020-09-05,34.2,25.1,73,19.3,0.0,9,32.2,24.0,72.0,17.4,32.8,23.8,75.0,14.9,32.8,24.4,76.0,17.2,33.0,24.1,76.0,15.4,33.7,23.9,76.0,15.1,37.0,22.5,69.0,17.1,34.7,23.5,74.0,22.4
2020-09-06,32.2,24.0,72,17.4,0.0,9,32.8,23.8,75.0,14.9,32.8,24.4,76.0,17.2,33.0,24.1,76.0,15.4,33.7,23.9,76.0,15.1,37.0,22.5,69.0,17.1,34.7,23.5,74.0,22.4,32.5,24.3,75.0,16.5
2020-09-07,32.8,23.8,75,14.9,0.0,9,32.8,24.4,76.0,17.2,33.0,24.1,76.0,15.4,33.7,23.9,76.0,15.1,37.0,22.5,69.0,17.1,34.7,23.5,74.0,22.4,32.5,24.3,75.0,16.5,32.2,23.2,74.0,18.2
2020-09-08,32.8,24.4,76,17.2,0.0,9,33.0,24.1,76.0,15.4,33.7,23.9,76.0,15.1,37.0,22.5,69.0,17.1,34.7,23.5,74.0,22.4,32.5,24.3,75.0,16.5,32.2,23.2,74.0,18.2,31.6,22.9,69.0,15.9
2020-09-09,33.0,24.1,76,15.4,0.0,9,33.7,23.9,76.0,15.1,37.0,22.5,69.0,17.1,34.7,23.5,74.0,22.4,32.5,24.3,75.0,16.5,32.2,23.2,74.0,18.2,31.6,22.9,69.0,15.9,33.0,22.2,75.0,15.2
2020-09-10,33.7,23.9,76,15.1,0.0,9,37.0,22.5,69.0,17.1,34.7,23.5,74.0,22.4,32.5,24.3,75.0,16.5,32.2,23.2,74.0,18.2,31.6,22.9,69.0,15.9,33.0,22.2,75.0,15.2,34.2,23.6,78.0,15.2
2020-09-11,37.0,22.5,69,17.1,0.0,9,34.7,23.5,74.0,22.4,32.5,24.3,75.0,16.5,32.2,23.2,74.0,18.2,31.6,22.9,69.0,15.9,33.0,22.2,75.0,15.2,34.2,23.6,78.0,15.2,36.0,23.8,73.0,16.7
2020-09-12,34.7,23.5,74,22.4,0.0,9,32.5,24.3,75.0,16.5,32.2,23.2,74.0,18.2,31.6,22.9,69.0,15.9,33.0,22.2,75.0,15.2,34.2,23.6,78.0,15.2,36.0,23.8,73.0,16.7,33.5,25.5,73.0,18.1
2020-09-13,32.5,24.3,75,16.5,0.0,9,32.2,23.2,74.0,18.2,31.6,22.9,69.0,15.9,33.0,22.2,75.0,15.2,34.2,23.6,78.0,15.2,36.0,23.8,73.0,16.7,33.5,25.5,73.0,18.1,32.6,25.0,66.0,17.2
2020-09-14,32.2,23.2,74,18.2,0.0,9,31.6,22.9,69.0,15.9,33.0,22.2,75.0,15.2,34.2,23.6,78.0,15.2,36.0,23.8,73.0,16.7,33.5,25.5,73.0,18.1,32.6,25.0,66.0,17.2,33.4,22.5,67.0,17.4
2020-09-15,31.6,22.9,69,15.9,0.0,9,33.0,22.2,75.0,15.2,34.2,23.6,78.0,15.2,36.0,23.8,73.0,16.7,33.5,25.5,73.0,18.1,32.6,25.0,66.0,17.2,33.4,22.5,67.0,17.4,32.2,24.1,70.0,15.9
2020-09-16,33.0,22.2,75,15.2,0.0,9,34.2,23.6,78.0,15.2,36.0,23.8,73.0,16.7,33.5,25.5,73.0,18.1,32.6,25.0,66.0,17.2,33.4,22.5,67.0,17.4,32.2,24.1,70.0,15.9,30.9,24.5,66.0,20.4
2020-09-17,34.2,23.6,78,15.2,0.0,9,36.0,23.8,73.0,16.7,33.5,25.5,73.0,18.1,32.6,25.0,66.0,17.2,33.4,22.5,67.0,17.4,32.2,24.1,70.0,15.9,30.9,24.5,66.0,20.4,31.0,23.6,65.0,18.7
2020-09-18,36.0,23.8,73,16.7,0.0,9,33.5,25.5,73.0,18.1,32.6,25.0,66.0,17.2,33.4,22.5,67.0,17.4,32.2,24.1,70.0,15.9,30.9,24.5,66.0,20.4,31.0,23.6,65.0,18.7,31.9,22.2,74.0,20.4
2020-09-19,33.5,25.5,73,18.1,0.0,9,32.6,25.0,66.0,17.2,33.4,22.5,67.0,17.4,32.2,24.1,70.0,15.9,30.9,24.5,66.0,20.4,31.0,23.6,65.0,18.7,31.9,22.2,74.0,20.4,31.3,22.4,72.0,17.0
2020-09-20,32.6,25.0,66,17.2,0.0,9,33.4,22.5,67.0,17.4,32.2,24.1,70.0,15.9,30.9,24.5,66.0,20.4,31.0,23.6,65.0,18.7,31.9,22.2,74.0,20.4,31.3,22.4,72.0,17.0,33.0,22.6,68.0,15.2
2020-09-21,33.4,22.5,67,17.4,0.0,9,32.2,24.1,70.0,15.9,30.9,24.5,66.0,20.4,31.0,23.6,65.0,18.7,31.9,22.2,74.0,20.4,31.3,22.4,72.0,17.0,33.0,22.6,68.0,15.2,34.5,24.5,72.0,14.8
2020-09-22,32.2,24.1,70,15.9,0.0,9,30.9,24.5,66.0,20.4,31.0,23.6,65.0,18.7,31.9,22.2,74.0,20.4,31.3,22.4,72.0,17.0,33.0,22.6,68.0,15.2,34.5,24.5,72.0,14.8,34.4,23.6,74.0,14.0
2020-09-23,30.9,24.5,66,20.4,0.0,9,31.0,23.6,65.0,18.7,31.9,22.2,74.0,20.4,31.3,22.4,72.0,17.0,33.0,22.6,68.0,15.2,34.5,24.5,72.0,14.8,34.4,23.6,74.0,14.0,34.2,23.0,73.0,18.4
2020-09-24,31.0,23.6,65,18.7,0.0,9,31.9,22.2,74.0,20.4,31.3,22.4,72.0,17.0,33.0,22.6,68.0,15.2,34.5,24.5,72.0,14.8,34.4,23.6,74.0,14.0,34.2,23.0,73.0,18.4,31.5,23.3,72.0,18.1
2020-09-25,31.9,22.2,74,20.4,0.1,9,31.3,22.4,72.0,17.0,33.0,22.6,68.0,15.2,34.5,24.5,72.0,14.8,34.4,23.6,74.0,14.0,34.2,23.0,73.0,18.4,31.5,23.3,72.0,18.1,30.4,22.6,61.0,15.1
2020-09-26,31.3,22.4,72,17.0,0.0,9,33.0,22.6,68.0,15.2,34.5,24.5,72.0,14.8,34.4,23.6,74.0,14.0,34.2,23.0,73.0,18.4,31.5,23.3,72.0,18.1,30.4,22.6,61.0,15.1,30.0,22.5,65.0,15.6
2020-09-27,33.0,22.6,68,15.2,0.0,9,34.5,24.5,72.0,14.8,34.4,23.6,74.0,14.0,34.2,23.0,73.0,18.4,31.5,23.3,72.0,18.1,30.4,22.6,61.0,15.1,30.0,22.5,65.0,15.6,30.2,21.6,71.0,16.6
2020-09-28,34.5,24.5,72,14.8,0.0,9,34.4,23.6,74.0,14.0,34.2,23.0,73.0,18.4,31.5,23.3,72.0,18.1,30.4,22.6,61.0,15.1,30.0,22.5,65.0,15.6,30.2,21.6,71.0,16.6,31.5,20.4,73.0,14.3
2020-09-29,34.4,23.6,74,14.0,0.0,9,34.2,23.0,73.0,18.4,31.5,23.3,72.0,18.1,30.4,22.6,61.0,15.1,30.0,22.5,65.0,15.6,30.2,21.6,71.0,16.6,31.5,20.4,73.0,14.3,33.7,21.1,66.0,14.7
2020-09-30,34.2,23.0,73,18.4,0.0,9,31.5,23.3,72.0,18.1,30.4,22.6,61.0,15.1,30.0,22.5,65.0,15.6,30.2,21.6,71.0,16.6,31.5,20.4,73.0,14.3,33.7,21.1,66.0,14.7,35.0,21.9,67.0,12.4
2020-10-01,31.5,23.3,72,18.1,0.0,10,30.4,22.6,61.0,15.1,30.0,22.5,65.0,15.6,30.2,21.6,71.0,16.6,31.5,20.4,73.0,14.3,33.7,21.1,66.0,14.7,35.0,21.9,67.0,12.4,34.5,22.0,73.0,13.0
2020-10-02,30.4,22.6,61,15.1,0.0,10,30.0,22.5,65.0,15.6,30.2,21.6,71.0,16.6,31.5,20.4,73.0,14.3,33.7,21.1,66.0,14.7,35.0,21.9,67.0,12.4,34.5,22.0,73.0,13.0,32.2,22.0,77.0,19.2
2020-10-03,30.0,22.5,65,15.6,0.0,10,30.2,21.6,71.0,16.6,31.5,20.4,73.0,14.3,33.7,21.1,66.0,14.7,35.0,21.9,67.0,12.4,34.5,22.0,73.0,13.0,32.2,22.0,77.0,19.2,30.2,23.9,70.0,16.6
2020-10-04,30.2,21.6,71,16.6,0.0,10,31.5,20.4,73.0,14.3,33.7,21.1,66.0,14.7,35.0,21.9,67.0,12.4,34.5,22.0,73.0,13.0,32.2,22.0,77.0,19.2,30.2,23.9,70.0,16.6,29.0,22.0,63.0,14.3
2020-10-05,31.5,20.4,73,14.3,0.0,10,33.7,21.1,66.0,14.7,35.0,21.9,67.0,12.4,34.5,22.0,73.0,13.0,32.2,22.0,77.0,19.2,30.2,23.9,70.0,16.6,29.0,22.0,63.0,14.3,29.8,20.5,59.0,14.8
2020-10-06,33.7,21.1,66,14.7,0.0,10,35.0,21.9,67.0,12.4,34.5,22.0,73.0,13.0,32.2,22.0,77.0,19.2,30.2,23.9,70.0,16.6,29.0,22.0,63.0,14.3,29.8,20.5,59.0,14.8,29.6,19.8,64.0,15.4
2020-10-07,35.0,21.9,67,12.4,0.0,10,34.5,22.0,73.0,13.0,32.2,22.0,77.0,19.2,30.2,23.9,70.0,16.6,29.0,22.0,63.0,14.3,29.8,20.5,59.0,14.8,29.6,19.8,64.0,15.4,30.5,20.8,68.0,13.7
2020-10-08,34.5,22.0,73,13.0,0.0,10,32.2,22.0,77.0,19.2,30.2,23.9,70.0,16.6,29.0,22.0,63.0,14.3,29.8,20.5,59.0,14.8,29.6,19.8,64.0,15.4,30.5,20.8,68.0,13.7,30.1,21.6,74.0,16.6
2020-10-09,32.2,22.0,77,19.2,0.0,10,30.2,23.9,70.0,16.6,29.0,22.0,63.0,14.3,29.8,20.5,59.0,14.8,29.6,19.8,64.0,15.4,30.5,20.8,68.0,13.7,30.1,21.6,74.0,16.6,28.9,20.6,65.0,15.9
2020-10-10,30.2,23.9,70,16.6,0.0,10,29.0,22.0,63.0,14.3,29.8,20.5,59.0,14.8,29.6,19.8,64.0,15.4,30.5,20.8,68.0,13.7,30.1,21.6,74.0,16.6,28.9,20.6,65.0,15.9,28.8,20.2,69.0,13.7
2020-10-11,29.0,22.0,63,14.3,0.0,10,29.8,20.5,59.0,14.8,29.6,19.8,64.0,15.4,30.5,20.8,68.0,13.7,30.1,21.6,74.0,16.6,28.9,20.6,65.0,15.9,28.8,20.2,69.0,13.7,30.0,19.8,71.0,13.0
2020-10-12,29.8,20.5,59,14.8,0.0,10,29.6,19.8,64.0,15.4,30.5,20.8,68.0,13.7,30.1,21.6,74.0,16.6,28.9,20.6,65.0,15.9,28.8,20.2,69.0,13.7,30.0,19.8,71.0,13.0,32.2,20.5,72.0,19.5
2020-10-13,29.6,19.8,64,15.4,0.0,10,30.5,20.8,68.0,13.7,30.1,21.6,74.0,16.6,28.9,20.6,65.0,15.9,28.8,20.2,69.0,13.7,30.0,19.8,71.0,13.0,32.2,20.5,72.0,19.5,32.2,23.3,67.0,18.4
2020-10-14,30.5,20.8,68,13.7,0.0,10,30.1,21.6,74.0,16.6,28.9,20.6,65.0,15.9,28.8,20.2,69.0,13.7,30.0,19.8,71.0,13.0,32.2,20.5,72.0,19.5,32.2,23.3,67.0,18.4,30.1,21.6,64.0,21.1
2020-10-15,30.1,21.6,74,16.6,0.0,10,28.9,20.6,65.0,15.9,28.8,20.2,69.0,13.7,30.0,19.8,71.0,13.0,32.2,20.5,72.0,19.5,32.2,23.3,67.0,18.4,30.1,21.6,64.0,21.1,28.8,22.2,68.0,17.3
2020-10-16,28.9,20.6,65,15.9,0.0,10,28.8,20.2,69.0,13.7,30.0,19.8,71.0,13.0,32.2,20.5,72.0,19.5,32.2,23.3,67.0,18.4,30.1,21.6,64.0,21.1,28.8,22.2,68.0,17.3,30.9,21.1,70.0,17.2
2020-10-17,28.8,20.2,69,13.7,0.0,10,30.0,19.8,71.0,13.0,32.2,20.5,72.0,19.5,32.2,23.3,67.0,18.4,30.1,21.6,64.0,21.1,28.8,22.2,68.0,17.3,30.9,21.1,70.0,17.2,28.2,21.2,72.0,15.4
2020-10-18,30.0,19.8,71,13.0,0.0,10,32.2,20.5,72.0,19.5,32.2,23.3,67.0,18.4,30.1,21.6,64.0,21.1,28.8,22.2,68.0,17.3,30.9,21.1,70.0,17.2,28.2,21.2,72.0,15.4,29.0,19.1,70.0,15.3
2020-10-19,32.2,20.5,72,19.5,0.0,10,32.2,23.3,67.0,18.4,30.1,21.6,64.0,21.1,28.8,22.2,68.0,17.3,30.9,21.1,70.0,17.2,28.2,21.2,72.0,15.4,29.0,19.1,70.0,15.3,29.7,20.3,78.0,18.0
2020-10-20,32.2,23.3,67,18.4,0.0,10,30.1,21.6,64.0,21.1,28.8,22.2,68.0,17.3,30.9,21.1,70.0,17.2,28.2,21.2,72.0,15.4,29.0,19.1,70.0,15.3,29.7,20.3,78.0,18.0,29.1,20.0,76.0,18.1
2020-10-21,30.1,21.6,64,21.1,0.0,10,28.8,22.2,68.0,17.3,30.9,21.1,70.0,17.2,28.2,21.2,72.0,15.4,29.0,19.1,70.0,15.3,29.7,20.3,78.0,18.0,29.1,20.0,76.0,18.1,29.0,20.5,71.0,14.9
2020-10-22,28.8,22.2,68,17.3,0.3,10,30.9,21.1,70.0,17.2,28.2,21.2,72.0,15.4,29.0,19.1,70.0,15.3,29.7,20.3,78.0,18.0,29.1,20.0,76.0,18.1,29.0,20.5,71.0,14.9,28.9,20.0,72.0,13.4
2020-10-23,30.9,21.1,70,17.2,0.4,10,28.2,21.2,72.0,15.4,29.0,19.1,70.0,15.3,29.7,20.3,78.0,18.0,29.1,20.0,76.0,18.1,29.0,20.5,71.0,14.9,28.9,20.0,72.0,13.4,28.0,20.5,70.0,15.8
2020-10-24,28.2,21.2,72,15.4,0.5,10,29.0,19.1,70.0,15.3,29.7,20.3,78.0,18.0,29.1,20.0,76.0,18.1,29.0,20.5,71.0,14.9,28.9,20.0,72.0,13.4,28.0,20.5,70.0,15.8,26.9,21.1,64.0,15.9
2020-10-25,29.0,19.1,70,15.3,0.2,10,29.7,20.3,78.0,18.0,29.1,20.0,76.0,18.1,29.0,20.5,71.0,14.9,28.9,20.0,72.0,13.4,28.0,20.5,70.0,15.8,26.9,21.1,64.0,15.9,26.5,20.2,61.0,17.2
2020-10-26,29.7,20.3,78,18.0,0.1,10,29.1,20.0,76.0,18.1,29.0,20.5,71.0,14.9,28.9,20.0,72.0,13.4,28.0,20.5,70.0,15.8,26.9,21.1,64.0,15.9,26.5,20.2,61.0,17.2,27.5,18.5,59.0,17.9
2020-10-27,29.1,20.0,76,18.1,0.3,10,29.0,20.5,71.0,14.9,28.9,20.0,72.0,13.4,28.0,20.5,70.0,15.8,26.9,21.1,64.0,15.9,26.5,20.2,61.0,17.2,27.5,18.5,59.0,17.9,26.0,18.2,59.0,19.2
2020-10-28,29.0,20.5,71,14.9,0.0,10,28.9,20.0,72.0,13.4,28.0,20.5,70.0,15.8,26.9,21.1,64.0,15.9,26.5,20.2,61.0,17.2,27.5,18.5,59.0,17.9,26.0,18.2,59.0,19.2,27.5,17.5,64.0,22.1
2020-10-29,28.9,20.0,72,13.4,0.0,10,28.0,20.5,70.0,15.8,26.9,21.1,64.0,15.9,26.5,20.2,61.0,17.2,27.5,18.5,59.0,17.9,26.0,18.2,59.0,19.2,27.5,17.5,64.0,22.1,24.6,20.4,53.0,22.6
2020-10-30,28.0,20.5,70,15.8,0.0,10,26.9,21.1,64.0,15.9,26.5,20.2,61.0,17.2,27.5,18.5,59.0,17.9,26.0,18.2,59.0,19.2,27.5,17.5,64.0,22.1,24.6,20.4,53.0,22.6,24.9,17.9,63.0,11.8
2020-10-31,26.9,21.1,64,15.9,0.0,10,26.5,20.2,61.0,17.2,27.5,18.5,59.0,17.9,26.0,18.2,59.0,19.2,27.5,17.5,64.0,22.1,24.6,20.4,53.0,22.6,24.9,17.9,63.0,11.8,24.0,16.8,83.0,9.3
2020-11-01,26.5,20.2,61,17.2,0.0,11,27.5,18.5,59.0,17.9,26.0,18.2,59.0,19.2,27.5,17.5,64.0,22.1,24.6,20.4,53.0,22.6,24.9,17.9,63.0,11.8,24.0,16.8,83.0,9.3,25.9,15.8,76.0,11.2
2020-11-02,27.5,18.5,59,17.9,0.1,11,26.0,18.2,59.0,19.2,27.5,17.5,64.0,22.1,24.6,20.4,53.0,22.6,24.9,17.9,63.0,11.8,24.0,16.8,83.0,9.3,25.9,15.8,76.0,11.2,27.5,16.8,67.0,12.4
2020-11-03,26.0,18.2,59,19.2,0.0,11,27.5,17.5,64.0,22.1,24.6,20.4,53.0,22.6,24.9,17.9,63.0,11.8,24.0,16.8,83.0,9.3,25.9,15.8,76.0,11.2,27.5,16.8,67.0,12.4,26.0,16.3,70.0,13.0
2020-11-04,27.5,17.5,64,22.1,0.5,11,24.6,20.4,53.0,22.6,24.9,17.9,63.0,11.8,24.0,16.8,83.0,9.3,25.9,15.8,76.0,11.2,27.5,16.8,67.0,12.4,26.0,16.3,70.0,13.0,25.6,14.6,73.0,10.5
2020-11-05,24.6,20.4,53,22.6,0.7,11,24.9,17.9,63.0,11.8,24.0,16.8,83.0,9.3,25.9,15.8,76.0,11.2,27.5,16.8,67.0,12.4,26.0,16.3,70.0,13.0,25.6,14.6,73.0,10.5,24.5,14.1,73.0,13.8
2020-11-06,24.9,17.9,63,11.8,0.8,11,24.0,16.8,83.0,9.3,25.9,15.8,76.0,11.2,27.5,16.8,67.0,12.4,26.0,16.3,70.0,13.0,25.6,14.6,73.0,10.5,24.5,14.1,73.0,13.8,25.2,15.0,76.0,13.8
2020-11-07,24.0,16.8,83,9.3,8.7,11,25.9,15.8,76.0,11.2,27.5,16.8,67.0,12.4,26.0,16.3,70.0,13.0,25.6,14.6,73.0,10.5,24.5,14.1,73.0,13.8,25.2,15.0,76.0,13.8,24.2,18.5,80.0,17.3
2020-11-08,25.9,15.8,76,11.2,2.0,11,27.5,16.8,67.0,12.4,26.0,16.3,70.0,13.0,25.6,14.6,73.0,10.5,24.5,14.1,73.0,13.8,25.2,15.0,76.0,13.8,24.2,18.5,80.0,17.3,23.1,18.0,60.0,23.4
2020-11-09,27.5,16.8,67,12.4,0.0,11,26.0,16.3,70.0,13.0,25.6,14.6,73.0,10.5,24.5,14.1,73.0,13.8,25.2,15.0,76.0,13.8,24.2,18.5,80.0,17.3,23.1,18.0,60.0,23.4,23.6,16.0,66.0,15.0
2020-11-10,26.0,16.3,70,13.0,0.0,11,25.6,14.6,73.0,10.5,24.5,14.1,73.0,13.8,25.2,15.0,76.0,13.8,24.2,18.5,80.0,17.3,23.1,18.0,60.0,23.4,23.6,16.0,66.0,15.0,22.8,17.0,72.0,13.6
2020-11-11,25.6,14.6,73,10.5,0.0,11,24.5,14.1,73.0,13.8,25.2,15.0,76.0,13.8,24.2,18.5,80.0,17.3,23.1,18.0,60.0,23.4,23.6,16.0,66.0,15.0,22.8,17.0,72.0,13.6,25.2,17.5,68.0,15.6
2020-11-12,24.5,14.1,73,13.8,0.4,11,25.2,15.0,76.0,13.8,24.2,18.5,80.0,17.3,23.1,18.0,60.0,23.4,23.6,16.0,66.0,15.0,22.8,17.0,72.0,13.6,25.2,17.5,68.0,15.6,24.5,15.6,70.0,16.3
2020-11-13,25.2,15.0,76,13.8,0.0,11,24.2,18.5,80.0,17.3,23.1,18.0,60.0,23.4,23.6,16.0,66.0,15.0,22.8,17.0,72.0,13.6,25.2,17.5,68.0,15.6,24.5,15.6,70.0,16.3,23.1,13.7,73.0,20.0
2020-11-14,24.2,18.5,80,17.3,2.5,11,23.1,18.0,60.0,23.4,23.6,16.0,66.0,15.0,22.8,17.0,72.0,13.6,25.2,17.5,68.0,15.6,24.5,15.6,70.0,16.3,23.1,13.7,73.0,20.0,22.0,13.5,72.0,17.9
2020-11-15,23.1,18.0,60,23.4,0.4,11,23.6,16.0,66.0,15.0,22.8,17.0,72.0,13.6,25.2,17.5,68.0,15.6,24.5,15.6,70.0,16.3,23.1,13.7,73.0,20.0,22.0,13.5,72.0,17.9,23.5,13.1,77.0,13.7
2020-11-16,23.6,16.0,66,15.0,0.1,11,22.8,17.0,72.0,13.6,25.2,17.5,68.0,15.6,24.5,15.6,70.0,16.3,23.1,13.7,73.0,20.0,22.0,13.5,72.0,17.9,23.5,13.1,77.0,13.7,24.5,16.3,71.0,14.6
2020-11-17,22.8,17.0,72,13.6,0.5,11,25.2,17.5,68.0,15.6,24.5,15.6,70.0,16.3,23.1,13.7,73.0,20.0,22.0,13.5,72.0,17.9,23.5,13.1,77.0,13.7,24.5,16.3,71.0,14.6,23.1,17.0,66.0,16.1
2020-11-18,25.2,17.5,68,15.6,0.1,11,24.5,15.6,70.0,16.3,23.1,13.7,73.0,20.0,22.0,13.5,72.0,17.9,23.5,13.1,77.0,13.7,24.5,16.3,71.0,14.6,23.1,17.0,66.0,16.1,21.4,14.6,74.0,22.7
2020-11-19,24.5,15.6,70,16.3,0.7,11,23.1,13.7,73.0,20.0,22.0,13.5,72.0,17.9,23.5,13.1,77.0,13.7,24.5,16.3,71.0,14.6,23.1,17.0,66.0,16.1,21.4,14.6,74.0,22.7,20.7,14.1,81.0,16.9
2020-11-20,23.1,13.7,73,20.0,4.2,11,22.0,13.5,72.0,17.9,23.5,13.1,77.0,13.7,24.5,16.3,71.0,14.6,23.1,17.0,66.0,16.1,21.4,14.6,74.0,22.7,20.7,14.1,81.0,16.9,21.5,12.4,81.0,9.3
2020-11-21,22.0,13.5,72,17.9,0.6,11,23.5,13.1,77.0,13.7,24.5,16.3,71.0,14.6,23.1,17.0,66.0,16.1,21.4,14.6,74.0,22.7,20.7,14.1,81.0,16.9,21.5,12.4,81.0,9.3,19.8,12.9,84.0,11.0
2020-11-22,23.5,13.1,77,13.7,0.0,11,24.5,16.3,71.0,14.6,23.1,17.0,66.0,16.1,21.4,14.6,74.0,22.7,20.7,14.1,81.0,16.9,21.5,12.4,81.0,9.3,19.8,12.9,84.0,11.0,22.2,11.6,77.0,11.6
2020-11-23,24.5,16.3,71,14.6,0.0,11,23.1,17.0,66.0,16.1,21.4,14.6,74.0,22.7,20.7,14.1,81.0,16.9,21.5,12.4,81.0,9.3,19.8,12.9,84.0,11.0,22.2,11.6,77.0,11.6,23.0,11.3,71.0,10.7
2020-11-24,23.1,17.0,66,16.1,0.0,11,21.4,14.6,74.0,22.7,20.7,14.1,81.0,16.9,21.5,12.4,81.0,9.3,19.8,12.9,84.0,11.0,22.2,11.6,77.0,11.6,23.0,11.3,71.0,10.7,23.1,11.4,61.0,11.5
2020-11-25,21.4,14.6,74,22.7,1.7,11,20.7,14.1,81.0,16.9,21.5,12.4,81.0,9.3,19.8,12.9,84.0,11.0,22.2,11.6,77.0,11.6,23.0,11.3,71.0,10.7,23.1,11.4,61.0,11.5,22.0,10.9,74.0,12.7
2020-11-26,20.7,14.1,81,16.9,2.0,11,21.5,12.4,81.0,9.3,19.8,12.9,84.0,11.0,22.2,11.6,77.0,11.6,23.0,11.3,71.0,10.7,23.1,11.4,61.0,11.5,22.0,10.9,74.0,12.7,23.5,10.9,71.0,13.4
2020-11-27,21.5,12.4,81,9.3,4.0,11,19.8,12.9,84.0,11.0,22.2,11.6,77.0,11.6,23.0,11.3,71.0,10.7,23.1,11.4,61.0,11.5,22.0,10.9,74.0,12.7,23.5,10.9,71.0,13.4,23.7,10.9,70.0,10.4
2020-11-28,19.8,12.9,84,11.0,2.5,11,22.2,11.6,77.0,11.6,23.0,11.3,71.0,10.7,23.1,11.4,61.0,11.5,22.0,10.9,74.0,12.7,23.5,10.9,71.0,13.4,23.7,10.9,70.0,10.4,22.4,10.6,71.0,17.9
2020-11-29,22.2,11.6,77,11.6,0.0,11,23.0,11.3,71.0,10.7,23.1,11.4,61.0,11.5,22.0,10.9,74.0,12.7,23.5,10.9,71.0,13.4,23.7,10.9,70.0,10.4,22.4,10.6,71.0,17.9,22.9,13.2,73.0,13.6
2020-11-30,23.0,11.3,71,10.7,0.0,11,23.1,11.4,61.0,11.5,22.0,10.9,74.0,12.7,23.5,10.9,71.0,13.4,23.7,10.9,70.0,10.4,22.4,10.6,71.0,17.9,22.9,13.2,73.0,13.6,26.7,12.8,53.0,17.1
2020-12-01,23.1,11.4,61,11.5,0.0,12,22.0,10.9,74.0,12.7,23.5,10.9,71.0,13.4,23.7,10.9,70.0,10.4,22.4,10.6,71.0,17.9,22.9,13.2,73.0,13.6,26.7,12.8,53.0,17.1,23.4,14.5,70.0,17.4
2020-12-02,22.0,10.9,74,12.7,0.0,12,23.5,10.9,71.0,13.4,23.7,10.9,70.0,10.4,22.4,10.6,71.0,17.9,22.9,13.2,73.0,13.6,26.7,12.8,53.0,17.1,23.4,14.5,70.0,17.4,22.4,10.9,72.0,13.4
2020-12-03,23.5,10.9,71,13.4,0.0,12,23.7,10.9,70.0,10.4,22.4,10.6,71.0,17.9,22.9,13.2,73.0,13.6,26.7,12.8,53.0,17.1,23.4,14.5,70.0,17.4,22.4,10.9,72.0,13.4,22.6,10.2,76.0,13.4
2020-12-04,23.7,10.9,70,10.4,0.0,12,22.4,10.6,71.0,17.9,22.9,13.2,73.0,13.6,26.7,12.8,53.0,17.1,23.4,14.5,70.0,17.4,22.4,10.9,72.0,13.4,22.6,10.2,76.0,13.4,26.4,11.1,66.0,13.0
2020-12-05,22.4,10.6,71,17.9,0.0,12,22.9,13.2,73.0,13.6,26.7,12.8,53.0,17.1,23.4,14.5,70.0,17.4,22.4,10.9,72.0,13.4,22.6,10.2,76.0,13.4,26.4,11.1,66.0,13.0,23.2,10.8,57.0,14.3
2020-12-06,22.9,13.2,73,13.6,0.0,12,26.7,12.8,53.0,17.1,23.4,14.5,70.0,17.4,22.4,10.9,72.0,13.4,22.6,10.2,76.0,13.4,26.4,11.1,66.0,13.0,23.2,10.8,57.0,14.3,26.6,12.4,46.0,12.8
2020-12-07,26.7,12.8,53,17.1,0.0,12,23.4,14.5,70.0,17.4,22.4,10.9,72.0,13.4,22.6,10.2,76.0,13.4,26.4,11.1,66.0,13.0,23.2,10.8,57.0,14.3,26.6,12.4,46.0,12.8,22.0,15.1,44.0,26.6
2020-12-08,23.4,14.5,70,17.4,0.0,12,22.4,10.9,72.0,13.4,22.6,10.2,76.0,13.4,26.4,11.1,66.0,13.0,23.2,10.8,57.0,14.3,26.6,12.4,46.0,12.8,22.0,15.1,44.0,26.6,20.5,14.7,60.0,31.0
2020-12-09,22.4,10.9,72,13.4,0.0,12,22.6,10.2,76.0,13.4,26.4,11.1,66.0,13.0,23.2,10.8,57.0,14.3,26.6,12.4,46.0,12.8,22.0,15.1,44.0,26.6,20.5,14.7,60.0,31.0,19.5,12.9,89.0,15.0
2020-12-10,22.6,10.2,76,13.4,0.0,12,26.4,11.1,66.0,13.0,23.2,10.8,57.0,14.3,26.6,12.4,46.0,12.8,22.0,15.1,44.0,26.6,20.5,14.7,60.0,31.0,19.5,12.9,89.0,15.0,20.9,11.2,82.0,12.0
2020-12-11,26.4,11.1,66,13.0,0.0,12,23.2,10.8,57.0,14.3,26.6,12.4,46.0,12.8,22.0,15.1,44.0,26.6,20.5,14.7,60.0,31.0,19.5,12.9,89.0,15.0,20.9,11.2,82.0,12.0,21.9,12.8,75.0,11.3
2020-12-12,23.2,10.8,57,14.3,0.0,12,26.6,12.4,46.0,12.8,22.0,15.1,44.0,26.6,20.5,14.7,60.0,31.0,19.5,12.9,89.0,15.0,20.9,11.2,82.0,12.0,21.9,12.8,75.0,11.3,20.5,12.4,81.0,13.8
2020-12-13,26.6,12.4,46,12.8,0.2,12,22.0,15.1,44.0,26.6,20.5,14.7,60.0,31.0,19.5,12.9,89.0,15.0,20.9,11.2,82.0,12.0,21.9,12.8,75.0,11.3,20.5,12.4,81.0,13.8,21.5,13.4,72.0,13.7
2020-12-14,22.0,15.1,44,26.6,0.6,12,20.5,14.7,60.0,31.0,19.5,12.9,89.0,15.0,20.9,11.2,82.0,12.0,21.9,12.8,75.0,11.3,20.5,12.4,81.0,13.8,21.5,13.4,72.0,13.7,22.1,14.1,72.0,14.0
2020-12-15,20.5,14.7,60,31.0,0.1,12,19.5,12.9,89.0,15.0,20.9,11.2,82.0,12.0,21.9,12.8,75.0,11.3,20.5,12.4,81.0,13.8,21.5,13.4,72.0,13.7,22.1,14.1,72.0,14.0,20.2,13.9,79.0,17.9
2020-12-16,19.5,12.9,89,15.0,5.7,12,20.9,11.2,82.0,12.0,21.9,12.8,75.0,11.3,20.5,12.4,81.0,13.8,21.5,13.4,72.0,13.7,22.1,14.1,72.0,14.0,20.2,13.9,79.0,17.9,20.0,12.9,73.0,22.7
2020-12-17,20.9,11.2,82,12.0,0.2,12,21.9,12.8,75.0,11.3,20.5,12.4,81.0,13.8,21.5,13.4,72.0,13.7,22.1,14.1,72.0,14.0,20.2,13.9,79.0,17.9,20.0,12.9,73.0,22.7,20.4,12.4,63.0,15.4
2020-12-18,21.9,12.8,75,11.3,0.0,12,20.5,12.4,81.0,13.8,21.5,13.4,72.0,13.7,22.1,14.1,72.0,14.0,20.2,13.9,79.0,17.9,20.0,12.9,73.0,22.7,20.4,12.4,63.0,15.4,20.9,10.6,74.0,11.3
2020-12-19,20.5,12.4,81,13.8,0.4,12,21.5,13.4,72.0,13.7,22.1,14.1,72.0,14.0,20.2,13.9,79.0,17.9,20.0,12.9,73.0,22.7,20.4,12.4,63.0,15.4,20.9,10.6,74.0,11.3,21.4,14.4,68.0,20.2
2020-12-20,21.5,13.4,72,13.7,0.0,12,22.1,14.1,72.0,14.0,20.2,13.9,79.0,17.9,20.0,12.9,73.0,22.7,20.4,12.4,63.0,15.4,20.9,10.6,74.0,11.3,21.4,14.4,68.0,20.2,22.5,15.0,69.0,17.6
2020-12-21,22.1,14.1,72,14.0,0.0,12,20.2,13.9,79.0,17.9,20.0,12.9,73.0,22.7,20.4,12.4,63.0,15.4,20.9,10.6,74.0,11.3,21.4,14.4,68.0,20.2,22.5,15.0,69.0,17.6,23.0,11.7,75.0,11.5
2020-12-22,20.2,13.9,79,17.9,0.6,12,20.0,12.9,73.0,22.7,20.4,12.4,63.0,15.4,20.9,10.6,74.0,11.3,21.4,14.4,68.0,20.2,22.5,15.0,69.0,17.6,23.0,11.7,75.0,11.5,21.9,11.2,83.0,11.8
2020-12-23,20.0,12.9,73,22.7,0.3,12,20.4,12.4,63.0,15.4,20.9,10.6,74.0,11.3,21.4,14.4,68.0,20.2,22.5,15.0,69.0,17.6,23.0,11.7,75.0,11.5,21.9,11.2,83.0,11.8,21.0,12.4,75.0,18.8
2020-12-24,20.4,12.4,63,15.4,0.0,12,20.9,10.6,74.0,11.3,21.4,14.4,68.0,20.2,22.5,15.0,69.0,17.6,23.0,11.7,75.0,11.5,21.9,11.2,83.0,11.8,21.0,12.4,75.0,18.8,22.0,13.2,72.0,11.9
2020-12-25,20.9,10.6,74,11.3,0.0,12,21.4,14.4,68.0,20.2,22.5,15.0,69.0,17.6,23.0,11.7,75.0,11.5,21.9,11.2,83.0,11.8,21.0,12.4,75.0,18.8,22.0,13.2,72.0,11.9,21.0,13.1,80.0,13.7
2020-12-26,21.4,14.4,68,20.2,0.0,12,22.5,15.0,69.0,17.6,23.0,11.7,75.0,11.5,21.9,11.2,83.0,11.8,21.0,12.4,75.0,18.8,22.0,13.2,72.0,11.9,21.0,13.1,80.0,13.7,22.5,14.1,80.0,14.0
2020-12-27,22.5,15.0,69,17.6,0.0,12,23.0,11.7,75.0,11.5,21.9,11.2,83.0,11.8,21.0,12.4,75.0,18.8,22.0,13.2,72.0,11.9,21.0,13.1,80.0,13.7,22.5,14.1,80.0,14.0,22.5,14.1,82.0,14.5
2020-12-28,23.0,11.7,75,11.5,0.0,12,21.9,11.2,83.0,11.8,21.0,12.4,75.0,18.8,22.0,13.2,72.0,11.9,21.0,13.1,80.0,13.7,22.5,14.1,80.0,14.0,22.5,14.1,82.0,14.5,22.8,14.7,84.0,13.7
2020-12-29,21.9,11.2,83,11.8,0.0,12,21.0,12.4,75.0,18.8,22.0,13.2,72.0,11.9,21.0,13.1,80.0,13.7,22.5,14.1,80.0,14.0,22.5,14.1,82.0,14.5,22.8,14.7,84.0,13.7,23.9,13.1,88.0,15.5
2020-12-30,21.0,12.4,75,18.8,0.0,12,22.0,13.2,72.0,11.9,21.0,13.1,80.0,13.7,22.5,14.1,80.0,14.0,22.5,14.1,82.0,14.5,22.8,14.7,84.0,13.7,23.9,13.1,88.0,15.5,23.6,14.9,85.0,11.2
2020-12-31,22.0,13.2,72,11.9,0.0,12,21.0,13.1,80.0,13.7,22.5,14.1,80.0,14.0,22.5,14.1,82.0,14.5,22.8,14.7,84.0,13.7,23.9,13.1,88.0,15.5,23.6,14.9,85.0,11.2,24.6,13.8,84.0,11.7
2021-01-01,21.0,13.1,80,13.7,1.0,1,22.5,14.1,80.0,14.0,22.5,14.1,82.0,14.5,22.8,14.7,84.0,13.7,23.9,13.1,88.0,15.5,23.6,14.9,85.0,11.2,24.6,13.8,84.0,11.7,24.1,13.9,85.0,12.2
2021-01-02,22.5,14.1,80,14.0,0.2,1,22.5,14.1,82.0,14.5,22.8,14.7,84.0,13.7,23.9,13.1,88.0,15.5,23.6,14.9,85.0,11.2,24.6,13.8,84.0,11.7,24.1,13.9,85.0,12.2,23.3,13.2,79.0,13.2
2021-01-03,22.5,14.1,82,14.5,0.0,1,22.8,14.7,84.0,13.7,23.9,13.1,88.0,15.5,23.6,14.9,85.0,11.2,24.6,13.8,84.0,11.7,24.1,13.9,85.0,12.2,23.3,13.2,79.0,13.2,23.1,13.9,82.0,13.0
2021-01-04,22.8,14.7,84,13.7,0.0,1,23.9,13.1,88.0,15.5,23.6,14.9,85.0,11.2,24.6,13.8,84.0,11.7,24.1,13.9,85.0,12.2,23.3,13.2,79.0,13.2,23.1,13.9,82.0,13.0,23.7,13.9,81.0,15.2
2021-01-05,23.9,13.1,88,15.5,0.0,1,23.6,14.9,85.0,11.2,24.6,13.8,84.0,11.7,24.1,13.9,85.0,12.2,23.3,13.2,79.0,13.2,23.1,13.9,82.0,13.0,23.7,13.9,81.0,15.2,28.5,13.6,56.0,16.2
2021-01-06,23.6,14.9,85,11.2,0.3,1,24.6,13.8,84.0,11.7,24.1,13.9,85.0,12.2,23.3,13.2,79.0,13.2,23.1,13.9,82.0,13.0,23.7,13.9,81.0,15.2,28.5,13.6,56.0,16.2,24.2,15.1,47.0,27.8
2021-01-07,24.6,13.8,84,11.7,0.0,1,24.1,13.9,85.0,12.2,23.3,13.2,79.0,13.2,23.1,13.9,82.0,13.0,23.7,13.9,81.0,15.2,28.5,13.6,56.0,16.2,24.2,15.1,47.0,27.8,17.6,13.2,69.0,29.9
2021-01-08,24.1,13.9,85,12.2,0.0,1,23.3,13.2,79.0,13.2,23.1,13.9,82.0,13.0,23.7,13.9,81.0,15.2,28.5,13.6,56.0,16.2,24.2,15.1,47.0,27.8,17.6,13.2,69.0,29.9,21.1,12.5,57.0,16.9
2021-01-09,23.3,13.2,79,13.2,0.0,1,23.1,13.9,82.0,13.0,23.7,13.9,81.0,15.2,28.5,13.6,56.0,16.2,24.2,15.1,47.0,27.8,17.6,13.2,69.0,29.9,21.1,12.5,57.0,16.9,20.6,10.1,51.0,25.8
2021-01-10,23.1,13.9,82,13.0,0.0,1,23.7,13.9,81.0,15.2,28.5,13.6,56.0,16.2,24.2,15.1,47.0,27.8,17.6,13.2,69.0,29.9,21.1,12.5,57.0,16.9,20.6,10.1,51.0,25.8,20.0,12.2,51.0,34.6
2021-01-11,23.7,13.9,81,15.2,0.0,1,28.5,13.6,56.0,16.2,24.2,15.1,47.0,27.8,17.6,13.2,69.0,29.9,21.1,12.5,57.0,16.9,20.6,10.1,51.0,25.8,20.0,12.2,51.0,34.6,17.8,10.6,67.0,21.3
2021-01-12,28.5,13.6,56,16.2,0.0,1,24.2,15.1,47.0,27.8,17.6,13.2,69.0,29.9,21.1,12.5,57.0,16.9,20.6,10.1,51.0,25.8,20.0,12.2,51.0,34.6,17.8,10.6,67.0,21.3,16.3,11.2,63.0,22.7
2021-01-13,24.2,15.1,47,27.8,0.1,1,17.6,13.2,69.0,29.9,21.1,12.5,57.0,16.9,20.6,10.1,51.0,25.8,20.0,12.2,51.0,34.6,17.8,10.6,67.0,21.3,16.3,11.2,63.0,22.7,15.5,9.9,64.0,34.6
2021-01-14,17.6,13.2,69,29.9,0.9,1,21.1,12.5,57.0,16.9,20.6,10.1,51.0,25.8,20.0,12.2,51.0,34.6,17.8,10.6,67.0,21.3,16.3,11.2,63.0,22.7,15.5,9.9,64.0,34.6,16.9,7.3,63.0,11.4
2021-01-15,21.1,12.5,57,16.9,0.0,1,20.6,10.1,51.0,25.8,20.0,12.2,51.0,34.6,17.8,10.6,67.0,21.3,16.3,11.2,63.0,22.7,15.5,9.9,64.0,34.6,16.9,7.3,63.0,11.4,17.9,10.4,60.0,19.5
2021-01-16,20.6,10.1,51,25.8,0.0,1,20.0,12.2,51.0,34.6,17.8,10.6,67.0,21.3,16.3,11.2,63.0,22.7,15.5,9.9,64.0,34.6,16.9,7.3,63.0,11.4,17.9,10.4,60.0,19.5,18.7,11.1,63.0,18.1
2021-01-17,20.0,12.2,51,34.6,0.1,1,17.8,10.6,67.0,21.3,16.3,11.2,63.0,22.7,15.5,9.9,64.0,34.6,16.9,7.3,63.0,11.4,17.9,10.4,60.0,19.5,18.7,11.1,63.0,18.1,19.0,7.2,70.0,12.6
2021-01-18,17.8,10.6,67,21.3,0.1,1,16.3,11.2,63.0,22.7,15.5,9.9,64.0,34.6,16.9,7.3,63.0,11.4,17.9,10.4,60.0,19.5,18.7,11.1,63.0,18.1,19.0,7.2,70.0,12.6,20.0,11.2,72.0,10.8
2021-01-19,16.3,11.2,63,22.7,1.6,1,15.5,9.9,64.0,34.6,16.9,7.3,63.0,11.4,17.9,10.4,60.0,19.5,18.7,11.1,63.0,18.1,19.0,7.2,70.0,12.6,20.0,11.2,72.0,10.8,19.8,8.9,79.0,13.7
2021-01-20,15.5,9.9,64,34.6,3.1,1,16.9,7.3,63.0,11.4,17.9,10.4,60.0,19.5,18.7,11.1,63.0,18.1,19.0,7.2,70.0,12.6,20.0,11.2,72.0,10.8,19.8,8.9,79.0,13.7,22.9,9.4,66.0,22.9
2021-01-21,16.9,7.3,63,11.4,0.0,1,17.9,10.4,60.0,19.5,18.7,11.1,63.0,18.1,19.0,7.2,70.0,12.6,20.0,11.2,72.0,10.8,19.8,8.9,79.0,13.7,22.9,9.4,66.0,22.9,17.0,11.2,59.0,19.8
2021-01-22,17.9,10.4,60,19.5,0.0,1,18.7,11.1,63.0,18.1,19.0,7.2,70.0,12.6,20.0,11.2,72.0,10.8,19.8,8.9,79.0,13.7,22.9,9.4,66.0,22.9,17.0,11.2,59.0,19.8,16.5,11.1,53.0,27.4
2021-01-23,18.7,11.1,63,18.1,0.0,1,19.0,7.2,70.0,12.6,20.0,11.2,72.0,10.8,19.8,8.9,79.0,13.7,22.9,9.4,66.0,22.9,17.0,11.2,59.0,19.8,16.5,11.1,53.0,27.4,20.3,10.9,49.0,24.0
2021-01-24,19.0,7.2,70,12.6,0.0,1,20.0,11.2,72.0,10.8,19.8,8.9,79.0,13.7,22.9,9.4,66.0,22.9,17.0,11.2,59.0,19.8,16.5,11.1,53.0,27.4,20.3,10.9,49.0,24.0,23.9,12.6,53.0,23.5
2021-01-25,20.0,11.2,72,10.8,0.0,1,19.8,8.9,79.0,13.7,22.9,9.4,66.0,22.9,17.0,11.2,59.0,19.8,16.5,11.1,53.0,27.4,20.3,10.9,49.0,24.0,23.9,12.6,53.0,23.5,24.6,10.6,72.0,15.2
2021-01-26,19.8,8.9,79,13.7,0.0,1,22.9,9.4,66.0,22.9,17.0,11.2,59.0,19.8,16.5,11.1,53.0,27.4,20.3,10.9,49.0,24.0,23.9,12.6,53.0,23.5,24.6,10.6,72.0,15.2,26.6,11.8,76.0,13.5
2021-01-27,22.9,9.4,66,22.9,0.0,1,17.0,11.2,59.0,19.8,16.5,11.1,53.0,27.4,20.3,10.9,49.0,24.0,23.9,12.6,53.0,23.5,24.6,10.6,72.0,15.2,26.6,11.8,76.0,13.5,26.6,10.4,74.0,14.1
2021-01-28,17.0,11.2,59,19.8,0.0,1,16.5,11.1,53.0,27.4,20.3,10.9,49.0,24.0,23.9,12.6,53.0,23.5,24.6,10.6,72.0,15.2,26.6,11.8,76.0,13.5,26.6,10.4,74.0,14.1,18.6,13.6,88.0,21.1
2021-01-29,16.5,11.1,53,27.4,1.0,1,20.3,10.9,49.0,24.0,23.9,12.6,53.0,23.5,24.6,10.6,72.0,15.2,26.6,11.8,76.0,13.5,26.6,10.4,74.0,14.1,18.6,13.6,88.0,21.1,19.6,14.5,78.0,24.9
2021-01-30,20.3,10.9,49,24.0,0.0,1,23.9,12.6,53.0,23.5,24.6,10.6,72.0,15.2,26.6,11.8,76.0,13.5,26.6,10.4,74.0,14.1,18.6,13.6,88.0,21.1,19.6,14.5,78.0,24.9,21.3,11.5,82.0,12.8
2021-01-31,23.9,12.6,53,23.5,0.0,1,24.6,10.6,72.0,15.2,26.6,11.8,76.0,13.5,26.6,10.4,74.0,14.1,18.6,13.6,88.0,21.1,19.6,14.5,78.0,24.9,21.3,11.5,82.0,12.8,21.0,10.3,83.0,12.0
2021-02-01,24.6,10.6,72,15.2,0.0,2,26.6,11.8,76.0,13.5,26.6,10.4,74.0,14.1,18.6,13.6,88.0,21.1,19.6,14.5,78.0,24.9,21.3,11.5,82.0,12.8,21.0,10.3,83.0,12.0,25.0,11.6,69.0,11.6
2021-02-02,26.6,11.8,76,13.5,0.0,2,26.6,10.4,74.0,14.1,18.6,13.6,88.0,21.1,19.6,14.5,78.0,24.9,21.3,11.5,82.0,12.8,21.0,10.3,83.0,12.0,25.0,11.6,69.0,11.6,27.3,10.6,60.0,11.3
2021-02-03,26.6,10.4,74,14.1,0.1,2,18.6,13.6,88.0,21.1,19.6,14.5,78.0,24.9,21.3,11.5,82.0,12.8,21.0,10.3,83.0,12.0,25.0,11.6,69.0,11.6,27.3,10.6,60.0,11.3,21.9,13.0,76.0,15.9
2021-02-04,18.6,13.6,88,21.1,5.8,2,19.6,14.5,78.0,24.9,21.3,11.5,82.0,12.8,21.0,10.3,83.0,12.0,25.0,11.6,69.0,11.6,27.3,10.6,60.0,11.3,21.9,13.0,76.0,15.9,21.5,11.9,73.0,12.6
2021-02-05,19.6,14.5,78,24.9,0.0,2,21.3,11.5,82.0,12.8,21.0,10.3,83.0,12.0,25.0,11.6,69.0,11.6,27.3,10.6,60.0,11.3,21.9,13.0,76.0,15.9,21.5,11.9,73.0,12.6,21.9,11.7,76.0,14.5
2021-02-06,21.3,11.5,82,12.8,0.0,2,21.0,10.3,83.0,12.0,25.0,11.6,69.0,11.6,27.3,10.6,60.0,11.3,21.9,13.0,76.0,15.9,21.5,11.9,73.0,12.6,21.9,11.7,76.0,14.5,20.0,12.1,74.0,12.6
2021-02-07,21.0,10.3,83,12.0,0.0,2,25.0,11.6,69.0,11.6,27.3,10.6,60.0,11.3,21.9,13.0,76.0,15.9,21.5,11.9,73.0,12.6,21.9,11.7,76.0,14.5,20.0,12.1,74.0,12.6,20.5,10.5,72.0,14.8
2021-02-08,25.0,11.6,69,11.6,0.0,2,27.3,10.6,60.0,11.3,21.9,13.0,76.0,15.9,21.5,11.9,73.0,12.6,21.9,11.7,76.0,14.5,20.0,12.1,74.0,12.6,20.5,10.5,72.0,14.8,21.2,9.1,69.0,10.5
2021-02-09,27.3,10.6,60,11.3,0.0,2,21.9,13.0,76.0,15.9,21.5,11.9,73.0,12.6,21.9,11.7,76.0,14.5,20.0,12.1,74.0,12.6,20.5,10.5,72.0,14.8,21.2,9.1,69.0,10.5,15.8,7.5,79.0,28.6
2021-02-10,21.9,13.0,76,15.9,0.0,2,21.5,11.9,73.0,12.6,21.9,11.7,76.0,14.5,20.0,12.1,74.0,12.6,20.5,10.5,72.0,14.8,21.2,9.1,69.0,10.5,15.8,7.5,79.0,28.6,11.8,6.7,75.0,34.7
2021-02-11,21.5,11.9,73,12.6,0.0,2,21.9,11.7,76.0,14.5,20.0,12.1,74.0,12.6,20.5,10.5,72.0,14.8,21.2,9.1,69.0,10.5,15.8,7.5,79.0,28.6,11.8,6.7,75.0,34.7,15.8,8.8,54.0,25.4
2021-02-12,21.9,11.7,76,14.5,0.0,2,20.0,12.1,74.0,12.6,20.5,10.5,72.0,14.8,21.2,9.1,69.0,10.5,15.8,7.5,79.0,28.6,11.8,6.7,75.0,34.7,15.8,8.8,54.0,25.4,16.0,9.6,71.0,20.2
2021-02-13,20.0,12.1,74,12.6,0.0,2,20.5,10.5,72.0,14.8,21.2,9.1,69.0,10.5,15.8,7.5,79.0,28.6,11.8,6.7,75.0,34.7,15.8,8.8,54.0,25.4,16.0,9.6,71.0,20.2,17.7,10.1,56.0,15.3
2021-02-14,20.5,10.5,72,14.8,0.0,2,21.2,9.1,69.0,10.5,15.8,7.5,79.0,28.6,11.8,6.7,75.0,34.7,15.8,8.8,54.0,25.4,16.0,9.6,71.0,20.2,17.7,10.1,56.0,15.3,17.4,8.5,72.0,9.1
2021-02-15,21.2,9.1,69,10.5,0.0,2,15.8,7.5,79.0,28.6,11.8,6.7,75.0,34.7,15.8,8.8,54.0,25.4,16.0,9.6,71.0,20.2,17.7,10.1,56.0,15.3,17.4,8.5,72.0,9.1,17.9,8.6,70.0,14.5
2021-02-16,15.8,7.5,79,28.6,6.7,2,11.8,6.7,75.0,34.7,15.8,8.8,54.0,25.4,16.0,9.6,71.0,20.2,17.7,10.1,56.0,15.3,17.4,8.5,72.0,9.1,17.9,8.6,70.0,14.5,18.0,10.8,77.0,20.9
2021-02-17,11.8,6.7,75,34.7,5.8,2,15.8,8.8,54.0,25.4,16.0,9.6,71.0,20.2,17.7,10.1,56.0,15.3,17.4,8.5,72.0,9.1,17.9,8.6,70.0,14.5,18.0,10.8,77.0,20.9,19.6,13.6,70.0,19.6
2021-02-18,15.8,8.8,54,25.4,0.1,2,16.0,9.6,71.0,20.2,17.7,10.1,56.0,15.3,17.4,8.5,72.0,9.1,17.9,8.6,70.0,14.5,18.0,10.8,77.0,20.9,19.6,13.6,70.0,19.6,22.4,12.3,82.0,14.1
2021-02-19,16.0,9.6,71,20.2,3.1,2,17.7,10.1,56.0,15.3,17.4,8.5,72.0,9.1,17.9,8.6,70.0,14.5,18.0,10.8,77.0,20.9,19.6,13.6,70.0,19.6,22.4,12.3,82.0,14.1,19.6,9.7,81.0,14.1
2021-02-20,17.7,10.1,56,15.3,0.0,2,17.4,8.5,72.0,9.1,17.9,8.6,70.0,14.5,18.0,10.8,77.0,20.9,19.6,13.6,70.0,19.6,22.4,12.3,82.0,14.1,19.6,9.7,81.0,14.1,20.5,11.9,75.0,19.1
2021-02-21,17.4,8.5,72,9.1,0.4,2,17.9,8.6,70.0,14.5,18.0,10.8,77.0,20.9,19.6,13.6,70.0,19.6,22.4,12.3,82.0,14.1,19.6,9.7,81.0,14.1,20.5,11.9,75.0,19.1,19.6,12.4,70.0,21.9
2021-02-22,17.9,8.6,70,14.5,0.4,2,18.0,10.8,77.0,20.9,19.6,13.6,70.0,19.6,22.4,12.3,82.0,14.1,19.6,9.7,81.0,14.1,20.5,11.9,75.0,19.1,19.6,12.4,70.0,21.9,22.0,11.2,69.0,23.7
2021-02-23,18.0,10.8,77,20.9,5.1,2,19.6,13.6,70.0,19.6,22.4,12.3,82.0,14.1,19.6,9.7,81.0,14.1,20.5,11.9,75.0,19.1,19.6,12.4,70.0,21.9,22.0,11.2,69.0,23.7,20.0,12.1,57.0,24.3
2021-02-24,19.6,13.6,70,19.6,0.0,2,22.4,12.3,82.0,14.1,19.6,9.7,81.0,14.1,20.5,11.9,75.0,19.1,19.6,12.4,70.0,21.9,22.0,11.2,69.0,23.7,20.0,12.1,57.0,24.3,17.6,9.9,60.0,22.0
2021-02-25,22.4,12.3,82,14.1,0.3,2,19.6,9.7,81.0,14.1,20.5,11.9,75.0,19.1,19.6,12.4,70.0,21.9,22.0,11.2,69.0,23.7,20.0,12.1,57.0,24.3,17.6,9.9,60.0,22.0,18.8,9.2,68.0,23.9
2021-02-26,19.6,9.7,81,14.1,0.7,2,20.5,11.9,75.0,19.1,19.6,12.4,70.0,21.9,22.0,11.2,69.0,23.7,20.0,12.1,57.0,24.3,17.6,9.9,60.0,22.0,18.8,9.2,68.0,23.9,20.4,11.1,74.0,12.2
2021-02-27,20.5,11.9,75,19.1,0.0,2,19.6,12.4,70.0,21.9,22.0,11.2,69.0,23.7,20.0,12.1,57.0,24.3,17.6,9.9,60.0,22.0,18.8,9.2,68.0,23.9,20.4,11.1,74.0,12.2,21.0,10.2,73.0,13.6
2021-02-28,19.6,12.4,70,21.9,0.0,2,22.0,11.2,69.0,23.7,20.0,12.1,57.0,24.3,17.6,9.9,60.0,22.0,18.8,9.2,68.0,23.9,20.4,11.1,74.0,12.2,21.0,10.2,73.0,13.6,20.0,10.4,76.0,14.8
2021-03-01,22.0,11.2,69,23.7,0.1,3,20.0,12.1,57.0,24.3,17.6,9.9,60.0,22.0,18.8,9.2,68.0,23.9,20.4,11.1,74.0,12.2,21.0,10.2,73.0,13.6,20.0,10.4,76.0,14.8,21.5,9.4,74.0,14.8
2021-03-02,20.0,12.1,57,24.3,0.0,3,17.6,9.9,60.0,22.0,18.8,9.2,68.0,23.9,20.4,11.1,74.0,12.2,21.0,10.2,73.0,13.6,20.0,10.4,76.0,14.8,21.5,9.4,74.0,14.8,24.0,10.9,68.0,21.3
2021-03-03,17.6,9.9,60,22.0,0.1,3,18.8,9.2,68.0,23.9,20.4,11.1,74.0,12.2,21.0,10.2,73.0,13.6,20.0,10.4,76.0,14.8,21.5,9.4,74.0,14.8,24.0,10.9,68.0,21.3,37.0,13.1,42.0,23.7
2021-03-04,18.8,9.2,68,23.9,0.8,3,20.4,11.1,74.0,12.2,21.0,10.2,73.0,13.6,20.0,10.4,76.0,14.8,21.5,9.4,74.0,14.8,24.0,10.9,68.0,21.3,37.0,13.1,42.0,23.7,23.4,15.6,72.0,24.0
2021-03-05,20.4,11.1,74,12.2,0.0,3,21.0,10.2,73.0,13.6,20.0,10.4,76.0,14.8,21.5,9.4,74.0,14.8,24.0,10.9,68.0,21.3,37.0,13.1,42.0,23.7,23.4,15.6,72.0,24.0,19.3,14.4,57.0,35.5
2021-03-06,21.0,10.2,73,13.6,0.0,3,20.0,10.4,76.0,14.8,21.5,9.4,74.0,14.8,24.0,10.9,68.0,21.3,37.0,13.1,42.0,23.7,23.4,15.6,72.0,24.0,19.3,14.4,57.0,35.5,18.8,12.2,61.0,17.4
2021-03-07,20.0,10.4,76,14.8,0.0,3,21.5,9.4,74.0,14.8,24.0,10.9,68.0,21.3,37.0,13.1,42.0,23.7,23.4,15.6,72.0,24.0,19.3,14.4,57.0,35.5,18.8,12.2,61.0,17.4,19.6,11.6,71.0,15.2
2021-03-08,21.5,9.4,74,14.8,0.0,3,24.0,10.9,68.0,21.3,37.0,13.1,42.0,23.7,23.4,15.6,72.0,24.0,19.3,14.4,57.0,35.5,18.8,12.2,61.0,17.4,19.6,11.6,71.0,15.2,21.1,11.6,76.0,15.0
2021-03-09,24.0,10.9,68,21.3,0.0,3,37.0,13.1,42.0,23.7,23.4,15.6,72.0,24.0,19.3,14.4,57.0,35.5,18.8,12.2,61.0,17.4,19.6,11.6,71.0,15.2,21.1,11.6,76.0,15.0,20.3,11.6,73.0,23.7
2021-03-10,37.0,13.1,42,23.7,0.0,3,23.4,15.6,72.0,24.0,19.3,14.4,57.0,35.5,18.8,12.2,61.0,17.4,19.6,11.6,71.0,15.2,21.1,11.6,76.0,15.0,20.3,11.6,73.0,23.7,24.6,8.8,60.0,28.1
2021-03-11,23.4,15.6,72,24.0,0.0,3,19.3,14.4,57.0,35.5,18.8,12.2,61.0,17.4,19.6,11.6,71.0,15.2,21.1,11.6,76.0,15.0,20.3,11.6,73.0,23.7,24.6,8.8,60.0,28.1,20.8,10.6,66.0,20.7
2021-03-12,19.3,14.4,57,35.5,0.0,3,18.8,12.2,61.0,17.4,19.6,11.6,71.0,15.2,21.1,11.6,76.0,15.0,20.3,11.6,73.0,23.7,24.6,8.8,60.0,28.1,20.8,10.6,66.0,20.7,21.4,8.8,67.0,14.8
2021-03-13,18.8,12.2,61,17.4,0.0,3,19.6,11.6,71.0,15.2,21.1,11.6,76.0,15.0,20.3,11.6,73.0,23.7,24.6,8.8,60.0,28.1,20.8,10.6,66.0,20.7,21.4,8.8,67.0,14.8,21.5,14.2,70.0,20.9
2021-03-14,19.6,11.6,71,15.2,0.0,3,21.1,11.6,76.0,15.0,20.3,11.6,73.0,23.7,24.6,8.8,60.0,28.1,20.8,10.6,66.0,20.7,21.4,8.8,67.0,14.8,21.5,14.2,70.0,20.9,24.6,15.2,70.0,20.2
2021-03-15,21.1,11.6,76,15.0,0.0,3,20.3,11.6,73.0,23.7,24.6,8.8,60.0,28.1,20.8,10.6,66.0,20.7,21.4,8.8,67.0,14.8,21.5,14.2,70.0,20.9,24.6,15.2,70.0,20.2,30.7,22.5,34.0,22.7
2021-03-16,20.3,11.6,73,23.7,0.0,3,24.6,8.8,60.0,28.1,20.8,10.6,66.0,20.7,21.4,8.8,67.0,14.8,21.5,14.2,70.0,20.9,24.6,15.2,70.0,20.2,30.7,22.5,34.0,22.7,32.0,16.0,50.0,34.0
2021-03-17,24.6,8.8,60,28.1,0.0,3,20.8,10.6,66.0,20.7,21.4,8.8,67.0,14.8,21.5,14.2,70.0,20.9,24.6,15.2,70.0,20.2,30.7,22.5,34.0,22.7,32.0,16.0,50.0,34.0,20.4,12.4,57.0,34.5
2021-03-18,20.8,10.6,66,20.7,0.0,3,21.4,8.8,67.0,14.8,21.5,14.2,70.0,20.9,24.6,15.2,70.0,20.2,30.7,22.5,34.0,22.7,32.0,16.0,50.0,34.0,20.4,12.4,57.0,34.5,18.9,11.1,64.0,20.4
2021-03-19,21.4,8.8,67,14.8,0.0,3,21.5,14.2,70.0,20.9,24.6,15.2,70.0,20.2,30.7,22.5,34.0,22.7,32.0,16.0,50.0,34.0,20.4,12.4,57.0,34.5,18.9,11.1,64.0,20.4,16.5,10.9,62.0,27.2
2021-03-20,21.5,14.2,70,20.9,0.5,3,24.6,15.2,70.0,20.2,30.7,22.5,34.0,22.7,32.0,16.0,50.0,34.0,20.4,12.4,57.0,34.5,18.9,11.1,64.0,20.4,16.5,10.9,62.0,27.2,17.1,12.0,46.0,24.5
2021-03-21,24.6,15.2,70,20.2,0.0,3,30.7,22.5,34.0,22.7,32.0,16.0,50.0,34.0,20.4,12.4,57.0,34.5,18.9,11.1,64.0,20.4,16.5,10.9,62.0,27.2,17.1,12.0,46.0,24.5,18.2,14.1,48.0,18.1
2021-03-22,30.7,22.5,34,22.7,0.0,3,32.0,16.0,50.0,34.0,20.4,12.4,57.0,34.5,18.9,11.1,64.0,20.4,16.5,10.9,62.0,27.2,17.1,12.0,46.0,24.5,18.2,14.1,48.0,18.1,18.5,12.0,53.0,19.4
2021-03-23,32.0,16.0,50,34.0,0.0,3,20.4,12.4,57.0,34.5,18.9,11.1,64.0,20.4,16.5,10.9,62.0,27.2,17.1,12.0,46.0,24.5,18.2,14.1,48.0,18.1,18.5,12.0,53.0,19.4,19.8,12.5,57.0,18.3
2021-03-24,20.4,12.4,57,34.5,0.3,3,18.9,11.1,64.0,20.4,16.5,10.9,62.0,27.2,17.1,12.0,46.0,24.5,18.2,14.1,48.0,18.1,18.5,12.0,53.0,19.4,19.8,12.5,57.0,18.3,19.8,11.6,62.0,22.4
2021-03-25,18.9,11.1,64,20.4,0.3,3,16.5,10.9,62.0,27.2,17.1,12.0,46.0,24.5,18.2,14.1,48.0,18.1,18.5,12.0,53.0,19.4,19.8,12.5,57.0,18.3,19.8,11.6,62.0,22.4,19.9,8.8,49.0,25.8
2021-03-26,16.5,10.9,62,27.2,0.4,3,17.1,12.0,46.0,24.5,18.2,14.1,48.0,18.1,18.5,12.0,53.0,19.4,19.8,12.5,57.0,18.3,19.8,11.6,62.0,22.4,19.9,8.8,49.0,25.8,20.0,11.6,61.0,26.6
2021-03-27,17.1,12.0,46,24.5,0.1,3,18.2,14.1,48.0,18.1,18.5,12.0,53.0,19.4,19.8,12.5,57.0,18.3,19.8,11.6,62.0,22.4,19.9,8.8,49.0,25.8,20.0,11.6,61.0,26.6,21.5,9.6,65.0,14.9
2021-03-28,18.2,14.1,48,18.1,0.0,3,18.5,12.0,53.0,19.4,19.8,12.5,57.0,18.3,19.8,11.6,62.0,22.4,19.9,8.8,49.0,25.8,20.0,11.6,61.0,26.6,21.5,9.6,65.0,14.9,24.9,10.8,67.0,14.5
2021-03-29,18.5,12.0,53,19.4,0.2,3,19.8,12.5,57.0,18.3,19.8,11.6,62.0,22.4,19.9,8.8,49.0,25.8,20.0,11.6,61.0,26.6,21.5,9.6,65.0,14.9,24.9,10.8,67.0,14.5,24.5,12.2,68.0,18.0
2021-03-30,19.8,12.5,57,18.3,0.0,3,19.8,11.6,62.0,22.4,19.9,8.8,49.0,25.8,20.0,11.6,61.0,26.6,21.5,9.6,65.0,14.9,24.9,10.8,67.0,14.5,24.5,12.2,68.0,18.0,30.5,13.3,67.0,13.8
2021-03-31,19.8,11.6,62,22.4,0.0,3,19.9,8.8,49.0,25.8,20.0,11.6,61.0,26.6,21.5,9.6,65.0,14.9,24.9,10.8,67.0,14.5,24.5,12.2,68.0,18.0,30.5,13.3,67.0,13.8,29.6,14.1,67.0,24.5
2021-04-01,19.9,8.8,49,25.8,1.0,4,20.0,11.6,61.0,26.6,21.5,9.6,65.0,14.9,24.9,10.8,67.0,14.5,24.5,12.2,68.0,18.0,30.5,13.3,67.0,13.8,29.6,14.1,67.0,24.5,21.3,14.2,75.0,19.3
2021-04-02,20.0,11.6,61,26.6,0.1,4,21.5,9.6,65.0,14.9,24.9,10.8,67.0,14.5,24.5,12.2,68.0,18.0,30.5,13.3,67.0,13.8,29.6,14.1,67.0,24.5,21.3,14.2,75.0,19.3,21.1,13.4,70.0,26.1
2021-04-03,21.5,9.6,65,14.9,0.0,4,24.9,10.8,67.0,14.5,24.5,12.2,68.0,18.0,30.5,13.3,67.0,13.8,29.6,14.1,67.0,24.5,21.3,14.2,75.0,19.3,21.1,13.4,70.0,26.1,17.7,13.9,43.0,31.6
2021-04-04,24.9,10.8,67,14.5,0.0,4,24.5,12.2,68.0,18.0,30.5,13.3,67.0,13.8,29.6,14.1,67.0,24.5,21.3,14.2,75.0,19.3,21.1,13.4,70.0,26.1,17.7,13.9,43.0,31.6,19.6,13.4,46.0,24.4
2021-04-05,24.5,12.2,68,18.0,0.0,4,30.5,13.3,67.0,13.8,29.6,14.1,67.0,24.5,21.3,14.2,75.0,19.3,21.1,13.4,70.0,26.1,17.7,13.9,43.0,31.6,19.6,13.4,46.0,24.4,19.9,12.0,54.0,16.4
2021-04-06,30.5,13.3,67,13.8,0.0,4,29.6,14.1,67.0,24.5,21.3,14.2,75.0,19.3,21.1,13.4,70.0,26.1,17.7,13.9,43.0,31.6,19.6,13.4,46.0,24.4,19.9,12.0,54.0,16.4,21.2,10.1,59.0,13.8
2021-04-07,29.6,14.1,67,24.5,0.0,4,21.3,14.2,75.0,19.3,21.1,13.4,70.0,26.1,17.7,13.9,43.0,31.6,19.6,13.4,46.0,24.4,19.9,12.0,54.0,16.4,21.2,10.1,59.0,13.8,22.8,11.6,67.0,15.9
2021-04-08,21.3,14.2,75,19.3,0.0,4,21.1,13.4,70.0,26.1,17.7,13.9,43.0,31.6,19.6,13.4,46.0,24.4,19.9,12.0,54.0,16.4,21.2,10.1,59.0,13.8,22.8,11.6,67.0,15.9,25.0,12.6,69.0,14.7
2021-04-09,21.1,13.4,70,26.1,0.0,4,17.7,13.9,43.0,31.6,19.6,13.4,46.0,24.4,19.9,12.0,54.0,16.4,21.2,10.1,59.0,13.8,22.8,11.6,67.0,15.9,25.0,12.6,69.0,14.7,27.5,14.1,66.0,15.0
2021-04-10,17.7,13.9,43,31.6,0.0,4,19.6,13.4,46.0,24.4,19.9,12.0,54.0,16.4,21.2,10.1,59.0,13.8,22.8,11.6,67.0,15.9,25.0,12.6,69.0,14.7,27.5,14.1,66.0,15.0,30.6,14.2,58.0,16.2
2021-04-11,19.6,13.4,46,24.4,0.0,4,19.9,12.0,54.0,16.4,21.2,10.1,59.0,13.8,22.8,11.6,67.0,15.9,25.0,12.6,69.0,14.7,27.5,14.1,66.0,15.0,30.6,14.2,58.0,16.2,34.6,17.5,50.0,16.6
2021-04-12,19.9,12.0,54,16.4,0.0,4,21.2,10.1,59.0,13.8,22.8,11.6,67.0,15.9,25.0,12.6,69.0,14.7,27.5,14.1,66.0,15.0,30.6,14.2,58.0,16.2,34.6,17.5,50.0,16.6,42.7,20.4,30.0,17.3
2021-04-13,21.2,10.1,59,13.8,0.0,4,22.8,11.6,67.0,15.9,25.0,12.6,69.0,14.7,27.5,14.1,66.0,15.0,30.6,14.2,58.0,16.2,34.6,17.5,50.0,16.6,42.7,20.4,30.0,17.3,24.9,17.0,64.0,23.2
2021-04-14,22.8,11.6,67,15.9,0.0,4,25.0,12.6,69.0,14.7,27.5,14.1,66.0,15.0,30.6,14.2,58.0,16.2,34.6,17.5,50.0,16.6,42.7,20.4,30.0,17.3,24.9,17.0,64.0,23.2,22.4,15.5,67.0,18.6
2021-04-15,25.0,12.6,69,14.7,0.0,4,27.5,14.1,66.0,15.0,30.6,14.2,58.0,16.2,34.6,17.5,50.0,16.6,42.7,20.4,30.0,17.3,24.9,17.0,64.0,23.2,22.4,15.5,67.0,18.6,23.0,14.9,67.0,18.4
2021-04-16,27.5,14.1,66,15.0,0.0,4,30.6,14.2,58.0,16.2,34.6,17.5,50.0,16.6,42.7,20.4,30.0,17.3,24.9,17.0,64.0,23.2,22.4,15.5,67.0,18.6,23.0,14.9,67.0,18.4,24.4,14.3,72.0,15.9
2021-04-17,30.6,14.2,58,16.2,0.0,4,34.6,17.5,50.0,16.6,42.7,20.4,30.0,17.3,24.9,17.0,64.0,23.2,22.4,15.5,67.0,18.6,23.0,14.9,67.0,18.4,24.4,14.3,72.0,15.9,26.4,15.1,67.0,17.7
2021-04-18,34.6,17.5,50,16.6,0.0,4,42.7,20.4,30.0,17.3,24.9,17.0,64.0,23.2,22.4,15.5,67.0,18.6,23.0,14.9,67.0,18.4,24.4,14.3,72.0,15.9,26.4,15.1,67.0,17.7,34.9,13.2,57.0,19.9
2021-04-19,42.7,20.4,30,17.3,0.0,4,24.9,17.0,64.0,23.2,22.4,15.5,67.0,18.6,23.0,14.9,67.0,18.4,24.4,14.3,72.0,15.9,26.4,15.1,67.0,17.7,34.9,13.2,57.0,19.9,24.5,17.1,68.0,27.2
2021-04-20,24.9,17.0,64,23.2,0.0,4,22.4,15.5,67.0,18.6,23.0,14.9,67.0,18.4,24.4,14.3,72.0,15.9,26.4,15.1,67.0,17.7,34.9,13.2,57.0,19.9,24.5,17.1,68.0,27.2,24.4,15.8,68.0,15.8
2021-04-21,22.4,15.5,67,18.6,0.0,4,23.0,14.9,67.0,18.4,24.4,14.3,72.0,15.9,26.4,15.1,67.0,17.7,34.9,13.2,57.0,19.9,24.5,17.1,68.0,27.2,24.4,15.8,68.0,15.8,28.6,13.6,68.0,13.8
2021-04-22,23.0,14.9,67,18.4,0.0,4,24.4,14.3,72.0,15.9,26.4,15.1,67.0,17.7,34.9,13.2,57.0,19.9,24.5,17.1,68.0,27.2,24.4,15.8,68.0,15.8,28.6,13.6,68.0,13.8,31.4,16.6,61.0,14.5
2021-04-23,24.4,14.3,72,15.9,0.0,4,26.4,15.1,67.0,17.7,34.9,13.2,57.0,19.9,24.5,17.1,68.0,27.2,24.4,15.8,68.0,15.8,28.6,13.6,68.0,13.8,31.4,16.6,61.0,14.5,38.0,16.5,50.0,17.3
2021-04-24,26.4,15.1,67,17.7,0.0,4,34.9,13.2,57.0,19.9,24.5,17.1,68.0,27.2,24.4,15.8,68.0,15.8,28.6,13.6,68.0,13.8,31.4,16.6,61.0,14.5,38.0,16.5,50.0,17.3,34.0,17.5,47.0,17.4
2021-04-25,34.9,13.2,57,19.9,0.0,4,24.5,17.1,68.0,27.2,24.4,15.8,68.0,15.8,28.6,13.6,68.0,13.8,31.4,16.6,61.0,14.5,38.0,16.5,50.0,17.3,34.0,17.5,47.0,17.4,32.5,17.1,58.0,13.6
2021-04-26,24.5,17.1,68,27.2,0.0,4,24.4,15.8,68.0,15.8,28.6,13.6,68.0,13.8,31.4,16.6,61.0,14.5,38.0,16.5,50.0,17.3,34.0,17.5,47.0,17.4,32.5,17.1,58.0,13.6,35.0,17.9,50.0,15.5
2021-04-27,24.4,15.8,68,15.8,0.0,4,28.6,13.6,68.0,13.8,31.4,16.6,61.0,14.5,38.0,16.5,50.0,17.3,34.0,17.5,47.0,17.4,32.5,17.1,58.0,13.6,35.0,17.9,50.0,15.5,34.8,17.7,43.0,16.2
2021-04-28,28.6,13.6,68,13.8,0.0,4,31.4,16.6,61.0,14.5,38.0,16.5,50.0,17.3,34.0,17.5,47.0,17.4,32.5,17.1,58.0,13.6,35.0,17.9,50.0,15.5,34.8,17.7,43.0,16.2,32.7,19.4,52.0,18.0
2021-04-29,31.4,16.6,61,14.5,0.0,4,38.0,16.5,50.0,17.3,34.0,17.5,47.0,17.4,32.5,17.1,58.0,13.6,35.0,17.9,50.0,15.5,34.8,17.7,43.0,16.2,32.7,19.4,52.0,18.0,35.0,18.0,57.0,18.1
2021-04-30,38.0,16.5,50,17.3,0.0,4,34.0,17.5,47.0,17.4,32.5,17.1,58.0,13.6,35.0,17.9,50.0,15.5,34.8,17.7,43.0,16.2,32.7,19.4,52.0,18.0,35.0,18.0,57.0,18.1,30.9,17.4,62.0,17.1
2021-05-01,34.0,17.5,47,17.4,0.0,5,32.5,17.1,58.0,13.6,35.0,17.9,50.0,15.5,34.8,17.7,43.0,16.2,32.7,19.4,52.0,18.0,35.0,18.0,57.0,18.1,30.9,17.4,62.0,17.1,36.0,18.2,55.0,19.1
2021-05-02,32.5,17.1,58,13.6,0.0,5,35.0,17.9,50.0,15.5,34.8,17.7,43.0,16.2,32.7,19.4,52.0,18.0,35.0,18.0,57.0,18.1,30.9,17.4,62.0,17.1,36.0,18.2,55.0,19.1,35.3,21.5,53.0,21.9
2021-05-03,35.0,17.9,50,15.5,0.0,5,34.8,17.7,43.0,16.2,32.7,19.4,52.0,18.0,35.0,18.0,57.0,18.1,30.9,17.4,62.0,17.1,36.0,18.2,55.0,19.1,35.3,21.5,53.0,21.9,29.9,18.7,70.0,19.3
2021-05-04,34.8,17.7,43,16.2,0.0,5,32.7,19.4,52.0,18.0,35.0,18.0,57.0,18.1,30.9,17.4,62.0,17.1,36.0,18.2,55.0,19.1,35.3,21.5,53.0,21.9,29.9,18.7,70.0,19.3,27.5,19.3,73.0,17.8
2021-05-05,32.7,19.4,52,18.0,0.0,5,35.0,18.0,57.0,18.1,30.9,17.4,62.0,17.1,36.0,18.2,55.0,19.1,35.3,21.5,53.0,21.9,29.9,18.7,70.0,19.3,27.5,19.3,73.0,17.8,26.7,17.1,71.0,18.8
2021-05-06,35.0,18.0,57,18.1,0.0,5,30.9,17.4,62.0,17.1,36.0,18.2,55.0,19.1,35.3,21.5,53.0,21.9,29.9,18.7,70.0,19.3,27.5,19.3,73.0,17.8,26.7,17.1,71.0,18.8,28.0,16.2,69.0,15.9
2021-05-07,30.9,17.4,62,17.1,0.0,5,36.0,18.2,55.0,19.1,35.3,21.5,53.0,21.9,29.9,18.7,70.0,19.3,27.5,19.3,73.0,17.8,26.7,17.1,71.0,18.8,28.0,16.2,69.0,15.9,30.1,17.5,66.0,14.8
2021-05-08,36.0,18.2,55,19.1,0.0,5,35.3,21.5,53.0,21.9,29.9,18.7,70.0,19.3,27.5,19.3,73.0,17.8,26.7,17.1,71.0,18.8,28.0,16.2,69.0,15.9,30.1,17.5,66.0,14.8,29.5,16.6,70.0,14.8
2021-05-09,35.3,21.5,53,21.9,0.0,5,29.9,18.7,70.0,19.3,27.5,19.3,73.0,17.8,26.7,17.1,71.0,18.8,28.0,16.2,69.0,15.9,30.1,17.5,66.0,14.8,29.5,16.6,70.0,14.8,30.6,17.3,69.0,19.6
2021-05-10,29.9,18.7,70,19.3,0.0,5,27.5,19.3,73.0,17.8,26.7,17.1,71.0,18.8,28.0,16.2,69.0,15.9,30.1,17.5,66.0,14.8,29.5,16.6,70.0,14.8,30.6,17.3,69.0,19.6,26.5,19.9,66.0,20.8
2021-05-11,27.5,19.3,73,17.8,0.0,5,26.7,17.1,71.0,18.8,28.0,16.2,69.0,15.9,30.1,17.5,66.0,14.8,29.5,16.6,70.0,14.8,30.6,17.3,69.0,19.6,26.5,19.9,66.0,20.8,28.8,17.9,68.0,18.1
2021-05-12,26.7,17.1,71,18.8,0.0,5,28.0,16.2,69.0,15.9,30.1,17.5,66.0,14.8,29.5,16.6,70.0,14.8,30.6,17.3,69.0,19.6,26.5,19.9,66.0,20.8,28.8,17.9,68.0,18.1,30.2,17.5,70.0,14.6
2021-05-13,28.0,16.2,69,15.9,0.0,5,30.1,17.5,66.0,14.8,29.5,16.6,70.0,14.8,30.6,17.3,69.0,19.6,26.5,19.9,66.0,20.8,28.8,17.9,68.0,18.1,30.2,17.5,70.0,14.6,29.9,18.4,67.0,18.1
2021-05-14,30.1,17.5,66,14.8,0.0,5,29.5,16.6,70.0,14.8,30.6,17.3,69.0,19.6,26.5,19.9,66.0,20.8,28.8,17.9,68.0,18.1,30.2,17.5,70.0,14.6,29.9,18.4,67.0,18.1,30.2,17.0,69.0,22.4
2021-05-15,29.5,16.6,70,14.8,0.0,5,30.6,17.3,69.0,19.6,26.5,19.9,66.0,20.8,28.8,17.9,68.0,18.1,30.2,17.5,70.0,14.6,29.9,18.4,67.0,18.1,30.2,17.0,69.0,22.4,25.2,19.2,60.0,24.3
2021-05-16,30.6,17.3,69,19.6,0.0,5,26.5,19.9,66.0,20.8,28.8,17.9,68.0,18.1,30.2,17.5,70.0,14.6,29.9,18.4,67.0,18.1,30.2,17.0,69.0,22.4,25.2,19.2,60.0,24.3,27.5,19.8,61.0,17.8
2021-05-17,26.5,19.9,66,20.8,0.0,5,28.8,17.9,68.0,18.1,30.2,17.5,70.0,14.6,29.9,18.4,67.0,18.1,30.2,17.0,69.0,22.4,25.2,19.2,60.0,24.3,27.5,19.8,61.0,17.8,30.9,18.3,64.0,16.9
2021-05-18,28.8,17.9,68,18.1,0.0,5,30.2,17.5,70.0,14.6,29.9,18.4,67.0,18.1,30.2,17.0,69.0,22.4,25.2,19.2,60.0,24.3,27.5,19.8,61.0,17.8,30.9,18.3,64.0,16.9,31.9,18.6,63.0,17.0
2021-05-19,30.2,17.5,70,14.6,0.0,5,29.9,18.4,67.0,18.1,30.2,17.0,69.0,22.4,25.2,19.2,60.0,24.3,27.5,19.8,61.0,17.8,30.9,18.3,64.0,16.9,31.9,18.6,63.0,17.0,34.2,18.5,66.0,19.9
2021-05-20,29.9,18.4,67,18.1,0.0,5,30.2,17.0,69.0,22.4,25.2,19.2,60.0,24.3,27.5,19.8,61.0,17.8,30.9,18.3,64.0,16.9,31.9,18.6,63.0,17.0,34.2,18.5,66.0,19.9,32.7,18.9,64.0,18.3
2021-05-21,30.2,17.0,69,22.4,0.0,5,25.2,19.2,60.0,24.3,27.5,19.8,61.0,17.8,30.9,18.3,64.0,16.9,31.9,18.6,63.0,17.0,34.2,18.5,66.0,19.9,32.7,18.9,64.0,18.3,30.0,19.8,71.0,26.3
2021-05-22,25.2,19.2,60,24.3,0.0,5,27.5,19.8,61.0,17.8,30.9,18.3,64.0,16.9,31.9,18.6,63.0,17.0,34.2,18.5,66.0,19.9,32.7,18.9,64.0,18.3,30.0,19.8,71.0,26.3,29.7,18.8,68.0,19.8
2021-05-23,27.5,19.8,61,17.8,0.0,5,30.9,18.3,64.0,16.9,31.9,18.6,63.0,17.0,34.2,18.5,66.0,19.9,32.7,18.9,64.0,18.3,30.0,19.8,71.0,26.3,29.7,18.8,68.0,19.8,33.1,18.0,58.0,18.8
2021-05-24,30.9,18.3,64,16.9,0.0,5,31.9,18.6,63.0,17.0,34.2,18.5,66.0,19.9,32.7,18.9,64.0,18.3,30.0,19.8,71.0,26.3,29.7,18.8,68.0,19.8,33.1,18.0,58.0,18.8,36.9,21.1,49.0,28.9
2021-05-25,31.9,18.6,63,17.0,0.0,5,34.2,18.5,66.0,19.9,32.7,18.9,64.0,18.3,30.0,19.8,71.0,26.3,29.7,18.8,68.0,19.8,33.1,18.0,58.0,18.8,36.9,21.1,49.0,28.9,30.8,19.1,66.0,21.9
2021-05-26,34.2,18.5,66,19.9,0.0,5,32.7,18.9,64.0,18.3,30.0,19.8,71.0,26.3,29.7,18.8,68.0,19.8,33.1,18.0,58.0,18.8,36.9,21.1,49.0,28.9,30.8,19.1,66.0,21.9,27.5,19.1,64.0,19.1
2021-05-27,32.7,18.9,64,18.3,0.0,5,30.0,19.8,71.0,26.3,29.7,18.8,68.0,19.8,33.1,18.0,58.0,18.8,36.9,21.1,49.0,28.9,30.8,19.1,66.0,21.9,27.5,19.1,64.0,19.1,27.5,18.6,58.0,19.7
2021-05-28,30.0,19.8,71,26.3,0.0,5,29.7,18.8,68.0,19.8,33.1,18.0,58.0,18.8,36.9,21.1,49.0,28.9,30.8,19.1,66.0,21.9,27.5,19.1,64.0,19.1,27.5,18.6,58.0,19.7,27.0,19.2,63.0,22.8
2021-05-29,29.7,18.8,68,19.8,0.0,5,33.1,18.0,58.0,18.8,36.9,21.1,49.0,28.9,30.8,19.1,66.0,21.9,27.5,19.1,64.0,19.1,27.5,18.6,58.0,19.7,27.0,19.2,63.0,22.8,29.1,20.1,60.0,16.1
2021-05-30,33.1,18.0,58,18.8,0.0,5,36.9,21.1,49.0,28.9,30.8,19.1,66.0,21.9,27.5,19.1,64.0,19.1,27.5,18.6,58.0,19.7,27.0,19.2,63.0,22.8,29.1,20.1,60.0,16.1,28.0,18.5,69.0,22.2
2021-05-31,36.9,21.1,49,28.9,0.0,5,30.8,19.1,66.0,21.9,27.5,19.1,64.0,19.1,27.5,18.6,58.0,19.7,27.0,19.2,63.0,22.8,29.1,20.1,60.0,16.1,28.0,18.5,69.0,22.2,28.5,18.6,67.0,18.9
2021-06-01,30.8,19.1,66,21.9,0.0,6,27.5,19.1,64.0,19.1,27.5,18.6,58.0,19.7,27.0,19.2,63.0,22.8,29.1,20.1,60.0,16.1,28.0,18.5,69.0,22.2,28.5,18.6,67.0,18.9,30.4,17.4,66.0,16.0
2021-06-02,27.5,19.1,64,19.1,0.0,6,27.5,18.6,58.0,19.7,27.0,19.2,63.0,22.8,29.1,20.1,60.0,16.1,28.0,18.5,69.0,22.2,28.5,18.6,67.0,18.9,30.4,17.4,66.0,16.0,38.0,18.8,52.0,15.8
2021-06-03,27.5,18.6,58,19.7,0.0,6,27.0,19.2,63.0,22.8,29.1,20.1,60.0,16.1,28.0,18.5,69.0,22.2,28.5,18.6,67.0,18.9,30.4,17.4,66.0,16.0,38.0,18.8,52.0,15.8,31.0,20.2,69.0,26.7
2021-06-04,27.0,19.2,63,22.8,0.0,6,29.1,20.1,60.0,16.1,28.0,18.5,69.0,22.2,28.5,18.6,67.0,18.9,30.4,17.4,66.0,16.0,38.0,18.8,52.0,15.8,31.0,20.2,69.0,26.7,30.8,20.0,67.0,15.6
2021-06-05,29.1,20.1,60,16.1,0.0,6,28.0,18.5,69.0,22.2,28.5,18.6,67.0,18.9,30.4,17.4,66.0,16.0,38.0,18.8,52.0,15.8,31.0,20.2,69.0,26.7,30.8,20.0,67.0,15.6,30.9,20.9,67.0,17.4
2021-06-06,28.0,18.5,69,22.2,0.0,6,28.5,18.6,67.0,18.9,30.4,17.4,66.0,16.0,38.0,18.8,52.0,15.8,31.0,20.2,69.0,26.7,30.8,20.0,67.0,15.6,30.9,20.9,67.0,17.4,29.5,21.6,67.0,19.2
2021-06-07,28.5,18.6,67,18.9,0.0,6,30.4,17.4,66.0,16.0,38.0,18.8,52.0,15.8,31.0,20.2,69.0,26.7,30.8,20.0,67.0,15.6,30.9,20.9,67.0,17.4,29.5,21.6,67.0,19.2,29.3,20.8,67.0,25.8
2021-06-08,30.4,17.4,66,16.0,0.0,6,38.0,18.8,52.0,15.8,31.0,20.2,69.0,26.7,30.8,20.0,67.0,15.6,30.9,20.9,67.0,17.4,29.5,21.6,67.0,19.2,29.3,20.8,67.0,25.8,29.2,19.5,68.0,20.0
2021-06-09,38.0,18.8,52,15.8,0.0,6,31.0,20.2,69.0,26.7,30.8,20.0,67.0,15.6,30.9,20.9,67.0,17.4,29.5,21.6,67.0,19.2,29.3,20.8,67.0,25.8,29.2,19.5,68.0,20.0,28.9,19.5,61.0,24.4
2021-06-10,31.0,20.2,69,26.7,0.0,6,30.8,20.0,67.0,15.6,30.9,20.9,67.0,17.4,29.5,21.6,67.0,19.2,29.3,20.8,67.0,25.8,29.2,19.5,68.0,20.0,28.9,19.5,61.0,24.4,27.9,20.6,58.0,19.6
2021-06-11,30.8,20.0,67,15.6,0.0,6,30.9,20.9,67.0,17.4,29.5,21.6,67.0,19.2,29.3,20.8,67.0,25.8,29.2,19.5,68.0,20.0,28.9,19.5,61.0,24.4,27.9,20.6,58.0,19.6,29.1,21.8,63.0,18.3
2021-06-12,30.9,20.9,67,17.4,0.0,6,29.5,21.6,67.0,19.2,29.3,20.8,67.0,25.8,29.2,19.5,68.0,20.0,28.9,19.5,61.0,24.4,27.9,20.6,58.0,19.6,29.1,21.8,63.0,18.3,30.1,18.8,63.0,18.9
2021-06-13,29.5,21.6,67,19.2,0.0,6,29.3,20.8,67.0,25.8,29.2,19.5,68.0,20.0,28.9,19.5,61.0,24.4,27.9,20.6,58.0,19.6,29.1,21.8,63.0,18.3,30.1,18.8,63.0,18.9,31.4,17.9,60.0,16.7
2021-06-14,29.3,20.8,67,25.8,0.0,6,29.2,19.5,68.0,20.0,28.9,19.5,61.0,24.4,27.9,20.6,58.0,19.6,29.1,21.8,63.0,18.3,30.1,18.8,63.0,18.9,31.4,17.9,60.0,16.7,33.2,19.4,61.0,20.9
2021-06-15,29.2,19.5,68,20.0,0.0,6,28.9,19.5,61.0,24.4,27.9,20.6,58.0,19.6,29.1,21.8,63.0,18.3,30.1,18.8,63.0,18.9,31.4,17.9,60.0,16.7,33.2,19.4,61.0,20.9,30.5,20.3,70.0,19.4
2021-06-16,28.9,19.5,61,24.4,0.0,6,27.9,20.6,58.0,19.6,29.1,21.8,63.0,18.3,30.1,18.8,63.0,18.9,31.4,17.9,60.0,16.7,33.2,19.4,61.0,20.9,30.5,20.3,70.0,19.4,31.2,20.6,68.0,17.6
2021-06-17,27.9,20.6,58,19.6,0.0,6,29.1,21.8,63.0,18.3,30.1,18.8,63.0,18.9,31.4,17.9,60.0,16.7,33.2,19.4,61.0,20.9,30.5,20.3,70.0,19.4,31.2,20.6,68.0,17.6,33.5,21.0,68.0,17.6
2021-06-18,29.1,21.8,63,18.3,0.0,6,30.1,18.8,63.0,18.9,31.4,17.9,60.0,16.7,33.2,19.4,61.0,20.9,30.5,20.3,70.0,19.4,31.2,20.6,68.0,17.6,33.5,21.0,68.0,17.6,32.9,21.6,70.0,22.4
2021-06-19,30.1,18.8,63,18.9,0.0,6,31.4,17.9,60.0,16.7,33.2,19.4,61.0,20.9,30.5,20.3,70.0,19.4,31.2,20.6,68.0,17.6,33.5,21.0,68.0,17.6,32.9,21.6,70.0,22.4,34.2,21.5,67.0,17.4
2021-06-20,31.4,17.9,60,16.7,0.0,6,33.2,19.4,61.0,20.9,30.5,20.3,70.0,19.4,31.2,20.6,68.0,17.6,33.5,21.0,68.0,17.6,32.9,21.6,70.0,22.4,34.2,21.5,67.0,17.4,37.8,22.7,67.0,17.8
2021-06-21,33.2,19.4,61,20.9,0.0,6,30.5,20.3,70.0,19.4,31.2,20.6,68.0,17.6,33.5,21.0,68.0,17.6,32.9,21.6,70.0,22.4,34.2,21.5,67.0,17.4,37.8,22.7,67.0,17.8,36.3,23.7,65.0,18.9
2021-06-22,30.5,20.3,70,19.4,0.0,6,31.2,20.6,68.0,17.6,33.5,21.0,68.0,17.6,32.9,21.6,70.0,22.4,34.2,21.5,67.0,17.4,37.8,22.7,67.0,17.8,36.3,23.7,65.0,18.9,36.5,23.2,67.0,19.3
2021-06-23,31.2,20.6,68,17.6,0.0,6,33.5,21.0,68.0,17.6,32.9,21.6,70.0,22.4,34.2,21.5,67.0,17.4,37.8,22.7,67.0,17.8,36.3,23.7,65.0,18.9,36.5,23.2,67.0,19.3,37.0,22.5,67.0,19.7
2021-06-24,33.5,21.0,68,17.6,0.0,6,32.9,21.6,70.0,22.4,34.2,21.5,67.0,17.4,37.8,22.7,67.0,17.8,36.3,23.7,65.0,18.9,36.5,23.2,67.0,19.3,37.0,22.5,67.0,19.7,35.9,23.2,66.0,22.2
2021-06-25,32.9,21.6,70,22.4,0.0,6,34.2,21.5,67.0,17.4,37.8,22.7,67.0,17.8,36.3,23.7,65.0,18.9,36.5,23.2,67.0,19.3,37.0,22.5,67.0,19.7,35.9,23.2,66.0,22.2,37.7,22.8,57.0,19.2
2021-06-26,34.2,21.5,67,17.4,0.0,6,37.8,22.7,67.0,17.8,36.3,23.7,65.0,18.9,36.5,23.2,67.0,19.3,37.0,22.5,67.0,19.7,35.9,23.2,66.0,22.2,37.7,22.8,57.0,19.2,36.2,23.5,64.0,26.0
2021-06-27,37.8,22.7,67,17.8,0.0,6,36.3,23.7,65.0,18.9,36.5,23.2,67.0,19.3,37.0,22.5,67.0,19.7,35.9,23.2,66.0,22.2,37.7,22.8,57.0,19.2,36.2,23.5,64.0,26.0,33.3,23.5,61.0,26.7
2021-06-28,36.3,23.7,65,18.9,0.0,6,36.5,23.2,67.0,19.3,37.0,22.5,67.0,19.7,35.9,23.2,66.0,22.2,37.7,22.8,57.0,19.2,36.2,23.5,64.0,26.0,33.3,23.5,61.0,26.7,31.9,24.3,58.0,22.9
2021-06-29,36.5,23.2,67,19.3,0.0,6,37.0,22.5,67.0,19.7,35.9,23.2,66.0,22.2,37.7,22.8,57.0,19.2,36.2,23.5,64.0,26.0,33.3,23.5,61.0,26.7,31.9,24.3,58.0,22.9,33.1,22.6,63.0,20.6
2021-06-30,37.0,22.5,67,19.7,0.0,6,35.9,23.2,66.0,22.2,37.7,22.8,57.0,19.2,36.2,23.5,64.0,26.0,33.3,23.5,61.0,26.7,31.9,24.3,58.0,22.9,33.1,22.6,63.0,20.6,33.7,22.4,71.0,21.1
2021-07-01,35.9,23.2,66,22.2,0.0,7,37.7,22.8,57.0,19.2,36.2,23.5,64.0,26.0,33.3,23.5,61.0,26.7,31.9,24.3,58.0,22.9,33.1,22.6,63.0,20.6,33.7,22.4,71.0,21.1,34.1,23.1,69.0,15.5
2021-07-02,37.7,22.8,57,19.2,0.0,7,36.2,23.5,64.0,26.0,33.3,23.5,61.0,26.7,31.9,24.3,58.0,22.9,33.1,22.6,63.0,20.6,33.7,22.4,71.0,21.1,34.1,23.1,69.0,15.5,35.2,22.1,69.0,20.3
2021-07-03,36.2,23.5,64,26.0,0.0,7,33.3,23.5,61.0,26.7,31.9,24.3,58.0,22.9,33.1,22.6,63.0,20.6,33.7,22.4,71.0,21.1,34.1,23.1,69.0,15.5,35.2,22.1,69.0,20.3,33.2,24.4,72.0,22.8
2021-07-04,33.3,23.5,61,26.7,0.0,7,31.9,24.3,58.0,22.9,33.1,22.6,63.0,20.6,33.7,22.4,71.0,21.1,34.1,23.1,69.0,15.5,35.2,22.1,69.0,20.3,33.2,24.4,72.0,22.8,34.5,23.7,71.0,20.4
2021-07-05,31.9,24.3,58,22.9,0.0,7,33.1,22.6,63.0,20.6,33.7,22.4,71.0,21.1,34.1,23.1,69.0,15.5,35.2,22.1,69.0,20.3,33.2,24.4,72.0,22.8,34.5,23.7,71.0,20.4,32.6,23.2,73.0,19.2
2021-07-06,33.1,22.6,63,20.6,0.0,7,33.7,22.4,71.0,21.1,34.1,23.1,69.0,15.5,35.2,22.1,69.0,20.3,33.2,24.4,72.0,22.8,34.5,23.7,71.0,20.4,32.6,23.2,73.0,19.2,32.2,23.5,70.0,21.1
2021-07-07,33.7,22.4,71,21.1,0.0,7,34.1,23.1,69.0,15.5,35.2,22.1,69.0,20.3,33.2,24.4,72.0,22.8,34.5,23.7,71.0,20.4,32.6,23.2,73.0,19.2,32.2,23.5,70.0,21.1,32.5,23.0,68.0,19.9
2021-07-08,34.1,23.1,69,15.5,0.0,7,35.2,22.1,69.0,20.3,33.2,24.4,72.0,22.8,34.5,23.7,71.0,20.4,32.6,23.2,73.0,19.2,32.2,23.5,70.0,21.1,32.5,23.0,68.0,19.9,37.0,22.2,69.0,20.5
2021-07-09,35.2,22.1,69,20.3,0.0,7,33.2,24.4,72.0,22.8,34.5,23.7,71.0,20.4,32.6,23.2,73.0,19.2,32.2,23.5,70.0,21.1,32.5,23.0,68.0,19.9,37.0,22.2,69.0,20.5,35.3,24.0,69.0,20.0
2021-07-10,33.2,24.4,72,22.8,0.0,7,34.5,23.7,71.0,20.4,32.6,23.2,73.0,19.2,32.2,23.5,70.0,21.1,32.5,23.0,68.0,19.9,37.0,22.2,69.0,20.5,35.3,24.0,69.0,20.0,34.2,22.9,73.0,20.3
2021-07-11,34.5,23.7,71,20.4,0.0,7,32.6,23.2,73.0,19.2,32.2,23.5,70.0,21.1,32.5,23.0,68.0,19.9,37.0,22.2,69.0,20.5,35.3,24.0,69.0,20.0,34.2,22.9,73.0,20.3,34.2,22.7,72.0,17.3
2021-07-12,32.6,23.2,73,19.2,0.0,7,32.2,23.5,70.0,21.1,32.5,23.0,68.0,19.9,37.0,22.2,69.0,20.5,35.3,24.0,69.0,20.0,34.2,22.9,73.0,20.3,34.2,22.7,72.0,17.3,35.0,22.8,69.0,16.1
2021-07-13,32.2,23.5,70,21.1,0.0,7,32.5,23.0,68.0,19.9,37.0,22.2,69.0,20.5,35.3,24.0,69.0,20.0,34.2,22.9,73.0,20.3,34.2,22.7,72.0,17.3,35.0,22.8,69.0,16.1,35.2,23.8,59.0,15.8
2021-07-14,32.5,23.0,68,19.9,0.0,7,37.0,22.2,69.0,20.5,35.3,24.0,69.0,20.0,34.2,22.9,73.0,20.3,34.2,22.7,72.0,17.3,35.0,22.8,69.0,16.1,35.2,23.8,59.0,15.8,33.9,23.9,64.0,19.0
2021-07-15,37.0,22.2,69,20.5,0.0,7,35.3,24.0,69.0,20.0,34.2,22.9,73.0,20.3,34.2,22.7,72.0,17.3,35.0,22.8,69.0,16.1,35.2,23.8,59.0,15.8,33.9,23.9,64.0,19.0,33.1,25.4,62.0,22.7
2021-07-16,35.3,24.0,69,20.0,0.0,7,34.2,22.9,73.0,20.3,34.2,22.7,72.0,17.3,35.0,22.8,69.0,16.1,35.2,23.8,59.0,15.8,33.9,23.9,64.0,19.0,33.1,25.4,62.0,22.7,33.0,26.1,62.0,28.0
2021-07-17,34.2,22.9,73,20.3,0.0,7,34.2,22.7,72.0,17.3,35.0,22.8,69.0,16.1,35.2,23.8,59.0,15.8,33.9,23.9,64.0,19.0,33.1,25.4,62.0,22.7,33.0,26.1,62.0,28.0,33.0,24.5,61.0,26.6
2021-07-18,34.2,22.7,72,17.3,0.0,7,35.0,22.8,69.0,16.1,35.2,23.8,59.0,15.8,33.9,23.9,64.0,19.0,33.1,25.4,62.0,22.7,33.0,26.1,62.0,28.0,33.0,24.5,61.0,26.6,32.9,23.5,69.0,22.7
2021-07-19,35.0,22.8,69,16.1,0.0,7,35.2,23.8,59.0,15.8,33.9,23.9,64.0,19.0,33.1,25.4,62.0,22.7,33.0,26.1,62.0,28.0,33.0,24.5,61.0,26.6,32.9,23.5,69.0,22.7,33.0,23.9,67.0,19.2
2021-07-20,35.2,23.8,59,15.8,0.0,7,33.9,23.9,64.0,19.0,33.1,25.4,62.0,22.7,33.0,26.1,62.0,28.0,33.0,24.5,61.0,26.6,32.9,23.5,69.0,22.7,33.0,23.9,67.0,19.2,34.8,22.8,65.0,17.3
2021-07-21,33.9,23.9,64,19.0,0.0,7,33.1,25.4,62.0,22.7,33.0,26.1,62.0,28.0,33.0,24.5,61.0,26.6,32.9,23.5,69.0,22.7,33.0,23.9,67.0,19.2,34.8,22.8,65.0,17.3,36.3,24.9,65.0,19.5
2021-07-22,33.1,25.4,62,22.7,0.0,7,33.0,26.1,62.0,28.0,33.0,24.5,61.0,26.6,32.9,23.5,69.0,22.7,33.0,23.9,67.0,19.2,34.8,22.8,65.0,17.3,36.3,24.9,65.0,19.5,36.6,24.4,67.0,23.1
2021-07-23,33.0,26.1,62,28.0,0.0,7,33.0,24.5,61.0,26.6,32.9,23.5,69.0,22.7,33.0,23.9,67.0,19.2,34.8,22.8,65.0,17.3,36.3,24.9,65.0,19.5,36.6,24.4,67.0,23.1,36.2,23.0,70.0,20.9
2021-07-24,33.0,24.5,61,26.6,0.0,7,32.9,23.5,69.0,22.7,33.0,23.9,67.0,19.2,34.8,22.8,65.0,17.3,36.3,24.9,65.0,19.5,36.6,24.4,67.0,23.1,36.2,23.0,70.0,20.9,38.5,23.0,68.0,17.7
2021-07-25,32.9,23.5,69,22.7,0.2,7,33.0,23.9,67.0,19.2,34.8,22.8,65.0,17.3,36.3,24.9,65.0,19.5,36.6,24.4,67.0,23.1,36.2,23.0,70.0,20.9,38.5,23.0,68.0,17.7,37.8,22.5,69.0,18.9
2021-07-26,33.0,23.9,67,19.2,0.0,7,34.8,22.8,65.0,17.3,36.3,24.9,65.0,19.5,36.6,24.4,67.0,23.1,36.2,23.0,70.0,20.9,38.5,23.0,68.0,17.7,37.8,22.5,69.0,18.9,37.8,23.7,70.0,19.3
2021-07-27,34.8,22.8,65,17.3,0.0,7,36.3,24.9,65.0,19.5,36.6,24.4,67.0,23.1,36.2,23.0,70.0,20.9,38.5,23.0,68.0,17.7,37.8,22.5,69.0,18.9,37.8,23.7,70.0,19.3,38.8,23.2,64.0,16.4
2021-07-28,36.3,24.9,65,19.5,0.0,7,36.6,24.4,67.0,23.1,36.2,23.0,70.0,20.9,38.5,23.0,68.0,17.7,37.8,22.5,69.0,18.9,37.8,23.7,70.0,19.3,38.8,23.2,64.0,16.4,39.3,24.0,61.0,18.2
2021-07-29,36.6,24.4,67,23.1,0.0,7,36.2,23.0,70.0,20.9,38.5,23.0,68.0,17.7,37.8,22.5,69.0,18.9,37.8,23.7,70.0,19.3,38.8,23.2,64.0,16.4,39.3,24.0,61.0,18.2,40.8,24.0,54.0,20.4
2021-07-30,36.2,23.0,70,20.9,0.0,7,38.5,23.0,68.0,17.7,37.8,22.5,69.0,18.9,37.8,23.7,70.0,19.3,38.8,23.2,64.0,16.4,39.3,24.0,61.0,18.2,40.8,24.0,54.0,20.4,40.0,23.4,61.0,20.7
2021-07-31,38.5,23.0,68,17.7,0.0,7,37.8,22.5,69.0,18.9,37.8,23.7,70.0,19.3,38.8,23.2,64.0,16.4,39.3,24.0,61.0,18.2,40.8,24.0,54.0,20.4,40.0,23.4,61.0,20.7,38.1,24.1,66.0,26.5
2021-08-01,37.8,22.5,69,18.9,0.0,8,37.8,23.7,70.0,19.3,38.8,23.2,64.0,16.4,39.3,24.0,61.0,18.2,40.8,24.0,54.0,20.4,40.0,23.4,61.0,20.7,38.1,24.1,66.0,26.5,34.5,24.2,67.0,21.1
2021-08-02,37.8,23.7,70,19.3,0.0,8,38.8,23.2,64.0,16.4,39.3,24.0,61.0,18.2,40.8,24.0,54.0,20.4,40.0,23.4,61.0,20.7,38.1,24.1,66.0,26.5,34.5,24.2,67.0,21.1,34.6,24.7,69.0,16.9
2021-08-03,38.8,23.2,64,16.4,0.0,8,39.3,24.0,61.0,18.2,40.8,24.0,54.0,20.4,40.0,23.4,61.0,20.7,38.1,24.1,66.0,26.5,34.5,24.2,67.0,21.1,34.6,24.7,69.0,16.9,35.3,24.5,68.0,18.6
2021-08-04,39.3,24.0,61,18.2,0.0,8,40.8,24.0,54.0,20.4,40.0,23.4,61.0,20.7,38.1,24.1,66.0,26.5,34.5,24.2,67.0,21.1,34.6,24.7,69.0,16.9,35.3,24.5,68.0,18.6,36.7,23.8,63.0,17.1
2021-08-05,40.8,24.0,54,20.4,0.0,8,40.0,23.4,61.0,20.7,38.1,24.1,66.0,26.5,34.5,24.2,67.0,21.1,34.6,24.7,69.0,16.9,35.3,24.5,68.0,18.6,36.7,23.8,63.0,17.1,36.5,24.9,63.0,16.6
2021-08-06,40.0,23.4,61,20.7,0.0,8,38.1,24.1,66.0,26.5,34.5,24.2,67.0,21.1,34.6,24.7,69.0,16.9,35.3,24.5,68.0,18.6,36.7,23.8,63.0,17.1,36.5,24.9,63.0,16.6,34.7,24.1,72.0,18.3
2021-08-07,38.1,24.1,66,26.5,0.0,8,34.5,24.2,67.0,21.1,34.6,24.7,69.0,16.9,35.3,24.5,68.0,18.6,36.7,23.8,63.0,17.1,36.5,24.9,63.0,16.6,34.7,24.1,72.0,18.3,35.2,23.4,69.0,17.7
2021-08-08,34.5,24.2,67,21.1,0.0,8,34.6,24.7,69.0,16.9,35.3,24.5,68.0,18.6,36.7,23.8,63.0,17.1,36.5,24.9,63.0,16.6,34.7,24.1,72.0,18.3,35.2,23.4,69.0,17.7,35.2,24.1,69.0,17.1
2021-08-09,34.6,24.7,69,16.9,0.0,8,35.3,24.5,68.0,18.6,36.7,23.8,63.0,17.1,36.5,24.9,63.0,16.6,34.7,24.1,72.0,18.3,35.2,23.4,69.0,17.7,35.2,24.1,69.0,17.1,34.2,24.1,69.0,22.8
2021-08-10,35.3,24.5,68,18.6,0.0,8,36.7,23.8,63.0,17.1,36.5,24.9,63.0,16.6,34.7,24.1,72.0,18.3,35.2,23.4,69.0,17.7,35.2,24.1,69.0,17.1,34.2,24.1,69.0,22.8,33.7,24.0,64.0,19.9
2021-08-11,36.7,23.8,63,17.1,0.0,8,36.5,24.9,63.0,16.6,34.7,24.1,72.0,18.3,35.2,23.4,69.0,17.7,35.2,24.1,69.0,17.1,34.2,24.1,69.0,22.8,33.7,24.0,64.0,19.9,32.5,22.8,62.0,21.7
2021-08-12,36.5,24.9,63,16.6,0.0,8,34.7,24.1,72.0,18.3,35.2,23.4,69.0,17.7,35.2,24.1,69.0,17.1,34.2,24.1,69.0,22.8,33.7,24.0,64.0,19.9,32.5,22.8,62.0,21.7,33.7,21.9,63.0,20.7
2021-08-13,34.7,24.1,72,18.3,0.0,8,35.2,23.4,69.0,17.7,35.2,24.1,69.0,17.1,34.2,24.1,69.0,22.8,33.7,24.0,64.0,19.9,32.5,22.8,62.0,21.7,33.7,21.9,63.0,20.7,35.0,24.2,67.0,16.5
2021-08-14,35.2,23.4,69,17.7,0.0,8,35.2,24.1,69.0,17.1,34.2,24.1,69.0,22.8,33.7,24.0,64.0,19.9,32.5,22.8,62.0,21.7,33.7,21.9,63.0,20.7,35.0,24.2,67.0,16.5,34.2,23.6,74.0,18.9
2021-08-15,35.2,24.1,69,17.1,0.0,8,34.2,24.1,69.0,22.8,33.7,24.0,64.0,19.9,32.5,22.8,62.0,21.7,33.7,21.9,63.0,20.7,35.0,24.2,67.0,16.5,34.2,23.6,74.0,18.9,33.0,24.9,69.0,22.4
2021-08-16,34.2,24.1,69,22.8,0.0,8,33.7,24.0,64.0,19.9,32.5,22.8,62.0,21.7,33.7,21.9,63.0,20.7,35.0,24.2,67.0,16.5,34.2,23.6,74.0,18.9,33.0,24.9,69.0,22.4,32.5,24.1,66.0,22.4
2021-08-17,33.7,24.0,64,19.9,0.0,8,32.5,22.8,62.0,21.7,33.7,21.9,63.0,20.7,35.0,24.2,67.0,16.5,34.2,23.6,74.0,18.9,33.0,24.9,69.0,22.4,32.5,24.1,66.0,22.4,33.0,23.3,67.0,16.0
2021-08-18,32.5,22.8,62,21.7,0.0,8,33.7,21.9,63.0,20.7,35.0,24.2,67.0,16.5,34.2,23.6,74.0,18.9,33.0,24.9,69.0,22.4,32.5,24.1,66.0,22.4,33.0,23.3,67.0,16.0,33.5,23.7,71.0,17.1
2021-08-19,33.7,21.9,63,20.7,0.0,8,35.0,24.2,67.0,16.5,34.2,23.6,74.0,18.9,33.0,24.9,69.0,22.4,32.5,24.1,66.0,22.4,33.0,23.3,67.0,16.0,33.5,23.7,71.0,17.1,33.0,24.4,70.0,17.7
2021-08-20,35.0,24.2,67,16.5,0.0,8,34.2,23.6,74.0,18.9,33.0,24.9,69.0,22.4,32.5,24.1,66.0,22.4,33.0,23.3,67.0,16.0,33.5,23.7,71.0,17.1,33.0,24.4,70.0,17.7,34.0,24.7,64.0,17.6
2021-08-21,34.2,23.6,74,18.9,0.0,8,33.0,24.9,69.0,22.4,32.5,24.1,66.0,22.4,33.0,23.3,67.0,16.0,33.5,23.7,71.0,17.1,33.0,24.4,70.0,17.7,34.0,24.7,64.0,17.6,33.3,23.6,71.0,20.0
2021-08-22,33.0,24.9,69,22.4,0.0,8,32.5,24.1,66.0,22.4,33.0,23.3,67.0,16.0,33.5,23.7,71.0,17.1,33.0,24.4,70.0,17.7,34.0,24.7,64.0,17.6,33.3,23.6,71.0,20.0,35.5,23.9,69.0,17.1
2021-08-23,32.5,24.1,66,22.4,0.0,8,33.0,23.3,67.0,16.0,33.5,23.7,71.0,17.1,33.0,24.4,70.0,17.7,34.0,24.7,64.0,17.6,33.3,23.6,71.0,20.0,35.5,23.9,69.0,17.1,31.6,24.4,70.0,19.0
2021-08-24,33.0,23.3,67,16.0,0.0,8,33.5,23.7,71.0,17.1,33.0,24.4,70.0,17.7,34.0,24.7,64.0,17.6,33.3,23.6,71.0,20.0,35.5,23.9,69.0,17.1,31.6,24.4,70.0,19.0,32.6,23.6,67.0,17.7
2021-08-25,33.5,23.7,71,17.1,0.0,8,33.0,24.4,70.0,17.7,34.0,24.7,64.0,17.6,33.3,23.6,71.0,20.0,35.5,23.9,69.0,17.1,31.6,24.4,70.0,19.0,32.6,23.6,67.0,17.7,32.3,23.4,65.0,18.8
2021-08-26,33.0,24.4,70,17.7,0.0,8,34.0,24.7,64.0,17.6,33.3,23.6,71.0,20.0,35.5,23.9,69.0,17.1,31.6,24.4,70.0,19.0,32.6,23.6,67.0,17.7,32.3,23.4,65.0,18.8,32.6,24.4,65.0,18.7
2021-08-27,34.0,24.7,64,17.6,0.0,8,33.3,23.6,71.0,20.0,35.5,23.9,69.0,17.1,31.6,24.4,70.0,19.0,32.6,23.6,67.0,17.7,32.3,23.4,65.0,18.8,32.6,24.4,65.0,18.7,32.5,23.2,68.0,17.8
2021-08-28,33.3,23.6,71,20.0,0.0,8,35.5,23.9,69.0,17.1,31.6,24.4,70.0,19.0,32.6,23.6,67.0,17.7,32.3,23.4,65.0,18.8,32.6,24.4,65.0,18.7,32.5,23.2,68.0,17.8,32.8,22.2,70.0,14.8
2021-08-29,35.5,23.9,69,17.1,0.0,8,31.6,24.4,70.0,19.0,32.6,23.6,67.0,17.7,32.3,23.4,65.0,18.8,32.6,24.4,65.0,18.7,32.5,23.2,68.0,17.8,32.8,22.2,70.0,14.8,31.4,24.2,67.0,23.0
2021-08-30,31.6,24.4,70,19.0,0.0,8,32.6,23.6,67.0,17.7,32.3,23.4,65.0,18.8,32.6,24.4,65.0,18.7,32.5,23.2,68.0,17.8,32.8,22.2,70.0,14.8,31.4,24.2,67.0,23.0,31.3,23.2,61.0,23.4
2021-08-31,32.6,23.6,67,17.7,0.0,8,32.3,23.4,65.0,18.8,32.6,24.4,65.0,18.7,32.5,23.2,68.0,17.8,32.8,22.2,70.0,14.8,31.4,24.2,67.0,23.0,31.3,23.2,61.0,23.4,31.0,22.2,67.0,17.1
2021-09-01,32.3,23.4,65,18.8,0.0,9,32.6,24.4,65.0,18.7,32.5,23.2,68.0,17.8,32.8,22.2,70.0,14.8,31.4,24.2,67.0,23.0,31.3,23.2,61.0,23.4,31.0,22.2,67.0,17.1,34.5,22.3,68.0,15.8
2021-09-02,32.6,24.4,65,18.7,0.0,9,32.5,23.2,68.0,17.8,32.8,22.2,70.0,14.8,31.4,24.2,67.0,23.0,31.3,23.2,61.0,23.4,31.0,22.2,67.0,17.1,34.5,22.3,68.0,15.8,33.0,24.5,72.0,20.0
2021-09-03,32.5,23.2,68,17.8,0.0,9,32.8,22.2,70.0,14.8,31.4,24.2,67.0,23.0,31.3,23.2,61.0,23.4,31.0,22.2,67.0,17.1,34.5,22.3,68.0,15.8,33.0,24.5,72.0,20.0,30.2,24.5,61.0,20.8
2021-09-04,32.8,22.2,70,14.8,0.0,9,31.4,24.2,67.0,23.0,31.3,23.2,61.0,23.4,31.0,22.2,67.0,17.1,34.5,22.3,68.0,15.8,33.0,24.5,72.0,20.0,30.2,24.5,61.0,20.8,30.1,24.2,54.0,25.0
2021-09-05,31.4,24.2,67,23.0,0.0,9,31.3,23.2,61.0,23.4,31.0,22.2,67.0,17.1,34.5,22.3,68.0,15.8,33.0,24.5,72.0,20.0,30.2,24.5,61.0,20.8,30.1,24.2,54.0,25.0,31.0,23.0,57.0,18.9
2021-09-06,31.3,23.2,61,23.4,0.0,9,31.0,22.2,67.0,17.1,34.5,22.3,68.0,15.8,33.0,24.5,72.0,20.0,30.2,24.5,61.0,20.8,30.1,24.2,54.0,25.0,31.0,23.0,57.0,18.9,37.0,22.5,62.0,25.4
2021-09-07,31.0,22.2,67,17.1,0.0,9,34.5,22.3,68.0,15.8,33.0,24.5,72.0,20.0,30.2,24.5,61.0,20.8,30.1,24.2,54.0,25.0,31.0,23.0,57.0,18.9,37.0,22.5,62.0,25.4,32.5,20.9,65.0,17.0
2021-09-08,34.5,22.3,68,15.8,0.0,9,33.0,24.5,72.0,20.0,30.2,24.5,61.0,20.8,30.1,24.2,54.0,25.0,31.0,23.0,57.0,18.9,37.0,22.5,62.0,25.4,32.5,20.9,65.0,17.0,30.0,23.2,66.0,16.0
2021-09-09,33.0,24.5,72,20.0,0.1,9,30.2,24.5,61.0,20.8,30.1,24.2,54.0,25.0,31.0,23.0,57.0,18.9,37.0,22.5,62.0,25.4,32.5,20.9,65.0,17.0,30.0,23.2,66.0,16.0,31.4,22.4,60.0,24.7
2021-09-10,30.2,24.5,61,20.8,0.0,9,30.1,24.2,54.0,25.0,31.0,23.0,57.0,18.9,37.0,22.5,62.0,25.4,32.5,20.9,65.0,17.0,30.0,23.2,66.0,16.0,31.4,22.4,60.0,24.7,30.4,22.1,59.0,17.4
2021-09-11,30.1,24.2,54,25.0,0.0,9,31.0,23.0,57.0,18.9,37.0,22.5,62.0,25.4,32.5,20.9,65.0,17.0,30.0,23.2,66.0,16.0,31.4,22.4,60.0,24.7,30.4,22.1,59.0,17.4,31.1,22.6,63.0,15.0
2021-09-12,31.0,23.0,57,18.9,0.0,9,37.0,22.5,62.0,25.4,32.5,20.9,65.0,17.0,30.0,23.2,66.0,16.0,31.4,22.4,60.0,24.7,30.4,22.1,59.0,17.4,31.1,22.6,63.0,15.0,32.9,21.8,66.0,13.8
2021-09-13,37.0,22.5,62,25.4,0.0,9,32.5,20.9,65.0,17.0,30.0,23.2,66.0,16.0,31.4,22.4,60.0,24.7,30.4,22.1,59.0,17.4,31.1,22.6,63.0,15.0,32.9,21.8,66.0,13.8,34.0,22.8,74.0,17.3
2021-09-14,32.5,20.9,65,17.0,0.0,9,30.0,23.2,66.0,16.0,31.4,22.4,60.0,24.7,30.4,22.1,59.0,17.4,31.1,22.6,63.0,15.0,32.9,21.8,66.0,13.8,34.0,22.8,74.0,17.3,35.0,23.7,71.0,16.9
2021-09-15,30.0,23.2,66,16.0,1.8,9,31.4,22.4,60.0,24.7,30.4,22.1,59.0,17.4,31.1,22.6,63.0,15.0,32.9,21.8,66.0,13.8,34.0,22.8,74.0,17.3,35.0,23.7,71.0,16.9,32.8,23.5,67.0,24.6
2021-09-16,31.4,22.4,60,24.7,0.0,9,30.4,22.1,59.0,17.4,31.1,22.6,63.0,15.0,32.9,21.8,66.0,13.8,34.0,22.8,74.0,17.3,35.0,23.7,71.0,16.9,32.8,23.5,67.0,24.6,32.2,23.2,62.0,21.3
2021-09-17,30.4,22.1,59,17.4,0.0,9,31.1,22.6,63.0,15.0,32.9,21.8,66.0,13.8,34.0,22.8,74.0,17.3,35.0,23.7,71.0,16.9,32.8,23.5,67.0,24.6,32.2,23.2,62.0,21.3,28.5,22.6,51.0,22.8
2021-09-18,31.1,22.6,63,15.0,0.0,9,32.9,21.8,66.0,13.8,34.0,22.8,74.0,17.3,35.0,23.7,71.0,16.9,32.8,23.5,67.0,24.6,32.2,23.2,62.0,21.3,28.5,22.6,51.0,22.8,28.5,21.0,50.0,15.5
2021-09-19,32.9,21.8,66,13.8,0.0,9,34.0,22.8,74.0,17.3,35.0,23.7,71.0,16.9,32.8,23.5,67.0,24.6,32.2,23.2,62.0,21.3,28.5,22.6,51.0,22.8,28.5,21.0,50.0,15.5,29.9,21.0,58.0,17.1
2021-09-20,34.0,22.8,74,17.3,0.0,9,35.0,23.7,71.0,16.9,32.8,23.5,67.0,24.6,32.2,23.2,62.0,21.3,28.5,22.6,51.0,22.8,28.5,21.0,50.0,15.5,29.9,21.0,58.0,17.1,28.5,21.1,66.0,22.0
2021-09-21,35.0,23.7,71,16.9,0.0,9,32.8,23.5,67.0,24.6,32.2,23.2,62.0,21.3,28.5,22.6,51.0,22.8,28.5,21.0,50.0,15.5,29.9,21.0,58.0,17.1,28.5,21.1,66.0,22.0,30.3,21.9,68.0,21.4
2021-09-22,32.8,23.5,67,24.6,0.0,9,32.2,23.2,62.0,21.3,28.5,22.6,51.0,22.8,28.5,21.0,50.0,15.5,29.9,21.0,58.0,17.1,28.5,21.1,66.0,22.0,30.3,21.9,68.0,21.4,31.1,19.9,72.0,19.8
2021-09-23,32.2,23.2,62,21.3,0.0,9,28.5,22.6,51.0,22.8,28.5,21.0,50.0,15.5,29.9,21.0,58.0,17.1,28.5,21.1,66.0,22.0,30.3,21.9,68.0,21.4,31.1,19.9,72.0,19.8,30.0,21.6,72.0,18.5
2021-09-24,28.5,22.6,51,22.8,0.1,9,28.5,21.0,50.0,15.5,29.9,21.0,58.0,17.1,28.5,21.1,66.0,22.0,30.3,21.9,68.0,21.4,31.1,19.9,72.0,19.8,30.0,21.6,72.0,18.5,28.6,21.1,68.0,19.0
2021-09-25,28.5,21.0,50,15.5,0.0,9,29.9,21.0,58.0,17.1,28.5,21.1,66.0,22.0,30.3,21.9,68.0,21.4,31.1,19.9,72.0,19.8,30.0,21.6,72.0,18.5,28.6,21.1,68.0,19.0,29.5,20.9,64.0,21.7
2021-09-26,29.9,21.0,58,17.1,0.0,9,28.5,21.1,66.0,22.0,30.3,21.9,68.0,21.4,31.1,19.9,72.0,19.8,30.0,21.6,72.0,18.5,28.6,21.1,68.0,19.0,29.5,20.9,64.0,21.7,28.2,21.9,66.0,21.8
2021-09-27,28.5,21.1,66,22.0,0.2,9,30.3,21.9,68.0,21.4,31.1,19.9,72.0,19.8,30.0,21.6,72.0,18.5,28.6,21.1,68.0,19.0,29.5,20.9,64.0,21.7,28.2,21.9,66.0,21.8,27.9,20.4,68.0,18.2
2021-09-28,30.3,21.9,68,21.4,0.0,9,31.1,19.9,72.0,19.8,30.0,21.6,72.0,18.5,28.6,21.1,68.0,19.0,29.5,20.9,64.0,21.7,28.2,21.9,66.0,21.8,27.9,20.4,68.0,18.2,27.5,19.6,63.0,17.7
2021-09-29,31.1,19.9,72,19.8,0.0,9,30.0,21.6,72.0,18.5,28.6,21.1,68.0,19.0,29.5,20.9,64.0,21.7,28.2,21.9,66.0,21.8,27.9,20.4,68.0,18.2,27.5,19.6,63.0,17.7,28.7,20.8,64.0,14.4
2021-09-30,30.0,21.6,72,18.5,0.0,9,28.6,21.1,68.0,19.0,29.5,20.9,64.0,21.7,28.2,21.9,66.0,21.8,27.9,20.4,68.0,18.2,27.5,19.6,63.0,17.7,28.7,20.8,64.0,14.4,29.1,19.5,65.0,16.2
2021-10-01,28.6,21.1,68,19.0,0.0,10,29.5,20.9,64.0,21.7,28.2,21.9,66.0,21.8,27.9,20.4,68.0,18.2,27.5,19.6,63.0,17.7,28.7,20.8,64.0,14.4,29.1,19.5,65.0,16.2,28.4,21.0,62.0,17.3
2021-10-02,29.5,20.9,64,21.7,0.0,10,28.2,21.9,66.0,21.8,27.9,20.4,68.0,18.2,27.5,19.6,63.0,17.7,28.7,20.8,64.0,14.4,29.1,19.5,65.0,16.2,28.4,21.0,62.0,17.3,28.0,20.5,69.0,16.2
2021-10-03,28.2,21.9,66,21.8,0.4,10,27.9,20.4,68.0,18.2,27.5,19.6,63.0,17.7,28.7,20.8,64.0,14.4,29.1,19.5,65.0,16.2,28.4,21.0,62.0,17.3,28.0,20.5,69.0,16.2,29.8,19.8,75.0,16.2
2021-10-04,27.9,20.4,68,18.2,0.0,10,27.5,19.6,63.0,17.7,28.7,20.8,64.0,14.4,29.1,19.5,65.0,16.2,28.4,21.0,62.0,17.3,28.0,20.5,69.0,16.2,29.8,19.8,75.0,16.2,29.6,19.5,74.0,14.4
2021-10-05,27.5,19.6,63,17.7,0.0,10,28.7,20.8,64.0,14.4,29.1,19.5,65.0,16.2,28.4,21.0,62.0,17.3,28.0,20.5,69.0,16.2,29.8,19.8,75.0,16.2,29.6,19.5,74.0,14.4,30.1,20.5,74.0,16.0
2021-10-06,28.7,20.8,64,14.4,0.0,10,29.1,19.5,65.0,16.2,28.4,21.0,62.0,17.3,28.0,20.5,69.0,16.2,29.8,19.8,75.0,16.2,29.6,19.5,74.0,14.4,30.1,20.5,74.0,16.0,30.0,21.0,70.0,15.7
2021-10-07,29.1,19.5,65,16.2,0.0,10,28.4,21.0,62.0,17.3,28.0,20.5,69.0,16.2,29.8,19.8,75.0,16.2,29.6,19.5,74.0,14.4,30.1,20.5,74.0,16.0,30.0,21.0,70.0,15.7,29.5,20.9,72.0,17.3
2021-10-08,28.4,21.0,62,17.3,0.0,10,28.0,20.5,69.0,16.2,29.8,19.8,75.0,16.2,29.6,19.5,74.0,14.4,30.1,20.5,74.0,16.0,30.0,21.0,70.0,15.7,29.5,20.9,72.0,17.3,30.6,20.0,69.0,14.1
2021-10-09,28.0,20.5,69,16.2,0.0,10,29.8,19.8,75.0,16.2,29.6,19.5,74.0,14.4,30.1,20.5,74.0,16.0,30.0,21.0,70.0,15.7,29.5,20.9,72.0,17.3,30.6,20.0,69.0,14.1,33.5,19.3,67.0,21.3
2021-10-10,29.8,19.8,75,16.2,0.0,10,29.6,19.5,74.0,14.4,30.1,20.5,74.0,16.0,30.0,21.0,70.0,15.7,29.5,20.9,72.0,17.3,30.6,20.0,69.0,14.1,33.5,19.3,67.0,21.3,29.5,19.7,65.0,23.0
2021-10-11,29.6,19.5,74,14.4,0.0,10,30.1,20.5,74.0,16.0,30.0,21.0,70.0,15.7,29.5,20.9,72.0,17.3,30.6,20.0,69.0,14.1,33.5,19.3,67.0,21.3,29.5,19.7,65.0,23.0,27.1,18.5,62.0,18.5
2021-10-12,30.1,20.5,74,16.0,0.0,10,30.0,21.0,70.0,15.7,29.5,20.9,72.0,17.3,30.6,20.0,69.0,14.1,33.5,19.3,67.0,21.3,29.5,19.7,65.0,23.0,27.1,18.5,62.0,18.5,26.8,18.8,63.0,19.7
2021-10-13,30.0,21.0,70,15.7,0.0,10,29.5,20.9,72.0,17.3,30.6,20.0,69.0,14.1,33.5,19.3,67.0,21.3,29.5,19.7,65.0,23.0,27.1,18.5,62.0,18.5,26.8,18.8,63.0,19.7,26.4,19.8,62.0,19.0
2021-10-14,29.5,20.9,72,17.3,0.0,10,30.6,20.0,69.0,14.1,33.5,19.3,67.0,21.3,29.5,19.7,65.0,23.0,27.1,18.5,62.0,18.5,26.8,18.8,63.0,19.7,26.4,19.8,62.0,19.0,27.0,17.5,60.0,16.3
2021-10-15,30.6,20.0,69,14.1,0.0,10,33.5,19.3,67.0,21.3,29.5,19.7,65.0,23.0,27.1,18.5,62.0,18.5,26.8,18.8,63.0,19.7,26.4,19.8,62.0,19.0,27.0,17.5,60.0,16.3,26.8,18.5,65.0,16.1
2021-10-16,33.5,19.3,67,21.3,0.0,10,29.5,19.7,65.0,23.0,27.1,18.5,62.0,18.5,26.8,18.8,63.0,19.7,26.4,19.8,62.0,19.0,27.0,17.5,60.0,16.3,26.8,18.5,65.0,16.1,25.9,19.2,66.0,16.7
2021-10-17,29.5,19.7,65,23.0,0.0,10,27.1,18.5,62.0,18.5,26.8,18.8,63.0,19.7,26.4,19.8,62.0,19.0,27.0,17.5,60.0,16.3,26.8,18.5,65.0,16.1,25.9,19.2,66.0,16.7,26.9,16.8,63.0,14.3
2021-10-18,27.1,18.5,62,18.5,0.0,10,26.8,18.8,63.0,19.7,26.4,19.8,62.0,19.0,27.0,17.5,60.0,16.3,26.8,18.5,65.0,16.1,25.9,19.2,66.0,16.7,26.9,16.8,63.0,14.3,27.1,18.5,66.0,15.0
2021-10-19,26.8,18.8,63,19.7,0.1,10,26.4,19.8,62.0,19.0,27.0,17.5,60.0,16.3,26.8,18.5,65.0,16.1,25.9,19.2,66.0,16.7,26.9,16.8,63.0,14.3,27.1,18.5,66.0,15.0,27.4,18.3,69.0,14.0
2021-10-20,26.4,19.8,62,19.0,0.0,10,27.0,17.5,60.0,16.3,26.8,18.5,65.0,16.1,25.9,19.2,66.0,16.7,26.9,16.8,63.0,14.3,27.1,18.5,66.0,15.0,27.4,18.3,69.0,14.0,27.7,18.6,75.0,16.6
2021-10-21,27.0,17.5,60,16.3,0.0,10,26.8,18.5,65.0,16.1,25.9,19.2,66.0,16.7,26.9,16.8,63.0,14.3,27.1,18.5,66.0,15.0,27.4,18.3,69.0,14.0,27.7,18.6,75.0,16.6,28.4,20.0,78.0,19.8
2021-10-22,26.8,18.5,65,16.1,0.0,10,25.9,19.2,66.0,16.7,26.9,16.8,63.0,14.3,27.1,18.5,66.0,15.0,27.4,18.3,69.0,14.0,27.7,18.6,75.0,16.6,28.4,20.0,78.0,19.8,27.6,20.5,78.0,16.2
2021-10-23,25.9,19.2,66,16.7,0.1,10,26.9,16.8,63.0,14.3,27.1,18.5,66.0,15.0,27.4,18.3,69.0,14.0,27.7,18.6,75.0,16.6,28.4,20.0,78.0,19.8,27.6,20.5,78.0,16.2,28.9,20.2,72.0,13.3
2021-10-24,26.9,16.8,63,14.3,0.0,10,27.1,18.5,66.0,15.0,27.4,18.3,69.0,14.0,27.7,18.6,75.0,16.6,28.4,20.0,78.0,19.8,27.6,20.5,78.0,16.2,28.9,20.2,72.0,13.3,31.4,19.5,78.0,17.5
2021-10-25,27.1,18.5,66,15.0,0.0,10,27.4,18.3,69.0,14.0,27.7,18.6,75.0,16.6,28.4,20.0,78.0,19.8,27.6,20.5,78.0,16.2,28.9,20.2,72.0,13.3,31.4,19.5,78.0,17.5,31.0,21.0,65.0,20.0
2021-10-26,27.4,18.3,69,14.0,0.0,10,27.7,18.6,75.0,16.6,28.4,20.0,78.0,19.8,27.6,20.5,78.0,16.2,28.9,20.2,72.0,13.3,31.4,19.5,78.0,17.5,31.0,21.0,65.0,20.0,28.0,18.1,69.0,17.4
2021-10-27,27.7,18.6,75,16.6,0.0,10,28.4,20.0,78.0,19.8,27.6,20.5,78.0,16.2,28.9,20.2,72.0,13.3,31.4,19.5,78.0,17.5,31.0,21.0,65.0,20.0,28.0,18.1,69.0,17.4,28.9,16.7,70.0,12.5
2021-10-28,28.4,20.0,78,19.8,0.0,10,27.6,20.5,78.0,16.2,28.9,20.2,72.0,13.3,31.4,19.5,78.0,17.5,31.0,21.0,65.0,20.0,28.0,18.1,69.0,17.4,28.9,16.7,70.0,12.5,27.5,19.2,69.0,16.9
2021-10-29,27.6,20.5,78,16.2,0.2,10,28.9,20.2,72.0,13.3,31.4,19.5,78.0,17.5,31.0,21.0,65.0,20.0,28.0,18.1,69.0,17.4,28.9,16.7,70.0,12.5,27.5,19.2,69.0,16.9,27.2,21.5,66.0,18.6
2021-10-30,28.9,20.2,72,13.3,1.7,10,31.4,19.5,78.0,17.5,31.0,21.0,65.0,20.0,28.0,18.1,69.0,17.4,28.9,16.7,70.0,12.5,27.5,19.2,69.0,16.9,27.2,21.5,66.0,18.6,27.6,20.5,74.0,15.6
2021-10-31,31.4,19.5,78,17.5,1.1,10,31.0,21.0,65.0,20.0,28.0,18.1,69.0,17.4,28.9,16.7,70.0,12.5,27.5,19.2,69.0,16.9,27.2,21.5,66.0,18.6,27.6,20.5,74.0,15.6,28.6,20.5,82.0,14.7
2021-11-01,31.0,21.0,65,20.0,0.0,11,28.0,18.1,69.0,17.4,28.9,16.7,70.0,12.5,27.5,19.2,69.0,16.9,27.2,21.5,66.0,18.6,27.6,20.5,74.0,15.6,28.6,20.5,82.0,14.7,29.2,18.8,79.0,13.6
2021-11-02,28.0,18.1,69,17.4,0.0,11,28.9,16.7,70.0,12.5,27.5,19.2,69.0,16.9,27.2,21.5,66.0,18.6,27.6,20.5,74.0,15.6,28.6,20.5,82.0,14.7,29.2,18.8,79.0,13.6,28.9,18.1,80.0,13.0
2021-11-03,28.9,16.7,70,12.5,0.0,11,27.5,19.2,69.0,16.9,27.2,21.5,66.0,18.6,27.6,20.5,74.0,15.6,28.6,20.5,82.0,14.7,29.2,18.8,79.0,13.6,28.9,18.1,80.0,13.0,27.6,18.0,78.0,16.2
2021-11-04,27.5,19.2,69,16.9,0.0,11,27.2,21.5,66.0,18.6,27.6,20.5,74.0,15.6,28.6,20.5,82.0,14.7,29.2,18.8,79.0,13.6,28.9,18.1,80.0,13.0,27.6,18.0,78.0,16.2,26.0,17.4,63.0,16.1
2021-11-05,27.2,21.5,66,18.6,0.0,11,27.6,20.5,74.0,15.6,28.6,20.5,82.0,14.7,29.2,18.8,79.0,13.6,28.9,18.1,80.0,13.0,27.6,18.0,78.0,16.2,26.0,17.4,63.0,16.1,25.6,19.0,57.0,17.8
2021-11-06,27.6,20.5,74,15.6,0.0,11,28.6,20.5,82.0,14.7,29.2,18.8,79.0,13.6,28.9,18.1,80.0,13.0,27.6,18.0,78.0,16.2,26.0,17.4,63.0,16.1,25.6,19.0,57.0,17.8,28.8,17.8,67.0,14.0
2021-11-07,28.6,20.5,82,14.7,0.0,11,29.2,18.8,79.0,13.6,28.9,18.1,80.0,13.0,27.6,18.0,78.0,16.2,26.0,17.4,63.0,16.1,25.6,19.0,57.0,17.8,28.8,17.8,67.0,14.0,28.4,17.0,69.0,15.2
2021-11-08,29.2,18.8,79,13.6,0.0,11,28.9,18.1,80.0,13.0,27.6,18.0,78.0,16.2,26.0,17.4,63.0,16.1,25.6,19.0,57.0,17.8,28.8,17.8,67.0,14.0,28.4,17.0,69.0,15.2,26.8,17.9,77.0,16.4
2021-11-09,28.9,18.1,80,13.0,0.0,11,27.6,18.0,78.0,16.2,26.0,17.4,63.0,16.1,25.6,19.0,57.0,17.8,28.8,17.8,67.0,14.0,28.4,17.0,69.0,15.2,26.8,17.9,77.0,16.4,26.5,15.6,76.0,9.0
2021-11-10,27.6,18.0,78,16.2,0.0,11,26.0,17.4,63.0,16.1,25.6,19.0,57.0,17.8,28.8,17.8,67.0,14.0,28.4,17.0,69.0,15.2,26.8,17.9,77.0,16.4,26.5,15.6,76.0,9.0,24.7,16.7,83.0,14.9
2021-11-11,26.0,17.4,63,16.1,0.0,11,25.6,19.0,57.0,17.8,28.8,17.8,67.0,14.0,28.4,17.0,69.0,15.2,26.8,17.9,77.0,16.4,26.5,15.6,76.0,9.0,24.7,16.7,83.0,14.9,23.5,16.0,79.0,20.9
2021-11-12,25.6,19.0,57,17.8,0.0,11,28.8,17.8,67.0,14.0,28.4,17.0,69.0,15.2,26.8,17.9,77.0,16.4,26.5,15.6,76.0,9.0,24.7,16.7,83.0,14.9,23.5,16.0,79.0,20.9,23.2,17.8,63.0,23.1
2021-11-13,28.8,17.8,67,14.0,0.0,11,28.4,17.0,69.0,15.2,26.8,17.9,77.0,16.4,26.5,15.6,76.0,9.0,24.7,16.7,83.0,14.9,23.5,16.0,79.0,20.9,23.2,17.8,63.0,23.1,21.0,13.9,81.0,19.8
2021-11-14,28.4,17.0,69,15.2,0.0,11,26.8,17.9,77.0,16.4,26.5,15.6,76.0,9.0,24.7,16.7,83.0,14.9,23.5,16.0,79.0,20.9,23.2,17.8,63.0,23.1,21.0,13.9,81.0,19.8,21.8,12.9,82.0,12.9
2021-11-15,26.8,17.9,77,16.4,0.7,11,26.5,15.6,76.0,9.0,24.7,16.7,83.0,14.9,23.5,16.0,79.0,20.9,23.2,17.8,63.0,23.1,21.0,13.9,81.0,19.8,21.8,12.9,82.0,12.9,23.2,13.6,81.0,13.9
2021-11-16,26.5,15.6,76,9.0,0.1,11,24.7,16.7,83.0,14.9,23.5,16.0,79.0,20.9,23.2,17.8,63.0,23.1,21.0,13.9,81.0,19.8,21.8,12.9,82.0,12.9,23.2,13.6,81.0,13.9,23.9,13.6,81.0,11.4
2021-11-17,24.7,16.7,83,14.9,8.4,11,23.5,16.0,79.0,20.9,23.2,17.8,63.0,23.1,21.0,13.9,81.0,19.8,21.8,12.9,82.0,12.9,23.2,13.6,81.0,13.9,23.9,13.6,81.0,11.4,24.1,13.9,80.0,11.9
2021-11-18,23.5,16.0,79,20.9,0.1,11,23.2,17.8,63.0,23.1,21.0,13.9,81.0,19.8,21.8,12.9,82.0,12.9,23.2,13.6,81.0,13.9,23.9,13.6,81.0,11.4,24.1,13.9,80.0,11.9,24.5,15.0,77.0,12.9
2021-11-19,23.2,17.8,63,23.1,0.0,11,21.0,13.9,81.0,19.8,21.8,12.9,82.0,12.9,23.2,13.6,81.0,13.9,23.9,13.6,81.0,11.4,24.1,13.9,80.0,11.9,24.5,15.0,77.0,12.9,24.1,14.1,78.0,13.3
2021-11-20,21.0,13.9,81,19.8,0.9,11,21.8,12.9,82.0,12.9,23.2,13.6,81.0,13.9,23.9,13.6,81.0,11.4,24.1,13.9,80.0,11.9,24.5,15.0,77.0,12.9,24.1,14.1,78.0,13.3,25.5,14.8,80.0,12.6
2021-11-21,21.8,12.9,82,12.9,0.1,11,23.2,13.6,81.0,13.9,23.9,13.6,81.0,11.4,24.1,13.9,80.0,11.9,24.5,15.0,77.0,12.9,24.1,14.1,78.0,13.3,25.5,14.8,80.0,12.6,30.5,14.3,70.0,14.6
2021-11-22,23.2,13.6,81,13.9,7.8,11,23.9,13.6,81.0,11.4,24.1,13.9,80.0,11.9,24.5,15.0,77.0,12.9,24.1,14.1,78.0,13.3,25.5,14.8,80.0,12.6,30.5,14.3,70.0,14.6,29.3,16.6,67.0,11.9
2021-11-23,23.9,13.6,81,11.4,0.0,11,24.1,13.9,80.0,11.9,24.5,15.0,77.0,12.9,24.1,14.1,78.0,13.3,25.5,14.8,80.0,12.6,30.5,14.3,70.0,14.6,29.3,16.6,67.0,11.9,27.0,15.6,64.0,25.0
2021-11-24,24.1,13.9,80,11.9,0.0,11,24.5,15.0,77.0,12.9,24.1,14.1,78.0,13.3,25.5,14.8,80.0,12.6,30.5,14.3,70.0,14.6,29.3,16.6,67.0,11.9,27.0,15.6,64.0,25.0,21.8,16.4,68.0,25.1
2021-11-25,24.5,15.0,77,12.9,0.1,11,24.1,14.1,78.0,13.3,25.5,14.8,80.0,12.6,30.5,14.3,70.0,14.6,29.3,16.6,67.0,11.9,27.0,15.6,64.0,25.0,21.8,16.4,68.0,25.1,22.2,14.5,55.0,13.4
2021-11-26,24.1,14.1,78,13.3,0.0,11,25.5,14.8,80.0,12.6,30.5,14.3,70.0,14.6,29.3,16.6,67.0,11.9,27.0,15.6,64.0,25.0,21.8,16.4,68.0,25.1,22.2,14.5,55.0,13.4,22.2,14.1,58.0,11.4
2021-11-27,25.5,14.8,80,12.6,0.0,11,30.5,14.3,70.0,14.6,29.3,16.6,67.0,11.9,27.0,15.6,64.0,25.0,21.8,16.4,68.0,25.1,22.2,14.5,55.0,13.4,22.2,14.1,58.0,11.4,22.6,12.5,67.0,10.1
2021-11-28,30.5,14.3,70,14.6,0.0,11,29.3,16.6,67.0,11.9,27.0,15.6,64.0,25.0,21.8,16.4,68.0,25.1,22.2,14.5,55.0,13.4,22.2,14.1,58.0,11.4,22.6,12.5,67.0,10.1,22.4,14.4,55.0,23.0
2021-11-29,29.3,16.6,67,11.9,0.0,11,27.0,15.6,64.0,25.0,21.8,16.4,68.0,25.1,22.2,14.5,55.0,13.4,22.2,14.1,58.0,11.4,22.6,12.5,67.0,10.1,22.4,14.4,55.0,23.0,23.4,12.1,74.0,10.8
2021-11-30,27.0,15.6,64,25.0,0.0,11,21.8,16.4,68.0,25.1,22.2,14.5,55.0,13.4,22.2,14.1,58.0,11.4,22.6,12.5,67.0,10.1,22.4,14.4,55.0,23.0,23.4,12.1,74.0,10.8,22.5,12.9,63.0,21.1
2021-12-01,21.8,16.4,68,25.1,0.3,12,22.2,14.5,55.0,13.4,22.2,14.1,58.0,11.4,22.6,12.5,67.0,10.1,22.4,14.4,55.0,23.0,23.4,12.1,74.0,10.8,22.5,12.9,63.0,21.1,19.1,12.1,47.0,41.2
2021-12-02,22.2,14.5,55,13.4,0.0,12,22.2,14.1,58.0,11.4,22.6,12.5,67.0,10.1,22.4,14.4,55.0,23.0,23.4,12.1,74.0,10.8,22.5,12.9,63.0,21.1,19.1,12.1,47.0,41.2,21.5,13.9,66.0,13.3
2021-12-03,22.2,14.1,58,11.4,0.0,12,22.6,12.5,67.0,10.1,22.4,14.4,55.0,23.0,23.4,12.1,74.0,10.8,22.5,12.9,63.0,21.1,19.1,12.1,47.0,41.2,21.5,13.9,66.0,13.3,22.0,13.1,77.0,18.7
2021-12-04,22.6,12.5,67,10.1,0.0,12,22.4,14.4,55.0,23.0,23.4,12.1,74.0,10.8,22.5,12.9,63.0,21.1,19.1,12.1,47.0,41.2,21.5,13.9,66.0,13.3,22.0,13.1,77.0,18.7,24.5,10.9,83.0,10.5
2021-12-05,22.4,14.4,55,23.0,0.0,12,23.4,12.1,74.0,10.8,22.5,12.9,63.0,21.1,19.1,12.1,47.0,41.2,21.5,13.9,66.0,13.3,22.0,13.1,77.0,18.7,24.5,10.9,83.0,10.5,24.1,13.3,88.0,10.1
2021-12-06,23.4,12.1,74,10.8,0.0,12,22.5,12.9,63.0,21.1,19.1,12.1,47.0,41.2,21.5,13.9,66.0,13.3,22.0,13.1,77.0,18.7,24.5,10.9,83.0,10.5,24.1,13.3,88.0,10.1,22.9,16.2,80.0,12.9
2021-12-07,22.5,12.9,63,21.1,0.0,12,19.1,12.1,47.0,41.2,21.5,13.9,66.0,13.3,22.0,13.1,77.0,18.7,24.5,10.9,83.0,10.5,24.1,13.3,88.0,10.1,22.9,16.2,80.0,12.9,22.8,13.5,70.0,23.5
2021-12-08,19.1,12.1,47,41.2,0.3,12,21.5,13.9,66.0,13.3,22.0,13.1,77.0,18.7,24.5,10.9,83.0,10.5,24.1,13.3,88.0,10.1,22.9,16.2,80.0,12.9,22.8,13.5,70.0,23.5,21.1,11.7,58.0,18.7
2021-12-09,21.5,13.9,66,13.3,0.0,12,22.0,13.1,77.0,18.7,24.5,10.9,83.0,10.5,24.1,13.3,88.0,10.1,22.9,16.2,80.0,12.9,22.8,13.5,70.0,23.5,21.1,11.7,58.0,18.7,20.8,11.9,68.0,15.6
2021-12-10,22.0,13.1,77,18.7,0.0,12,24.5,10.9,83.0,10.5,24.1,13.3,88.0,10.1,22.9,16.2,80.0,12.9,22.8,13.5,70.0,23.5,21.1,11.7,58.0,18.7,20.8,11.9,68.0,15.6,19.1,12.2,65.0,23.7
2021-12-11,24.5,10.9,83,10.5,0.0,12,24.1,13.3,88.0,10.1,22.9,16.2,80.0,12.9,22.8,13.5,70.0,23.5,21.1,11.7,58.0,18.7,20.8,11.9,68.0,15.6,19.1,12.2,65.0,23.7,19.4,10.1,59.0,25.1
2021-12-12,24.1,13.3,88,10.1,0.0,12,22.9,16.2,80.0,12.9,22.8,13.5,70.0,23.5,21.1,11.7,58.0,18.7,20.8,11.9,68.0,15.6,19.1,12.2,65.0,23.7,19.4,10.1,59.0,25.1,19.1,11.9,50.0,29.0
2021-12-13,22.9,16.2,80,12.9,0.0,12,22.8,13.5,70.0,23.5,21.1,11.7,58.0,18.7,20.8,11.9,68.0,15.6,19.1,12.2,65.0,23.7,19.4,10.1,59.0,25.1,19.1,11.9,50.0,29.0,15.6,8.7,69.0,30.2
2021-12-14,22.8,13.5,70,23.5,0.5,12,21.1,11.7,58.0,18.7,20.8,11.9,68.0,15.6,19.1,12.2,65.0,23.7,19.4,10.1,59.0,25.1,19.1,11.9,50.0,29.0,15.6,8.7,69.0,30.2,18.6,10.5,66.0,21.9
2021-12-15,21.1,11.7,58,18.7,0.0,12,20.8,11.9,68.0,15.6,19.1,12.2,65.0,23.7,19.4,10.1,59.0,25.1,19.1,11.9,50.0,29.0,15.6,8.7,69.0,30.2,18.6,10.5,66.0,21.9,17.0,10.4,80.0,15.4
2021-12-16,20.8,11.9,68,15.6,0.0,12,19.1,12.2,65.0,23.7,19.4,10.1,59.0,25.1,19.1,11.9,50.0,29.0,15.6,8.7,69.0,30.2,18.6,10.5,66.0,21.9,17.0,10.4,80.0,15.4,17.0,9.2,79.0,15.8
2021-12-17,19.1,12.2,65,23.7,0.1,12,19.4,10.1,59.0,25.1,19.1,11.9,50.0,29.0,15.6,8.7,69.0,30.2,18.6,10.5,66.0,21.9,17.0,10.4,80.0,15.4,17.0,9.2,79.0,15.8,17.6,11.2,59.0,20.1
2021-12-18,19.4,10.1,59,25.1,0.0,12,19.1,11.9,50.0,29.0,15.6,8.7,69.0,30.2,18.6,10.5,66.0,21.9,17.0,10.4,80.0,15.4,17.0,9.2,79.0,15.8,17.6,11.2,59.0,20.1,19.1,7.3,64.0,12.4
2021-12-19,19.1,11.9,50,29.0,0.0,12,15.6,8.7,69.0,30.2,18.6,10.5,66.0,21.9,17.0,10.4,80.0,15.4,17.0,9.2,79.0,15.8,17.6,11.2,59.0,20.1,19.1,7.3,64.0,12.4,20.5,8.4,64.0,17.2
2021-12-20,15.6,8.7,69,30.2,2.0,12,18.6,10.5,66.0,21.9,17.0,10.4,80.0,15.4,17.0,9.2,79.0,15.8,17.6,11.2,59.0,20.1,19.1,7.3,64.0,12.4,20.5,8.4,64.0,17.2,20.2,11.7,65.0,14.5
2021-12-21,18.6,10.5,66,21.9,0.2,12,17.0,10.4,80.0,15.4,17.0,9.2,79.0,15.8,17.6,11.2,59.0,20.1,19.1,7.3,64.0,12.4,20.5,8.4,64.0,17.2,20.2,11.7,65.0,14.5,18.8,11.9,74.0,17.6
2021-12-22,17.0,10.4,80,15.4,1.7,12,17.0,9.2,79.0,15.8,17.6,11.2,59.0,20.1,19.1,7.3,64.0,12.4,20.5,8.4,64.0,17.2,20.2,11.7,65.0,14.5,18.8,11.9,74.0,17.6,20.3,9.3,71.0,17.2
2021-12-23,17.0,9.2,79,15.8,1.8,12,17.6,11.2,59.0,20.1,19.1,7.3,64.0,12.4,20.5,8.4,64.0,17.2,20.2,11.7,65.0,14.5,18.8,11.9,74.0,17.6,20.3,9.3,71.0,17.2,18.9,11.6,58.0,22.1
2021-12-24,17.6,11.2,59,20.1,0.0,12,19.1,7.3,64.0,12.4,20.5,8.4,64.0,17.2,20.2,11.7,65.0,14.5,18.8,11.9,74.0,17.6,20.3,9.3,71.0,17.2,18.9,11.6,58.0,22.1,18.3,12.6,84.0,19.8
2021-12-25,19.1,7.3,64,12.4,0.0,12,20.5,8.4,64.0,17.2,20.2,11.7,65.0,14.5,18.8,11.9,74.0,17.6,20.3,9.3,71.0,17.2,18.9,11.6,58.0,22.1,18.3,12.6,84.0,19.8,17.9,9.8,85.0,10.7
2021-12-26,20.5,8.4,64,17.2,0.0,12,20.2,11.7,65.0,14.5,18.8,11.9,74.0,17.6,20.3,9.3,71.0,17.2,18.9,11.6,58.0,22.1,18.3,12.6,84.0,19.8,17.9,9.8,85.0,10.7,19.0,10.5,84.0,10.4
2021-12-27,20.2,11.7,65,14.5,0.0,12,18.8,11.9,74.0,17.6,20.3,9.3,71.0,17.2,18.9,11.6,58.0,22.1,18.3,12.6,84.0,19.8,17.9,9.8,85.0,10.7,19.0,10.5,84.0,10.4,20.2,11.4,75.0,17.6
2021-12-28,18.8,11.9,74,17.6,2.4,12,20.3,9.3,71.0,17.2,18.9,11.6,58.0,22.1,18.3,12.6,84.0,19.8,17.9,9.8,85.0,10.7,19.0,10.5,84.0,10.4,20.2,11.4,75.0,17.6,20.0,10.2,77.0,16.6
2021-12-29,20.3,9.3,71,17.2,0.1,12,18.9,11.6,58.0,22.1,18.3,12.6,84.0,19.8,17.9,9.8,85.0,10.7,19.0,10.5,84.0,10.4,20.2,11.4,75.0,17.6,20.0,10.2,77.0,16.6,21.2,10.3,77.0,11.7
2021-12-30,18.9,11.6,58,22.1,0.1,12,18.3,12.6,84.0,19.8,17.9,9.8,85.0,10.7,19.0,10.5,84.0,10.4,20.2,11.4,75.0,17.6,20.0,10.2,77.0,16.6,21.2,10.3,77.0,11.7,20.0,8.4,83.0,11.4
2021-12-31,18.3,12.6,84,19.8,8.6,12,17.9,9.8,85.0,10.7,19.0,10.5,84.0,10.4,20.2,11.4,75.0,17.6,20.0,10.2,77.0,16.6,21.2,10.3,77.0,11.7,20.0,8.4,83.0,11.4,19.7,10.8,83.0,9.4
2022-01-01,17.9,9.8,85,10.7,0.5,1,19.0,10.5,84.0,10.4,20.2,11.4,75.0,17.6,20.0,10.2,77.0,16.6,21.2,10.3,77.0,11.7,20.0,8.4,83.0,11.4,19.7,10.8,83.0,9.4,20.6,8.9,83.0,10.1
2022-01-02,19.0,10.5,84,10.4,0.3,1,20.2,11.4,75.0,17.6,20.0,10.2,77.0,16.6,21.2,10.3,77.0,11.7,20.0,8.4,83.0,11.4,19.7,10.8,83.0,9.4,20.6,8.9,83.0,10.1,19.0,9.6,62.0,29.2
2022-01-03,20.2,11.4,75,17.6,0.1,1,20.0,10.2,77.0,16.6,21.2,10.3,77.0,11.7,20.0,8.4,83.0,11.4,19.7,10.8,83.0,9.4,20.6,8.9,83.0,10.1,19.0,9.6,62.0,29.2,18.5,9.8,47.0,23.5
2022-01-04,20.0,10.2,77,16.6,0.1,1,21.2,10.3,77.0,11.7,20.0,8.4,83.0,11.4,19.7,10.8,83.0,9.4,20.6,8.9,83.0,10.1,19.0,9.6,62.0,29.2,18.5,9.8,47.0,23.5,20.6,9.4,42.0,24.3
2022-01-05,21.2,10.3,77,11.7,0.0,1,20.0,8.4,83.0,11.4,19.7,10.8,83.0,9.4,20.6,8.9,83.0,10.1,19.0,9.6,62.0,29.2,18.5,9.8,47.0,23.5,20.6,9.4,42.0,24.3,21.5,10.7,33.0,19.8
2022-01-06,20.0,8.4,83,11.4,0.0,1,19.7,10.8,83.0,9.4,20.6,8.9,83.0,10.1,19.0,9.6,62.0,29.2,18.5,9.8,47.0,23.5,20.6,9.4,42.0,24.3,21.5,10.7,33.0,19.8,19.5,10.6,61.0,23.5
2022-01-07,19.7,10.8,83,9.4,0.0,1,20.6,8.9,83.0,10.1,19.0,9.6,62.0,29.2,18.5,9.8,47.0,23.5,20.6,9.4,42.0,24.3,21.5,10.7,33.0,19.8,19.5,10.6,61.0,23.5,16.4,10.6,65.0,26.2
2022-01-08,20.6,8.9,83,10.1,0.0,1,19.0,9.6,62.0,29.2,18.5,9.8,47.0,23.5,20.6,9.4,42.0,24.3,21.5,10.7,33.0,19.8,19.5,10.6,61.0,23.5,16.4,10.6,65.0,26.2,16.2,8.8,66.0,27.8
2022-01-09,19.0,9.6,62,29.2,0.0,1,18.5,9.8,47.0,23.5,20.6,9.4,42.0,24.3,21.5,10.7,33.0,19.8,19.5,10.6,61.0,23.5,16.4,10.6,65.0,26.2,16.2,8.8,66.0,27.8,15.6,8.8,71.0,24.5
2022-01-10,18.5,9.8,47,23.5,0.0,1,20.6,9.4,42.0,24.3,21.5,10.7,33.0,19.8,19.5,10.6,61.0,23.5,16.4,10.6,65.0,26.2,16.2,8.8,66.0,27.8,15.6,8.8,71.0,24.5,14.6,8.6,55.0,19.9
2022-01-11,20.6,9.4,42,24.3,0.0,1,21.5,10.7,33.0,19.8,19.5,10.6,61.0,23.5,16.4,10.6,65.0,26.2,16.2,8.8,66.0,27.8,15.6,8.8,71.0,24.5,14.6,8.6,55.0,19.9,17.1,5.9,54.0,19.6
2022-01-12,21.5,10.7,33,19.8,0.0,1,19.5,10.6,61.0,23.5,16.4,10.6,65.0,26.2,16.2,8.8,66.0,27.8,15.6,8.8,71.0,24.5,14.6,8.6,55.0,19.9,17.1,5.9,54.0,19.6,14.4,9.5,52.0,32.8
2022-01-13,19.5,10.6,61,23.5,0.7,1,16.4,10.6,65.0,26.2,16.2,8.8,66.0,27.8,15.6,8.8,71.0,24.5,14.6,8.6,55.0,19.9,17.1,5.9,54.0,19.6,14.4,9.5,52.0,32.8,15.8,9.8,51.0,18.4
2022-01-14,16.4,10.6,65,26.2,0.0,1,16.2,8.8,66.0,27.8,15.6,8.8,71.0,24.5,14.6,8.6,55.0,19.9,17.1,5.9,54.0,19.6,14.4,9.5,52.0,32.8,15.8,9.8,51.0,18.4,16.4,5.3,63.0,12.8
2022-01-15,16.2,8.8,66,27.8,0.5,1,15.6,8.8,71.0,24.5,14.6,8.6,55.0,19.9,17.1,5.9,54.0,19.6,14.4,9.5,52.0,32.8,15.8,9.8,51.0,18.4,16.4,5.3,63.0,12.8,17.4,5.5,62.0,17.2
2022-01-16,15.6,8.8,71,24.5,3.4,1,14.6,8.6,55.0,19.9,17.1,5.9,54.0,19.6,14.4,9.5,52.0,32.8,15.8,9.8,51.0,18.4,16.4,5.3,63.0,12.8,17.4,5.5,62.0,17.2,12.6,8.1,68.0,23.3
2022-01-17,14.6,8.6,55,19.9,0.3,1,17.1,5.9,54.0,19.6,14.4,9.5,52.0,32.8,15.8,9.8,51.0,18.4,16.4,5.3,63.0,12.8,17.4,5.5,62.0,17.2,12.6,8.1,68.0,23.3,13.1,7.7,72.0,16.5
2022-01-18,17.1,5.9,54,19.6,0.0,1,14.4,9.5,52.0,32.8,15.8,9.8,51.0,18.4,16.4,5.3,63.0,12.8,17.4,5.5,62.0,17.2,12.6,8.1,68.0,23.3,13.1,7.7,72.0,16.5,17.5,4.9,59.0,22.1
2022-01-19,14.4,9.5,52,32.8,0.4,1,15.8,9.8,51.0,18.4,16.4,5.3,63.0,12.8,17.4,5.5,62.0,17.2,12.6,8.1,68.0,23.3,13.1,7.7,72.0,16.5,17.5,4.9,59.0,22.1,11.1,6.2,75.0,29.5
2022-01-20,15.8,9.8,51,18.4,0.0,1,16.4,5.3,63.0,12.8,17.4,5.5,62.0,17.2,12.6,8.1,68.0,23.3,13.1,7.7,72.0,16.5,17.5,4.9,59.0,22.1,11.1,6.2,75.0,29.5,13.3,6.4,74.0,23.0
2022-01-21,16.4,5.3,63,12.8,0.0,1,17.4,5.5,62.0,17.2,12.6,8.1,68.0,23.3,13.1,7.7,72.0,16.5,17.5,4.9,59.0,22.1,11.1,6.2,75.0,29.5,13.3,6.4,74.0,23.0,15.2,7.2,78.0,18.2
2022-01-22,17.4,5.5,62,17.2,0.0,1,12.6,8.1,68.0,23.3,13.1,7.7,72.0,16.5,17.5,4.9,59.0,22.1,11.1,6.2,75.0,29.5,13.3,6.4,74.0,23.0,15.2,7.2,78.0,18.2,16.4,5.3,81.0,10.2
2022-01-23,12.6,8.1,68,23.3,1.7,1,13.1,7.7,72.0,16.5,17.5,4.9,59.0,22.1,11.1,6.2,75.0,29.5,13.3,6.4,74.0,23.0,15.2,7.2,78.0,18.2,16.4,5.3,81.0,10.2,18.1,6.9,64.0,17.6
2022-01-24,13.1,7.7,72,16.5,1.2,1,17.5,4.9,59.0,22.1,11.1,6.2,75.0,29.5,13.3,6.4,74.0,23.0,15.2,7.2,78.0,18.2,16.4,5.3,81.0,10.2,18.1,6.9,64.0,17.6,15.9,7.9,59.0,19.7
2022-01-25,17.5,4.9,59,22.1,0.0,1,11.1,6.2,75.0,29.5,13.3,6.4,74.0,23.0,15.2,7.2,78.0,18.2,16.4,5.3,81.0,10.2,18.1,6.9,64.0,17.6,15.9,7.9,59.0,19.7,19.1,8.8,73.0,16.7
2022-01-26,11.1,6.2,75,29.5,4.8,1,13.3,6.4,74.0,23.0,15.2,7.2,78.0,18.2,16.4,5.3,81.0,10.2,18.1,6.9,64.0,17.6,15.9,7.9,59.0,19.7,19.1,8.8,73.0,16.7,20.8,7.1,54.0,15.7
2022-01-27,13.3,6.4,74,23.0,4.6,1,15.2,7.2,78.0,18.2,16.4,5.3,81.0,10.2,18.1,6.9,64.0,17.6,15.9,7.9,59.0,19.7,19.1,8.8,73.0,16.7,20.8,7.1,54.0,15.7,19.0,8.0,47.0,28.8
2022-01-28,15.2,7.2,78,18.2,0.2,1,16.4,5.3,81.0,10.2,18.1,6.9,64.0,17.6,15.9,7.9,59.0,19.7,19.1,8.8,73.0,16.7,20.8,7.1,54.0,15.7,19.0,8.0,47.0,28.8,17.5,9.5,58.0,25.3
2022-01-29,16.4,5.3,81,10.2,0.5,1,18.1,6.9,64.0,17.6,15.9,7.9,59.0,19.7,19.1,8.8,73.0,16.7,20.8,7.1,54.0,15.7,19.0,8.0,47.0,28.8,17.5,9.5,58.0,25.3,17.0,10.8,61.0,26.7
2022-01-30,18.1,6.9,64,17.6,0.0,1,15.9,7.9,59.0,19.7,19.1,8.8,73.0,16.7,20.8,7.1,54.0,15.7,19.0,8.0,47.0,28.8,17.5,9.5,58.0,25.3,17.0,10.8,61.0,26.7,19.9,8.4,65.0,18.2
2022-01-31,15.9,7.9,59,19.7,0.0,1,19.1,8.8,73.0,16.7,20.8,7.1,54.0,15.7,19.0,8.0,47.0,28.8,17.5,9.5,58.0,25.3,17.0,10.8,61.0,26.7,19.9,8.4,65.0,18.2,20.8,7.8,78.0,14.6
2022-02-01,19.1,8.8,73,16.7,0.3,2,20.8,7.1,54.0,15.7,19.0,8.0,47.0,28.8,17.5,9.5,58.0,25.3,17.0,10.8,61.0,26.7,19.9,8.4,65.0,18.2,20.8,7.8,78.0,14.6,24.5,8.2,66.0,16.5
2022-02-02,20.8,7.1,54,15.7,0.0,2,19.0,8.0,47.0,28.8,17.5,9.5,58.0,25.3,17.0,10.8,61.0,26.7,19.9,8.4,65.0,18.2,20.8,7.8,78.0,14.6,24.5,8.2,66.0,16.5,17.5,9.1,64.0,31.5
2022-02-03,19.0,8.0,47,28.8,0.0,2,17.5,9.5,58.0,25.3,17.0,10.8,61.0,26.7,19.9,8.4,65.0,18.2,20.8,7.8,78.0,14.6,24.5,8.2,66.0,16.5,17.5,9.1,64.0,31.5,17.0,9.9,64.0,24.0
2022-02-04,17.5,9.5,58,25.3,0.6,2,17.0,10.8,61.0,26.7,19.9,8.4,65.0,18.2,20.8,7.8,78.0,14.6,24.5,8.2,66.0,16.5,17.5,9.1,64.0,31.5,17.0,9.9,64.0,24.0,18.4,8.8,64.0,16.2
2022-02-05,17.0,10.8,61,26.7,0.0,2,19.9,8.4,65.0,18.2,20.8,7.8,78.0,14.6,24.5,8.2,66.0,16.5,17.5,9.1,64.0,31.5,17.0,9.9,64.0,24.0,18.4,8.8,64.0,16.2,19.0,8.4,68.0,16.2
2022-02-06,19.9,8.4,65,18.2,0.1,2,20.8,7.8,78.0,14.6,24.5,8.2,66.0,16.5,17.5,9.1,64.0,31.5,17.0,9.9,64.0,24.0,18.4,8.8,64.0,16.2,19.0,8.4,68.0,16.2,18.3,10.1,75.0,18.3
2022-02-07,20.8,7.8,78,14.6,0.0,2,24.5,8.2,66.0,16.5,17.5,9.1,64.0,31.5,17.0,9.9,64.0,24.0,18.4,8.8,64.0,16.2,19.0,8.4,68.0,16.2,18.3,10.1,75.0,18.3,18.5,8.9,67.0,17.7
2022-02-08,24.5,8.2,66,16.5,0.0,2,17.5,9.1,64.0,31.5,17.0,9.9,64.0,24.0,18.4,8.8,64.0,16.2,19.0,8.4,68.0,16.2,18.3,10.1,75.0,18.3,18.5,8.9,67.0,17.7,18.2,10.6,68.0,20.1
2022-02-09,17.5,9.1,64,31.5,0.1,2,17.0,9.9,64.0,24.0,18.4,8.8,64.0,16.2,19.0,8.4,68.0,16.2,18.3,10.1,75.0,18.3,18.5,8.9,67.0,17.7,18.2,10.6,68.0,20.1,19.1,9.9,67.0,14.2
2022-02-10,17.0,9.9,64,24.0,1.8,2,18.4,8.8,64.0,16.2,19.0,8.4,68.0,16.2,18.3,10.1,75.0,18.3,18.5,8.9,67.0,17.7,18.2,10.6,68.0,20.1,19.1,9.9,67.0,14.2,19.1,9.7,73.0,11.8
2022-02-11,18.4,8.8,64,16.2,0.0,2,19.0,8.4,68.0,16.2,18.3,10.1,75.0,18.3,18.5,8.9,67.0,17.7,18.2,10.6,68.0,20.1,19.1,9.9,67.0,14.2,19.1,9.7,73.0,11.8,18.6,10.3,69.0,17.3
2022-02-12,19.0,8.4,68,16.2,0.0,2,18.3,10.1,75.0,18.3,18.5,8.9,67.0,17.7,18.2,10.6,68.0,20.1,19.1,9.9,67.0,14.2,19.1,9.7,73.0,11.8,18.6,10.3,69.0,17.3,15.6,10.4,73.0,24.0
2022-02-13,18.3,10.1,75,18.3,0.1,2,18.5,8.9,67.0,17.7,18.2,10.6,68.0,20.1,19.1,9.9,67.0,14.2,19.1,9.7,73.0,11.8,18.6,10.3,69.0,17.3,15.6,10.4,73.0,24.0,20.0,9.1,74.0,16.1
2022-02-14,18.5,8.9,67,17.7,0.0,2,18.2,10.6,68.0,20.1,19.1,9.9,67.0,14.2,19.1,9.7,73.0,11.8,18.6,10.3,69.0,17.3,15.6,10.4,73.0,24.0,20.0,9.1,74.0,16.1,22.4,9.6,78.0,14.1
2022-02-15,18.2,10.6,68,20.1,0.0,2,19.1,9.9,67.0,14.2,19.1,9.7,73.0,11.8,18.6,10.3,69.0,17.3,15.6,10.4,73.0,24.0,20.0,9.1,74.0,16.1,22.4,9.6,78.0,14.1,24.4,9.9,66.0,11.9
2022-02-16,19.1,9.9,67,14.2,0.0,2,19.1,9.7,73.0,11.8,18.6,10.3,69.0,17.3,15.6,10.4,73.0,24.0,20.0,9.1,74.0,16.1,22.4,9.6,78.0,14.1,24.4,9.9,66.0,11.9,24.5,12.4,62.0,15.1
2022-02-17,19.1,9.7,73,11.8,0.0,2,18.6,10.3,69.0,17.3,15.6,10.4,73.0,24.0,20.0,9.1,74.0,16.1,22.4,9.6,78.0,14.1,24.4,9.9,66.0,11.9,24.5,12.4,62.0,15.1,18.9,10.6,68.0,28.9
2022-02-18,18.6,10.3,69,17.3,0.1,2,15.6,10.4,73.0,24.0,20.0,9.1,74.0,16.1,22.4,9.6,78.0,14.1,24.4,9.9,66.0,11.9,24.5,12.4,62.0,15.1,18.9,10.6,68.0,28.9,17.4,10.8,69.0,33.3
2022-02-19,15.6,10.4,73,24.0,6.6,2,20.0,9.1,74.0,16.1,22.4,9.6,78.0,14.1,24.4,9.9,66.0,11.9,24.5,12.4,62.0,15.1,18.9,10.6,68.0,28.9,17.4,10.8,69.0,33.3,19.0,10.8,62.0,20.7
2022-02-20,20.0,9.1,74,16.1,0.0,2,22.4,9.6,78.0,14.1,24.4,9.9,66.0,11.9,24.5,12.4,62.0,15.1,18.9,10.6,68.0,28.9,17.4,10.8,69.0,33.3,19.0,10.8,62.0,20.7,18.8,7.2,65.0,13.4
2022-02-21,22.4,9.6,78,14.1,0.0,2,24.4,9.9,66.0,11.9,24.5,12.4,62.0,15.1,18.9,10.6,68.0,28.9,17.4,10.8,69.0,33.3,19.0,10.8,62.0,20.7,18.8,7.2,65.0,13.4,20.5,8.9,68.0,11.8
2022-02-22,24.4,9.9,66,11.9,0.0,2,24.5,12.4,62.0,15.1,18.9,10.6,68.0,28.9,17.4,10.8,69.0,33.3,19.0,10.8,62.0,20.7,18.8,7.2,65.0,13.4,20.5,8.9,68.0,11.8,22.9,9.0,69.0,11.6
2022-02-23,24.5,12.4,62,15.1,0.0,2,18.9,10.6,68.0,28.9,17.4,10.8,69.0,33.3,19.0,10.8,62.0,20.7,18.8,7.2,65.0,13.4,20.5,8.9,68.0,11.8,22.9,9.0,69.0,11.6,21.2,13.9,80.0,25.0
2022-02-24,18.9,10.6,68,28.9,2.6,2,17.4,10.8,69.0,33.3,19.0,10.8,62.0,20.7,18.8,7.2,65.0,13.4,20.5,8.9,68.0,11.8,22.9,9.0,69.0,11.6,21.2,13.9,80.0,25.0,18.0,12.8,56.0,31.7
2022-02-25,17.4,10.8,69,33.3,0.7,2,19.0,10.8,62.0,20.7,18.8,7.2,65.0,13.4,20.5,8.9,68.0,11.8,22.9,9.0,69.0,11.6,21.2,13.9,80.0,25.0,18.0,12.8,56.0,31.7,18.0,9.3,65.0,11.2
2022-02-26,19.0,10.8,62,20.7,0.0,2,18.8,7.2,65.0,13.4,20.5,8.9,68.0,11.8,22.9,9.0,69.0,11.6,21.2,13.9,80.0,25.0,18.0,12.8,56.0,31.7,18.0,9.3,65.0,11.2,19.3,9.9,68.0,17.2
2022-02-27,18.8,7.2,65,13.4,0.0,2,20.5,8.9,68.0,11.8,22.9,9.0,69.0,11.6,21.2,13.9,80.0,25.0,18.0,12.8,56.0,31.7,18.0,9.3,65.0,11.2,19.3,9.9,68.0,17.2,30.7,13.5,64.0,29.8
2022-02-28,20.5,8.9,68,11.8,0.0,2,22.9,9.0,69.0,11.6,21.2,13.9,80.0,25.0,18.0,12.8,56.0,31.7,18.0,9.3,65.0,11.2,19.3,9.9,68.0,17.2,30.7,13.5,64.0,29.8,20.2,12.9,74.0,15.4
2022-03-01,22.9,9.0,69,11.6,0.0,3,21.2,13.9,80.0,25.0,18.0,12.8,56.0,31.7,18.0,9.3,65.0,11.2,19.3,9.9,68.0,17.2,30.7,13.5,64.0,29.8,20.2,12.9,74.0,15.4,20.0,12.6,76.0,20.2
2022-03-02,21.2,13.9,80,25.0,0.0,3,18.0,12.8,56.0,31.7,18.0,9.3,65.0,11.2,19.3,9.9,68.0,17.2,30.7,13.5,64.0,29.8,20.2,12.9,74.0,15.4,20.0,12.6,76.0,20.2,18.3,11.4,78.0,19.7
2022-03-03,18.0,12.8,56,31.7,0.1,3,18.0,9.3,65.0,11.2,19.3,9.9,68.0,17.2,30.7,13.5,64.0,29.8,20.2,12.9,74.0,15.4,20.0,12.6,76.0,20.2,18.3,11.4,78.0,19.7,19.1,10.2,63.0,37.1
2022-03-04,18.0,9.3,65,11.2,0.4,3,19.3,9.9,68.0,17.2,30.7,13.5,64.0,29.8,20.2,12.9,74.0,15.4,20.0,12.6,76.0,20.2,18.3,11.4,78.0,19.7,19.1,10.2,63.0,37.1,15.1,10.1,54.0,32.7
2022-03-05,19.3,9.9,68,17.2,0.0,3,30.7,13.5,64.0,29.8,20.2,12.9,74.0,15.4,20.0,12.6,76.0,20.2,18.3,11.4,78.0,19.7,19.1,10.2,63.0,37.1,15.1,10.1,54.0,32.7,14.9,8.3,53.0,24.4
2022-03-06,30.7,13.5,64,29.8,0.0,3,20.2,12.9,74.0,15.4,20.0,12.6,76.0,20.2,18.3,11.4,78.0,19.7,19.1,10.2,63.0,37.1,15.1,10.1,54.0,32.7,14.9,8.3,53.0,24.4,13.8,6.5,63.0,22.9
2022-03-07,20.2,12.9,74,15.4,0.0,3,20.0,12.6,76.0,20.2,18.3,11.4,78.0,19.7,19.1,10.2,63.0,37.1,15.1,10.1,54.0,32.7,14.9,8.3,53.0,24.4,13.8,6.5,63.0,22.9,13.6,8.7,47.0,18.9
2022-03-08,20.0,12.6,76,20.2,3.9,3,18.3,11.4,78.0,19.7,19.1,10.2,63.0,37.1,15.1,10.1,54.0,32.7,14.9,8.3,53.0,24.4,13.8,6.5,63.0,22.9,13.6,8.7,47.0,18.9,15.1,7.6,53.0,27.9
2022-03-09,18.3,11.4,78,19.7,3.3,3,19.1,10.2,63.0,37.1,15.1,10.1,54.0,32.7,14.9,8.3,53.0,24.4,13.8,6.5,63.0,22.9,13.6,8.7,47.0,18.9,15.1,7.6,53.0,27.9,16.8,8.9,49.0,15.6
2022-03-10,19.1,10.2,63,37.1,0.1,3,15.1,10.1,54.0,32.7,14.9,8.3,53.0,24.4,13.8,6.5,63.0,22.9,13.6,8.7,47.0,18.9,15.1,7.6,53.0,27.9,16.8,8.9,49.0,15.6,19.0,5.4,62.0,19.3
2022-03-11,15.1,10.1,54,32.7,0.1,3,14.9,8.3,53.0,24.4,13.8,6.5,63.0,22.9,13.6,8.7,47.0,18.9,15.1,7.6,53.0,27.9,16.8,8.9,49.0,15.6,19.0,5.4,62.0,19.3,18.5,8.1,69.0,18.8
2022-03-12,14.9,8.3,53,24.4,0.0,3,13.8,6.5,63.0,22.9,13.6,8.7,47.0,18.9,15.1,7.6,53.0,27.9,16.8,8.9,49.0,15.6,19.0,5.4,62.0,19.3,18.5,8.1,69.0,18.8,17.5,9.9,62.0,19.7
2022-03-13,13.8,6.5,63,22.9,1.9,3,13.6,8.7,47.0,18.9,15.1,7.6,53.0,27.9,16.8,8.9,49.0,15.6,19.0,5.4,62.0,19.3,18.5,8.1,69.0,18.8,17.5,9.9,62.0,19.7,15.4,8.4,49.0,24.8
2022-03-14,13.6,8.7,47,18.9,0.0,3,15.1,7.6,53.0,27.9,16.8,8.9,49.0,15.6,19.0,5.4,62.0,19.3,18.5,8.1,69.0,18.8,17.5,9.9,62.0,19.7,15.4,8.4,49.0,24.8,15.9,10.2,50.0,17.3
2022-03-15,15.1,7.6,53,27.9,1.0,3,16.8,8.9,49.0,15.6,19.0,5.4,62.0,19.3,18.5,8.1,69.0,18.8,17.5,9.9,62.0,19.7,15.4,8.4,49.0,24.8,15.9,10.2,50.0,17.3,16.2,7.2,64.0,13.3
2022-03-16,16.8,8.9,49,15.6,0.0,3,19.0,5.4,62.0,19.3,18.5,8.1,69.0,18.8,17.5,9.9,62.0,19.7,15.4,8.4,49.0,24.8,15.9,10.2,50.0,17.3,16.2,7.2,64.0,13.3,17.0,6.4,63.0,22.8
2022-03-17,19.0,5.4,62,19.3,0.0,3,18.5,8.1,69.0,18.8,17.5,9.9,62.0,19.7,15.4,8.4,49.0,24.8,15.9,10.2,50.0,17.3,16.2,7.2,64.0,13.3,17.0,6.4,63.0,22.8,17.0,8.5,64.0,24.5
2022-03-18,18.5,8.1,69,18.8,0.1,3,17.5,9.9,62.0,19.7,15.4,8.4,49.0,24.8,15.9,10.2,50.0,17.3,16.2,7.2,64.0,13.3,17.0,6.4,63.0,22.8,17.0,8.5,64.0,24.5,18.2,8.9,60.0,30.8
2022-03-19,17.5,9.9,62,19.7,0.0,3,15.4,8.4,49.0,24.8,15.9,10.2,50.0,17.3,16.2,7.2,64.0,13.3,17.0,6.4,63.0,22.8,17.0,8.5,64.0,24.5,18.2,8.9,60.0,30.8,22.4,7.0,70.0,23.4
2022-03-20,15.4,8.4,49,24.8,0.1,3,15.9,10.2,50.0,17.3,16.2,7.2,64.0,13.3,17.0,6.4,63.0,22.8,17.0,8.5,64.0,24.5,18.2,8.9,60.0,30.8,22.4,7.0,70.0,23.4,19.3,10.1,77.0,17.1
2022-03-21,15.9,10.2,50,17.3,0.0,3,16.2,7.2,64.0,13.3,17.0,6.4,63.0,22.8,17.0,8.5,64.0,24.5,18.2,8.9,60.0,30.8,22.4,7.0,70.0,23.4,19.3,10.1,77.0,17.1,20.0,9.4,72.0,18.7
2022-03-22,16.2,7.2,64,13.3,0.5,3,17.0,6.4,63.0,22.8,17.0,8.5,64.0,24.5,18.2,8.9,60.0,30.8,22.4,7.0,70.0,23.4,19.3,10.1,77.0,17.1,20.0,9.4,72.0,18.7,21.7,11.6,76.0,20.2
2022-03-23,17.0,6.4,63,22.8,0.6,3,17.0,8.5,64.0,24.5,18.2,8.9,60.0,30.8,22.4,7.0,70.0,23.4,19.3,10.1,77.0,17.1,20.0,9.4,72.0,18.7,21.7,11.6,76.0,20.2,23.8,11.3,72.0,13.3
2022-03-24,17.0,8.5,64,24.5,1.1,3,18.2,8.9,60.0,30.8,22.4,7.0,70.0,23.4,19.3,10.1,77.0,17.1,20.0,9.4,72.0,18.7,21.7,11.6,76.0,20.2,23.8,11.3,72.0,13.3,25.8,11.9,72.0,15.5
2022-03-25,18.2,8.9,60,30.8,0.0,3,22.4,7.0,70.0,23.4,19.3,10.1,77.0,17.1,20.0,9.4,72.0,18.7,21.7,11.6,76.0,20.2,23.8,11.3,72.0,13.3,25.8,11.9,72.0,15.5,28.2,12.4,69.0,11.8
2022-03-26,22.4,7.0,70,23.4,0.0,3,19.3,10.1,77.0,17.1,20.0,9.4,72.0,18.7,21.7,11.6,76.0,20.2,23.8,11.3,72.0,13.3,25.8,11.9,72.0,15.5,28.2,12.4,69.0,11.8,32.7,12.7,61.0,14.9
2022-03-27,19.3,10.1,77,17.1,0.0,3,20.0,9.4,72.0,18.7,21.7,11.6,76.0,20.2,23.8,11.3,72.0,13.3,25.8,11.9,72.0,15.5,28.2,12.4,69.0,11.8,32.7,12.7,61.0,14.9,26.7,15.4,62.0,16.5
2022-03-28,20.0,9.4,72,18.7,0.0,3,21.7,11.6,76.0,20.2,23.8,11.3,72.0,13.3,25.8,11.9,72.0,15.5,28.2,12.4,69.0,11.8,32.7,12.7,61.0,14.9,26.7,15.4,62.0,16.5,27.0,13.4,59.0,16.5
2022-03-29,21.7,11.6,76,20.2,0.0,3,23.8,11.3,72.0,13.3,25.8,11.9,72.0,15.5,28.2,12.4,69.0,11.8,32.7,12.7,61.0,14.9,26.7,15.4,62.0,16.5,27.0,13.4,59.0,16.5,36.0,15.8,42.0,16.4
2022-03-30,23.8,11.3,72,13.3,0.0,3,25.8,11.9,72.0,15.5,28.2,12.4,69.0,11.8,32.7,12.7,61.0,14.9,26.7,15.4,62.0,16.5,27.0,13.4,59.0,16.5,36.0,15.8,42.0,16.4,31.4,17.2,37.0,25.4
2022-03-31,25.8,11.9,72,15.5,0.0,3,28.2,12.4,69.0,11.8,32.7,12.7,61.0,14.9,26.7,15.4,62.0,16.5,27.0,13.4,59.0,16.5,36.0,15.8,42.0,16.4,31.4,17.2,37.0,25.4,36.6,13.8,47.0,13.4
2022-04-01,28.2,12.4,69,11.8,0.0,4,32.7,12.7,61.0,14.9,26.7,15.4,62.0,16.5,27.0,13.4,59.0,16.5,36.0,15.8,42.0,16.4,31.4,17.2,37.0,25.4,36.6,13.8,47.0,13.4,27.5,14.0,56.0,29.4
2022-04-02,32.7,12.7,61,14.9,0.0,4,26.7,15.4,62.0,16.5,27.0,13.4,59.0,16.5,36.0,15.8,42.0,16.4,31.4,17.2,37.0,25.4,36.6,13.8,47.0,13.4,27.5,14.0,56.0,29.4,23.0,12.6,77.0,15.2
2022-04-03,26.7,15.4,62,16.5,0.0,4,27.0,13.4,59.0,16.5,36.0,15.8,42.0,16.4,31.4,17.2,37.0,25.4,36.6,13.8,47.0,13.4,27.5,14.0,56.0,29.4,23.0,12.6,77.0,15.2,25.2,14.2,77.0,16.6
2022-04-04,27.0,13.4,59,16.5,0.0,4,36.0,15.8,42.0,16.4,31.4,17.2,37.0,25.4,36.6,13.8,47.0,13.4,27.5,14.0,56.0,29.4,23.0,12.6,77.0,15.2,25.2,14.2,77.0,16.6,23.8,12.9,70.0,26.5
2022-04-05,36.0,15.8,42,16.4,0.0,4,31.4,17.2,37.0,25.4,36.6,13.8,47.0,13.4,27.5,14.0,56.0,29.4,23.0,12.6,77.0,15.2,25.2,14.2,77.0,16.6,23.8,12.9,70.0,26.5,20.1,14.6,52.0,21.4
2022-04-06,31.4,17.2,37,25.4,0.0,4,36.6,13.8,47.0,13.4,27.5,14.0,56.0,29.4,23.0,12.6,77.0,15.2,25.2,14.2,77.0,16.6,23.8,12.9,70.0,26.5,20.1,14.6,52.0,21.4,20.8,11.8,62.0,16.3
2022-04-07,36.6,13.8,47,13.4,0.0,4,27.5,14.0,56.0,29.4,23.0,12.6,77.0,15.2,25.2,14.2,77.0,16.6,23.8,12.9,70.0,26.5,20.1,14.6,52.0,21.4,20.8,11.8,62.0,16.3,21.5,13.6,63.0,19.0
2022-04-08,27.5,14.0,56,29.4,0.0,4,23.0,12.6,77.0,15.2,25.2,14.2,77.0,16.6,23.8,12.9,70.0,26.5,20.1,14.6,52.0,21.4,20.8,11.8,62.0,16.3,21.5,13.6,63.0,19.0,22.6,13.3,61.0,17.7
2022-04-09,23.0,12.6,77,15.2,0.0,4,25.2,14.2,77.0,16.6,23.8,12.9,70.0,26.5,20.1,14.6,52.0,21.4,20.8,11.8,62.0,16.3,21.5,13.6,63.0,19.0,22.6,13.3,61.0,17.7,24.6,13.3,58.0,20.5
2022-04-10,25.2,14.2,77,16.6,0.0,4,23.8,12.9,70.0,26.5,20.1,14.6,52.0,21.4,20.8,11.8,62.0,16.3,21.5,13.6,63.0,19.0,22.6,13.3,61.0,17.7,24.6,13.3,58.0,20.5,37.6,17.0,43.0,20.6
2022-04-11,23.8,12.9,70,26.5,0.0,4,20.1,14.6,52.0,21.4,20.8,11.8,62.0,16.3,21.5,13.6,63.0,19.0,22.6,13.3,61.0,17.7,24.6,13.3,58.0,20.5,37.6,17.0,43.0,20.6,28.1,17.7,56.0,20.0
2022-04-12,20.1,14.6,52,21.4,0.0,4,20.8,11.8,62.0,16.3,21.5,13.6,63.0,19.0,22.6,13.3,61.0,17.7,24.6,13.3,58.0,20.5,37.6,17.0,43.0,20.6,28.1,17.7,56.0,20.0,24.2,16.0,68.0,25.6
2022-04-13,20.8,11.8,62,16.3,0.0,4,21.5,13.6,63.0,19.0,22.6,13.3,61.0,17.7,24.6,13.3,58.0,20.5,37.6,17.0,43.0,20.6,28.1,17.7,56.0,20.0,24.2,16.0,68.0,25.6,21.5,13.5,68.0,17.7
2022-04-14,21.5,13.6,63,19.0,0.0,4,22.6,13.3,61.0,17.7,24.6,13.3,58.0,20.5,37.6,17.0,43.0,20.6,28.1,17.7,56.0,20.0,24.2,16.0,68.0,25.6,21.5,13.5,68.0,17.7,21.1,14.6,64.0,17.9
2022-04-15,22.6,13.3,61,17.7,0.0,4,24.6,13.3,58.0,20.5,37.6,17.0,43.0,20.6,28.1,17.7,56.0,20.0,24.2,16.0,68.0,25.6,21.5,13.5,68.0,17.7,21.1,14.6,64.0,17.9,21.2,13.8,75.0,16.4
2022-04-16,24.6,13.3,58,20.5,0.0,4,37.6,17.0,43.0,20.6,28.1,17.7,56.0,20.0,24.2,16.0,68.0,25.6,21.5,13.5,68.0,17.7,21.1,14.6,64.0,17.9,21.2,13.8,75.0,16.4,25.3,15.1,71.0,18.2
2022-04-17,37.6,17.0,43,20.6,0.0,4,28.1,17.7,56.0,20.0,24.2,16.0,68.0,25.6,21.5,13.5,68.0,17.7,21.1,14.6,64.0,17.9,21.2,13.8,75.0,16.4,25.3,15.1,71.0,18.2,26.5,14.4,61.0,19.7
2022-04-18,28.1,17.7,56,20.0,0.0,4,24.2,16.0,68.0,25.6,21.5,13.5,68.0,17.7,21.1,14.6,64.0,17.9,21.2,13.8,75.0,16.4,25.3,15.1,71.0,18.2,26.5,14.4,61.0,19.7,26.9,15.9,69.0,16.2
2022-04-19,24.2,16.0,68,25.6,0.2,4,21.5,13.5,68.0,17.7,21.1,14.6,64.0,17.9,21.2,13.8,75.0,16.4,25.3,15.1,71.0,18.2,26.5,14.4,61.0,19.7,26.9,15.9,69.0,16.2,27.1,14.4,67.0,15.2
2022-04-20,21.5,13.5,68,17.7,0.0,4,21.1,14.6,64.0,17.9,21.2,13.8,75.0,16.4,25.3,15.1,71.0,18.2,26.5,14.4,61.0,19.7,26.9,15.9,69.0,16.2,27.1,14.4,67.0,15.2,26.8,14.2,68.0,16.8
2022-04-21,21.1,14.6,64,17.9,0.0,4,21.2,13.8,75.0,16.4,25.3,15.1,71.0,18.2,26.5,14.4,61.0,19.7,26.9,15.9,69.0,16.2,27.1,14.4,67.0,15.2,26.8,14.2,68.0,16.8,26.6,13.4,67.0,16.6
2022-04-22,21.2,13.8,75,16.4,0.0,4,25.3,15.1,71.0,18.2,26.5,14.4,61.0,19.7,26.9,15.9,69.0,16.2,27.1,14.4,67.0,15.2,26.8,14.2,68.0,16.8,26.6,13.4,67.0,16.6,26.5,14.6,69.0,20.2
2022-04-23,25.3,15.1,71,18.2,0.0,4,26.5,14.4,61.0,19.7,26.9,15.9,69.0,16.2,27.1,14.4,67.0,15.2,26.8,14.2,68.0,16.8,26.6,13.4,67.0,16.6,26.5,14.6,69.0,20.2,28.5,18.4,54.0,30.7
2022-04-24,26.5,14.4,61,19.7,0.0,4,26.9,15.9,69.0,16.2,27.1,14.4,67.0,15.2,26.8,14.2,68.0,16.8,26.6,13.4,67.0,16.6,26.5,14.6,69.0,20.2,28.5,18.4,54.0,30.7,26.9,16.1,64.0,21.1
2022-04-25,26.9,15.9,69,16.2,0.0,4,27.1,14.4,67.0,15.2,26.8,14.2,68.0,16.8,26.6,13.4,67.0,16.6,26.5,14.6,69.0,20.2,28.5,18.4,54.0,30.7,26.9,16.1,64.0,21.1,30.4,15.2,67.0,25.3
2022-04-26,27.1,14.4,67,15.2,0.0,4,26.8,14.2,68.0,16.8,26.6,13.4,67.0,16.6,26.5,14.6,69.0,20.2,28.5,18.4,54.0,30.7,26.9,16.1,64.0,21.1,30.4,15.2,67.0,25.3,31.6,19.0,48.0,28.5
2022-04-27,26.8,14.2,68,16.8,0.0,4,26.6,13.4,67.0,16.6,26.5,14.6,69.0,20.2,28.5,18.4,54.0,30.7,26.9,16.1,64.0,21.1,30.4,15.2,67.0,25.3,31.6,19.0,48.0,28.5,24.4,17.4,69.0,27.2
2022-04-28,26.6,13.4,67,16.6,0.0,4,26.5,14.6,69.0,20.2,28.5,18.4,54.0,30.7,26.9,16.1,64.0,21.1,30.4,15.2,67.0,25.3,31.6,19.0,48.0,28.5,24.4,17.4,69.0,27.2,23.1,16.2,60.0,28.2
2022-04-29,26.5,14.6,69,20.2,0.0,4,28.5,18.4,54.0,30.7,26.9,16.1,64.0,21.1,30.4,15.2,67.0,25.3,31.6,19.0,48.0,28.5,24.4,17.4,69.0,27.2,23.1,16.2,60.0,28.2,25.4,15.6,58.0,20.6
2022-04-30,28.5,18.4,54,30.7,0.0,4,26.9,16.1,64.0,21.1,30.4,15.2,67.0,25.3,31.6,19.0,48.0,28.5,24.4,17.4,69.0,27.2,23.1,16.2,60.0,28.2,25.4,15.6,58.0,20.6,25.3,13.5,63.0,14.3
2022-05-01,26.9,16.1,64,21.1,0.0,5,30.4,15.2,67.0,25.3,31.6,19.0,48.0,28.5,24.4,17.4,69.0,27.2,23.1,16.2,60.0,28.2,25.4,15.6,58.0,20.6,25.3,13.5,63.0,14.3,26.5,15.1,59.0,17.5
2022-05-02,30.4,15.2,67,25.3,0.1,5,31.6,19.0,48.0,28.5,24.4,17.4,69.0,27.2,23.1,16.2,60.0,28.2,25.4,15.6,58.0,20.6,25.3,13.5,63.0,14.3,26.5,15.1,59.0,17.5,27.5,18.6,58.0,26.2
2022-05-03,31.6,19.0,48,28.5,0.0,5,24.4,17.4,69.0,27.2,23.1,16.2,60.0,28.2,25.4,15.6,58.0,20.6,25.3,13.5,63.0,14.3,26.5,15.1,59.0,17.5,27.5,18.6,58.0,26.2,27.2,15.9,65.0,14.8
2022-05-04,24.4,17.4,69,27.2,0.2,5,23.1,16.2,60.0,28.2,25.4,15.6,58.0,20.6,25.3,13.5,63.0,14.3,26.5,15.1,59.0,17.5,27.5,18.6,58.0,26.2,27.2,15.9,65.0,14.8,26.5,15.8,70.0,19.2
2022-05-05,23.1,16.2,60,28.2,0.0,5,25.4,15.6,58.0,20.6,25.3,13.5,63.0,14.3,26.5,15.1,59.0,17.5,27.5,18.6,58.0,26.2,27.2,15.9,65.0,14.8,26.5,15.8,70.0,19.2,26.0,16.2,68.0,19.1
2022-05-06,25.4,15.6,58,20.6,0.0,5,25.3,13.5,63.0,14.3,26.5,15.1,59.0,17.5,27.5,18.6,58.0,26.2,27.2,15.9,65.0,14.8,26.5,15.8,70.0,19.2,26.0,16.2,68.0,19.1,27.6,16.4,69.0,20.9
2022-05-07,25.3,13.5,63,14.3,0.0,5,26.5,15.1,59.0,17.5,27.5,18.6,58.0,26.2,27.2,15.9,65.0,14.8,26.5,15.8,70.0,19.2,26.0,16.2,68.0,19.1,27.6,16.4,69.0,20.9,26.9,18.7,66.0,25.2
2022-05-08,26.5,15.1,59,17.5,0.0,5,27.5,18.6,58.0,26.2,27.2,15.9,65.0,14.8,26.5,15.8,70.0,19.2,26.0,16.2,68.0,19.1,27.6,16.4,69.0,20.9,26.9,18.7,66.0,25.2,26.0,18.1,68.0,22.4
2022-05-09,27.5,18.6,58,26.2,0.0,5,27.2,15.9,65.0,14.8,26.5,15.8,70.0,19.2,26.0,16.2,68.0,19.1,27.6,16.4,69.0,20.9,26.9,18.7,66.0,25.2,26.0,18.1,68.0,22.4,24.4,16.6,74.0,17.7
2022-05-10,27.2,15.9,65,14.8,0.0,5,26.5,15.8,70.0,19.2,26.0,16.2,68.0,19.1,27.6,16.4,69.0,20.9,26.9,18.7,66.0,25.2,26.0,18.1,68.0,22.4,24.4,16.6,74.0,17.7,28.9,16.3,66.0,15.8
2022-05-11,26.5,15.8,70,19.2,0.0,5,26.0,16.2,68.0,19.1,27.6,16.4,69.0,20.9,26.9,18.7,66.0,25.2,26.0,18.1,68.0,22.4,24.4,16.6,74.0,17.7,28.9,16.3,66.0,15.8,29.7,17.1,69.0,15.5
2022-05-12,26.0,16.2,68,19.1,0.0,5,27.6,16.4,69.0,20.9,26.9,18.7,66.0,25.2,26.0,18.1,68.0,22.4,24.4,16.6,74.0,17.7,28.9,16.3,66.0,15.8,29.7,17.1,69.0,15.5,31.2,16.5,64.0,15.6
2022-05-13,27.6,16.4,69,20.9,0.1,5,26.9,18.7,66.0,25.2,26.0,18.1,68.0,22.4,24.4,16.6,74.0,17.7,28.9,16.3,66.0,15.8,29.7,17.1,69.0,15.5,31.2,16.5,64.0,15.6,29.7,19.8,63.0,22.2
2022-05-14,26.9,18.7,66,25.2,0.1,5,26.0,18.1,68.0,22.4,24.4,16.6,74.0,17.7,28.9,16.3,66.0,15.8,29.7,17.1,69.0,15.5,31.2,16.5,64.0,15.6,29.7,19.8,63.0,22.2,28.1,19.2,71.0,27.2
2022-05-15,26.0,18.1,68,22.4,0.0,5,24.4,16.6,74.0,17.7,28.9,16.3,66.0,15.8,29.7,17.1,69.0,15.5,31.2,16.5,64.0,15.6,29.7,19.8,63.0,22.2,28.1,19.2,71.0,27.2,27.4,16.1,57.0,28.0
2022-05-16,24.4,16.6,74,17.7,0.0,5,28.9,16.3,66.0,15.8,29.7,17.1,69.0,15.5,31.2,16.5,64.0,15.6,29.7,19.8,63.0,22.2,28.1,19.2,71.0,27.2,27.4,16.1,57.0,28.0,31.0,17.5,63.0,27.2
2022-05-17,28.9,16.3,66,15.8,0.0,5,29.7,17.1,69.0,15.5,31.2,16.5,64.0,15.6,29.7,19.8,63.0,22.2,28.1,19.2,71.0,27.2,27.4,16.1,57.0,28.0,31.0,17.5,63.0,27.2,29.3,17.0,73.0,22.4
2022-05-18,29.7,17.1,69,15.5,0.0,5,31.2,16.5,64.0,15.6,29.7,19.8,63.0,22.2,28.1,19.2,71.0,27.2,27.4,16.1,57.0,28.0,31.0,17.5,63.0,27.2,29.3,17.0,73.0,22.4,29.4,18.0,72.0,16.7
2022-05-19,31.2,16.5,64,15.6,0.0,5,29.7,19.8,63.0,22.2,28.1,19.2,71.0,27.2,27.4,16.1,57.0,28.0,31.0,17.5,63.0,27.2,29.3,17.0,73.0,22.4,29.4,18.0,72.0,16.7,30.9,17.6,71.0,18.8
2022-05-20,29.7,19.8,63,22.2,0.0,5,28.1,19.2,71.0,27.2,27.4,16.1,57.0,28.0,31.0,17.5,63.0,27.2,29.3,17.0,73.0,22.4,29.4,18.0,72.0,16.7,30.9,17.6,71.0,18.8,31.4,19.4,68.0,16.2
2022-05-21,28.1,19.2,71,27.2,0.0,5,27.4,16.1,57.0,28.0,31.0,17.5,63.0,27.2,29.3,17.0,73.0,22.4,29.4,18.0,72.0,16.7,30.9,17.6,71.0,18.8,31.4,19.4,68.0,16.2,33.1,20.0,68.0,17.9
2022-05-22,27.4,16.1,57,28.0,0.0,5,31.0,17.5,63.0,27.2,29.3,17.0,73.0,22.4,29.4,18.0,72.0,16.7,30.9,17.6,71.0,18.8,31.4,19.4,68.0,16.2,33.1,20.0,68.0,17.9,35.5,19.0,64.0,14.8
2022-05-23,31.0,17.5,63,27.2,0.0,5,29.3,17.0,73.0,22.4,29.4,18.0,72.0,16.7,30.9,17.6,71.0,18.8,31.4,19.4,68.0,16.2,33.1,20.0,68.0,17.9,35.5,19.0,64.0,14.8,37.3,20.3,58.0,17.0
2022-05-24,29.3,17.0,73,22.4,0.0,5,29.4,18.0,72.0,16.7,30.9,17.6,71.0,18.8,31.4,19.4,68.0,16.2,33.1,20.0,68.0,17.9,35.5,19.0,64.0,14.8,37.3,20.3,58.0,17.0,29.3,20.6,71.0,19.7
2022-05-25,29.4,18.0,72,16.7,0.0,5,30.9,17.6,71.0,18.8,31.4,19.4,68.0,16.2,33.1,20.0,68.0,17.9,35.5,19.0,64.0,14.8,37.3,20.3,58.0,17.0,29.3,20.6,71.0,19.7,30.2,19.3,69.0,20.1
2022-05-26,30.9,17.6,71,18.8,0.0,5,31.4,19.4,68.0,16.2,33.1,20.0,68.0,17.9,35.5,19.0,64.0,14.8,37.3,20.3,58.0,17.0,29.3,20.6,71.0,19.7,30.2,19.3,69.0,20.1,32.2,19.4,72.0,21.5
2022-05-27,31.4,19.4,68,16.2,0.0,5,33.1,20.0,68.0,17.9,35.5,19.0,64.0,14.8,37.3,20.3,58.0,17.0,29.3,20.6,71.0,19.7,30.2,19.3,69.0,20.1,32.2,19.4,72.0,21.5,32.2,19.5,74.0,18.8
2022-05-28,33.1,20.0,68,17.9,0.0,5,35.5,19.0,64.0,14.8,37.3,20.3,58.0,17.0,29.3,20.6,71.0,19.7,30.2,19.3,69.0,20.1,32.2,19.4,72.0,21.5,32.2,19.5,74.0,18.8,31.0,20.4,75.0,18.8
2022-05-29,35.5,19.0,64,14.8,0.0,5,37.3,20.3,58.0,17.0,29.3,20.6,71.0,19.7,30.2,19.3,69.0,20.1,32.2,19.4,72.0,21.5,32.2,19.5,74.0,18.8,31.0,20.4,75.0,18.8,29.8,20.1,76.0,20.7
2022-05-30,37.3,20.3,58,17.0,0.0,5,29.3,20.6,71.0,19.7,30.2,19.3,69.0,20.1,32.2,19.4,72.0,21.5,32.2,19.5,74.0,18.8,31.0,20.4,75.0,18.8,29.8,20.1,76.0,20.7,30.0,20.5,69.0,18.4
2022-05-31,29.3,20.6,71,19.7,0.0,5,30.2,19.3,69.0,20.1,32.2,19.4,72.0,21.5,32.2,19.5,74.0,18.8,31.0,20.4,75.0,18.8,29.8,20.1,76.0,20.7,30.0,20.5,69.0,18.4,32.6,20.5,66.0,26.6
2022-06-01,30.2,19.3,69,20.1,0.0,6,32.2,19.4,72.0,21.5,32.2,19.5,74.0,18.8,31.0,20.4,75.0,18.8,29.8,20.1,76.0,20.7,30.0,20.5,69.0,18.4,32.6,20.5,66.0,26.6,33.3,20.2,62.0,24.6
2022-06-02,32.2,19.4,72,21.5,0.0,6,32.2,19.5,74.0,18.8,31.0,20.4,75.0,18.8,29.8,20.1,76.0,20.7,30.0,20.5,69.0,18.4,32.6,20.5,66.0,26.6,33.3,20.2,62.0,24.6,34.7,21.0,64.0,20.8
2022-06-03,32.2,19.5,74,18.8,0.0,6,31.0,20.4,75.0,18.8,29.8,20.1,76.0,20.7,30.0,20.5,69.0,18.4,32.6,20.5,66.0,26.6,33.3,20.2,62.0,24.6,34.7,21.0,64.0,20.8,34.5,20.8,64.0,18.6
2022-06-04,31.0,20.4,75,18.8,0.0,6,29.8,20.1,76.0,20.7,30.0,20.5,69.0,18.4,32.6,20.5,66.0,26.6,33.3,20.2,62.0,24.6,34.7,21.0,64.0,20.8,34.5,20.8,64.0,18.6,41.8,21.3,55.0,19.9
2022-06-05,29.8,20.1,76,20.7,0.0,6,30.0,20.5,69.0,18.4,32.6,20.5,66.0,26.6,33.3,20.2,62.0,24.6,34.7,21.0,64.0,20.8,34.5,20.8,64.0,18.6,41.8,21.3,55.0,19.9,30.8,22.0,65.0,27.6
2022-06-06,30.0,20.5,69,18.4,0.0,6,32.6,20.5,66.0,26.6,33.3,20.2,62.0,24.6,34.7,21.0,64.0,20.8,34.5,20.8,64.0,18.6,41.8,21.3,55.0,19.9,30.8,22.0,65.0,27.6,29.8,21.2,65.0,26.7
2022-06-07,32.6,20.5,66,26.6,0.0,6,33.3,20.2,62.0,24.6,34.7,21.0,64.0,20.8,34.5,20.8,64.0,18.6,41.8,21.3,55.0,19.9,30.8,22.0,65.0,27.6,29.8,21.2,65.0,26.7,32.4,19.3,69.0,23.2
2022-06-08,33.3,20.2,62,24.6,0.0,6,34.7,21.0,64.0,20.8,34.5,20.8,64.0,18.6,41.8,21.3,55.0,19.9,30.8,22.0,65.0,27.6,29.8,21.2,65.0,26.7,32.4,19.3,69.0,23.2,31.0,20.5,70.0,20.3
2022-06-09,34.7,21.0,64,20.8,0.0,6,34.5,20.8,64.0,18.6,41.8,21.3,55.0,19.9,30.8,22.0,65.0,27.6,29.8,21.2,65.0,26.7,32.4,19.3,69.0,23.2,31.0,20.5,70.0,20.3,30.5,21.8,73.0,17.6
2022-06-10,34.5,20.8,64,18.6,0.0,6,41.8,21.3,55.0,19.9,30.8,22.0,65.0,27.6,29.8,21.2,65.0,26.7,32.4,19.3,69.0,23.2,31.0,20.5,70.0,20.3,30.5,21.8,73.0,17.6,30.5,22.2,73.0,20.9
2022-06-11,41.8,21.3,55,19.9,0.0,6,30.8,22.0,65.0,27.6,29.8,21.2,65.0,26.7,32.4,19.3,69.0,23.2,31.0,20.5,70.0,20.3,30.5,21.8,73.0,17.6,30.5,22.2,73.0,20.9,30.4,22.4,70.0,20.8
2022-06-12,30.8,22.0,65,27.6,0.0,6,29.8,21.2,65.0,26.7,32.4,19.3,69.0,23.2,31.0,20.5,70.0,20.3,30.5,21.8,73.0,17.6,30.5,22.2,73.0,20.9,30.4,22.4,70.0,20.8,30.5,20.5,64.0,18.8
2022-06-13,29.8,21.2,65,26.7,0.0,6,32.4,19.3,69.0,23.2,31.0,20.5,70.0,20.3,30.5,21.8,73.0,17.6,30.5,22.2,73.0,20.9,30.4,22.4,70.0,20.8,30.5,20.5,64.0,18.8,29.5,20.0,71.0,19.2
2022-06-14,32.4,19.3,69,23.2,0.0,6,31.0,20.5,70.0,20.3,30.5,21.8,73.0,17.6,30.5,22.2,73.0,20.9,30.4,22.4,70.0,20.8,30.5,20.5,64.0,18.8,29.5,20.0,71.0,19.2,29.7,20.1,65.0,25.2
2022-06-15,31.0,20.5,70,20.3,0.0,6,30.5,21.8,73.0,17.6,30.5,22.2,73.0,20.9,30.4,22.4,70.0,20.8,30.5,20.5,64.0,18.8,29.5,20.0,71.0,19.2,29.7,20.1,65.0,25.2,32.0,22.5,62.0,21.5
2022-06-16,30.5,21.8,73,17.6,0.0,6,30.5,22.2,73.0,20.9,30.4,22.4,70.0,20.8,30.5,20.5,64.0,18.8,29.5,20.0,71.0,19.2,29.7,20.1,65.0,25.2,32.0,22.5,62.0,21.5,36.4,20.8,64.0,20.8
2022-06-17,30.5,22.2,73,20.9,0.0,6,30.4,22.4,70.0,20.8,30.5,20.5,64.0,18.8,29.5,20.0,71.0,19.2,29.7,20.1,65.0,25.2,32.0,22.5,62.0,21.5,36.4,20.8,64.0,20.8,36.0,22.9,61.0,18.7
2022-06-18,30.4,22.4,70,20.8,0.0,6,30.5,20.5,64.0,18.8,29.5,20.0,71.0,19.2,29.7,20.1,65.0,25.2,32.0,22.5,62.0,21.5,36.4,20.8,64.0,20.8,36.0,22.9,61.0,18.7,31.2,24.1,64.0,22.5
2022-06-19,30.5,20.5,64,18.8,0.0,6,29.5,20.0,71.0,19.2,29.7,20.1,65.0,25.2,32.0,22.5,62.0,21.5,36.4,20.8,64.0,20.8,36.0,22.9,61.0,18.7,31.2,24.1,64.0,22.5,33.8,21.0,62.0,18.8
2022-06-20,29.5,20.0,71,19.2,0.0,6,29.7,20.1,65.0,25.2,32.0,22.5,62.0,21.5,36.4,20.8,64.0,20.8,36.0,22.9,61.0,18.7,31.2,24.1,64.0,22.5,33.8,21.0,62.0,18.8,32.0,22.9,66.0,25.2
2022-06-21,29.7,20.1,65,25.2,0.0,6,32.0,22.5,62.0,21.5,36.4,20.8,64.0,20.8,36.0,22.9,61.0,18.7,31.2,24.1,64.0,22.5,33.8,21.0,62.0,18.8,32.0,22.9,66.0,25.2,31.9,21.5,69.0,17.1
2022-06-22,32.0,22.5,62,21.5,0.0,6,36.4,20.8,64.0,20.8,36.0,22.9,61.0,18.7,31.2,24.1,64.0,22.5,33.8,21.0,62.0,18.8,32.0,22.9,66.0,25.2,31.9,21.5,69.0,17.1,32.5,20.9,69.0,17.0
2022-06-23,36.4,20.8,64,20.8,0.0,6,36.0,22.9,61.0,18.7,31.2,24.1,64.0,22.5,33.8,21.0,62.0,18.8,32.0,22.9,66.0,25.2,31.9,21.5,69.0,17.1,32.5,20.9,69.0,17.0,33.5,21.9,68.0,18.8
2022-06-24,36.0,22.9,61,18.7,0.0,6,31.2,24.1,64.0,22.5,33.8,21.0,62.0,18.8,32.0,22.9,66.0,25.2,31.9,21.5,69.0,17.1,32.5,20.9,69.0,17.0,33.5,21.9,68.0,18.8,32.0,21.1,68.0,22.3
2022-06-25,31.2,24.1,64,22.5,0.0,6,33.8,21.0,62.0,18.8,32.0,22.9,66.0,25.2,31.9,21.5,69.0,17.1,32.5,20.9,69.0,17.0,33.5,21.9,68.0,18.8,32.0,21.1,68.0,22.3,35.0,21.1,70.0,19.9
2022-06-26,33.8,21.0,62,18.8,0.0,6,32.0,22.9,66.0,25.2,31.9,21.5,69.0,17.1,32.5,20.9,69.0,17.0,33.5,21.9,68.0,18.8,32.0,21.1,68.0,22.3,35.0,21.1,70.0,19.9,35.0,22.1,68.0,17.0
2022-06-27,32.0,22.9,66,25.2,0.0,6,31.9,21.5,69.0,17.1,32.5,20.9,69.0,17.0,33.5,21.9,68.0,18.8,32.0,21.1,68.0,22.3,35.0,21.1,70.0,19.9,35.0,22.1,68.0,17.0,36.2,21.1,70.0,22.4
2022-06-28,31.9,21.5,69,17.1,0.1,6,32.5,20.9,69.0,17.0,33.5,21.9,68.0,18.8,32.0,21.1,68.0,22.3,35.0,21.1,70.0,19.9,35.0,22.1,68.0,17.0,36.2,21.1,70.0,22.4,34.0,22.0,70.0,23.7
2022-06-29,32.5,20.9,69,17.0,0.0,6,33.5,21.9,68.0,18.8,32.0,21.1,68.0,22.3,35.0,21.1,70.0,19.9,35.0,22.1,68.0,17.0,36.2,21.1,70.0,22.4,34.0,22.0,70.0,23.7,32.3,21.2,69.0,24.1
2022-06-30,33.5,21.9,68,18.8,0.1,6,32.0,21.1,68.0,22.3,35.0,21.1,70.0,19.9,35.0,22.1,68.0,17.0,36.2,21.1,70.0,22.4,34.0,22.0,70.0,23.7,32.3,21.2,69.0,24.1,34.4,20.5,69.0,25.9
2022-07-01,32.0,21.1,68,22.3,0.0,7,35.0,21.1,70.0,19.9,35.0,22.1,68.0,17.0,36.2,21.1,70.0,22.4,34.0,22.0,70.0,23.7,32.3,21.2,69.0,24.1,34.4,20.5,69.0,25.9,32.2,21.9,68.0,19.2
2022-07-02,35.0,21.1,70,19.9,0.0,7,35.0,22.1,68.0,17.0,36.2,21.1,70.0,22.4,34.0,22.0,70.0,23.7,32.3,21.2,69.0,24.1,34.4,20.5,69.0,25.9,32.2,21.9,68.0,19.2,33.2,22.4,67.0,21.6
2022-07-03,35.0,22.1,68,17.0,0.0,7,36.2,21.1,70.0,22.4,34.0,22.0,70.0,23.7,32.3,21.2,69.0,24.1,34.4,20.5,69.0,25.9,32.2,21.9,68.0,19.2,33.2,22.4,67.0,21.6,31.8,23.2,72.0,23.7
2022-07-04,36.2,21.1,70,22.4,0.0,7,34.0,22.0,70.0,23.7,32.3,21.2,69.0,24.1,34.4,20.5,69.0,25.9,32.2,21.9,68.0,19.2,33.2,22.4,67.0,21.6,31.8,23.2,72.0,23.7,31.2,22.9,63.0,24.0
2022-07-05,34.0,22.0,70,23.7,0.0,7,32.3,21.2,69.0,24.1,34.4,20.5,69.0,25.9,32.2,21.9,68.0,19.2,33.2,22.4,67.0,21.6,31.8,23.2,72.0,23.7,31.2,22.9,63.0,24.0,32.0,20.9,71.0,16.9
2022-07-06,32.3,21.2,69,24.1,0.0,7,34.4,20.5,69.0,25.9,32.2,21.9,68.0,19.2,33.2,22.4,67.0,21.6,31.8,23.2,72.0,23.7,31.2,22.9,63.0,24.0,32.0,20.9,71.0,16.9,31.5,22.8,71.0,25.5
2022-07-07,34.4,20.5,69,25.9,0.0,7,32.2,21.9,68.0,19.2,33.2,22.4,67.0,21.6,31.8,23.2,72.0,23.7,31.2,22.9,63.0,24.0,32.0,20.9,71.0,16.9,31.5,22.8,71.0,25.5,31.2,22.7,69.0,23.3
2022-07-08,32.2,21.9,68,19.2,0.0,7,33.2,22.4,67.0,21.6,31.8,23.2,72.0,23.7,31.2,22.9,63.0,24.0,32.0,20.9,71.0,16.9,31.5,22.8,71.0,25.5,31.2,22.7,69.0,23.3,35.5,20.0,64.0,28.1
2022-07-09,33.2,22.4,67,21.6,0.0,7,31.8,23.2,72.0,23.7,31.2,22.9,63.0,24.0,32.0,20.9,71.0,16.9,31.5,22.8,71.0,25.5,31.2,22.7,69.0,23.3,35.5,20.0,64.0,28.1,31.4,21.5,68.0,19.1
2022-07-10,31.8,23.2,72,23.7,0.0,7,31.2,22.9,63.0,24.0,32.0,20.9,71.0,16.9,31.5,22.8,71.0,25.5,31.2,22.7,69.0,23.3,35.5,20.0,64.0,28.1,31.4,21.5,68.0,19.1,33.8,21.5,72.0,19.8
2022-07-11,31.2,22.9,63,24.0,0.0,7,32.0,20.9,71.0,16.9,31.5,22.8,71.0,25.5,31.2,22.7,69.0,23.3,35.5,20.0,64.0,28.1,31.4,21.5,68.0,19.1,33.8,21.5,72.0,19.8,35.8,22.1,67.0,17.5
2022-07-12,32.0,20.9,71,16.9,0.0,7,31.5,22.8,71.0,25.5,31.2,22.7,69.0,23.3,35.5,20.0,64.0,28.1,31.4,21.5,68.0,19.1,33.8,21.5,72.0,19.8,35.8,22.1,67.0,17.5,37.1,21.5,67.0,17.7
2022-07-13,31.5,22.8,71,25.5,0.0,7,31.2,22.7,69.0,23.3,35.5,20.0,64.0,28.1,31.4,21.5,68.0,19.1,33.8,21.5,72.0,19.8,35.8,22.1,67.0,17.5,37.1,21.5,67.0,17.7,35.5,24.5,66.0,18.3
2022-07-14,31.2,22.7,69,23.3,0.0,7,35.5,20.0,64.0,28.1,31.4,21.5,68.0,19.1,33.8,21.5,72.0,19.8,35.8,22.1,67.0,17.5,37.1,21.5,67.0,17.7,35.5,24.5,66.0,18.3,32.2,23.4,72.0,20.6
2022-07-15,35.5,20.0,64,28.1,0.0,7,31.4,21.5,68.0,19.1,33.8,21.5,72.0,19.8,35.8,22.1,67.0,17.5,37.1,21.5,67.0,17.7,35.5,24.5,66.0,18.3,32.2,23.4,72.0,20.6,33.7,21.8,71.0,20.0
2022-07-16,31.4,21.5,68,19.1,0.0,7,33.8,21.5,72.0,19.8,35.8,22.1,67.0,17.5,37.1,21.5,67.0,17.7,35.5,24.5,66.0,18.3,32.2,23.4,72.0,20.6,33.7,21.8,71.0,20.0,36.4,22.5,68.0,24.1
2022-07-17,33.8,21.5,72,19.8,0.0,7,35.8,22.1,67.0,17.5,37.1,21.5,67.0,17.7,35.5,24.5,66.0,18.3,32.2,23.4,72.0,20.6,33.7,21.8,71.0,20.0,36.4,22.5,68.0,24.1,34.8,22.5,68.0,21.9
2022-07-18,35.8,22.1,67,17.5,0.0,7,37.1,21.5,67.0,17.7,35.5,24.5,66.0,18.3,32.2,23.4,72.0,20.6,33.7,21.8,71.0,20.0,36.4,22.5,68.0,24.1,34.8,22.5,68.0,21.9,36.9,22.0,68.0,19.6
2022-07-19,37.1,21.5,67,17.7,0.0,7,35.5,24.5,66.0,18.3,32.2,23.4,72.0,20.6,33.7,21.8,71.0,20.0,36.4,22.5,68.0,24.1,34.8,22.5,68.0,21.9,36.9,22.0,68.0,19.6,37.2,20.8,60.0,17.8
2022-07-20,35.5,24.5,66,18.3,0.0,7,32.2,23.4,72.0,20.6,33.7,21.8,71.0,20.0,36.4,22.5,68.0,24.1,34.8,22.5,68.0,21.9,36.9,22.0,68.0,19.6,37.2,20.8,60.0,17.8,37.0,21.7,67.0,14.9
2022-07-21,32.2,23.4,72,20.6,0.0,7,33.7,21.8,71.0,20.0,36.4,22.5,68.0,24.1,34.8,22.5,68.0,21.9,36.9,22.0,68.0,19.6,37.2,20.8,60.0,17.8,37.0,21.7,67.0,14.9,35.7,22.7,70.0,17.4
2022-07-22,33.7,21.8,71,20.0,0.0,7,36.4,22.5,68.0,24.1,34.8,22.5,68.0,21.9,36.9,22.0,68.0,19.6,37.2,20.8,60.0,17.8,37.0,21.7,67.0,14.9,35.7,22.7,70.0,17.4,35.8,23.4,70.0,20.1
2022-07-23,36.4,22.5,68,24.1,0.0,7,34.8,22.5,68.0,21.9,36.9,22.0,68.0,19.6,37.2,20.8,60.0,17.8,37.0,21.7,67.0,14.9,35.7,22.7,70.0,17.4,35.8,23.4,70.0,20.1,33.0,24.1,69.0,23.6
2022-07-24,34.8,22.5,68,21.9,0.0,7,36.9,22.0,68.0,19.6,37.2,20.8,60.0,17.8,37.0,21.7,67.0,14.9,35.7,22.7,70.0,17.4,35.8,23.4,70.0,20.1,33.0,24.1,69.0,23.6,33.2,22.5,71.0,20.6
2022-07-25,36.9,22.0,68,19.6,0.0,7,37.2,20.8,60.0,17.8,37.0,21.7,67.0,14.9,35.7,22.7,70.0,17.4,35.8,23.4,70.0,20.1,33.0,24.1,69.0,23.6,33.2,22.5,71.0,20.6,34.4,23.9,69.0,21.0
2022-07-26,37.2,20.8,60,17.8,0.0,7,37.0,21.7,67.0,14.9,35.7,22.7,70.0,17.4,35.8,23.4,70.0,20.1,33.0,24.1,69.0,23.6,33.2,22.5,71.0,20.6,34.4,23.9,69.0,21.0,34.4,22.6,70.0,20.7
2022-07-27,37.0,21.7,67,14.9,0.0,7,35.7,22.7,70.0,17.4,35.8,23.4,70.0,20.1,33.0,24.1,69.0,23.6,33.2,22.5,71.0,20.6,34.4,23.9,69.0,21.0,34.4,22.6,70.0,20.7,33.1,23.0,71.0,22.3
2022-07-28,35.7,22.7,70,17.4,0.0,7,35.8,23.4,70.0,20.1,33.0,24.1,69.0,23.6,33.2,22.5,71.0,20.6,34.4,23.9,69.0,21.0,34.4,22.6,70.0,20.7,33.1,23.0,71.0,22.3,32.3,22.6,73.0,17.6
2022-07-29,35.8,23.4,70,20.1,0.0,7,33.0,24.1,69.0,23.6,33.2,22.5,71.0,20.6,34.4,23.9,69.0,21.0,34.4,22.6,70.0,20.7,33.1,23.0,71.0,22.3,32.3,22.6,73.0,17.6,33.0,23.7,72.0,20.5
2022-07-30,33.0,24.1,69,23.6,0.0,7,33.2,22.5,71.0,20.6,34.4,23.9,69.0,21.0,34.4,22.6,70.0,20.7,33.1,23.0,71.0,22.3,32.3,22.6,73.0,17.6,33.0,23.7,72.0,20.5,32.4,23.1,72.0,19.4
2022-07-31,33.2,22.5,71,20.6,0.0,7,34.4,23.9,69.0,21.0,34.4,22.6,70.0,20.7,33.1,23.0,71.0,22.3,32.3,22.6,73.0,17.6,33.0,23.7,72.0,20.5,32.4,23.1,72.0,19.4,33.0,21.3,70.0,19.4
2022-08-01,34.4,23.9,69,21.0,0.0,8,34.4,22.6,70.0,20.7,33.1,23.0,71.0,22.3,32.3,22.6,73.0,17.6,33.0,23.7,72.0,20.5,32.4,23.1,72.0,19.4,33.0,21.3,70.0,19.4,34.1,22.1,66.0,18.6
2022-08-02,34.4,22.6,70,20.7,0.0,8,33.1,23.0,71.0,22.3,32.3,22.6,73.0,17.6,33.0,23.7,72.0,20.5,32.4,23.1,72.0,19.4,33.0,21.3,70.0,19.4,34.1,22.1,66.0,18.6,33.0,22.4,70.0,19.4
2022-08-03,33.1,23.0,71,22.3,0.0,8,32.3,22.6,73.0,17.6,33.0,23.7,72.0,20.5,32.4,23.1,72.0,19.4,33.0,21.3,70.0,19.4,34.1,22.1,66.0,18.6,33.0,22.4,70.0,19.4,32.5,23.0,70.0,18.6
2022-08-04,32.3,22.6,73,17.6,0.0,8,33.0,23.7,72.0,20.5,32.4,23.1,72.0,19.4,33.0,21.3,70.0,19.4,34.1,22.1,66.0,18.6,33.0,22.4,70.0,19.4,32.5,23.0,70.0,18.6,32.8,22.1,72.0,19.6
2022-08-05,33.0,23.7,72,20.5,0.0,8,32.4,23.1,72.0,19.4,33.0,21.3,70.0,19.4,34.1,22.1,66.0,18.6,33.0,22.4,70.0,19.4,32.5,23.0,70.0,18.6,32.8,22.1,72.0,19.6,31.9,22.5,68.0,18.4
2022-08-06,32.4,23.1,72,19.4,0.0,8,33.0,21.3,70.0,19.4,34.1,22.1,66.0,18.6,33.0,22.4,70.0,19.4,32.5,23.0,70.0,18.6,32.8,22.1,72.0,19.6,31.9,22.5,68.0,18.4,33.5,23.9,63.0,24.2
2022-08-07,33.0,21.3,70,19.4,0.0,8,34.1,22.1,66.0,18.6,33.0,22.4,70.0,19.4,32.5,23.0,70.0,18.6,32.8,22.1,72.0,19.6,31.9,22.5,68.0,18.4,33.5,23.9,63.0,24.2,32.8,23.4,64.0,23.9
2022-08-08,34.1,22.1,66,18.6,0.0,8,33.0,22.4,70.0,19.4,32.5,23.0,70.0,18.6,32.8,22.1,72.0,19.6,31.9,22.5,68.0,18.4,33.5,23.9,63.0,24.2,32.8,23.4,64.0,23.9,32.0,21.8,68.0,18.1
2022-08-09,33.0,22.4,70,19.4,0.0,8,32.5,23.0,70.0,18.6,32.8,22.1,72.0,19.6,31.9,22.5,68.0,18.4,33.5,23.9,63.0,24.2,32.8,23.4,64.0,23.9,32.0,21.8,68.0,18.1,32.1,22.0,69.0,15.5
2022-08-10,32.5,23.0,70,18.6,0.0,8,32.8,22.1,72.0,19.6,31.9,22.5,68.0,18.4,33.5,23.9,63.0,24.2,32.8,23.4,64.0,23.9,32.0,21.8,68.0,18.1,32.1,22.0,69.0,15.5,32.2,21.4,68.0,17.3
2022-08-11,32.8,22.1,72,19.6,0.0,8,31.9,22.5,68.0,18.4,33.5,23.9,63.0,24.2,32.8,23.4,64.0,23.9,32.0,21.8,68.0,18.1,32.1,22.0,69.0,15.5,32.2,21.4,68.0,17.3,33.7,21.4,73.0,20.9
2022-08-12,31.9,22.5,68,18.4,0.0,8,33.5,23.9,63.0,24.2,32.8,23.4,64.0,23.9,32.0,21.8,68.0,18.1,32.1,22.0,69.0,15.5,32.2,21.4,68.0,17.3,33.7,21.4,73.0,20.9,35.8,23.0,73.0,21.8
2022-08-13,33.5,23.9,63,24.2,0.0,8,32.8,23.4,64.0,23.9,32.0,21.8,68.0,18.1,32.1,22.0,69.0,15.5,32.2,21.4,68.0,17.3,33.7,21.4,73.0,20.9,35.8,23.0,73.0,21.8,36.3,23.8,70.0,22.2
2022-08-14,32.8,23.4,64,23.9,0.0,8,32.0,21.8,68.0,18.1,32.1,22.0,69.0,15.5,32.2,21.4,68.0,17.3,33.7,21.4,73.0,20.9,35.8,23.0,73.0,21.8,36.3,23.8,70.0,22.2,35.0,22.6,67.0,23.2
2022-08-15,32.0,21.8,68,18.1,0.0,8,32.1,22.0,69.0,15.5,32.2,21.4,68.0,17.3,33.7,21.4,73.0,20.9,35.8,23.0,73.0,21.8,36.3,23.8,70.0,22.2,35.0,22.6,67.0,23.2,34.0,23.2,72.0,23.3
2022-08-16,32.1,22.0,69,15.5,0.0,8,32.2,21.4,68.0,17.3,33.7,21.4,73.0,20.9,35.8,23.0,73.0,21.8,36.3,23.8,70.0,22.2,35.0,22.6,67.0,23.2,34.0,23.2,72.0,23.3,34.8,23.0,70.0,18.2
2022-08-17,32.2,21.4,68,17.3,0.0,8,33.7,21.4,73.0,20.9,35.8,23.0,73.0,21.8,36.3,23.8,70.0,22.2,35.0,22.6,67.0,23.2,34.0,23.2,72.0,23.3,34.8,23.0,70.0,18.2,35.3,23.5,68.0,19.1
2022-08-18,33.7,21.4,73,20.9,0.0,8,35.8,23.0,73.0,21.8,36.3,23.8,70.0,22.2,35.0,22.6,67.0,23.2,34.0,23.2,72.0,23.3,34.8,23.0,70.0,18.2,35.3,23.5,68.0,19.1,31.8,25.1,72.0,18.6
2022-08-19,35.8,23.0,73,21.8,0.0,8,36.3,23.8,70.0,22.2,35.0,22.6,67.0,23.2,34.0,23.2,72.0,23.3,34.8,23.0,70.0,18.2,35.3,23.5,68.0,19.1,31.8,25.1,72.0,18.6,31.7,23.4,66.0,19.3
2022-08-20,36.3,23.8,70,22.2,0.0,8,35.0,22.6,67.0,23.2,34.0,23.2,72.0,23.3,34.8,23.0,70.0,18.2,35.3,23.5,68.0,19.1,31.8,25.1,72.0,18.6,31.7,23.4,66.0,19.3,31.7,22.5,68.0,19.1
2022-08-21,35.0,22.6,67,23.2,0.0,8,34.0,23.2,72.0,23.3,34.8,23.0,70.0,18.2,35.3,23.5,68.0,19.1,31.8,25.1,72.0,18.6,31.7,23.4,66.0,19.3,31.7,22.5,68.0,19.1,32.0,25.0,68.0,19.9
2022-08-22,34.0,23.2,72,23.3,0.0,8,34.8,23.0,70.0,18.2,35.3,23.5,68.0,19.1,31.8,25.1,72.0,18.6,31.7,23.4,66.0,19.3,31.7,22.5,68.0,19.1,32.0,25.0,68.0,19.9,31.6,25.2,70.0,18.7
2022-08-23,34.8,23.0,70,18.2,0.0,8,35.3,23.5,68.0,19.1,31.8,25.1,72.0,18.6,31.7,23.4,66.0,19.3,31.7,22.5,68.0,19.1,32.0,25.0,68.0,19.9,31.6,25.2,70.0,18.7,31.9,25.0,71.0,17.3
2022-08-24,35.3,23.5,68,19.1,0.0,8,31.8,25.1,72.0,18.6,31.7,23.4,66.0,19.3,31.7,22.5,68.0,19.1,32.0,25.0,68.0,19.9,31.6,25.2,70.0,18.7,31.9,25.0,71.0,17.3,32.2,25.5,71.0,19.0
2022-08-25,31.8,25.1,72,18.6,0.0,8,31.7,23.4,66.0,19.3,31.7,22.5,68.0,19.1,32.0,25.0,68.0,19.9,31.6,25.2,70.0,18.7,31.9,25.0,71.0,17.3,32.2,25.5,71.0,19.0,31.2,24.8,70.0,17.9
2022-08-26,31.7,23.4,66,19.3,0.0,8,31.7,22.5,68.0,19.1,32.0,25.0,68.0,19.9,31.6,25.2,70.0,18.7,31.9,25.0,71.0,17.3,32.2,25.5,71.0,19.0,31.2,24.8,70.0,17.9,31.4,23.5,68.0,17.3
2022-08-27,31.7,22.5,68,19.1,0.0,8,32.0,25.0,68.0,19.9,31.6,25.2,70.0,18.7,31.9,25.0,71.0,17.3,32.2,25.5,71.0,19.0,31.2,24.8,70.0,17.9,31.4,23.5,68.0,17.3,31.3,23.8,69.0,18.3
2022-08-28,32.0,25.0,68,19.9,0.0,8,31.6,25.2,70.0,18.7,31.9,25.0,71.0,17.3,32.2,25.5,71.0,19.0,31.2,24.8,70.0,17.9,31.4,23.5,68.0,17.3,31.3,23.8,69.0,18.3,32.2,23.8,70.0,17.2
2022-08-29,31.6,25.2,70,18.7,0.0,8,31.9,25.0,71.0,17.3,32.2,25.5,71.0,19.0,31.2,24.8,70.0,17.9,31.4,23.5,68.0,17.3,31.3,23.8,69.0,18.3,32.2,23.8,70.0,17.2,32.7,22.4,73.0,22.1
2022-08-30,31.9,25.0,71,17.3,0.0,8,32.2,25.5,71.0,19.0,31.2,24.8,70.0,17.9,31.4,23.5,68.0,17.3,31.3,23.8,69.0,18.3,32.2,23.8,70.0,17.2,32.7,22.4,73.0,22.1,31.9,24.3,64.0,22.2
2022-08-31,32.2,25.5,71,19.0,0.0,8,31.2,24.8,70.0,17.9,31.4,23.5,68.0,17.3,31.3,23.8,69.0,18.3,32.2,23.8,70.0,17.2,32.7,22.4,73.0,22.1,31.9,24.3,64.0,22.2,32.0,22.9,66.0,17.7
2022-09-01,31.2,24.8,70,17.9,0.0,9,31.4,23.5,68.0,17.3,31.3,23.8,69.0,18.3,32.2,23.8,70.0,17.2,32.7,22.4,73.0,22.1,31.9,24.3,64.0,22.2,32.0,22.9,66.0,17.7,33.0,23.1,69.0,16.6
2022-09-02,31.4,23.5,68,17.3,0.0,9,31.3,23.8,69.0,18.3,32.2,23.8,70.0,17.2,32.7,22.4,73.0,22.1,31.9,24.3,64.0,22.2,32.0,22.9,66.0,17.7,33.0,23.1,69.0,16.6,32.8,23.8,73.0,17.3
2022-09-03,31.3,23.8,69,18.3,0.0,9,32.2,23.8,70.0,17.2,32.7,22.4,73.0,22.1,31.9,24.3,64.0,22.2,32.0,22.9,66.0,17.7,33.0,23.1,69.0,16.6,32.8,23.8,73.0,17.3,32.2,23.4,74.0,18.0
2022-09-04,32.2,23.8,70,17.2,0.0,9,32.7,22.4,73.0,22.1,31.9,24.3,64.0,22.2,32.0,22.9,66.0,17.7,33.0,23.1,69.0,16.6,32.8,23.8,73.0,17.3,32.2,23.4,74.0,18.0,32.7,21.7,75.0,19.8
2022-09-05,32.7,22.4,73,22.1,0.0,9,31.9,24.3,64.0,22.2,32.0,22.9,66.0,17.7,33.0,23.1,69.0,16.6,32.8,23.8,73.0,17.3,32.2,23.4,74.0,18.0,32.7,21.7,75.0,19.8,34.0,23.2,75.0,18.5
2022-09-06,31.9,24.3,64,22.2,0.0,9,32.0,22.9,66.0,17.7,33.0,23.1,69.0,16.6,32.8,23.8,73.0,17.3,32.2,23.4,74.0,18.0,32.7,21.7,75.0,19.8,34.0,23.2,75.0,18.5,33.5,23.0,71.0,26.5
2022-09-07,32.0,22.9,66,17.7,0.0,9,33.0,23.1,69.0,16.6,32.8,23.8,73.0,17.3,32.2,23.4,74.0,18.0,32.7,21.7,75.0,19.8,34.0,23.2,75.0,18.5,33.5,23.0,71.0,26.5,31.5,22.6,58.0,25.4
2022-09-08,33.0,23.1,69,16.6,0.0,9,32.8,23.8,73.0,17.3,32.2,23.4,74.0,18.0,32.7,21.7,75.0,19.8,34.0,23.2,75.0,18.5,33.5,23.0,71.0,26.5,31.5,22.6,58.0,25.4,29.9,22.0,56.0,15.8
2022-09-09,32.8,23.8,73,17.3,0.0,9,32.2,23.4,74.0,18.0,32.7,21.7,75.0,19.8,34.0,23.2,75.0,18.5,33.5,23.0,71.0,26.5,31.5,22.6,58.0,25.4,29.9,22.0,56.0,15.8,30.9,19.1,60.0,15.1
2022-09-10,32.2,23.4,74,18.0,0.0,9,32.7,21.7,75.0,19.8,34.0,23.2,75.0,18.5,33.5,23.0,71.0,26.5,31.5,22.6,58.0,25.4,29.9,22.0,56.0,15.8,30.9,19.1,60.0,15.1,31.0,22.6,64.0,21.9
2022-09-11,32.7,21.7,75,19.8,0.0,9,34.0,23.2,75.0,18.5,33.5,23.0,71.0,26.5,31.5,22.6,58.0,25.4,29.9,22.0,56.0,15.8,30.9,19.1,60.0,15.1,31.0,22.6,64.0,21.9,31.0,21.0,67.0,19.8
2022-09-12,34.0,23.2,75,18.5,0.0,9,33.5,23.0,71.0,26.5,31.5,22.6,58.0,25.4,29.9,22.0,56.0,15.8,30.9,19.1,60.0,15.1,31.0,22.6,64.0,21.9,31.0,21.0,67.0,19.8,30.7,21.1,64.0,22.7
2022-09-13,33.5,23.0,71,26.5,0.0,9,31.5,22.6,58.0,25.4,29.9,22.0,56.0,15.8,30.9,19.1,60.0,15.1,31.0,22.6,64.0,21.9,31.0,21.0,67.0,19.8,30.7,21.1,64.0,22.7,31.0,22.8,62.0,19.8
2022-09-14,31.5,22.6,58,25.4,0.0,9,29.9,22.0,56.0,15.8,30.9,19.1,60.0,15.1,31.0,22.6,64.0,21.9,31.0,21.0,67.0,19.8,30.7,21.1,64.0,22.7,31.0,22.8,62.0,19.8,30.8,21.4,59.0,25.0
2022-09-15,29.9,22.0,56,15.8,0.0,9,30.9,19.1,60.0,15.1,31.0,22.6,64.0,21.9,31.0,21.0,67.0,19.8,30.7,21.1,64.0,22.7,31.0,22.8,62.0,19.8,30.8,21.4,59.0,25.0,32.3,20.0,66.0,15.5
2022-09-16,30.9,19.1,60,15.1,0.0,9,31.0,22.6,64.0,21.9,31.0,21.0,67.0,19.8,30.7,21.1,64.0,22.7,31.0,22.8,62.0,19.8,30.8,21.4,59.0,25.0,32.3,20.0,66.0,15.5,30.0,23.7,60.0,15.5
2022-09-17,31.0,22.6,64,21.9,0.0,9,31.0,21.0,67.0,19.8,30.7,21.1,64.0,22.7,31.0,22.8,62.0,19.8,30.8,21.4,59.0,25.0,32.3,20.0,66.0,15.5,30.0,23.7,60.0,15.5,31.1,23.0,62.0,20.7
2022-09-18,31.0,21.0,67,19.8,0.0,9,30.7,21.1,64.0,22.7,31.0,22.8,62.0,19.8,30.8,21.4,59.0,25.0,32.3,20.0,66.0,15.5,30.0,23.7,60.0,15.5,31.1,23.0,62.0,20.7,31.0,23.1,68.0,17.3
2022-09-19,30.7,21.1,64,22.7,0.0,9,31.0,22.8,62.0,19.8,30.8,21.4,59.0,25.0,32.3,20.0,66.0,15.5,30.0,23.7,60.0,15.5,31.1,23.0,62.0,20.7,31.0,23.1,68.0,17.3,31.5,23.0,70.0,16.3
2022-09-20,31.0,22.8,62,19.8,0.0,9,30.8,21.4,59.0,25.0,32.3,20.0,66.0,15.5,30.0,23.7,60.0,15.5,31.1,23.0,62.0,20.7,31.0,23.1,68.0,17.3,31.5,23.0,70.0,16.3,32.2,22.0,72.0,14.4
2022-09-21,30.8,21.4,59,25.0,0.0,9,32.3,20.0,66.0,15.5,30.0,23.7,60.0,15.5,31.1,23.0,62.0,20.7,31.0,23.1,68.0,17.3,31.5,23.0,70.0,16.3,32.2,22.0,72.0,14.4,33.2,21.6,70.0,17.0
2022-09-22,32.3,20.0,66,15.5,0.0,9,30.0,23.7,60.0,15.5,31.1,23.0,62.0,20.7,31.0,23.1,68.0,17.3,31.5,23.0,70.0,16.3,32.2,22.0,72.0,14.4,33.2,21.6,70.0,17.0,35.5,22.2,65.0,13.6
2022-09-23,30.0,23.7,60,15.5,0.0,9,31.1,23.0,62.0,20.7,31.0,23.1,68.0,17.3,31.5,23.0,70.0,16.3,32.2,22.0,72.0,14.4,33.2,21.6,70.0,17.0,35.5,22.2,65.0,13.6,34.7,22.9,69.0,16.5
2022-09-24,31.1,23.0,62,20.7,0.0,9,31.0,23.1,68.0,17.3,31.5,23.0,70.0,16.3,32.2,22.0,72.0,14.4,33.2,21.6,70.0,17.0,35.5,22.2,65.0,13.6,34.7,22.9,69.0,16.5,35.5,23.6,65.0,18.5
2022-09-25,31.0,23.1,68,17.3,0.0,9,31.5,23.0,70.0,16.3,32.2,22.0,72.0,14.4,33.2,21.6,70.0,17.0,35.5,22.2,65.0,13.6,34.7,22.9,69.0,16.5,35.5,23.6,65.0,18.5,36.2,22.1,69.0,18.5
2022-09-26,31.5,23.0,70,16.3,0.0,9,32.2,22.0,72.0,14.4,33.2,21.6,70.0,17.0,35.5,22.2,65.0,13.6,34.7,22.9,69.0,16.5,35.5,23.6,65.0,18.5,36.2,22.1,69.0,18.5,31.5,23.7,64.0,21.7
2022-09-27,32.2,22.0,72,14.4,0.0,9,33.2,21.6,70.0,17.0,35.5,22.2,65.0,13.6,34.7,22.9,69.0,16.5,35.5,23.6,65.0,18.5,36.2,22.1,69.0,18.5,31.5,23.7,64.0,21.7,31.5,20.2,63.0,21.3
2022-09-28,33.2,21.6,70,17.0,0.0,9,35.5,22.2,65.0,13.6,34.7,22.9,69.0,16.5,35.5,23.6,65.0,18.5,36.2,22.1,69.0,18.5,31.5,23.7,64.0,21.7,31.5,20.2,63.0,21.3,29.8,20.5,69.0,17.3
2022-09-29,35.5,22.2,65,13.6,0.0,9,34.7,22.9,69.0,16.5,35.5,23.6,65.0,18.5,36.2,22.1,69.0,18.5,31.5,23.7,64.0,21.7,31.5,20.2,63.0,21.3,29.8,20.5,69.0,17.3,28.4,20.3,66.0,21.3
2022-09-30,34.7,22.9,69,16.5,0.0,9,35.5,23.6,65.0,18.5,36.2,22.1,69.0,18.5,31.5,23.7,64.0,21.7,31.5,20.2,63.0,21.3,29.8,20.5,69.0,17.3,28.4,20.3,66.0,21.3,28.0,19.0,53.0,24.0
2022-10-01,35.5,23.6,65,18.5,0.0,10,36.2,22.1,69.0,18.5,31.5,23.7,64.0,21.7,31.5,20.2,63.0,21.3,29.8,20.5,69.0,17.3,28.4,20.3,66.0,21.3,28.0,19.0,53.0,24.0,27.9,19.1,58.0,19.7
2022-10-02,36.2,22.1,69,18.5,0.0,10,31.5,23.7,64.0,21.7,31.5,20.2,63.0,21.3,29.8,20.5,69.0,17.3,28.4,20.3,66.0,21.3,28.0,19.0,53.0,24.0,27.9,19.1,58.0,19.7,28.0,19.5,58.0,21.3
2022-10-03,31.5,23.7,64,21.7,0.0,10,31.5,20.2,63.0,21.3,29.8,20.5,69.0,17.3,28.4,20.3,66.0,21.3,28.0,19.0,53.0,24.0,27.9,19.1,58.0,19.7,28.0,19.5,58.0,21.3,28.4,20.0,64.0,14.6
2022-10-04,31.5,20.2,63,21.3,0.0,10,29.8,20.5,69.0,17.3,28.4,20.3,66.0,21.3,28.0,19.0,53.0,24.0,27.9,19.1,58.0,19.7,28.0,19.5,58.0,21.3,28.4,20.0,64.0,14.6,29.6,20.8,61.0,16.7
2022-10-05,29.8,20.5,69,17.3,0.0,10,28.4,20.3,66.0,21.3,28.0,19.0,53.0,24.0,27.9,19.1,58.0,19.7,28.0,19.5,58.0,21.3,28.4,20.0,64.0,14.6,29.6,20.8,61.0,16.7,28.2,20.1,65.0,18.7
2022-10-06,28.4,20.3,66,21.3,0.0,10,28.0,19.0,53.0,24.0,27.9,19.1,58.0,19.7,28.0,19.5,58.0,21.3,28.4,20.0,64.0,14.6,29.6,20.8,61.0,16.7,28.2,20.1,65.0,18.7,28.4,20.2,61.0,20.3
2022-10-07,28.0,19.0,53,24.0,0.0,10,27.9,19.1,58.0,19.7,28.0,19.5,58.0,21.3,28.4,20.0,64.0,14.6,29.6,20.8,61.0,16.7,28.2,20.1,65.0,18.7,28.4,20.2,61.0,20.3,27.9,19.9,59.0,21.0
2022-10-08,27.9,19.1,58,19.7,0.0,10,28.0,19.5,58.0,21.3,28.4,20.0,64.0,14.6,29.6,20.8,61.0,16.7,28.2,20.1,65.0,18.7,28.4,20.2,61.0,20.3,27.9,19.9,59.0,21.0,32.5,17.2,57.0,17.9
2022-10-09,28.0,19.5,58,21.3,0.0,10,28.4,20.0,64.0,14.6,29.6,20.8,61.0,16.7,28.2,20.1,65.0,18.7,28.4,20.2,61.0,20.3,27.9,19.9,59.0,21.0,32.5,17.2,57.0,17.9,31.2,19.1,52.0,22.7
2022-10-10,28.4,20.0,64,14.6,0.0,10,29.6,20.8,61.0,16.7,28.2,20.1,65.0,18.7,28.4,20.2,61.0,20.3,27.9,19.9,59.0,21.0,32.5,17.2,57.0,17.9,31.2,19.1,52.0,22.7,27.9,20.2,65.0,23.5
2022-10-11,29.6,20.8,61,16.7,0.0,10,28.2,20.1,65.0,18.7,28.4,20.2,61.0,20.3,27.9,19.9,59.0,21.0,32.5,17.2,57.0,17.9,31.2,19.1,52.0,22.7,27.9,20.2,65.0,23.5,29.3,18.4,68.0,16.7
2022-10-12,28.2,20.1,65,18.7,0.0,10,28.4,20.2,61.0,20.3,27.9,19.9,59.0,21.0,32.5,17.2,57.0,17.9,31.2,19.1,52.0,22.7,27.9,20.2,65.0,23.5,29.3,18.4,68.0,16.7,28.3,17.3,69.0,16.1
2022-10-13,28.4,20.2,61,20.3,0.0,10,27.9,19.9,59.0,21.0,32.5,17.2,57.0,17.9,31.2,19.1,52.0,22.7,27.9,20.2,65.0,23.5,29.3,18.4,68.0,16.7,28.3,17.3,69.0,16.1,27.4,18.5,72.0,15.5
2022-10-14,27.9,19.9,59,21.0,0.0,10,32.5,17.2,57.0,17.9,31.2,19.1,52.0,22.7,27.9,20.2,65.0,23.5,29.3,18.4,68.0,16.7,28.3,17.3,69.0,16.1,27.4,18.5,72.0,15.5,26.4,19.7,71.0,14.2
2022-10-15,32.5,17.2,57,17.9,0.0,10,31.2,19.1,52.0,22.7,27.9,20.2,65.0,23.5,29.3,18.4,68.0,16.7,28.3,17.3,69.0,16.1,27.4,18.5,72.0,15.5,26.4,19.7,71.0,14.2,27.1,17.0,70.0,15.5
2022-10-16,31.2,19.1,52,22.7,2.5,10,27.9,20.2,65.0,23.5,29.3,18.4,68.0,16.7,28.3,17.3,69.0,16.1,27.4,18.5,72.0,15.5,26.4,19.7,71.0,14.2,27.1,17.0,70.0,15.5,24.8,17.9,74.0,13.7
2022-10-17,27.9,20.2,65,23.5,0.0,10,29.3,18.4,68.0,16.7,28.3,17.3,69.0,16.1,27.4,18.5,72.0,15.5,26.4,19.7,71.0,14.2,27.1,17.0,70.0,15.5,24.8,17.9,74.0,13.7,25.9,19.6,59.0,17.0
2022-10-18,29.3,18.4,68,16.7,0.2,10,28.3,17.3,69.0,16.1,27.4,18.5,72.0,15.5,26.4,19.7,71.0,14.2,27.1,17.0,70.0,15.5,24.8,17.9,74.0,13.7,25.9,19.6,59.0,17.0,24.6,20.5,73.0,19.1
2022-10-19,28.3,17.3,69,16.1,0.1,10,27.4,18.5,72.0,15.5,26.4,19.7,71.0,14.2,27.1,17.0,70.0,15.5,24.8,17.9,74.0,13.7,25.9,19.6,59.0,17.0,24.6,20.5,73.0,19.1,26.9,16.0,84.0,16.6
2022-10-20,27.4,18.5,72,15.5,0.0,10,26.4,19.7,71.0,14.2,27.1,17.0,70.0,15.5,24.8,17.9,74.0,13.7,25.9,19.6,59.0,17.0,24.6,20.5,73.0,19.1,26.9,16.0,84.0,16.6,27.0,19.9,79.0,14.6
2022-10-21,26.4,19.7,71,14.2,0.8,10,27.1,17.0,70.0,15.5,24.8,17.9,74.0,13.7,25.9,19.6,59.0,17.0,24.6,20.5,73.0,19.1,26.9,16.0,84.0,16.6,27.0,19.9,79.0,14.6,27.2,19.4,76.0,14.2
2022-10-22,27.1,17.0,70,15.5,0.0,10,24.8,17.9,74.0,13.7,25.9,19.6,59.0,17.0,24.6,20.5,73.0,19.1,26.9,16.0,84.0,16.6,27.0,19.9,79.0,14.6,27.2,19.4,76.0,14.2,26.2,18.1,76.0,14.9
2022-10-23,24.8,17.9,74,13.7,1.6,10,25.9,19.6,59.0,17.0,24.6,20.5,73.0,19.1,26.9,16.0,84.0,16.6,27.0,19.9,79.0,14.6,27.2,19.4,76.0,14.2,26.2,18.1,76.0,14.9,25.9,18.9,77.0,13.9
2022-10-24,25.9,19.6,59,17.0,0.0,10,24.6,20.5,73.0,19.1,26.9,16.0,84.0,16.6,27.0,19.9,79.0,14.6,27.2,19.4,76.0,14.2,26.2,18.1,76.0,14.9,25.9,18.9,77.0,13.9,26.1,16.2,71.0,14.8
2022-10-25,24.6,20.5,73,19.1,2.4,10,26.9,16.0,84.0,16.6,27.0,19.9,79.0,14.6,27.2,19.4,76.0,14.2,26.2,18.1,76.0,14.9,25.9,18.9,77.0,13.9,26.1,16.2,71.0,14.8,25.1,15.8,73.0,12.2
2022-10-26,26.9,16.0,84,16.6,9.9,10,27.0,19.9,79.0,14.6,27.2,19.4,76.0,14.2,26.2,18.1,76.0,14.9,25.9,18.9,77.0,13.9,26.1,16.2,71.0,14.8,25.1,15.8,73.0,12.2,25.8,15.9,69.0,16.3
2022-10-27,27.0,19.9,79,14.6,0.4,10,27.2,19.4,76.0,14.2,26.2,18.1,76.0,14.9,25.9,18.9,77.0,13.9,26.1,16.2,71.0,14.8,25.1,15.8,73.0,12.2,25.8,15.9,69.0,16.3,26.1,15.8,75.0,14.4
2022-10-28,27.2,19.4,76,14.2,0.0,10,26.2,18.1,76.0,14.9,25.9,18.9,77.0,13.9,26.1,16.2,71.0,14.8,25.1,15.8,73.0,12.2,25.8,15.9,69.0,16.3,26.1,15.8,75.0,14.4,25.5,17.0,73.0,14.7
2022-10-29,26.2,18.1,76,14.9,0.4,10,25.9,18.9,77.0,13.9,26.1,16.2,71.0,14.8,25.1,15.8,73.0,12.2,25.8,15.9,69.0,16.3,26.1,15.8,75.0,14.4,25.5,17.0,73.0,14.7,25.2,16.1,67.0,14.2
2022-10-30,25.9,18.9,77,13.9,2.4,10,26.1,16.2,71.0,14.8,25.1,15.8,73.0,12.2,25.8,15.9,69.0,16.3,26.1,15.8,75.0,14.4,25.5,17.0,73.0,14.7,25.2,16.1,67.0,14.2,26.4,13.0,62.0,13.0
2022-10-31,26.1,16.2,71,14.8,0.1,10,25.1,15.8,73.0,12.2,25.8,15.9,69.0,16.3,26.1,15.8,75.0,14.4,25.5,17.0,73.0,14.7,25.2,16.1,67.0,14.2,26.4,13.0,62.0,13.0,28.5,14.2,59.0,23.4
2022-11-01,25.1,15.8,73,12.2,1.8,11,25.8,15.9,69.0,16.3,26.1,15.8,75.0,14.4,25.5,17.0,73.0,14.7,25.2,16.1,67.0,14.2,26.4,13.0,62.0,13.0,28.5,14.2,59.0,23.4,24.6,17.5,67.0,17.3
2022-11-02,25.8,15.9,69,16.3,0.0,11,26.1,15.8,75.0,14.4,25.5,17.0,73.0,14.7,25.2,16.1,67.0,14.2,26.4,13.0,62.0,13.0,28.5,14.2,59.0,23.4,24.6,17.5,67.0,17.3,24.8,16.6,65.0,15.9
2022-11-03,26.1,15.8,75,14.4,0.0,11,25.5,17.0,73.0,14.7,25.2,16.1,67.0,14.2,26.4,13.0,62.0,13.0,28.5,14.2,59.0,23.4,24.6,17.5,67.0,17.3,24.8,16.6,65.0,15.9,24.8,14.5,64.0,14.0
2022-11-04,25.5,17.0,73,14.7,0.0,11,25.2,16.1,67.0,14.2,26.4,13.0,62.0,13.0,28.5,14.2,59.0,23.4,24.6,17.5,67.0,17.3,24.8,16.6,65.0,15.9,24.8,14.5,64.0,14.0,24.6,17.2,61.0,16.9
2022-11-05,25.2,16.1,67,14.2,0.0,11,26.4,13.0,62.0,13.0,28.5,14.2,59.0,23.4,24.6,17.5,67.0,17.3,24.8,16.6,65.0,15.9,24.8,14.5,64.0,14.0,24.6,17.2,61.0,16.9,25.2,18.4,63.0,15.6
2022-11-06,26.4,13.0,62,13.0,0.0,11,28.5,14.2,59.0,23.4,24.6,17.5,67.0,17.3,24.8,16.6,65.0,15.9,24.8,14.5,64.0,14.0,24.6,17.2,61.0,16.9,25.2,18.4,63.0,15.6,26.8,17.5,66.0,21.2
2022-11-07,28.5,14.2,59,23.4,0.0,11,24.6,17.5,67.0,17.3,24.8,16.6,65.0,15.9,24.8,14.5,64.0,14.0,24.6,17.2,61.0,16.9,25.2,18.4,63.0,15.6,26.8,17.5,66.0,21.2,25.5,17.8,57.0,18.5
2022-11-08,24.6,17.5,67,17.3,0.0,11,24.8,16.6,65.0,15.9,24.8,14.5,64.0,14.0,24.6,17.2,61.0,16.9,25.2,18.4,63.0,15.6,26.8,17.5,66.0,21.2,25.5,17.8,57.0,18.5,23.0,15.5,63.0,15.0
2022-11-09,24.8,16.6,65,15.9,0.0,11,24.8,14.5,64.0,14.0,24.6,17.2,61.0,16.9,25.2,18.4,63.0,15.6,26.8,17.5,66.0,21.2,25.5,17.8,57.0,18.5,23.0,15.5,63.0,15.0,23.7,14.6,63.0,15.7
2022-11-10,24.8,14.5,64,14.0,0.0,11,24.6,17.2,61.0,16.9,25.2,18.4,63.0,15.6,26.8,17.5,66.0,21.2,25.5,17.8,57.0,18.5,23.0,15.5,63.0,15.0,23.7,14.6,63.0,15.7,24.0,13.4,72.0,11.5
2022-11-11,24.6,17.2,61,16.9,0.1,11,25.2,18.4,63.0,15.6,26.8,17.5,66.0,21.2,25.5,17.8,57.0,18.5,23.0,15.5,63.0,15.0,23.7,14.6,63.0,15.7,24.0,13.4,72.0,11.5,25.8,12.6,71.0,14.5
2022-11-12,25.2,18.4,63,15.6,0.3,11,26.8,17.5,66.0,21.2,25.5,17.8,57.0,18.5,23.0,15.5,63.0,15.0,23.7,14.6,63.0,15.7,24.0,13.4,72.0,11.5,25.8,12.6,71.0,14.5,26.3,12.9,72.0,11.0
2022-11-13,26.8,17.5,66,21.2,0.7,11,25.5,17.8,57.0,18.5,23.0,15.5,63.0,15.0,23.7,14.6,63.0,15.7,24.0,13.4,72.0,11.5,25.8,12.6,71.0,14.5,26.3,12.9,72.0,11.0,26.4,17.4,70.0,20.6
2022-11-14,25.5,17.8,57,18.5,0.0,11,23.0,15.5,63.0,15.0,23.7,14.6,63.0,15.7,24.0,13.4,72.0,11.5,25.8,12.6,71.0,14.5,26.3,12.9,72.0,11.0,26.4,17.4,70.0,20.6,27.5,17.3,76.0,19.2
2022-11-15,23.0,15.5,63,15.0,0.4,11,23.7,14.6,63.0,15.7,24.0,13.4,72.0,11.5,25.8,12.6,71.0,14.5,26.3,12.9,72.0,11.0,26.4,17.4,70.0,20.6,27.5,17.3,76.0,19.2,25.2,16.5,75.0,17.9
2022-11-16,23.7,14.6,63,15.7,0.0,11,24.0,13.4,72.0,11.5,25.8,12.6,71.0,14.5,26.3,12.9,72.0,11.0,26.4,17.4,70.0,20.6,27.5,17.3,76.0,19.2,25.2,16.5,75.0,17.9,23.2,16.5,76.0,10.9
2022-11-17,24.0,13.4,72,11.5,0.9,11,25.8,12.6,71.0,14.5,26.3,12.9,72.0,11.0,26.4,17.4,70.0,20.6,27.5,17.3,76.0,19.2,25.2,16.5,75.0,17.9,23.2,16.5,76.0,10.9,25.4,14.4,55.0,19.8
2022-11-18,25.8,12.6,71,14.5,0.0,11,26.3,12.9,72.0,11.0,26.4,17.4,70.0,20.6,27.5,17.3,76.0,19.2,25.2,16.5,75.0,17.9,23.2,16.5,76.0,10.9,25.4,14.4,55.0,19.8,23.4,15.8,60.0,26.8
2022-11-19,26.3,12.9,72,11.0,0.0,11,26.4,17.4,70.0,20.6,27.5,17.3,76.0,19.2,25.2,16.5,75.0,17.9,23.2,16.5,76.0,10.9,25.4,14.4,55.0,19.8,23.4,15.8,60.0,26.8,22.8,14.9,62.0,17.6
2022-11-20,26.4,17.4,70,20.6,0.0,11,27.5,17.3,76.0,19.2,25.2,16.5,75.0,17.9,23.2,16.5,76.0,10.9,25.4,14.4,55.0,19.8,23.4,15.8,60.0,26.8,22.8,14.9,62.0,17.6,22.9,13.4,65.0,9.7
2022-11-21,27.5,17.3,76,19.2,0.0,11,25.2,16.5,75.0,17.9,23.2,16.5,76.0,10.9,25.4,14.4,55.0,19.8,23.4,15.8,60.0,26.8,22.8,14.9,62.0,17.6,22.9,13.4,65.0,9.7,24.3,12.8,69.0,10.5
2022-11-22,25.2,16.5,75,17.9,0.0,11,23.2,16.5,76.0,10.9,25.4,14.4,55.0,19.8,23.4,15.8,60.0,26.8,22.8,14.9,62.0,17.6,22.9,13.4,65.0,9.7,24.3,12.8,69.0,10.5,24.4,12.4,60.0,15.6
2022-11-23,23.2,16.5,76,10.9,0.2,11,25.4,14.4,55.0,19.8,23.4,15.8,60.0,26.8,22.8,14.9,62.0,17.6,22.9,13.4,65.0,9.7,24.3,12.8,69.0,10.5,24.4,12.4,60.0,15.6,24.9,12.0,70.0,12.7
2022-11-24,25.4,14.4,55,19.8,0.0,11,23.4,15.8,60.0,26.8,22.8,14.9,62.0,17.6,22.9,13.4,65.0,9.7,24.3,12.8,69.0,10.5,24.4,12.4,60.0,15.6,24.9,12.0,70.0,12.7,25.0,12.9,71.0,17.1
2022-11-25,23.4,15.8,60,26.8,0.6,11,22.8,14.9,62.0,17.6,22.9,13.4,65.0,9.7,24.3,12.8,69.0,10.5,24.4,12.4,60.0,15.6,24.9,12.0,70.0,12.7,25.0,12.9,71.0,17.1,23.5,15.2,70.0,15.6
2022-11-26,22.8,14.9,62,17.6,0.0,11,22.9,13.4,65.0,9.7,24.3,12.8,69.0,10.5,24.4,12.4,60.0,15.6,24.9,12.0,70.0,12.7,25.0,12.9,71.0,17.1,23.5,15.2,70.0,15.6,23.4,16.7,67.0,16.6
2022-11-27,22.9,13.4,65,9.7,0.0,11,24.3,12.8,69.0,10.5,24.4,12.4,60.0,15.6,24.9,12.0,70.0,12.7,25.0,12.9,71.0,17.1,23.5,15.2,70.0,15.6,23.4,16.7,67.0,16.6,21.2,15.9,75.0,15.9
2022-11-28,24.3,12.8,69,10.5,0.4,11,24.4,12.4,60.0,15.6,24.9,12.0,70.0,12.7,25.0,12.9,71.0,17.1,23.5,15.2,70.0,15.6,23.4,16.7,67.0,16.6,21.2,15.9,75.0,15.9,22.5,15.7,68.0,20.2
2022-11-29,24.4,12.4,60,15.6,0.0,11,24.9,12.0,70.0,12.7,25.0,12.9,71.0,17.1,23.5,15.2,70.0,15.6,23.4,16.7,67.0,16.6,21.2,15.9,75.0,15.9,22.5,15.7,68.0,20.2,21.5,14.4,75.0,14.1
2022-11-30,24.9,12.0,70,12.7,0.0,11,25.0,12.9,71.0,17.1,23.5,15.2,70.0,15.6,23.4,16.7,67.0,16.6,21.2,15.9,75.0,15.9,22.5,15.7,68.0,20.2,21.5,14.4,75.0,14.1,22.0,11.9,74.0,10.0
2022-12-01,25.0,12.9,71,17.1,0.0,12,23.5,15.2,70.0,15.6,23.4,16.7,67.0,16.6,21.2,15.9,75.0,15.9,22.5,15.7,68.0,20.2,21.5,14.4,75.0,14.1,22.0,11.9,74.0,10.0,24.0,10.1,68.0,14.2
2022-12-02,23.5,15.2,70,15.6,0.0,12,23.4,16.7,67.0,16.6,21.2,15.9,75.0,15.9,22.5,15.7,68.0,20.2,21.5,14.4,75.0,14.1,22.0,11.9,74.0,10.0,24.0,10.1,68.0,14.2,24.9,12.7,74.0,16.7
2022-12-03,23.4,16.7,67,16.6,0.0,12,21.2,15.9,75.0,15.9,22.5,15.7,68.0,20.2,21.5,14.4,75.0,14.1,22.0,11.9,74.0,10.0,24.0,10.1,68.0,14.2,24.9,12.7,74.0,16.7,23.3,13.9,82.0,11.4
2022-12-04,21.2,15.9,75,15.9,1.3,12,22.5,15.7,68.0,20.2,21.5,14.4,75.0,14.1,22.0,11.9,74.0,10.0,24.0,10.1,68.0,14.2,24.9,12.7,74.0,16.7,23.3,13.9,82.0,11.4,23.8,13.1,79.0,11.3
2022-12-05,22.5,15.7,68,20.2,0.6,12,21.5,14.4,75.0,14.1,22.0,11.9,74.0,10.0,24.0,10.1,68.0,14.2,24.9,12.7,74.0,16.7,23.3,13.9,82.0,11.4,23.8,13.1,79.0,11.3,26.6,11.6,66.0,13.4
2022-12-06,21.5,14.4,75,14.1,1.2,12,22.0,11.9,74.0,10.0,24.0,10.1,68.0,14.2,24.9,12.7,74.0,16.7,23.3,13.9,82.0,11.4,23.8,13.1,79.0,11.3,26.6,11.6,66.0,13.4,23.1,14.9,78.0,14.9
2022-12-07,22.0,11.9,74,10.0,0.0,12,24.0,10.1,68.0,14.2,24.9,12.7,74.0,16.7,23.3,13.9,82.0,11.4,23.8,13.1,79.0,11.3,26.6,11.6,66.0,13.4,23.1,14.9,78.0,14.9,24.9,14.8,72.0,15.2
2022-12-08,24.0,10.1,68,14.2,0.0,12,24.9,12.7,74.0,16.7,23.3,13.9,82.0,11.4,23.8,13.1,79.0,11.3,26.6,11.6,66.0,13.4,23.1,14.9,78.0,14.9,24.9,14.8,72.0,15.2,24.0,13.1,82.0,12.3
2022-12-09,24.9,12.7,74,16.7,0.0,12,23.3,13.9,82.0,11.4,23.8,13.1,79.0,11.3,26.6,11.6,66.0,13.4,23.1,14.9,78.0,14.9,24.9,14.8,72.0,15.2,24.0,13.1,82.0,12.3,23.1,15.2,84.0,12.3
2022-12-10,23.3,13.9,82,11.4,0.0,12,23.8,13.1,79.0,11.3,26.6,11.6,66.0,13.4,23.1,14.9,78.0,14.9,24.9,14.8,72.0,15.2,24.0,13.1,82.0,12.3,23.1,15.2,84.0,12.3,24.0,15.3,79.0,16.3
2022-12-11,23.8,13.1,79,11.3,0.0,12,26.6,11.6,66.0,13.4,23.1,14.9,78.0,14.9,24.9,14.8,72.0,15.2,24.0,13.1,82.0,12.3,23.1,15.2,84.0,12.3,24.0,15.3,79.0,16.3,24.0,18.3,77.0,19.8
2022-12-12,26.6,11.6,66,13.4,0.0,12,23.1,14.9,78.0,14.9,24.9,14.8,72.0,15.2,24.0,13.1,82.0,12.3,23.1,15.2,84.0,12.3,24.0,15.3,79.0,16.3,24.0,18.3,77.0,19.8,23.0,16.5,75.0,18.1
2022-12-13,23.1,14.9,78,14.9,0.0,12,24.9,14.8,72.0,15.2,24.0,13.1,82.0,12.3,23.1,15.2,84.0,12.3,24.0,15.3,79.0,16.3,24.0,18.3,77.0,19.8,23.0,16.5,75.0,18.1,23.0,14.9,73.0,14.2
2022-12-14,24.9,14.8,72,15.2,0.0,12,24.0,13.1,82.0,12.3,23.1,15.2,84.0,12.3,24.0,15.3,79.0,16.3,24.0,18.3,77.0,19.8,23.0,16.5,75.0,18.1,23.0,14.9,73.0,14.2,22.0,14.3,69.0,21.7
2022-12-15,24.0,13.1,82,12.3,0.0,12,23.1,15.2,84.0,12.3,24.0,15.3,79.0,16.3,24.0,18.3,77.0,19.8,23.0,16.5,75.0,18.1,23.0,14.9,73.0,14.2,22.0,14.3,69.0,21.7,19.5,13.9,73.0,15.0
2022-12-16,23.1,15.2,84,12.3,0.5,12,24.0,15.3,79.0,16.3,24.0,18.3,77.0,19.8,23.0,16.5,75.0,18.1,23.0,14.9,73.0,14.2,22.0,14.3,69.0,21.7,19.5,13.9,73.0,15.0,19.4,11.0,77.0,12.5
2022-12-17,24.0,15.3,79,16.3,0.0,12,24.0,18.3,77.0,19.8,23.0,16.5,75.0,18.1,23.0,14.9,73.0,14.2,22.0,14.3,69.0,21.7,19.5,13.9,73.0,15.0,19.4,11.0,77.0,12.5,19.9,12.4,84.0,13.0
2022-12-18,24.0,18.3,77,19.8,0.0,12,23.0,16.5,75.0,18.1,23.0,14.9,73.0,14.2,22.0,14.3,69.0,21.7,19.5,13.9,73.0,15.0,19.4,11.0,77.0,12.5,19.9,12.4,84.0,13.0,20.1,11.4,87.0,19.3
2022-12-19,23.0,16.5,75,18.1,0.0,12,23.0,14.9,73.0,14.2,22.0,14.3,69.0,21.7,19.5,13.9,73.0,15.0,19.4,11.0,77.0,12.5,19.9,12.4,84.0,13.0,20.1,11.4,87.0,19.3,20.5,12.3,62.0,29.5
2022-12-20,23.0,14.9,73,14.2,0.0,12,22.0,14.3,69.0,21.7,19.5,13.9,73.0,15.0,19.4,11.0,77.0,12.5,19.9,12.4,84.0,13.0,20.1,11.4,87.0,19.3,20.5,12.3,62.0,29.5,20.3,13.1,57.0,20.5
2022-12-21,22.0,14.3,69,21.7,0.4,12,19.5,13.9,73.0,15.0,19.4,11.0,77.0,12.5,19.9,12.4,84.0,13.0,20.1,11.4,87.0,19.3,20.5,12.3,62.0,29.5,20.3,13.1,57.0,20.5,20.5,9.4,71.0,9.5
2022-12-22,19.5,13.9,73,15.0,1.0,12,19.4,11.0,77.0,12.5,19.9,12.4,84.0,13.0,20.1,11.4,87.0,19.3,20.5,12.3,62.0,29.5,20.3,13.1,57.0,20.5,20.5,9.4,71.0,9.5,21.0,8.5,70.0,13.2
2022-12-23,19.4,11.0,77,12.5,0.6,12,19.9,12.4,84.0,13.0,20.1,11.4,87.0,19.3,20.5,12.3,62.0,29.5,20.3,13.1,57.0,20.5,20.5,9.4,71.0,9.5,21.0,8.5,70.0,13.2,20.5,11.1,79.0,15.3
2022-12-24,19.9,12.4,84,13.0,0.8,12,20.1,11.4,87.0,19.3,20.5,12.3,62.0,29.5,20.3,13.1,57.0,20.5,20.5,9.4,71.0,9.5,21.0,8.5,70.0,13.2,20.5,11.1,79.0,15.3,20.5,12.4,66.0,20.7
2022-12-25,20.1,11.4,87,19.3,3.6,12,20.5,12.3,62.0,29.5,20.3,13.1,57.0,20.5,20.5,9.4,71.0,9.5,21.0,8.5,70.0,13.2,20.5,11.1,79.0,15.3,20.5,12.4,66.0,20.7,20.6,12.8,69.0,18.4
2022-12-26,20.5,12.3,62,29.5,0.3,12,20.3,13.1,57.0,20.5,20.5,9.4,71.0,9.5,21.0,8.5,70.0,13.2,20.5,11.1,79.0,15.3,20.5,12.4,66.0,20.7,20.6,12.8,69.0,18.4,21.4,13.7,73.0,18.1
2022-12-27,20.3,13.1,57,20.5,0.0,12,20.5,9.4,71.0,9.5,21.0,8.5,70.0,13.2,20.5,11.1,79.0,15.3,20.5,12.4,66.0,20.7,20.6,12.8,69.0,18.4,21.4,13.7,73.0,18.1,20.5,13.6,74.0,14.0
2022-12-28,20.5,9.4,71,9.5,0.0,12,21.0,8.5,70.0,13.2,20.5,11.1,79.0,15.3,20.5,12.4,66.0,20.7,20.6,12.8,69.0,18.4,21.4,13.7,73.0,18.1,20.5,13.6,74.0,14.0,20.6,12.6,69.0,22.9
2022-12-29,21.0,8.5,70,13.2,0.0,12,20.5,11.1,79.0,15.3,20.5,12.4,66.0,20.7,20.6,12.8,69.0,18.4,21.4,13.7,73.0,18.1,20.5,13.6,74.0,14.0,20.6,12.6,69.0,22.9,20.7,11.1,70.0,16.6
2022-12-30,20.5,11.1,79,15.3,0.3,12,20.5,12.4,66.0,20.7,20.6,12.8,69.0,18.4,21.4,13.7,73.0,18.1,20.5,13.6,74.0,14.0,20.6,12.6,69.0,22.9,20.7,11.1,70.0,16.6,21.0,11.5,70.0,11.9
2022-12-31,20.5,12.4,66,20.7,0.0,12,20.6,12.8,69.0,18.4,21.4,13.7,73.0,18.1,20.5,13.6,74.0,14.0,20.6,12.6,69.0,22.9,20.7,11.1,70.0,16.6,21.0,11.5,70.0,11.9,21.1,11.4,71.0,10.5
2023-01-01,20.6,12.8,69,18.4,0.4,1,21.4,13.7,73.0,18.1,20.5,13.6,74.0,14.0,20.6,12.6,69.0,22.9,20.7,11.1,70.0,16.6,21.0,11.5,70.0,11.9,21.1,11.4,71.0,10.5,20.3,11.4,82.0,12.4
2023-01-02,21.4,13.7,73,18.1,0.0,1,20.5,13.6,74.0,14.0,20.6,12.6,69.0,22.9,20.7,11.1,70.0,16.6,21.0,11.5,70.0,11.9,21.1,11.4,71.0,10.5,20.3,11.4,82.0,12.4,18.1,9.4,86.0,8.9
2023-01-03,20.5,13.6,74,14.0,1.0,1,20.6,12.6,69.0,22.9,20.7,11.1,70.0,16.6,21.0,11.5,70.0,11.9,21.1,11.4,71.0,10.5,20.3,11.4,82.0,12.4,18.1,9.4,86.0,8.9,20.3,9.7,79.0,11.3
2023-01-04,20.6,12.6,69,22.9,0.2,1,20.7,11.1,70.0,16.6,21.0,11.5,70.0,11.9,21.1,11.4,71.0,10.5,20.3,11.4,82.0,12.4,18.1,9.4,86.0,8.9,20.3,9.7,79.0,11.3,20.3,9.4,67.0,15.3
2023-01-05,20.7,11.1,70,16.6,0.0,1,21.0,11.5,70.0,11.9,21.1,11.4,71.0,10.5,20.3,11.4,82.0,12.4,18.1,9.4,86.0,8.9,20.3,9.7,79.0,11.3,20.3,9.4,67.0,15.3,19.0,9.3,57.0,21.4
2023-01-06,21.0,11.5,70,11.9,0.3,1,21.1,11.4,71.0,10.5,20.3,11.4,82.0,12.4,18.1,9.4,86.0,8.9,20.3,9.7,79.0,11.3,20.3,9.4,67.0,15.3,19.0,9.3,57.0,21.4,18.5,9.9,75.0,18.4
2023-01-07,21.1,11.4,71,10.5,0.1,1,20.3,11.4,82.0,12.4,18.1,9.4,86.0,8.9,20.3,9.7,79.0,11.3,20.3,9.4,67.0,15.3,19.0,9.3,57.0,21.4,18.5,9.9,75.0,18.4,18.9,10.2,69.0,23.3
2023-01-08,20.3,11.4,82,12.4,3.9,1,18.1,9.4,86.0,8.9,20.3,9.7,79.0,11.3,20.3,9.4,67.0,15.3,19.0,9.3,57.0,21.4,18.5,9.9,75.0,18.4,18.9,10.2,69.0,23.3,19.5,10.6,69.0,18.2
2023-01-09,18.1,9.4,86,8.9,0.2,1,20.3,9.7,79.0,11.3,20.3,9.4,67.0,15.3,19.0,9.3,57.0,21.4,18.5,9.9,75.0,18.4,18.9,10.2,69.0,23.3,19.5,10.6,69.0,18.2,17.8,8.8,67.0,18.2
2023-01-10,20.3,9.7,79,11.3,0.1,1,20.3,9.4,67.0,15.3,19.0,9.3,57.0,21.4,18.5,9.9,75.0,18.4,18.9,10.2,69.0,23.3,19.5,10.6,69.0,18.2,17.8,8.8,67.0,18.2,19.5,8.2,80.0,9.6
2023-01-11,20.3,9.4,67,15.3,0.0,1,19.0,9.3,57.0,21.4,18.5,9.9,75.0,18.4,18.9,10.2,69.0,23.3,19.5,10.6,69.0,18.2,17.8,8.8,67.0,18.2,19.5,8.2,80.0,9.6,20.0,8.1,80.0,15.1
2023-01-12,19.0,9.3,57,21.4,0.5,1,18.5,9.9,75.0,18.4,18.9,10.2,69.0,23.3,19.5,10.6,69.0,18.2,17.8,8.8,67.0,18.2,19.5,8.2,80.0,9.6,20.0,8.1,80.0,15.1,20.6,11.8,79.0,19.6
2023-01-13,18.5,9.9,75,18.4,0.9,1,18.9,10.2,69.0,23.3,19.5,10.6,69.0,18.2,17.8,8.8,67.0,18.2,19.5,8.2,80.0,9.6,20.0,8.1,80.0,15.1,20.6,11.8,79.0,19.6,22.0,8.4,79.0,13.1
2023-01-14,18.9,10.2,69,23.3,0.4,1,19.5,10.6,69.0,18.2,17.8,8.8,67.0,18.2,19.5,8.2,80.0,9.6,20.0,8.1,80.0,15.1,20.6,11.8,79.0,19.6,22.0,8.4,79.0,13.1,20.7,9.1,77.0,12.2
2023-01-15,19.5,10.6,69,18.2,0.0,1,17.8,8.8,67.0,18.2,19.5,8.2,80.0,9.6,20.0,8.1,80.0,15.1,20.6,11.8,79.0,19.6,22.0,8.4,79.0,13.1,20.7,9.1,77.0,12.2,20.8,11.6,69.0,13.6
2023-01-16,17.8,8.8,67,18.2,0.1,1,19.5,8.2,80.0,9.6,20.0,8.1,80.0,15.1,20.6,11.8,79.0,19.6,22.0,8.4,79.0,13.1,20.7,9.1,77.0,12.2,20.8,11.6,69.0,13.6,21.0,12.6,78.0,17.7
2023-01-17,19.5,8.2,80,9.6,0.2,1,20.0,8.1,80.0,15.1,20.6,11.8,79.0,19.6,22.0,8.4,79.0,13.1,20.7,9.1,77.0,12.2,20.8,11.6,69.0,13.6,21.0,12.6,78.0,17.7,20.8,14.8,79.0,18.8
2023-01-18,20.0,8.1,80,15.1,0.0,1,20.6,11.8,79.0,19.6,22.0,8.4,79.0,13.1,20.7,9.1,77.0,12.2,20.8,11.6,69.0,13.6,21.0,12.6,78.0,17.7,20.8,14.8,79.0,18.8,20.7,11.6,73.0,15.1
2023-01-19,20.6,11.8,79,19.6,0.0,1,22.0,8.4,79.0,13.1,20.7,9.1,77.0,12.2,20.8,11.6,69.0,13.6,21.0,12.6,78.0,17.7,20.8,14.8,79.0,18.8,20.7,11.6,73.0,15.1,20.2,11.1,77.0,15.8
2023-01-20,22.0,8.4,79,13.1,0.0,1,20.7,9.1,77.0,12.2,20.8,11.6,69.0,13.6,21.0,12.6,78.0,17.7,20.8,14.8,79.0,18.8,20.7,11.6,73.0,15.1,20.2,11.1,77.0,15.8,25.0,10.6,53.0,15.5
2023-01-21,20.7,9.1,77,12.2,0.0,1,20.8,11.6,69.0,13.6,21.0,12.6,78.0,17.7,20.8,14.8,79.0,18.8,20.7,11.6,73.0,15.1,20.2,11.1,77.0,15.8,25.0,10.6,53.0,15.5,22.0,13.5,68.0,16.7
2023-01-22,20.8,11.6,69,13.6,0.0,1,21.0,12.6,78.0,17.7,20.8,14.8,79.0,18.8,20.7,11.6,73.0,15.1,20.2,11.1,77.0,15.8,25.0,10.6,53.0,15.5,22.0,13.5,68.0,16.7,21.0,11.2,71.0,13.5
2023-01-23,21.0,12.6,78,17.7,0.0,1,20.8,14.8,79.0,18.8,20.7,11.6,73.0,15.1,20.2,11.1,77.0,15.8,25.0,10.6,53.0,15.5,22.0,13.5,68.0,16.7,21.0,11.2,71.0,13.5,20.5,9.6,65.0,22.7
2023-01-24,20.8,14.8,79,18.8,0.0,1,20.7,11.6,73.0,15.1,20.2,11.1,77.0,15.8,25.0,10.6,53.0,15.5,22.0,13.5,68.0,16.7,21.0,11.2,71.0,13.5,20.5,9.6,65.0,22.7,17.9,10.9,62.0,23.2
2023-01-25,20.7,11.6,73,15.1,0.0,1,20.2,11.1,77.0,15.8,25.0,10.6,53.0,15.5,22.0,13.5,68.0,16.7,21.0,11.2,71.0,13.5,20.5,9.6,65.0,22.7,17.9,10.9,62.0,23.2,16.4,11.4,58.0,39.0
2023-01-26,20.2,11.1,77,15.8,0.0,1,25.0,10.6,53.0,15.5,22.0,13.5,68.0,16.7,21.0,11.2,71.0,13.5,20.5,9.6,65.0,22.7,17.9,10.9,62.0,23.2,16.4,11.4,58.0,39.0,17.1,10.6,51.0,24.8
2023-01-27,25.0,10.6,53,15.5,0.0,1,22.0,13.5,68.0,16.7,21.0,11.2,71.0,13.5,20.5,9.6,65.0,22.7,17.9,10.9,62.0,23.2,16.4,11.4,58.0,39.0,17.1,10.6,51.0,24.8,19.5,7.9,63.0,13.7
2023-01-28,22.0,13.5,68,16.7,0.0,1,21.0,11.2,71.0,13.5,20.5,9.6,65.0,22.7,17.9,10.9,62.0,23.2,16.4,11.4,58.0,39.0,17.1,10.6,51.0,24.8,19.5,7.9,63.0,13.7,18.1,9.3,66.0,20.7
2023-01-29,21.0,11.2,71,13.5,0.1,1,20.5,9.6,65.0,22.7,17.9,10.9,62.0,23.2,16.4,11.4,58.0,39.0,17.1,10.6,51.0,24.8,19.5,7.9,63.0,13.7,18.1,9.3,66.0,20.7,20.3,10.0,50.0,26.9
2023-01-30,20.5,9.6,65,22.7,0.0,1,17.9,10.9,62.0,23.2,16.4,11.4,58.0,39.0,17.1,10.6,51.0,24.8,19.5,7.9,63.0,13.7,18.1,9.3,66.0,20.7,20.3,10.0,50.0,26.9,16.1,11.1,50.0,33.6
2023-01-31,17.9,10.9,62,23.2,0.5,1,16.4,11.4,58.0,39.0,17.1,10.6,51.0,24.8,19.5,7.9,63.0,13.7,18.1,9.3,66.0,20.7,20.3,10.0,50.0,26.9,16.1,11.1,50.0,33.6,16.0,8.9,58.0,31.4
2023-02-01,16.4,11.4,58,39.0,0.6,2,17.1,10.6,51.0,24.8,19.5,7.9,63.0,13.7,18.1,9.3,66.0,20.7,20.3,10.0,50.0,26.9,16.1,11.1,50.0,33.6,16.0,8.9,58.0,31.4,15.8,8.6,58.0,25.5
2023-02-02,17.1,10.6,51,24.8,0.1,2,19.5,7.9,63.0,13.7,18.1,9.3,66.0,20.7,20.3,10.0,50.0,26.9,16.1,11.1,50.0,33.6,16.0,8.9,58.0,31.4,15.8,8.6,58.0,25.5,15.8,7.8,57.0,14.3
2023-02-03,19.5,7.9,63,13.7,0.0,2,18.1,9.3,66.0,20.7,20.3,10.0,50.0,26.9,16.1,11.1,50.0,33.6,16.0,8.9,58.0,31.4,15.8,8.6,58.0,25.5,15.8,7.8,57.0,14.3,16.7,6.7,64.0,13.0
2023-02-04,18.1,9.3,66,20.7,0.4,2,20.3,10.0,50.0,26.9,16.1,11.1,50.0,33.6,16.0,8.9,58.0,31.4,15.8,8.6,58.0,25.5,15.8,7.8,57.0,14.3,16.7,6.7,64.0,13.0,16.4,11.2,64.0,22.1
2023-02-05,20.3,10.0,50,26.9,0.0,2,16.1,11.1,50.0,33.6,16.0,8.9,58.0,31.4,15.8,8.6,58.0,25.5,15.8,7.8,57.0,14.3,16.7,6.7,64.0,13.0,16.4,11.2,64.0,22.1,17.1,9.1,58.0,17.3
2023-02-06,16.1,11.1,50,33.6,0.3,2,16.0,8.9,58.0,31.4,15.8,8.6,58.0,25.5,15.8,7.8,57.0,14.3,16.7,6.7,64.0,13.0,16.4,11.2,64.0,22.1,17.1,9.1,58.0,17.3,16.1,7.9,69.0,11.2
2023-02-07,16.0,8.9,58,31.4,0.8,2,15.8,8.6,58.0,25.5,15.8,7.8,57.0,14.3,16.7,6.7,64.0,13.0,16.4,11.2,64.0,22.1,17.1,9.1,58.0,17.3,16.1,7.9,69.0,11.2,15.1,8.1,72.0,15.9
2023-02-08,15.8,8.6,58,25.5,0.0,2,15.8,7.8,57.0,14.3,16.7,6.7,64.0,13.0,16.4,11.2,64.0,22.1,17.1,9.1,58.0,17.3,16.1,7.9,69.0,11.2,15.1,8.1,72.0,15.9,16.5,8.5,71.0,15.8
2023-02-09,15.8,7.8,57,14.3,0.0,2,16.7,6.7,64.0,13.0,16.4,11.2,64.0,22.1,17.1,9.1,58.0,17.3,16.1,7.9,69.0,11.2,15.1,8.1,72.0,15.9,16.5,8.5,71.0,15.8,16.9,7.5,68.0,12.6
2023-02-10,16.7,6.7,64,13.0,0.0,2,16.4,11.2,64.0,22.1,17.1,9.1,58.0,17.3,16.1,7.9,69.0,11.2,15.1,8.1,72.0,15.9,16.5,8.5,71.0,15.8,16.9,7.5,68.0,12.6,18.1,9.0,63.0,16.9
2023-02-11,16.4,11.2,64,22.1,0.3,2,17.1,9.1,58.0,17.3,16.1,7.9,69.0,11.2,15.1,8.1,72.0,15.9,16.5,8.5,71.0,15.8,16.9,7.5,68.0,12.6,18.1,9.0,63.0,16.9,18.5,8.9,60.0,16.6
2023-02-12,17.1,9.1,58,17.3,0.0,2,16.1,7.9,69.0,11.2,15.1,8.1,72.0,15.9,16.5,8.5,71.0,15.8,16.9,7.5,68.0,12.6,18.1,9.0,63.0,16.9,18.5,8.9,60.0,16.6,18.9,9.6,68.0,14.6
2023-02-13,16.1,7.9,69,11.2,0.2,2,15.1,8.1,72.0,15.9,16.5,8.5,71.0,15.8,16.9,7.5,68.0,12.6,18.1,9.0,63.0,16.9,18.5,8.9,60.0,16.6,18.9,9.6,68.0,14.6,18.6,10.1,68.0,17.0
2023-02-14,15.1,8.1,72,15.9,0.8,2,16.5,8.5,71.0,15.8,16.9,7.5,68.0,12.6,18.1,9.0,63.0,16.9,18.5,8.9,60.0,16.6,18.9,9.6,68.0,14.6,18.6,10.1,68.0,17.0,20.4,12.4,65.0,15.5
2023-02-15,16.5,8.5,71,15.8,0.4,2,16.9,7.5,68.0,12.6,18.1,9.0,63.0,16.9,18.5,8.9,60.0,16.6,18.9,9.6,68.0,14.6,18.6,10.1,68.0,17.0,20.4,12.4,65.0,15.5,18.2,9.6,79.0,13.4
2023-02-16,16.9,7.5,68,12.6,0.2,2,18.1,9.0,63.0,16.9,18.5,8.9,60.0,16.6,18.9,9.6,68.0,14.6,18.6,10.1,68.0,17.0,20.4,12.4,65.0,15.5,18.2,9.6,79.0,13.4,19.8,9.8,73.0,13.6
2023-02-17,18.1,9.0,63,16.9,0.0,2,18.5,8.9,60.0,16.6,18.9,9.6,68.0,14.6,18.6,10.1,68.0,17.0,20.4,12.4,65.0,15.5,18.2,9.6,79.0,13.4,19.8,9.8,73.0,13.6,19.3,9.6,74.0,11.6
2023-02-18,18.5,8.9,60,16.6,0.0,2,18.9,9.6,68.0,14.6,18.6,10.1,68.0,17.0,20.4,12.4,65.0,15.5,18.2,9.6,79.0,13.4,19.8,9.8,73.0,13.6,19.3,9.6,74.0,11.6,19.9,9.1,77.0,11.9
2023-02-19,18.9,9.6,68,14.6,0.0,2,18.6,10.1,68.0,17.0,20.4,12.4,65.0,15.5,18.2,9.6,79.0,13.4,19.8,9.8,73.0,13.6,19.3,9.6,74.0,11.6,19.9,9.1,77.0,11.9,21.2,11.4,73.0,15.1
2023-02-20,18.6,10.1,68,17.0,0.0,2,20.4,12.4,65.0,15.5,18.2,9.6,79.0,13.4,19.8,9.8,73.0,13.6,19.3,9.6,74.0,11.6,19.9,9.1,77.0,11.9,21.2,11.4,73.0,15.1,22.1,10.9,82.0,15.1
2023-02-21,20.4,12.4,65,15.5,0.0,2,18.2,9.6,79.0,13.4,19.8,9.8,73.0,13.6,19.3,9.6,74.0,11.6,19.9,9.1,77.0,11.9,21.2,11.4,73.0,15.1,22.1,10.9,82.0,15.1,27.2,11.6,69.0,14.0
2023-02-22,18.2,9.6,79,13.4,0.6,2,19.8,9.8,73.0,13.6,19.3,9.6,74.0,11.6,19.9,9.1,77.0,11.9,21.2,11.4,73.0,15.1,22.1,10.9,82.0,15.1,27.2,11.6,69.0,14.0,31.4,12.9,60.0,11.9
2023-02-23,19.8,9.8,73,13.6,0.0,2,19.3,9.6,74.0,11.6,19.9,9.1,77.0,11.9,21.2,11.4,73.0,15.1,22.1,10.9,82.0,15.1,27.2,11.6,69.0,14.0,31.4,12.9,60.0,11.9,34.7,13.1,43.0,21.6
2023-02-24,19.3,9.6,74,11.6,0.5,2,19.9,9.1,77.0,11.9,21.2,11.4,73.0,15.1,22.1,10.9,82.0,15.1,27.2,11.6,69.0,14.0,31.4,12.9,60.0,11.9,34.7,13.1,43.0,21.6,25.0,15.3,66.0,22.7
2023-02-25,19.9,9.1,77,11.9,0.4,2,21.2,11.4,73.0,15.1,22.1,10.9,82.0,15.1,27.2,11.6,69.0,14.0,31.4,12.9,60.0,11.9,34.7,13.1,43.0,21.6,25.0,15.3,66.0,22.7,24.2,13.0,78.0,13.2
2023-02-26,21.2,11.4,73,15.1,0.0,2,22.1,10.9,82.0,15.1,27.2,11.6,69.0,14.0,31.4,12.9,60.0,11.9,34.7,13.1,43.0,21.6,25.0,15.3,66.0,22.7,24.2,13.0,78.0,13.2,36.0,15.7,60.0,28.5
2023-02-27,22.1,10.9,82,15.1,0.0,2,27.2,11.6,69.0,14.0,31.4,12.9,60.0,11.9,34.7,13.1,43.0,21.6,25.0,15.3,66.0,22.7,24.2,13.0,78.0,13.2,36.0,15.7,60.0,28.5,21.2,12.4,65.0,21.4
2023-02-28,27.2,11.6,69,14.0,0.0,2,31.4,12.9,60.0,11.9,34.7,13.1,43.0,21.6,25.0,15.3,66.0,22.7,24.2,13.0,78.0,13.2,36.0,15.7,60.0,28.5,21.2,12.4,65.0,21.4,20.0,11.9,65.0,13.1
2023-03-01,31.4,12.9,60,11.9,0.0,3,34.7,13.1,43.0,21.6,25.0,15.3,66.0,22.7,24.2,13.0,78.0,13.2,36.0,15.7,60.0,28.5,21.2,12.4,65.0,21.4,20.0,11.9,65.0,13.1,21.0,10.4,60.0,13.7
2023-03-02,34.7,13.1,43,21.6,0.0,3,25.0,15.3,66.0,22.7,24.2,13.0,78.0,13.2,36.0,15.7,60.0,28.5,21.2,12.4,65.0,21.4,20.0,11.9,65.0,13.1,21.0,10.4,60.0,13.7,24.3,10.1,64.0,13.7
2023-03-03,25.0,15.3,66,22.7,0.0,3,24.2,13.0,78.0,13.2,36.0,15.7,60.0,28.5,21.2,12.4,65.0,21.4,20.0,11.9,65.0,13.1,21.0,10.4,60.0,13.7,24.3,10.1,64.0,13.7,28.8,11.8,52.0,20.2
2023-03-04,24.2,13.0,78,13.2,0.0,3,36.0,15.7,60.0,28.5,21.2,12.4,65.0,21.4,20.0,11.9,65.0,13.1,21.0,10.4,60.0,13.7,24.3,10.1,64.0,13.7,28.8,11.8,52.0,20.2,26.2,13.1,55.0,20.5
2023-03-05,36.0,15.7,60,28.5,0.0,3,21.2,12.4,65.0,21.4,20.0,11.9,65.0,13.1,21.0,10.4,60.0,13.7,24.3,10.1,64.0,13.7,28.8,11.8,52.0,20.2,26.2,13.1,55.0,20.5,30.2,12.2,67.0,25.0
2023-03-06,21.2,12.4,65,21.4,0.0,3,20.0,11.9,65.0,13.1,21.0,10.4,60.0,13.7,24.3,10.1,64.0,13.7,28.8,11.8,52.0,20.2,26.2,13.1,55.0,20.5,30.2,12.2,67.0,25.0,25.1,13.9,72.0,20.6
2023-03-07,20.0,11.9,65,13.1,0.1,3,21.0,10.4,60.0,13.7,24.3,10.1,64.0,13.7,28.8,11.8,52.0,20.2,26.2,13.1,55.0,20.5,30.2,12.2,67.0,25.0,25.1,13.9,72.0,20.6,20.3,13.4,71.0,19.7
2023-03-08,21.0,10.4,60,13.7,0.0,3,24.3,10.1,64.0,13.7,28.8,11.8,52.0,20.2,26.2,13.1,55.0,20.5,30.2,12.2,67.0,25.0,25.1,13.9,72.0,20.6,20.3,13.4,71.0,19.7,21.8,11.8,63.0,20.2
2023-03-09,24.3,10.1,64,13.7,0.0,3,28.8,11.8,52.0,20.2,26.2,13.1,55.0,20.5,30.2,12.2,67.0,25.0,25.1,13.9,72.0,20.6,20.3,13.4,71.0,19.7,21.8,11.8,63.0,20.2,26.9,10.7,49.0,17.5
2023-03-10,28.8,11.8,52,20.2,0.0,3,26.2,13.1,55.0,20.5,30.2,12.2,67.0,25.0,25.1,13.9,72.0,20.6,20.3,13.4,71.0,19.7,21.8,11.8,63.0,20.2,26.9,10.7,49.0,17.5,23.7,12.1,59.0,24.0
2023-03-11,26.2,13.1,55,20.5,0.0,3,30.2,12.2,67.0,25.0,25.1,13.9,72.0,20.6,20.3,13.4,71.0,19.7,21.8,11.8,63.0,20.2,26.9,10.7,49.0,17.5,23.7,12.1,59.0,24.0,21.1,11.3,72.0,28.4
2023-03-12,30.2,12.2,67,25.0,0.0,3,25.1,13.9,72.0,20.6,20.3,13.4,71.0,19.7,21.8,11.8,63.0,20.2,26.9,10.7,49.0,17.5,23.7,12.1,59.0,24.0,21.1,11.3,72.0,28.4,18.9,12.1,65.0,28.0
2023-03-13,25.1,13.9,72,20.6,4.2,3,20.3,13.4,71.0,19.7,21.8,11.8,63.0,20.2,26.9,10.7,49.0,17.5,23.7,12.1,59.0,24.0,21.1,11.3,72.0,28.4,18.9,12.1,65.0,28.0,20.6,14.1,58.0,27.5
2023-03-14,20.3,13.4,71,19.7,1.6,3,21.8,11.8,63.0,20.2,26.9,10.7,49.0,17.5,23.7,12.1,59.0,24.0,21.1,11.3,72.0,28.4,18.9,12.1,65.0,28.0,20.6,14.1,58.0,27.5,22.2,11.9,74.0,18.9
2023-03-15,21.8,11.8,63,20.2,0.0,3,26.9,10.7,49.0,17.5,23.7,12.1,59.0,24.0,21.1,11.3,72.0,28.4,18.9,12.1,65.0,28.0,20.6,14.1,58.0,27.5,22.2,11.9,74.0,18.9,22.4,10.8,77.0,13.4
2023-03-16,26.9,10.7,49,17.5,0.0,3,23.7,12.1,59.0,24.0,21.1,11.3,72.0,28.4,18.9,12.1,65.0,28.0,20.6,14.1,58.0,27.5,22.2,11.9,74.0,18.9,22.4,10.8,77.0,13.4,23.4,15.4,65.0,19.8
2023-03-17,23.7,12.1,59,24.0,0.1,3,21.1,11.3,72.0,28.4,18.9,12.1,65.0,28.0,20.6,14.1,58.0,27.5,22.2,11.9,74.0,18.9,22.4,10.8,77.0,13.4,23.4,15.4,65.0,19.8,24.5,16.5,65.0,26.7
2023-03-18,21.1,11.3,72,28.4,0.9,3,18.9,12.1,65.0,28.0,20.6,14.1,58.0,27.5,22.2,11.9,74.0,18.9,22.4,10.8,77.0,13.4,23.4,15.4,65.0,19.8,24.5,16.5,65.0,26.7,21.5,16.2,73.0,25.6
2023-03-19,18.9,12.1,65,28.0,0.6,3,20.6,14.1,58.0,27.5,22.2,11.9,74.0,18.9,22.4,10.8,77.0,13.4,23.4,15.4,65.0,19.8,24.5,16.5,65.0,26.7,21.5,16.2,73.0,25.6,23.0,14.4,73.0,25.2
2023-03-20,20.6,14.1,58,27.5,0.2,3,22.2,11.9,74.0,18.9,22.4,10.8,77.0,13.4,23.4,15.4,65.0,19.8,24.5,16.5,65.0,26.7,21.5,16.2,73.0,25.6,23.0,14.4,73.0,25.2,24.2,12.8,71.0,18.9
2023-03-21,22.2,11.9,74,18.9,0.0,3,22.4,10.8,77.0,13.4,23.4,15.4,65.0,19.8,24.5,16.5,65.0,26.7,21.5,16.2,73.0,25.6,23.0,14.4,73.0,25.2,24.2,12.8,71.0,18.9,28.4,11.2,63.0,16.3
2023-03-22,22.4,10.8,77,13.4,0.0,3,23.4,15.4,65.0,19.8,24.5,16.5,65.0,26.7,21.5,16.2,73.0,25.6,23.0,14.4,73.0,25.2,24.2,12.8,71.0,18.9,28.4,11.2,63.0,16.3,21.0,14.3,62.0,29.3
2023-03-23,23.4,15.4,65,19.8,0.0,3,24.5,16.5,65.0,26.7,21.5,16.2,73.0,25.6,23.0,14.4,73.0,25.2,24.2,12.8,71.0,18.9,28.4,11.2,63.0,16.3,21.0,14.3,62.0,29.3,17.9,13.6,46.0,25.8
2023-03-24,24.5,16.5,65,26.7,0.6,3,21.5,16.2,73.0,25.6,23.0,14.4,73.0,25.2,24.2,12.8,71.0,18.9,28.4,11.2,63.0,16.3,21.0,14.3,62.0,29.3,17.9,13.6,46.0,25.8,19.0,11.9,49.0,21.4
2023-03-25,21.5,16.2,73,25.6,0.2,3,23.0,14.4,73.0,25.2,24.2,12.8,71.0,18.9,28.4,11.2,63.0,16.3,21.0,14.3,62.0,29.3,17.9,13.6,46.0,25.8,19.0,11.9,49.0,21.4,21.8,9.1,66.0,15.6
2023-03-26,23.0,14.4,73,25.2,0.0,3,24.2,12.8,71.0,18.9,28.4,11.2,63.0,16.3,21.0,14.3,62.0,29.3,17.9,13.6,46.0,25.8,19.0,11.9,49.0,21.4,21.8,9.1,66.0,15.6,26.5,10.4,58.0,14.3
2023-03-27,24.2,12.8,71,18.9,0.0,3,28.4,11.2,63.0,16.3,21.0,14.3,62.0,29.3,17.9,13.6,46.0,25.8,19.0,11.9,49.0,21.4,21.8,9.1,66.0,15.6,26.5,10.4,58.0,14.3,26.5,11.8,70.0,19.4
2023-03-28,28.4,11.2,63,16.3,0.0,3,21.0,14.3,62.0,29.3,17.9,13.6,46.0,25.8,19.0,11.9,49.0,21.4,21.8,9.1,66.0,15.6,26.5,10.4,58.0,14.3,26.5,11.8,70.0,19.4,32.7,13.9,48.0,27.7
2023-03-29,21.0,14.3,62,29.3,0.0,3,17.9,13.6,46.0,25.8,19.0,11.9,49.0,21.4,21.8,9.1,66.0,15.6,26.5,10.4,58.0,14.3,26.5,11.8,70.0,19.4,32.7,13.9,48.0,27.7,24.4,12.6,63.0,27.2
2023-03-30,17.9,13.6,46,25.8,0.0,3,19.0,11.9,49.0,21.4,21.8,9.1,66.0,15.6,26.5,10.4,58.0,14.3,26.5,11.8,70.0,19.4,32.7,13.9,48.0,27.7,24.4,12.6,63.0,27.2,24.4,10.8,67.0,12.7
2023-03-31,19.0,11.9,49,21.4,0.0,3,21.8,9.1,66.0,15.6,26.5,10.4,58.0,14.3,26.5,11.8,70.0,19.4,32.7,13.9,48.0,27.7,24.4,12.6,63.0,27.2,24.4,10.8,67.0,12.7,33.5,13.2,56.0,30.3
2023-04-01,21.8,9.1,66,15.6,0.0,4,26.5,10.4,58.0,14.3,26.5,11.8,70.0,19.4,32.7,13.9,48.0,27.7,24.4,12.6,63.0,27.2,24.4,10.8,67.0,12.7,33.5,13.2,56.0,30.3,24.5,16.0,76.0,21.4
2023-04-02,26.5,10.4,58,14.3,0.0,4,26.5,11.8,70.0,19.4,32.7,13.9,48.0,27.7,24.4,12.6,63.0,27.2,24.4,10.8,67.0,12.7,33.5,13.2,56.0,30.3,24.5,16.0,76.0,21.4,32.5,17.6,62.0,18.1
2023-04-03,26.5,11.8,70,19.4,0.0,4,32.7,13.9,48.0,27.7,24.4,12.6,63.0,27.2,24.4,10.8,67.0,12.7,33.5,13.2,56.0,30.3,24.5,16.0,76.0,21.4,32.5,17.6,62.0,18.1,24.9,16.8,69.0,30.2
2023-04-04,32.7,13.9,48,27.7,0.0,4,24.4,12.6,63.0,27.2,24.4,10.8,67.0,12.7,33.5,13.2,56.0,30.3,24.5,16.0,76.0,21.4,32.5,17.6,62.0,18.1,24.9,16.8,69.0,30.2,22.4,13.3,58.0,22.8
2023-04-05,24.4,12.6,63,27.2,0.0,4,24.4,10.8,67.0,12.7,33.5,13.2,56.0,30.3,24.5,16.0,76.0,21.4,32.5,17.6,62.0,18.1,24.9,16.8,69.0,30.2,22.4,13.3,58.0,22.8,19.5,10.8,68.0,28.2
2023-04-06,24.4,10.8,67,12.7,0.0,4,33.5,13.2,56.0,30.3,24.5,16.0,76.0,21.4,32.5,17.6,62.0,18.1,24.9,16.8,69.0,30.2,22.4,13.3,58.0,22.8,19.5,10.8,68.0,28.2,22.0,13.9,62.0,25.5
2023-04-07,33.5,13.2,56,30.3,0.0,4,24.5,16.0,76.0,21.4,32.5,17.6,62.0,18.1,24.9,16.8,69.0,30.2,22.4,13.3,58.0,22.8,19.5,10.8,68.0,28.2,22.0,13.9,62.0,25.5,24.0,11.7,73.0,16.7
2023-04-08,24.5,16.0,76,21.4,0.0,4,32.5,17.6,62.0,18.1,24.9,16.8,69.0,30.2,22.4,13.3,58.0,22.8,19.5,10.8,68.0,28.2,22.0,13.9,62.0,25.5,24.0,11.7,73.0,16.7,23.9,14.1,75.0,16.0
2023-04-09,32.5,17.6,62,18.1,0.0,4,24.9,16.8,69.0,30.2,22.4,13.3,58.0,22.8,19.5,10.8,68.0,28.2,22.0,13.9,62.0,25.5,24.0,11.7,73.0,16.7,23.9,14.1,75.0,16.0,26.2,13.2,70.0,14.6
2023-04-10,24.9,16.8,69,30.2,0.0,4,22.4,13.3,58.0,22.8,19.5,10.8,68.0,28.2,22.0,13.9,62.0,25.5,24.0,11.7,73.0,16.7,23.9,14.1,75.0,16.0,26.2,13.2,70.0,14.6,31.5,13.6,66.0,13.6
2023-04-11,22.4,13.3,58,22.8,2.0,4,19.5,10.8,68.0,28.2,22.0,13.9,62.0,25.5,24.0,11.7,73.0,16.7,23.9,14.1,75.0,16.0,26.2,13.2,70.0,14.6,31.5,13.6,66.0,13.6,33.5,15.1,56.0,16.7
2023-04-12,19.5,10.8,68,28.2,3.2,4,22.0,13.9,62.0,25.5,24.0,11.7,73.0,16.7,23.9,14.1,75.0,16.0,26.2,13.2,70.0,14.6,31.5,13.6,66.0,13.6,33.5,15.1,56.0,16.7,23.5,17.7,70.0,21.5
2023-04-13,22.0,13.9,62,25.5,0.0,4,24.0,11.7,73.0,16.7,23.9,14.1,75.0,16.0,26.2,13.2,70.0,14.6,31.5,13.6,66.0,13.6,33.5,15.1,56.0,16.7,23.5,17.7,70.0,21.5,22.6,15.2,65.0,21.5
2023-04-14,24.0,11.7,73,16.7,0.0,4,23.9,14.1,75.0,16.0,26.2,13.2,70.0,14.6,31.5,13.6,66.0,13.6,33.5,15.1,56.0,16.7,23.5,17.7,70.0,21.5,22.6,15.2,65.0,21.5,22.9,14.2,67.0,16.5
2023-04-15,23.9,14.1,75,16.0,0.0,4,26.2,13.2,70.0,14.6,31.5,13.6,66.0,13.6,33.5,15.1,56.0,16.7,23.5,17.7,70.0,21.5,22.6,15.2,65.0,21.5,22.9,14.2,67.0,16.5,24.1,13.8,72.0,15.9
2023-04-16,26.2,13.2,70,14.6,0.0,4,31.5,13.6,66.0,13.6,33.5,15.1,56.0,16.7,23.5,17.7,70.0,21.5,22.6,15.2,65.0,21.5,22.9,14.2,67.0,16.5,24.1,13.8,72.0,15.9,25.3,15.0,71.0,14.5
2023-04-17,31.5,13.6,66,13.6,0.0,4,33.5,15.1,56.0,16.7,23.5,17.7,70.0,21.5,22.6,15.2,65.0,21.5,22.9,14.2,67.0,16.5,24.1,13.8,72.0,15.9,25.3,15.0,71.0,14.5,26.0,14.6,69.0,15.2
2023-04-18,33.5,15.1,56,16.7,0.0,4,23.5,17.7,70.0,21.5,22.6,15.2,65.0,21.5,22.9,14.2,67.0,16.5,24.1,13.8,72.0,15.9,25.3,15.0,71.0,14.5,26.0,14.6,69.0,15.2,26.3,15.2,67.0,12.6
2023-04-19,23.5,17.7,70,21.5,0.1,4,22.6,15.2,65.0,21.5,22.9,14.2,67.0,16.5,24.1,13.8,72.0,15.9,25.3,15.0,71.0,14.5,26.0,14.6,69.0,15.2,26.3,15.2,67.0,12.6,27.0,15.1,66.0,14.5
2023-04-20,22.6,15.2,65,21.5,0.0,4,22.9,14.2,67.0,16.5,24.1,13.8,72.0,15.9,25.3,15.0,71.0,14.5,26.0,14.6,69.0,15.2,26.3,15.2,67.0,12.6,27.0,15.1,66.0,14.5,31.4,14.8,64.0,26.1
2023-04-21,22.9,14.2,67,16.5,0.0,4,24.1,13.8,72.0,15.9,25.3,15.0,71.0,14.5,26.0,14.6,69.0,15.2,26.3,15.2,67.0,12.6,27.0,15.1,66.0,14.5,31.4,14.8,64.0,26.1,23.4,15.9,59.0,26.1
2023-04-22,24.1,13.8,72,15.9,0.0,4,25.3,15.0,71.0,14.5,26.0,14.6,69.0,15.2,26.3,15.2,67.0,12.6,27.0,15.1,66.0,14.5,31.4,14.8,64.0,26.1,23.4,15.9,59.0,26.1,22.0,15.9,52.0,29.7
2023-04-23,25.3,15.0,71,14.5,0.0,4,26.0,14.6,69.0,15.2,26.3,15.2,67.0,12.6,27.0,15.1,66.0,14.5,31.4,14.8,64.0,26.1,23.4,15.9,59.0,26.1,22.0,15.9,52.0,29.7,24.1,14.2,49.0,24.9
2023-04-24,26.0,14.6,69,15.2,0.0,4,26.3,15.2,67.0,12.6,27.0,15.1,66.0,14.5,31.4,14.8,64.0,26.1,23.4,15.9,59.0,26.1,22.0,15.9,52.0,29.7,24.1,14.2,49.0,24.9,23.0,12.2,63.0,15.7
2023-04-25,26.3,15.2,67,12.6,0.0,4,27.0,15.1,66.0,14.5,31.4,14.8,64.0,26.1,23.4,15.9,59.0,26.1,22.0,15.9,52.0,29.7,24.1,14.2,49.0,24.9,23.0,12.2,63.0,15.7,24.1,13.9,68.0,16.7
2023-04-26,27.0,15.1,66,14.5,0.0,4,31.4,14.8,64.0,26.1,23.4,15.9,59.0,26.1,22.0,15.9,52.0,29.7,24.1,14.2,49.0,24.9,23.0,12.2,63.0,15.7,24.1,13.9,68.0,16.7,26.8,14.9,63.0,18.1
2023-04-27,31.4,14.8,64,26.1,0.0,4,23.4,15.9,59.0,26.1,22.0,15.9,52.0,29.7,24.1,14.2,49.0,24.9,23.0,12.2,63.0,15.7,24.1,13.9,68.0,16.7,26.8,14.9,63.0,18.1,27.2,16.5,60.0,20.2
2023-04-28,23.4,15.9,59,26.1,0.0,4,22.0,15.9,52.0,29.7,24.1,14.2,49.0,24.9,23.0,12.2,63.0,15.7,24.1,13.9,68.0,16.7,26.8,14.9,63.0,18.1,27.2,16.5,60.0,20.2,32.2,18.7,49.0,27.4
2023-04-29,22.0,15.9,52,29.7,0.0,4,24.1,14.2,49.0,24.9,23.0,12.2,63.0,15.7,24.1,13.9,68.0,16.7,26.8,14.9,63.0,18.1,27.2,16.5,60.0,20.2,32.2,18.7,49.0,27.4,24.1,16.5,70.0,18.9
2023-04-30,24.1,14.2,49,24.9,0.0,4,23.0,12.2,63.0,15.7,24.1,13.9,68.0,16.7,26.8,14.9,63.0,18.1,27.2,16.5,60.0,20.2,32.2,18.7,49.0,27.4,24.1,16.5,70.0,18.9,24.0,15.6,72.0,19.6
2023-05-01,23.0,12.2,63,15.7,0.0,5,24.1,13.9,68.0,16.7,26.8,14.9,63.0,18.1,27.2,16.5,60.0,20.2,32.2,18.7,49.0,27.4,24.1,16.5,70.0,18.9,24.0,15.6,72.0,19.6,23.5,15.0,73.0,19.8
2023-05-02,24.1,13.9,68,16.7,0.0,5,26.8,14.9,63.0,18.1,27.2,16.5,60.0,20.2,32.2,18.7,49.0,27.4,24.1,16.5,70.0,18.9,24.0,15.6,72.0,19.6,23.5,15.0,73.0,19.8,26.0,15.4,72.0,16.0
2023-05-03,26.8,14.9,63,18.1,0.0,5,27.2,16.5,60.0,20.2,32.2,18.7,49.0,27.4,24.1,16.5,70.0,18.9,24.0,15.6,72.0,19.6,23.5,15.0,73.0,19.8,26.0,15.4,72.0,16.0,26.2,16.0,75.0,17.6
2023-05-04,27.2,16.5,60,20.2,0.0,5,32.2,18.7,49.0,27.4,24.1,16.5,70.0,18.9,24.0,15.6,72.0,19.6,23.5,15.0,73.0,19.8,26.0,15.4,72.0,16.0,26.2,16.0,75.0,17.6,27.8,15.8,74.0,21.4
2023-05-05,32.2,18.7,49,27.4,0.0,5,24.1,16.5,70.0,18.9,24.0,15.6,72.0,19.6,23.5,15.0,73.0,19.8,26.0,15.4,72.0,16.0,26.2,16.0,75.0,17.6,27.8,15.8,74.0,21.4,26.0,17.8,70.0,25.1
2023-05-06,24.1,16.5,70,18.9,7.5,5,24.0,15.6,72.0,19.6,23.5,15.0,73.0,19.8,26.0,15.4,72.0,16.0,26.2,16.0,75.0,17.6,27.8,15.8,74.0,21.4,26.0,17.8,70.0,25.1,25.8,16.1,70.0,24.8
2023-05-07,24.0,15.6,72,19.6,1.9,5,23.5,15.0,73.0,19.8,26.0,15.4,72.0,16.0,26.2,16.0,75.0,17.6,27.8,15.8,74.0,21.4,26.0,17.8,70.0,25.1,25.8,16.1,70.0,24.8,26.1,15.6,72.0,16.2
2023-05-08,23.5,15.0,73,19.8,0.4,5,26.0,15.4,72.0,16.0,26.2,16.0,75.0,17.6,27.8,15.8,74.0,21.4,26.0,17.8,70.0,25.1,25.8,16.1,70.0,24.8,26.1,15.6,72.0,16.2,27.5,15.6,71.0,15.8
2023-05-09,26.0,15.4,72,16.0,0.0,5,26.2,16.0,75.0,17.6,27.8,15.8,74.0,21.4,26.0,17.8,70.0,25.1,25.8,16.1,70.0,24.8,26.1,15.6,72.0,16.2,27.5,15.6,71.0,15.8,28.5,17.5,70.0,15.5
2023-05-10,26.2,16.0,75,17.6,0.0,5,27.8,15.8,74.0,21.4,26.0,17.8,70.0,25.1,25.8,16.1,70.0,24.8,26.1,15.6,72.0,16.2,27.5,15.6,71.0,15.8,28.5,17.5,70.0,15.5,30.0,16.5,68.0,26.1
2023-05-11,27.8,15.8,74,21.4,0.0,5,26.0,17.8,70.0,25.1,25.8,16.1,70.0,24.8,26.1,15.6,72.0,16.2,27.5,15.6,71.0,15.8,28.5,17.5,70.0,15.5,30.0,16.5,68.0,26.1,25.1,18.0,64.0,24.9
2023-05-12,26.0,17.8,70,25.1,0.0,5,25.8,16.1,70.0,24.8,26.1,15.6,72.0,16.2,27.5,15.6,71.0,15.8,28.5,17.5,70.0,15.5,30.0,16.5,68.0,26.1,25.1,18.0,64.0,24.9,24.8,16.6,60.0,22.2
2023-05-13,25.8,16.1,70,24.8,0.0,5,26.1,15.6,72.0,16.2,27.5,15.6,71.0,15.8,28.5,17.5,70.0,15.5,30.0,16.5,68.0,26.1,25.1,18.0,64.0,24.9,24.8,16.6,60.0,22.2,25.5,16.5,67.0,22.4
2023-05-14,26.1,15.6,72,16.2,0.0,5,27.5,15.6,71.0,15.8,28.5,17.5,70.0,15.5,30.0,16.5,68.0,26.1,25.1,18.0,64.0,24.9,24.8,16.6,60.0,22.2,25.5,16.5,67.0,22.4,30.8,16.2,60.0,22.8
2023-05-15,27.5,15.6,71,15.8,0.0,5,28.5,17.5,70.0,15.5,30.0,16.5,68.0,26.1,25.1,18.0,64.0,24.9,24.8,16.6,60.0,22.2,25.5,16.5,67.0,22.4,30.8,16.2,60.0,22.8,31.2,19.9,51.0,27.8
2023-05-16,28.5,17.5,70,15.5,0.0,5,30.0,16.5,68.0,26.1,25.1,18.0,64.0,24.9,24.8,16.6,60.0,22.2,25.5,16.5,67.0,22.4,30.8,16.2,60.0,22.8,31.2,19.9,51.0,27.8,31.6,16.8,66.0,19.8
2023-05-17,30.0,16.5,68,26.1,0.0,5,25.1,18.0,64.0,24.9,24.8,16.6,60.0,22.2,25.5,16.5,67.0,22.4,30.8,16.2,60.0,22.8,31.2,19.9,51.0,27.8,31.6,16.8,66.0,19.8,28.8,18.0,74.0,18.6
2023-05-18,25.1,18.0,64,24.9,0.0,5,24.8,16.6,60.0,22.2,25.5,16.5,67.0,22.4,30.8,16.2,60.0,22.8,31.2,19.9,51.0,27.8,31.6,16.8,66.0,19.8,28.8,18.0,74.0,18.6,26.5,17.2,75.0,17.7
2023-05-19,24.8,16.6,60,22.2,0.0,5,25.5,16.5,67.0,22.4,30.8,16.2,60.0,22.8,31.2,19.9,51.0,27.8,31.6,16.8,66.0,19.8,28.8,18.0,74.0,18.6,26.5,17.2,75.0,17.7,27.9,17.2,74.0,23.7
2023-05-20,25.5,16.5,67,22.4,0.0,5,30.8,16.2,60.0,22.8,31.2,19.9,51.0,27.8,31.6,16.8,66.0,19.8,28.8,18.0,74.0,18.6,26.5,17.2,75.0,17.7,27.9,17.2,74.0,23.7,37.8,21.4,40.0,21.8
2023-05-21,30.8,16.2,60,22.8,0.0,5,31.2,19.9,51.0,27.8,31.6,16.8,66.0,19.8,28.8,18.0,74.0,18.6,26.5,17.2,75.0,17.7,27.9,17.2,74.0,23.7,37.8,21.4,40.0,21.8,32.1,21.0,46.0,28.7
2023-05-22,31.2,19.9,51,27.8,0.0,5,31.6,16.8,66.0,19.8,28.8,18.0,74.0,18.6,26.5,17.2,75.0,17.7,27.9,17.2,74.0,23.7,37.8,21.4,40.0,21.8,32.1,21.0,46.0,28.7,29.0,17.9,70.0,20.5
2023-05-23,31.6,16.8,66,19.8,0.1,5,28.8,18.0,74.0,18.6,26.5,17.2,75.0,17.7,27.9,17.2,74.0,23.7,37.8,21.4,40.0,21.8,32.1,21.0,46.0,28.7,29.0,17.9,70.0,20.5,31.0,18.5,71.0,18.9
2023-05-24,28.8,18.0,74,18.6,0.0,5,26.5,17.2,75.0,17.7,27.9,17.2,74.0,23.7,37.8,21.4,40.0,21.8,32.1,21.0,46.0,28.7,29.0,17.9,70.0,20.5,31.0,18.5,71.0,18.9,31.7,18.3,68.0,19.2
2023-05-25,26.5,17.2,75,17.7,0.0,5,27.9,17.2,74.0,23.7,37.8,21.4,40.0,21.8,32.1,21.0,46.0,28.7,29.0,17.9,70.0,20.5,31.0,18.5,71.0,18.9,31.7,18.3,68.0,19.2,31.2,21.9,60.0,20.7
2023-05-26,27.9,17.2,74,23.7,0.1,5,37.8,21.4,40.0,21.8,32.1,21.0,46.0,28.7,29.0,17.9,70.0,20.5,31.0,18.5,71.0,18.9,31.7,18.3,68.0,19.2,31.2,21.9,60.0,20.7,43.7,24.2,37.0,35.4
2023-05-27,37.8,21.4,40,21.8,0.0,5,32.1,21.0,46.0,28.7,29.0,17.9,70.0,20.5,31.0,18.5,71.0,18.9,31.7,18.3,68.0,19.2,31.2,21.9,60.0,20.7,43.7,24.2,37.0,35.4,27.1,20.1,70.0,22.1
2023-05-28,32.1,21.0,46,28.7,1.1,5,29.0,17.9,70.0,20.5,31.0,18.5,71.0,18.9,31.7,18.3,68.0,19.2,31.2,21.9,60.0,20.7,43.7,24.2,37.0,35.4,27.1,20.1,70.0,22.1,28.4,18.4,70.0,17.0
2023-05-29,29.0,17.9,70,20.5,0.5,5,31.0,18.5,71.0,18.9,31.7,18.3,68.0,19.2,31.2,21.9,60.0,20.7,43.7,24.2,37.0,35.4,27.1,20.1,70.0,22.1,28.4,18.4,70.0,17.0,27.8,17.0,70.0,17.7
2023-05-30,31.0,18.5,71,18.9,0.1,5,31.7,18.3,68.0,19.2,31.2,21.9,60.0,20.7,43.7,24.2,37.0,35.4,27.1,20.1,70.0,22.1,28.4,18.4,70.0,17.0,27.8,17.0,70.0,17.7,28.0,17.3,71.0,14.8
2023-05-31,31.7,18.3,68,19.2,0.0,5,31.2,21.9,60.0,20.7,43.7,24.2,37.0,35.4,27.1,20.1,70.0,22.1,28.4,18.4,70.0,17.0,27.8,17.0,70.0,17.7,28.0,17.3,71.0,14.8,30.0,18.6,70.0,17.1
2023-06-01,31.2,21.9,60,20.7,0.3,6,43.7,24.2,37.0,35.4,27.1,20.1,70.0,22.1,28.4,18.4,70.0,17.0,27.8,17.0,70.0,17.7,28.0,17.3,71.0,14.8,30.0,18.6,70.0,17.1,32.8,21.0,64.0,24.8
2023-06-02,43.7,24.2,37,35.4,0.0,6,27.1,20.1,70.0,22.1,28.4,18.4,70.0,17.0,27.8,17.0,70.0,17.7,28.0,17.3,71.0,14.8,30.0,18.6,70.0,17.1,32.8,21.0,64.0,24.8,31.9,22.9,61.0,23.4
2023-06-03,27.1,20.1,70,22.1,0.0,6,28.4,18.4,70.0,17.0,27.8,17.0,70.0,17.7,28.0,17.3,71.0,14.8,30.0,18.6,70.0,17.1,32.8,21.0,64.0,24.8,31.9,22.9,61.0,23.4,29.6,20.6,66.0,22.6
2023-06-04,28.4,18.4,70,17.0,0.0,6,27.8,17.0,70.0,17.7,28.0,17.3,71.0,14.8,30.0,18.6,70.0,17.1,32.8,21.0,64.0,24.8,31.9,22.9,61.0,23.4,29.6,20.6,66.0,22.6,31.2,18.8,71.0,19.0
2023-06-05,27.8,17.0,70,17.7,0.0,6,28.0,17.3,71.0,14.8,30.0,18.6,70.0,17.1,32.8,21.0,64.0,24.8,31.9,22.9,61.0,23.4,29.6,20.6,66.0,22.6,31.2,18.8,71.0,19.0,29.4,18.6,72.0,21.1
2023-06-06,28.0,17.3,71,14.8,0.0,6,30.0,18.6,70.0,17.1,32.8,21.0,64.0,24.8,31.9,22.9,61.0,23.4,29.6,20.6,66.0,22.6,31.2,18.8,71.0,19.0,29.4,18.6,72.0,21.1,27.2,19.6,76.0,15.5
2023-06-07,30.0,18.6,70,17.1,0.0,6,32.8,21.0,64.0,24.8,31.9,22.9,61.0,23.4,29.6,20.6,66.0,22.6,31.2,18.8,71.0,19.0,29.4,18.6,72.0,21.1,27.2,19.6,76.0,15.5,28.6,20.0,72.0,21.1
2023-06-08,32.8,21.0,64,24.8,0.4,6,31.9,22.9,61.0,23.4,29.6,20.6,66.0,22.6,31.2,18.8,71.0,19.0,29.4,18.6,72.0,21.1,27.2,19.6,76.0,15.5,28.6,20.0,72.0,21.1,29.5,19.5,73.0,18.2
2023-06-09,31.9,22.9,61,23.4,0.0,6,29.6,20.6,66.0,22.6,31.2,18.8,71.0,19.0,29.4,18.6,72.0,21.1,27.2,19.6,76.0,15.5,28.6,20.0,72.0,21.1,29.5,19.5,73.0,18.2,36.8,18.2,64.0,15.5
2023-06-10,29.6,20.6,66,22.6,0.0,6,31.2,18.8,71.0,19.0,29.4,18.6,72.0,21.1,27.2,19.6,76.0,15.5,28.6,20.0,72.0,21.1,29.5,19.5,73.0,18.2,36.8,18.2,64.0,15.5,30.0,22.6,63.0,25.7
2023-06-11,31.2,18.8,71,19.0,0.0,6,29.4,18.6,72.0,21.1,27.2,19.6,76.0,15.5,28.6,20.0,72.0,21.1,29.5,19.5,73.0,18.2,36.8,18.2,64.0,15.5,30.0,22.6,63.0,25.7,30.4,19.1,67.0,24.6
2023-06-12,29.4,18.6,72,21.1,0.0,6,27.2,19.6,76.0,15.5,28.6,20.0,72.0,21.1,29.5,19.5,73.0,18.2,36.8,18.2,64.0,15.5,30.0,22.6,63.0,25.7,30.4,19.1,67.0,24.6,28.4,19.0,65.0,24.8
2023-06-13,27.2,19.6,76,15.5,7.1,6,28.6,20.0,72.0,21.1,29.5,19.5,73.0,18.2,36.8,18.2,64.0,15.5,30.0,22.6,63.0,25.7,30.4,19.1,67.0,24.6,28.4,19.0,65.0,24.8,29.7,20.8,67.0,19.7
2023-06-14,28.6,20.0,72,21.1,0.0,6,29.5,19.5,73.0,18.2,36.8,18.2,64.0,15.5,30.0,22.6,63.0,25.7,30.4,19.1,67.0,24.6,28.4,19.0,65.0,24.8,29.7,20.8,67.0,19.7,31.5,20.0,71.0,17.7
2023-06-15,29.5,19.5,73,18.2,0.0,6,36.8,18.2,64.0,15.5,30.0,22.6,63.0,25.7,30.4,19.1,67.0,24.6,28.4,19.0,65.0,24.8,29.7,20.8,67.0,19.7,31.5,20.0,71.0,17.7,31.1,20.2,74.0,17.9
2023-06-16,36.8,18.2,64,15.5,0.0,6,30.0,22.6,63.0,25.7,30.4,19.1,67.0,24.6,28.4,19.0,65.0,24.8,29.7,20.8,67.0,19.7,31.5,20.0,71.0,17.7,31.1,20.2,74.0,17.9,32.2,20.6,70.0,16.2
2023-06-17,30.0,22.6,63,25.7,0.0,6,30.4,19.1,67.0,24.6,28.4,19.0,65.0,24.8,29.7,20.8,67.0,19.7,31.5,20.0,71.0,17.7,31.1,20.2,74.0,17.9,32.2,20.6,70.0,16.2,34.0,21.5,63.0,15.9
2023-06-18,30.4,19.1,67,24.6,0.0,6,28.4,19.0,65.0,24.8,29.7,20.8,67.0,19.7,31.5,20.0,71.0,17.7,31.1,20.2,74.0,17.9,32.2,20.6,70.0,16.2,34.0,21.5,63.0,15.9,33.5,22.1,62.0,20.5
2023-06-19,28.4,19.0,65,24.8,0.0,6,29.7,20.8,67.0,19.7,31.5,20.0,71.0,17.7,31.1,20.2,74.0,17.9,32.2,20.6,70.0,16.2,34.0,21.5,63.0,15.9,33.5,22.1,62.0,20.5,33.3,20.6,63.0,23.0
2023-06-20,29.7,20.8,67,19.7,0.0,6,31.5,20.0,71.0,17.7,31.1,20.2,74.0,17.9,32.2,20.6,70.0,16.2,34.0,21.5,63.0,15.9,33.5,22.1,62.0,20.5,33.3,20.6,63.0,23.0,32.3,21.0,73.0,24.2
2023-06-21,31.5,20.0,71,17.7,0.0,6,31.1,20.2,74.0,17.9,32.2,20.6,70.0,16.2,34.0,21.5,63.0,15.9,33.5,22.1,62.0,20.5,33.3,20.6,63.0,23.0,32.3,21.0,73.0,24.2,31.0,20.9,75.0,20.0
2023-06-22,31.1,20.2,74,17.9,0.0,6,32.2,20.6,70.0,16.2,34.0,21.5,63.0,15.9,33.5,22.1,62.0,20.5,33.3,20.6,63.0,23.0,32.3,21.0,73.0,24.2,31.0,20.9,75.0,20.0,31.8,22.5,66.0,21.2
2023-06-23,32.2,20.6,70,16.2,0.0,6,34.0,21.5,63.0,15.9,33.5,22.1,62.0,20.5,33.3,20.6,63.0,23.0,32.3,21.0,73.0,24.2,31.0,20.9,75.0,20.0,31.8,22.5,66.0,21.2,31.0,21.8,72.0,21.6
2023-06-24,34.0,21.5,63,15.9,0.0,6,33.5,22.1,62.0,20.5,33.3,20.6,63.0,23.0,32.3,21.0,73.0,24.2,31.0,20.9,75.0,20.0,31.8,22.5,66.0,21.2,31.0,21.8,72.0,21.6,30.6,22.6,65.0,21.3
2023-06-25,33.5,22.1,62,20.5,0.0,6,33.3,20.6,63.0,23.0,32.3,21.0,73.0,24.2,31.0,20.9,75.0,20.0,31.8,22.5,66.0,21.2,31.0,21.8,72.0,21.6,30.6,22.6,65.0,21.3,31.1,22.2,64.0,20.2
2023-06-26,33.3,20.6,63,23.0,0.0,6,32.3,21.0,73.0,24.2,31.0,20.9,75.0,20.0,31.8,22.5,66.0,21.2,31.0,21.8,72.0,21.6,30.6,22.6,65.0,21.3,31.1,22.2,64.0,20.2,34.6,20.0,65.0,14.8
2023-06-27,32.3,21.0,73,24.2,0.0,6,31.0,20.9,75.0,20.0,31.8,22.5,66.0,21.2,31.0,21.8,72.0,21.6,30.6,22.6,65.0,21.3,31.1,22.2,64.0,20.2,34.6,20.0,65.0,14.8,31.5,20.9,75.0,18.4
2023-06-28,31.0,20.9,75,20.0,0.0,6,31.8,22.5,66.0,21.2,31.0,21.8,72.0,21.6,30.6,22.6,65.0,21.3,31.1,22.2,64.0,20.2,34.6,20.0,65.0,14.8,31.5,20.9,75.0,18.4,30.1,21.2,70.0,20.6
2023-06-29,31.8,22.5,66,21.2,0.0,6,31.0,21.8,72.0,21.6,30.6,22.6,65.0,21.3,31.1,22.2,64.0,20.2,34.6,20.0,65.0,14.8,31.5,20.9,75.0,18.4,30.1,21.2,70.0,20.6,31.8,23.0,68.0,19.3
2023-06-30,31.0,21.8,72,21.6,0.0,6,30.6,22.6,65.0,21.3,31.1,22.2,64.0,20.2,34.6,20.0,65.0,14.8,31.5,20.9,75.0,18.4,30.1,21.2,70.0,20.6,31.8,23.0,68.0,19.3,33.3,22.5,73.0,25.2
2023-07-01,30.6,22.6,65,21.3,0.0,7,31.1,22.2,64.0,20.2,34.6,20.0,65.0,14.8,31.5,20.9,75.0,18.4,30.1,21.2,70.0,20.6,31.8,23.0,68.0,19.3,33.3,22.5,73.0,25.2,33.2,23.4,68.0,24.7
2023-07-02,31.1,22.2,64,20.2,0.0,7,34.6,20.0,65.0,14.8,31.5,20.9,75.0,18.4,30.1,21.2,70.0,20.6,31.8,23.0,68.0,19.3,33.3,22.5,73.0,25.2,33.2,23.4,68.0,24.7,32.5,23.6,67.0,25.0
2023-07-03,34.6,20.0,65,14.8,0.0,7,31.5,20.9,75.0,18.4,30.1,21.2,70.0,20.6,31.8,23.0,68.0,19.3,33.3,22.5,73.0,25.2,33.2,23.4,68.0,24.7,32.5,23.6,67.0,25.0,34.6,22.6,64.0,17.6
2023-07-04,31.5,20.9,75,18.4,0.0,7,30.1,21.2,70.0,20.6,31.8,23.0,68.0,19.3,33.3,22.5,73.0,25.2,33.2,23.4,68.0,24.7,32.5,23.6,67.0,25.0,34.6,22.6,64.0,17.6,34.4,23.4,64.0,16.6
2023-07-05,30.1,21.2,70,20.6,0.0,7,31.8,23.0,68.0,19.3,33.3,22.5,73.0,25.2,33.2,23.4,68.0,24.7,32.5,23.6,67.0,25.0,34.6,22.6,64.0,17.6,34.4,23.4,64.0,16.6,34.0,23.3,67.0,17.3
2023-07-06,31.8,23.0,68,19.3,0.0,7,33.3,22.5,73.0,25.2,33.2,23.4,68.0,24.7,32.5,23.6,67.0,25.0,34.6,22.6,64.0,17.6,34.4,23.4,64.0,16.6,34.0,23.3,67.0,17.3,33.8,21.9,66.0,16.6
2023-07-07,33.3,22.5,73,25.2,0.0,7,33.2,23.4,68.0,24.7,32.5,23.6,67.0,25.0,34.6,22.6,64.0,17.6,34.4,23.4,64.0,16.6,34.0,23.3,67.0,17.3,33.8,21.9,66.0,16.6,35.4,23.0,63.0,15.5
2023-07-08,33.2,23.4,68,24.7,0.0,7,32.5,23.6,67.0,25.0,34.6,22.6,64.0,17.6,34.4,23.4,64.0,16.6,34.0,23.3,67.0,17.3,33.8,21.9,66.0,16.6,35.4,23.0,63.0,15.5,36.0,22.1,68.0,17.2
2023-07-09,32.5,23.6,67,25.0,0.0,7,34.6,22.6,64.0,17.6,34.4,23.4,64.0,16.6,34.0,23.3,67.0,17.3,33.8,21.9,66.0,16.6,35.4,23.0,63.0,15.5,36.0,22.1,68.0,17.2,39.5,22.7,62.0,14.5
2023-07-10,34.6,22.6,64,17.6,0.0,7,34.4,23.4,64.0,16.6,34.0,23.3,67.0,17.3,33.8,21.9,66.0,16.6,35.4,23.0,63.0,15.5,36.0,22.1,68.0,17.2,39.5,22.7,62.0,14.5,37.5,23.9,69.0,16.5
2023-07-11,34.4,23.4,64,16.6,0.0,7,34.0,23.3,67.0,17.3,33.8,21.9,66.0,16.6,35.4,23.0,63.0,15.5,36.0,22.1,68.0,17.2,39.5,22.7,62.0,14.5,37.5,23.9,69.0,16.5,35.5,22.9,69.0,17.4
2023-07-12,34.0,23.3,67,17.3,0.0,7,33.8,21.9,66.0,16.6,35.4,23.0,63.0,15.5,36.0,22.1,68.0,17.2,39.5,22.7,62.0,14.5,37.5,23.9,69.0,16.5,35.5,22.9,69.0,17.4,35.2,23.6,74.0,19.1
2023-07-13,33.8,21.9,66,16.6,0.0,7,35.4,23.0,63.0,15.5,36.0,22.1,68.0,17.2,39.5,22.7,62.0,14.5,37.5,23.9,69.0,16.5,35.5,22.9,69.0,17.4,35.2,23.6,74.0,19.1,34.8,20.9,70.0,17.8
2023-07-14,35.4,23.0,63,15.5,0.0,7,36.0,22.1,68.0,17.2,39.5,22.7,62.0,14.5,37.5,23.9,69.0,16.5,35.5,22.9,69.0,17.4,35.2,23.6,74.0,19.1,34.8,20.9,70.0,17.8,36.5,21.8,69.0,17.7
2023-07-15,36.0,22.1,68,17.2,0.0,7,39.5,22.7,62.0,14.5,37.5,23.9,69.0,16.5,35.5,22.9,69.0,17.4,35.2,23.6,74.0,19.1,34.8,20.9,70.0,17.8,36.5,21.8,69.0,17.7,37.3,23.2,71.0,18.1
2023-07-16,39.5,22.7,62,14.5,0.0,7,37.5,23.9,69.0,16.5,35.5,22.9,69.0,17.4,35.2,23.6,74.0,19.1,34.8,20.9,70.0,17.8,36.5,21.8,69.0,17.7,37.3,23.2,71.0,18.1,38.0,24.3,67.0,17.5
2023-07-17,37.5,23.9,69,16.5,0.0,7,35.5,22.9,69.0,17.4,35.2,23.6,74.0,19.1,34.8,20.9,70.0,17.8,36.5,21.8,69.0,17.7,37.3,23.2,71.0,18.1,38.0,24.3,67.0,17.5,39.1,23.9,64.0,20.9
2023-07-18,35.5,22.9,69,17.4,0.0,7,35.2,23.6,74.0,19.1,34.8,20.9,70.0,17.8,36.5,21.8,69.0,17.7,37.3,23.2,71.0,18.1,38.0,24.3,67.0,17.5,39.1,23.9,64.0,20.9,37.9,25.0,64.0,14.8
2023-07-19,35.2,23.6,74,19.1,0.0,7,34.8,20.9,70.0,17.8,36.5,21.8,69.0,17.7,37.3,23.2,71.0,18.1,38.0,24.3,67.0,17.5,39.1,23.9,64.0,20.9,37.9,25.0,64.0,14.8,38.8,24.5,62.0,15.9
2023-07-20,34.8,20.9,70,17.8,0.0,7,36.5,21.8,69.0,17.7,37.3,23.2,71.0,18.1,38.0,24.3,67.0,17.5,39.1,23.9,64.0,20.9,37.9,25.0,64.0,14.8,38.8,24.5,62.0,15.9,39.2,22.5,61.0,16.5
2023-07-21,36.5,21.8,69,17.7,0.0,7,37.3,23.2,71.0,18.1,38.0,24.3,67.0,17.5,39.1,23.9,64.0,20.9,37.9,25.0,64.0,14.8,38.8,24.5,62.0,15.9,39.2,22.5,61.0,16.5,37.9,22.0,71.0,17.9
2023-07-22,37.3,23.2,71,18.1,0.0,7,38.0,24.3,67.0,17.5,39.1,23.9,64.0,20.9,37.9,25.0,64.0,14.8,38.8,24.5,62.0,15.9,39.2,22.5,61.0,16.5,37.9,22.0,71.0,17.9,32.7,24.5,67.0,23.9
2023-07-23,38.0,24.3,67,17.5,0.0,7,39.1,23.9,64.0,20.9,37.9,25.0,64.0,14.8,38.8,24.5,62.0,15.9,39.2,22.5,61.0,16.5,37.9,22.0,71.0,17.9,32.7,24.5,67.0,23.9,33.0,23.9,65.0,22.7
2023-07-24,39.1,23.9,64,20.9,0.0,7,37.9,25.0,64.0,14.8,38.8,24.5,62.0,15.9,39.2,22.5,61.0,16.5,37.9,22.0,71.0,17.9,32.7,24.5,67.0,23.9,33.0,23.9,65.0,22.7,34.0,22.8,69.0,20.5
2023-07-25,37.9,25.0,64,14.8,0.0,7,38.8,24.5,62.0,15.9,39.2,22.5,61.0,16.5,37.9,22.0,71.0,17.9,32.7,24.5,67.0,23.9,33.0,23.9,65.0,22.7,34.0,22.8,69.0,20.5,35.4,22.3,68.0,18.3
2023-07-26,38.8,24.5,62,15.9,0.0,7,39.2,22.5,61.0,16.5,37.9,22.0,71.0,17.9,32.7,24.5,67.0,23.9,33.0,23.9,65.0,22.7,34.0,22.8,69.0,20.5,35.4,22.3,68.0,18.3,35.5,21.7,70.0,21.1
2023-07-27,39.2,22.5,61,16.5,0.0,7,37.9,22.0,71.0,17.9,32.7,24.5,67.0,23.9,33.0,23.9,65.0,22.7,34.0,22.8,69.0,20.5,35.4,22.3,68.0,18.3,35.5,21.7,70.0,21.1,33.4,23.0,71.0,16.6
2023-07-28,37.9,22.0,71,17.9,0.0,7,32.7,24.5,67.0,23.9,33.0,23.9,65.0,22.7,34.0,22.8,69.0,20.5,35.4,22.3,68.0,18.3,35.5,21.7,70.0,21.1,33.4,23.0,71.0,16.6,34.8,22.4,66.0,19.3
2023-07-29,32.7,24.5,67,23.9,0.0,7,33.0,23.9,65.0,22.7,34.0,22.8,69.0,20.5,35.4,22.3,68.0,18.3,35.5,21.7,70.0,21.1,33.4,23.0,71.0,16.6,34.8,22.4,66.0,19.3,34.8,21.3,63.0,20.1
2023-07-30,33.0,23.9,65,22.7,0.0,7,34.0,22.8,69.0,20.5,35.4,22.3,68.0,18.3,35.5,21.7,70.0,21.1,33.4,23.0,71.0,16.6,34.8,22.4,66.0,19.3,34.8,21.3,63.0,20.1,40.7,22.2,52.0,15.7
2023-07-31,34.0,22.8,69,20.5,0.0,7,35.4,22.3,68.0,18.3,35.5,21.7,70.0,21.1,33.4,23.0,71.0,16.6,34.8,22.4,66.0,19.3,34.8,21.3,63.0,20.1,40.7,22.2,52.0,15.7,34.5,23.4,70.0,17.8
2023-08-01,35.4,22.3,68,18.3,0.0,8,35.5,21.7,70.0,21.1,33.4,23.0,71.0,16.6,34.8,22.4,66.0,19.3,34.8,21.3,63.0,20.1,40.7,22.2,52.0,15.7,34.5,23.4,70.0,17.8,32.3,23.3,68.0,18.9
2023-08-02,35.5,21.7,70,21.1,0.0,8,33.4,23.0,71.0,16.6,34.8,22.4,66.0,19.3,34.8,21.3,63.0,20.1,40.7,22.2,52.0,15.7,34.5,23.4,70.0,17.8,32.3,23.3,68.0,18.9,32.5,23.0,61.0,17.3
2023-08-03,33.4,23.0,71,16.6,0.0,8,34.8,22.4,66.0,19.3,34.8,21.3,63.0,20.1,40.7,22.2,52.0,15.7,34.5,23.4,70.0,17.8,32.3,23.3,68.0,18.9,32.5,23.0,61.0,17.3,31.7,24.2,66.0,18.8
2023-08-04,34.8,22.4,66,19.3,0.0,8,34.8,21.3,63.0,20.1,40.7,22.2,52.0,15.7,34.5,23.4,70.0,17.8,32.3,23.3,68.0,18.9,32.5,23.0,61.0,17.3,31.7,24.2,66.0,18.8,31.0,24.7,63.0,18.6
2023-08-05,34.8,21.3,63,20.1,0.0,8,40.7,22.2,52.0,15.7,34.5,23.4,70.0,17.8,32.3,23.3,68.0,18.9,32.5,23.0,61.0,17.3,31.7,24.2,66.0,18.8,31.0,24.7,63.0,18.6,31.4,23.5,66.0,17.5
2023-08-06,40.7,22.2,52,15.7,0.0,8,34.5,23.4,70.0,17.8,32.3,23.3,68.0,18.9,32.5,23.0,61.0,17.3,31.7,24.2,66.0,18.8,31.0,24.7,63.0,18.6,31.4,23.5,66.0,17.5,32.0,25.4,68.0,17.6
2023-08-07,34.5,23.4,70,17.8,0.0,8,32.3,23.3,68.0,18.9,32.5,23.0,61.0,17.3,31.7,24.2,66.0,18.8,31.0,24.7,63.0,18.6,31.4,23.5,66.0,17.5,32.0,25.4,68.0,17.6,31.9,24.8,70.0,20.9
2023-08-08,32.3,23.3,68,18.9,0.0,8,32.5,23.0,61.0,17.3,31.7,24.2,66.0,18.8,31.0,24.7,63.0,18.6,31.4,23.5,66.0,17.5,32.0,25.4,68.0,17.6,31.9,24.8,70.0,20.9,31.3,25.5,70.0,21.3
2023-08-09,32.5,23.0,61,17.3,0.0,8,31.7,24.2,66.0,18.8,31.0,24.7,63.0,18.6,31.4,23.5,66.0,17.5,32.0,25.4,68.0,17.6,31.9,24.8,70.0,20.9,31.3,25.5,70.0,21.3,31.2,25.5,68.0,20.6
2023-08-10,31.7,24.2,66,18.8,0.0,8,31.0,24.7,63.0,18.6,31.4,23.5,66.0,17.5,32.0,25.4,68.0,17.6,31.9,24.8,70.0,20.9,31.3,25.5,70.0,21.3,31.2,25.5,68.0,20.6,32.0,24.3,68.0,18.7
2023-08-11,31.0,24.7,63,18.6,0.0,8,31.4,23.5,66.0,17.5,32.0,25.4,68.0,17.6,31.9,24.8,70.0,20.9,31.3,25.5,70.0,21.3,31.2,25.5,68.0,20.6,32.0,24.3,68.0,18.7,31.8,24.7,68.0,17.8
2023-08-12,31.4,23.5,66,17.5,0.0,8,32.0,25.4,68.0,17.6,31.9,24.8,70.0,20.9,31.3,25.5,70.0,21.3,31.2,25.5,68.0,20.6,32.0,24.3,68.0,18.7,31.8,24.7,68.0,17.8,31.0,23.2,69.0,17.9
2023-08-13,32.0,25.4,68,17.6,0.0,8,31.9,24.8,70.0,20.9,31.3,25.5,70.0,21.3,31.2,25.5,68.0,20.6,32.0,24.3,68.0,18.7,31.8,24.7,68.0,17.8,31.0,23.2,69.0,17.9,31.7,23.0,65.0,16.1
2023-08-14,31.9,24.8,70,20.9,0.0,8,31.3,25.5,70.0,21.3,31.2,25.5,68.0,20.6,32.0,24.3,68.0,18.7,31.8,24.7,68.0,17.8,31.0,23.2,69.0,17.9,31.7,23.0,65.0,16.1,31.5,25.0,61.0,16.5
2023-08-15,31.3,25.5,70,21.3,0.0,8,31.2,25.5,68.0,20.6,32.0,24.3,68.0,18.7,31.8,24.7,68.0,17.8,31.0,23.2,69.0,17.9,31.7,23.0,65.0,16.1,31.5,25.0,61.0,16.5,32.0,23.0,65.0,15.4
2023-08-16,31.2,25.5,68,20.6,0.0,8,32.0,24.3,68.0,18.7,31.8,24.7,68.0,17.8,31.0,23.2,69.0,17.9,31.7,23.0,65.0,16.1,31.5,25.0,61.0,16.5,32.0,23.0,65.0,15.4,32.0,21.5,70.0,15.5
2023-08-17,32.0,24.3,68,18.7,0.0,8,31.8,24.7,68.0,17.8,31.0,23.2,69.0,17.9,31.7,23.0,65.0,16.1,31.5,25.0,61.0,16.5,32.0,23.0,65.0,15.4,32.0,21.5,70.0,15.5,32.1,22.2,71.0,15.5
2023-08-18,31.8,24.7,68,17.8,0.0,8,31.0,23.2,69.0,17.9,31.7,23.0,65.0,16.1,31.5,25.0,61.0,16.5,32.0,23.0,65.0,15.4,32.0,21.5,70.0,15.5,32.1,22.2,71.0,15.5,34.5,22.6,73.0,17.4
2023-08-19,31.0,23.2,69,17.9,0.0,8,31.7,23.0,65.0,16.1,31.5,25.0,61.0,16.5,32.0,23.0,65.0,15.4,32.0,21.5,70.0,15.5,32.1,22.2,71.0,15.5,34.5,22.6,73.0,17.4,34.8,23.1,71.0,15.2
2023-08-20,31.7,23.0,65,16.1,0.0,8,31.5,25.0,61.0,16.5,32.0,23.0,65.0,15.4,32.0,21.5,70.0,15.5,32.1,22.2,71.0,15.5,34.5,22.6,73.0,17.4,34.8,23.1,71.0,15.2,33.8,23.8,74.0,19.0
2023-08-21,31.5,25.0,61,16.5,0.0,8,32.0,23.0,65.0,15.4,32.0,21.5,70.0,15.5,32.1,22.2,71.0,15.5,34.5,22.6,73.0,17.4,34.8,23.1,71.0,15.2,33.8,23.8,74.0,19.0,34.8,23.1,72.0,22.0
2023-08-22,32.0,23.0,65,15.4,0.0,8,32.0,21.5,70.0,15.5,32.1,22.2,71.0,15.5,34.5,22.6,73.0,17.4,34.8,23.1,71.0,15.2,33.8,23.8,74.0,19.0,34.8,23.1,72.0,22.0,33.5,24.5,68.0,22.3
2023-08-23,32.0,21.5,70,15.5,0.0,8,32.1,22.2,71.0,15.5,34.5,22.6,73.0,17.4,34.8,23.1,71.0,15.2,33.8,23.8,74.0,19.0,34.8,23.1,72.0,22.0,33.5,24.5,68.0,22.3,35.6,22.1,71.0,15.5
2023-08-24,32.1,22.2,71,15.5,0.0,8,34.5,22.6,73.0,17.4,34.8,23.1,71.0,15.2,33.8,23.8,74.0,19.0,34.8,23.1,72.0,22.0,33.5,24.5,68.0,22.3,35.6,22.1,71.0,15.5,33.2,22.8,77.0,15.1
2023-08-25,34.5,22.6,73,17.4,0.0,8,34.8,23.1,71.0,15.2,33.8,23.8,74.0,19.0,34.8,23.1,72.0,22.0,33.5,24.5,68.0,22.3,35.6,22.1,71.0,15.5,33.2,22.8,77.0,15.1,31.3,23.9,70.0,16.1
2023-08-26,34.8,23.1,71,15.2,0.0,8,33.8,23.8,74.0,19.0,34.8,23.1,72.0,22.0,33.5,24.5,68.0,22.3,35.6,22.1,71.0,15.5,33.2,22.8,77.0,15.1,31.3,23.9,70.0,16.1,32.8,23.0,66.0,17.9
2023-08-27,33.8,23.8,74,19.0,0.0,8,34.8,23.1,72.0,22.0,33.5,24.5,68.0,22.3,35.6,22.1,71.0,15.5,33.2,22.8,77.0,15.1,31.3,23.9,70.0,16.1,32.8,23.0,66.0,17.9,31.8,24.0,62.0,22.0
2023-08-28,34.8,23.1,72,22.0,0.0,8,33.5,24.5,68.0,22.3,35.6,22.1,71.0,15.5,33.2,22.8,77.0,15.1,31.3,23.9,70.0,16.1,32.8,23.0,66.0,17.9,31.8,24.0,62.0,22.0,33.8,22.6,63.0,20.3
2023-08-29,33.5,24.5,68,22.3,0.0,8,35.6,22.1,71.0,15.5,33.2,22.8,77.0,15.1,31.3,23.9,70.0,16.1,32.8,23.0,66.0,17.9,31.8,24.0,62.0,22.0,33.8,22.6,63.0,20.3,36.7,22.5,62.0,21.0
2023-08-30,35.6,22.1,71,15.5,0.0,8,33.2,22.8,77.0,15.1,31.3,23.9,70.0,16.1,32.8,23.0,66.0,17.9,31.8,24.0,62.0,22.0,33.8,22.6,63.0,20.3,36.7,22.5,62.0,21.0,37.5,25.5,61.0,17.9
2023-08-31,33.2,22.8,77,15.1,0.0,8,31.3,23.9,70.0,16.1,32.8,23.0,66.0,17.9,31.8,24.0,62.0,22.0,33.8,22.6,63.0,20.3,36.7,22.5,62.0,21.0,37.5,25.5,61.0,17.9,36.9,24.8,61.0,18.1
2023-09-01,31.3,23.9,70,16.1,0.0,9,32.8,23.0,66.0,17.9,31.8,24.0,62.0,22.0,33.8,22.6,63.0,20.3,36.7,22.5,62.0,21.0,37.5,25.5,61.0,17.9,36.9,24.8,61.0,18.1,40.2,24.5,58.0,24.1
2023-09-02,32.8,23.0,66,17.9,0.0,9,31.8,24.0,62.0,22.0,33.8,22.6,63.0,20.3,36.7,22.5,62.0,21.0,37.5,25.5,61.0,17.9,36.9,24.8,61.0,18.1,40.2,24.5,58.0,24.1,34.2,23.6,71.0,20.8
2023-09-03,31.8,24.0,62,22.0,0.0,9,33.8,22.6,63.0,20.3,36.7,22.5,62.0,21.0,37.5,25.5,61.0,17.9,36.9,24.8,61.0,18.1,40.2,24.5,58.0,24.1,34.2,23.6,71.0,20.8,35.3,22.3,69.0,14.8
2023-09-04,33.8,22.6,63,20.3,0.0,9,36.7,22.5,62.0,21.0,37.5,25.5,61.0,17.9,36.9,24.8,61.0,18.1,40.2,24.5,58.0,24.1,34.2,23.6,71.0,20.8,35.3,22.3,69.0,14.8,40.0,23.9,57.0,13.3
2023-09-05,36.7,22.5,62,21.0,0.0,9,37.5,25.5,61.0,17.9,36.9,24.8,61.0,18.1,40.2,24.5,58.0,24.1,34.2,23.6,71.0,20.8,35.3,22.3,69.0,14.8,40.0,23.9,57.0,13.3,34.0,24.1,68.0,11.6
2023-09-06,37.5,25.5,61,17.9,0.0,9,36.9,24.8,61.0,18.1,40.2,24.5,58.0,24.1,34.2,23.6,71.0,20.8,35.3,22.3,69.0,14.8,40.0,23.9,57.0,13.3,34.0,24.1,68.0,11.6,31.8,24.8,64.0,17.7
2023-09-07,36.9,24.8,61,18.1,0.0,9,40.2,24.5,58.0,24.1,34.2,23.6,71.0,20.8,35.3,22.3,69.0,14.8,40.0,23.9,57.0,13.3,34.0,24.1,68.0,11.6,31.8,24.8,64.0,17.7,32.2,21.5,69.0,16.1
2023-09-08,40.2,24.5,58,24.1,0.0,9,34.2,23.6,71.0,20.8,35.3,22.3,69.0,14.8,40.0,23.9,57.0,13.3,34.0,24.1,68.0,11.6,31.8,24.8,64.0,17.7,32.2,21.5,69.0,16.1,31.6,21.4,70.0,16.6
2023-09-09,34.2,23.6,71,20.8,0.0,9,35.3,22.3,69.0,14.8,40.0,23.9,57.0,13.3,34.0,24.1,68.0,11.6,31.8,24.8,64.0,17.7,32.2,21.5,69.0,16.1,31.6,21.4,70.0,16.6,32.2,20.5,68.0,15.6
2023-09-10,35.3,22.3,69,14.8,0.0,9,40.0,23.9,57.0,13.3,34.0,24.1,68.0,11.6,31.8,24.8,64.0,17.7,32.2,21.5,69.0,16.1,31.6,21.4,70.0,16.6,32.2,20.5,68.0,15.6,34.0,20.3,72.0,16.6
2023-09-11,40.0,23.9,57,13.3,0.0,9,34.0,24.1,68.0,11.6,31.8,24.8,64.0,17.7,32.2,21.5,69.0,16.1,31.6,21.4,70.0,16.6,32.2,20.5,68.0,15.6,34.0,20.3,72.0,16.6,31.8,22.6,76.0,19.7
2023-09-12,34.0,24.1,68,11.6,1.7,9,31.8,24.8,64.0,17.7,32.2,21.5,69.0,16.1,31.6,21.4,70.0,16.6,32.2,20.5,68.0,15.6,34.0,20.3,72.0,16.6,31.8,22.6,76.0,19.7,32.2,22.0,69.0,20.6
2023-09-13,31.8,24.8,64,17.7,0.0,9,32.2,21.5,69.0,16.1,31.6,21.4,70.0,16.6,32.2,20.5,68.0,15.6,34.0,20.3,72.0,16.6,31.8,22.6,76.0,19.7,32.2,22.0,69.0,20.6,30.4,22.6,69.0,18.3
2023-09-14,32.2,21.5,69,16.1,0.0,9,31.6,21.4,70.0,16.6,32.2,20.5,68.0,15.6,34.0,20.3,72.0,16.6,31.8,22.6,76.0,19.7,32.2,22.0,69.0,20.6,30.4,22.6,69.0,18.3,31.0,22.2,72.0,15.4
2023-09-15,31.6,21.4,70,16.6,0.0,9,32.2,20.5,68.0,15.6,34.0,20.3,72.0,16.6,31.8,22.6,76.0,19.7,32.2,22.0,69.0,20.6,30.4,22.6,69.0,18.3,31.0,22.2,72.0,15.4,32.3,22.0,72.0,14.8
2023-09-16,32.2,20.5,68,15.6,0.0,9,34.0,20.3,72.0,16.6,31.8,22.6,76.0,19.7,32.2,22.0,69.0,20.6,30.4,22.6,69.0,18.3,31.0,22.2,72.0,15.4,32.3,22.0,72.0,14.8,32.8,21.6,72.0,15.8
2023-09-17,34.0,20.3,72,16.6,0.0,9,31.8,22.6,76.0,19.7,32.2,22.0,69.0,20.6,30.4,22.6,69.0,18.3,31.0,22.2,72.0,15.4,32.3,22.0,72.0,14.8,32.8,21.6,72.0,15.8,33.8,20.8,70.0,14.5
2023-09-18,31.8,22.6,76,19.7,0.0,9,32.2,22.0,69.0,20.6,30.4,22.6,69.0,18.3,31.0,22.2,72.0,15.4,32.3,22.0,72.0,14.8,32.8,21.6,72.0,15.8,33.8,20.8,70.0,14.5,34.2,21.6,77.0,15.1
2023-09-19,32.2,22.0,69,20.6,0.0,9,30.4,22.6,69.0,18.3,31.0,22.2,72.0,15.4,32.3,22.0,72.0,14.8,32.8,21.6,72.0,15.8,33.8,20.8,70.0,14.5,34.2,21.6,77.0,15.1,34.1,22.1,72.0,14.3
2023-09-20,30.4,22.6,69,18.3,0.0,9,31.0,22.2,72.0,15.4,32.3,22.0,72.0,14.8,32.8,21.6,72.0,15.8,33.8,20.8,70.0,14.5,34.2,21.6,77.0,15.1,34.1,22.1,72.0,14.3,35.3,21.1,72.0,13.7
2023-09-21,31.0,22.2,72,15.4,0.0,9,32.3,22.0,72.0,14.8,32.8,21.6,72.0,15.8,33.8,20.8,70.0,14.5,34.2,21.6,77.0,15.1,34.1,22.1,72.0,14.3,35.3,21.1,72.0,13.7,38.0,22.5,70.0,18.4
2023-09-22,32.3,22.0,72,14.8,0.0,9,32.8,21.6,72.0,15.8,33.8,20.8,70.0,14.5,34.2,21.6,77.0,15.1,34.1,22.1,72.0,14.3,35.3,21.1,72.0,13.7,38.0,22.5,70.0,18.4,33.2,22.3,70.0,16.3
2023-09-23,32.8,21.6,72,15.8,0.0,9,33.8,20.8,70.0,14.5,34.2,21.6,77.0,15.1,34.1,22.1,72.0,14.3,35.3,21.1,72.0,13.7,38.0,22.5,70.0,18.4,33.2,22.3,70.0,16.3,31.5,21.6,68.0,15.1
2023-09-24,33.8,20.8,70,14.5,0.0,9,34.2,21.6,77.0,15.1,34.1,22.1,72.0,14.3,35.3,21.1,72.0,13.7,38.0,22.5,70.0,18.4,33.2,22.3,70.0,16.3,31.5,21.6,68.0,15.1,30.9,22.4,62.0,19.9
2023-09-25,34.2,21.6,77,15.1,0.0,9,34.1,22.1,72.0,14.3,35.3,21.1,72.0,13.7,38.0,22.5,70.0,18.4,33.2,22.3,70.0,16.3,31.5,21.6,68.0,15.1,30.9,22.4,62.0,19.9,29.8,22.7,54.0,19.4
2023-09-26,34.1,22.1,72,14.3,0.0,9,35.3,21.1,72.0,13.7,38.0,22.5,70.0,18.4,33.2,22.3,70.0,16.3,31.5,21.6,68.0,15.1,30.9,22.4,62.0,19.9,29.8,22.7,54.0,19.4,30.0,20.6,60.0,14.9
2023-09-27,35.3,21.1,72,13.7,0.0,9,38.0,22.5,70.0,18.4,33.2,22.3,70.0,16.3,31.5,21.6,68.0,15.1,30.9,22.4,62.0,19.9,29.8,22.7,54.0,19.4,30.0,20.6,60.0,14.9,30.5,20.0,67.0,13.6
2023-09-28,38.0,22.5,70,18.4,0.0,9,33.2,22.3,70.0,16.3,31.5,21.6,68.0,15.1,30.9,22.4,62.0,19.9,29.8,22.7,54.0,19.4,30.0,20.6,60.0,14.9,30.5,20.0,67.0,13.6,31.0,22.5,61.0,16.5
2023-09-29,33.2,22.3,70,16.3,0.0,9,31.5,21.6,68.0,15.1,30.9,22.4,62.0,19.9,29.8,22.7,54.0,19.4,30.0,20.6,60.0,14.9,30.5,20.0,67.0,13.6,31.0,22.5,61.0,16.5,29.5,23.0,67.0,17.7
2023-09-30,31.5,21.6,68,15.1,0.0,9,30.9,22.4,62.0,19.9,29.8,22.7,54.0,19.4,30.0,20.6,60.0,14.9,30.5,20.0,67.0,13.6,31.0,22.5,61.0,16.5,29.5,23.0,67.0,17.7,28.5,20.8,66.0,15.0
2023-10-01,30.9,22.4,62,19.9,0.0,10,29.8,22.7,54.0,19.4,30.0,20.6,60.0,14.9,30.5,20.0,67.0,13.6,31.0,22.5,61.0,16.5,29.5,23.0,67.0,17.7,28.5,20.8,66.0,15.0,29.4,20.8,64.0,16.9
2023-10-02,29.8,22.7,54,19.4,0.0,10,30.0,20.6,60.0,14.9,30.5,20.0,67.0,13.6,31.0,22.5,61.0,16.5,29.5,23.0,67.0,17.7,28.5,20.8,66.0,15.0,29.4,20.8,64.0,16.9,30.5,22.5,63.0,17.6
2023-10-03,30.0,20.6,60,14.9,1.6,10,30.5,20.0,67.0,13.6,31.0,22.5,61.0,16.5,29.5,23.0,67.0,17.7,28.5,20.8,66.0,15.0,29.4,20.8,64.0,16.9,30.5,22.5,63.0,17.6,28.8,20.8,64.0,20.6
2023-10-04,30.5,20.0,67,13.6,0.2,10,31.0,22.5,61.0,16.5,29.5,23.0,67.0,17.7,28.5,20.8,66.0,15.0,29.4,20.8,64.0,16.9,30.5,22.5,63.0,17.6,28.8,20.8,64.0,20.6,29.2,21.5,63.0,17.1
2023-10-05,31.0,22.5,61,16.5,0.5,10,29.5,23.0,67.0,17.7,28.5,20.8,66.0,15.0,29.4,20.8,64.0,16.9,30.5,22.5,63.0,17.6,28.8,20.8,64.0,20.6,29.2,21.5,63.0,17.1,29.1,19.8,67.0,14.7
2023-10-06,29.5,23.0,67,17.7,0.0,10,28.5,20.8,66.0,15.0,29.4,20.8,64.0,16.9,30.5,22.5,63.0,17.6,28.8,20.8,64.0,20.6,29.2,21.5,63.0,17.1,29.1,19.8,67.0,14.7,27.9,19.9,71.0,14.8
2023-10-07,28.5,20.8,66,15.0,0.0,10,29.4,20.8,64.0,16.9,30.5,22.5,63.0,17.6,28.8,20.8,64.0,20.6,29.2,21.5,63.0,17.1,29.1,19.8,67.0,14.7,27.9,19.9,71.0,14.8,27.5,19.6,65.0,12.8
2023-10-08,29.4,20.8,64,16.9,0.1,10,30.5,22.5,63.0,17.6,28.8,20.8,64.0,20.6,29.2,21.5,63.0,17.1,29.1,19.8,67.0,14.7,27.9,19.9,71.0,14.8,27.5,19.6,65.0,12.8,28.4,19.1,62.0,19.5
2023-10-09,30.5,22.5,63,17.6,0.0,10,28.8,20.8,64.0,20.6,29.2,21.5,63.0,17.1,29.1,19.8,67.0,14.7,27.9,19.9,71.0,14.8,27.5,19.6,65.0,12.8,28.4,19.1,62.0,19.5,28.5,19.5,67.0,20.0
2023-10-10,28.8,20.8,64,20.6,0.0,10,29.2,21.5,63.0,17.1,29.1,19.8,67.0,14.7,27.9,19.9,71.0,14.8,27.5,19.6,65.0,12.8,28.4,19.1,62.0,19.5,28.5,19.5,67.0,20.0,28.0,18.9,72.0,12.5
2023-10-11,29.2,21.5,63,17.1,0.4,10,29.1,19.8,67.0,14.7,27.9,19.9,71.0,14.8,27.5,19.6,65.0,12.8,28.4,19.1,62.0,19.5,28.5,19.5,67.0,20.0,28.0,18.9,72.0,12.5,27.5,18.9,69.0,17.1
2023-10-12,29.1,19.8,67,14.7,0.5,10,27.9,19.9,71.0,14.8,27.5,19.6,65.0,12.8,28.4,19.1,62.0,19.5,28.5,19.5,67.0,20.0,28.0,18.9,72.0,12.5,27.5,18.9,69.0,17.1,29.0,18.8,71.0,16.7
2023-10-13,27.9,19.9,71,14.8,0.4,10,27.5,19.6,65.0,12.8,28.4,19.1,62.0,19.5,28.5,19.5,67.0,20.0,28.0,18.9,72.0,12.5,27.5,18.9,69.0,17.1,29.0,18.8,71.0,16.7,29.1,17.1,70.0,14.4
2023-10-14,27.5,19.6,65,12.8,0.2,10,28.4,19.1,62.0,19.5,28.5,19.5,67.0,20.0,28.0,18.9,72.0,12.5,27.5,18.9,69.0,17.1,29.0,18.8,71.0,16.7,29.1,17.1,70.0,14.4,28.8,18.4,70.0,15.6
2023-10-15,28.4,19.1,62,19.5,0.8,10,28.5,19.5,67.0,20.0,28.0,18.9,72.0,12.5,27.5,18.9,69.0,17.1,29.0,18.8,71.0,16.7,29.1,17.1,70.0,14.4,28.8,18.4,70.0,15.6,28.2,19.5,69.0,15.0
2023-10-16,28.5,19.5,67,20.0,2.3,10,28.0,18.9,72.0,12.5,27.5,18.9,69.0,17.1,29.0,18.8,71.0,16.7,29.1,17.1,70.0,14.4,28.8,18.4,70.0,15.6,28.2,19.5,69.0,15.0,30.0,20.4,74.0,15.1
2023-10-17,28.0,18.9,72,12.5,1.9,10,27.5,18.9,69.0,17.1,29.0,18.8,71.0,16.7,29.1,17.1,70.0,14.4,28.8,18.4,70.0,15.6,28.2,19.5,69.0,15.0,30.0,20.4,74.0,15.1,29.5,22.0,77.0,14.9
2023-10-18,27.5,18.9,69,17.1,0.2,10,29.0,18.8,71.0,16.7,29.1,17.1,70.0,14.4,28.8,18.4,70.0,15.6,28.2,19.5,69.0,15.0,30.0,20.4,74.0,15.1,29.5,22.0,77.0,14.9,31.2,20.7,77.0,14.6
2023-10-19,29.0,18.8,71,16.7,0.0,10,29.1,17.1,70.0,14.4,28.8,18.4,70.0,15.6,28.2,19.5,69.0,15.0,30.0,20.4,74.0,15.1,29.5,22.0,77.0,14.9,31.2,20.7,77.0,14.6,32.0,20.6,80.0,13.4
2023-10-20,29.1,17.1,70,14.4,0.0,10,28.8,18.4,70.0,15.6,28.2,19.5,69.0,15.0,30.0,20.4,74.0,15.1,29.5,22.0,77.0,14.9,31.2,20.7,77.0,14.6,32.0,20.6,80.0,13.4,29.2,21.8,82.0,13.6
2023-10-21,28.8,18.4,70,15.6,0.0,10,28.2,19.5,69.0,15.0,30.0,20.4,74.0,15.1,29.5,22.0,77.0,14.9,31.2,20.7,77.0,14.6,32.0,20.6,80.0,13.4,29.2,21.8,82.0,13.6,30.6,19.9,76.0,14.2
2023-10-22,28.2,19.5,69,15.0,0.0,10,30.0,20.4,74.0,15.1,29.5,22.0,77.0,14.9,31.2,20.7,77.0,14.6,32.0,20.6,80.0,13.4,29.2,21.8,82.0,13.6,30.6,19.9,76.0,14.2,30.1,21.9,75.0,15.4
2023-10-23,30.0,20.4,74,15.1,0.0,10,29.5,22.0,77.0,14.9,31.2,20.7,77.0,14.6,32.0,20.6,80.0,13.4,29.2,21.8,82.0,13.6,30.6,19.9,76.0,14.2,30.1,21.9,75.0,15.4,30.3,22.9,75.0,15.0
2023-10-24,29.5,22.0,77,14.9,0.0,10,31.2,20.7,77.0,14.6,32.0,20.6,80.0,13.4,29.2,21.8,82.0,13.6,30.6,19.9,76.0,14.2,30.1,21.9,75.0,15.4,30.3,22.9,75.0,15.0,30.9,21.4,71.0,13.8
2023-10-25,31.2,20.7,77,14.6,0.0,10,32.0,20.6,80.0,13.4,29.2,21.8,82.0,13.6,30.6,19.9,76.0,14.2,30.1,21.9,75.0,15.4,30.3,22.9,75.0,15.0,30.9,21.4,71.0,13.8,29.2,21.3,75.0,17.1
2023-10-26,32.0,20.6,80,13.4,0.0,10,29.2,21.8,82.0,13.6,30.6,19.9,76.0,14.2,30.1,21.9,75.0,15.4,30.3,22.9,75.0,15.0,30.9,21.4,71.0,13.8,29.2,21.3,75.0,17.1,28.6,20.2,75.0,15.8
2023-10-27,29.2,21.8,82,13.6,0.0,10,30.6,19.9,76.0,14.2,30.1,21.9,75.0,15.4,30.3,22.9,75.0,15.0,30.9,21.4,71.0,13.8,29.2,21.3,75.0,17.1,28.6,20.2,75.0,15.8,30.4,17.9,76.0,9.7
2023-10-28,30.6,19.9,76,14.2,0.0,10,30.1,21.9,75.0,15.4,30.3,22.9,75.0,15.0,30.9,21.4,71.0,13.8,29.2,21.3,75.0,17.1,28.6,20.2,75.0,15.8,30.4,17.9,76.0,9.7,31.7,18.5,79.0,11.2
2023-10-29,30.1,21.9,75,15.4,0.0,10,30.3,22.9,75.0,15.0,30.9,21.4,71.0,13.8,29.2,21.3,75.0,17.1,28.6,20.2,75.0,15.8,30.4,17.9,76.0,9.7,31.7,18.5,79.0,11.2,29.6,17.0,83.0,13.1
2023-10-30,30.3,22.9,75,15.0,0.0,10,30.9,21.4,71.0,13.8,29.2,21.3,75.0,17.1,28.6,20.2,75.0,15.8,30.4,17.9,76.0,9.7,31.7,18.5,79.0,11.2,29.6,17.0,83.0,13.1,31.1,17.8,81.0,15.2
2023-10-31,30.9,21.4,71,13.8,0.2,10,29.2,21.3,75.0,17.1,28.6,20.2,75.0,15.8,30.4,17.9,76.0,9.7,31.7,18.5,79.0,11.2,29.6,17.0,83.0,13.1,31.1,17.8,81.0,15.2,28.8,17.2,80.0,13.0
2023-11-01,29.2,21.3,75,17.1,0.0,11,28.6,20.2,75.0,15.8,30.4,17.9,76.0,9.7,31.7,18.5,79.0,11.2,29.6,17.0,83.0,13.1,31.1,17.8,81.0,15.2,28.8,17.2,80.0,13.0,28.5,18.7,76.0,13.3
2023-11-02,28.6,20.2,75,15.8,0.0,11,30.4,17.9,76.0,9.7,31.7,18.5,79.0,11.2,29.6,17.0,83.0,13.1,31.1,17.8,81.0,15.2,28.8,17.2,80.0,13.0,28.5,18.7,76.0,13.3,28.4,18.5,73.0,16.5
2023-11-03,30.4,17.9,76,9.7,0.0,11,31.7,18.5,79.0,11.2,29.6,17.0,83.0,13.1,31.1,17.8,81.0,15.2,28.8,17.2,80.0,13.0,28.5,18.7,76.0,13.3,28.4,18.5,73.0,16.5,27.5,19.1,68.0,13.5
2023-11-04,31.7,18.5,79,11.2,0.0,11,29.6,17.0,83.0,13.1,31.1,17.8,81.0,15.2,28.8,17.2,80.0,13.0,28.5,18.7,76.0,13.3,28.4,18.5,73.0,16.5,27.5,19.1,68.0,13.5,27.8,19.2,74.0,13.0
2023-11-05,29.6,17.0,83,13.1,0.0,11,31.1,17.8,81.0,15.2,28.8,17.2,80.0,13.0,28.5,18.7,76.0,13.3,28.4,18.5,73.0,16.5,27.5,19.1,68.0,13.5,27.8,19.2,74.0,13.0,30.4,19.6,81.0,11.6
2023-11-06,31.1,17.8,81,15.2,0.0,11,28.8,17.2,80.0,13.0,28.5,18.7,76.0,13.3,28.4,18.5,73.0,16.5,27.5,19.1,68.0,13.5,27.8,19.2,74.0,13.0,30.4,19.6,81.0,11.6,28.2,20.0,78.0,12.6
2023-11-07,28.8,17.2,80,13.0,0.0,11,28.5,18.7,76.0,13.3,28.4,18.5,73.0,16.5,27.5,19.1,68.0,13.5,27.8,19.2,74.0,13.0,30.4,19.6,81.0,11.6,28.2,20.0,78.0,12.6,25.4,18.7,74.0,20.5
2023-11-08,28.5,18.7,76,13.3,0.0,11,28.4,18.5,73.0,16.5,27.5,19.1,68.0,13.5,27.8,19.2,74.0,13.0,30.4,19.6,81.0,11.6,28.2,20.0,78.0,12.6,25.4,18.7,74.0,20.5,26.3,18.1,66.0,17.0
2023-11-09,28.4,18.5,73,16.5,0.0,11,27.5,19.1,68.0,13.5,27.8,19.2,74.0,13.0,30.4,19.6,81.0,11.6,28.2,20.0,78.0,12.6,25.4,18.7,74.0,20.5,26.3,18.1,66.0,17.0,27.6,17.3,70.0,17.7
2023-11-10,27.5,19.1,68,13.5,0.0,11,27.8,19.2,74.0,13.0,30.4,19.6,81.0,11.6,28.2,20.0,78.0,12.6,25.4,18.7,74.0,20.5,26.3,18.1,66.0,17.0,27.6,17.3,70.0,17.7,26.9,18.2,79.0,12.9
2023-11-11,27.8,19.2,74,13.0,0.0,11,30.4,19.6,81.0,11.6,28.2,20.0,78.0,12.6,25.4,18.7,74.0,20.5,26.3,18.1,66.0,17.0,27.6,17.3,70.0,17.7,26.9,18.2,79.0,12.9,27.9,17.6,62.0,14.6
2023-11-12,30.4,19.6,81,11.6,0.2,11,28.2,20.0,78.0,12.6,25.4,18.7,74.0,20.5,26.3,18.1,66.0,17.0,27.6,17.3,70.0,17.7,26.9,18.2,79.0,12.9,27.9,17.6,62.0,14.6,22.6,17.3,64.0,36.0
2023-11-13,28.2,20.0,78,12.6,0.0,11,25.4,18.7,74.0,20.5,26.3,18.1,66.0,17.0,27.6,17.3,70.0,17.7,26.9,18.2,79.0,12.9,27.9,17.6,62.0,14.6,22.6,17.3,64.0,36.0,22.8,18.5,52.0,28.6
2023-11-14,25.4,18.7,74,20.5,2.5,11,26.3,18.1,66.0,17.0,27.6,17.3,70.0,17.7,26.9,18.2,79.0,12.9,27.9,17.6,62.0,14.6,22.6,17.3,64.0,36.0,22.8,18.5,52.0,28.6,25.2,14.9,62.0,14.6
2023-11-15,26.3,18.1,66,17.0,0.2,11,27.6,17.3,70.0,17.7,26.9,18.2,79.0,12.9,27.9,17.6,62.0,14.6,22.6,17.3,64.0,36.0,22.8,18.5,52.0,28.6,25.2,14.9,62.0,14.6,24.6,14.8,71.0,19.1
2023-11-16,27.6,17.3,70,17.7,0.0,11,26.9,18.2,79.0,12.9,27.9,17.6,62.0,14.6,22.6,17.3,64.0,36.0,22.8,18.5,52.0,28.6,25.2,14.9,62.0,14.6,24.6,14.8,71.0,19.1,26.5,12.8,69.0,12.8
2023-11-17,26.9,18.2,79,12.9,0.4,11,27.9,17.6,62.0,14.6,22.6,17.3,64.0,36.0,22.8,18.5,52.0,28.6,25.2,14.9,62.0,14.6,24.6,14.8,71.0,19.1,26.5,12.8,69.0,12.8,26.0,12.5,71.0,12.8
2023-11-18,27.9,17.6,62,14.6,0.0,11,22.6,17.3,64.0,36.0,22.8,18.5,52.0,28.6,25.2,14.9,62.0,14.6,24.6,14.8,71.0,19.1,26.5,12.8,69.0,12.8,26.0,12.5,71.0,12.8,27.2,14.5,39.0,19.9
2023-11-19,22.6,17.3,64,36.0,2.0,11,22.8,18.5,52.0,28.6,25.2,14.9,62.0,14.6,24.6,14.8,71.0,19.1,26.5,12.8,69.0,12.8,26.0,12.5,71.0,12.8,27.2,14.5,39.0,19.9,24.7,15.8,37.0,26.7
2023-11-20,22.8,18.5,52,28.6,0.4,11,25.2,14.9,62.0,14.6,24.6,14.8,71.0,19.1,26.5,12.8,69.0,12.8,26.0,12.5,71.0,12.8,27.2,14.5,39.0,19.9,24.7,15.8,37.0,26.7,20.8,16.3,58.0,23.7
2023-11-21,25.2,14.9,62,14.6,0.0,11,24.6,14.8,71.0,19.1,26.5,12.8,69.0,12.8,26.0,12.5,71.0,12.8,27.2,14.5,39.0,19.9,24.7,15.8,37.0,26.7,20.8,16.3,58.0,23.7,21.3,13.5,54.0,10.9
2023-11-22,24.6,14.8,71,19.1,0.0,11,26.5,12.8,69.0,12.8,26.0,12.5,71.0,12.8,27.2,14.5,39.0,19.9,24.7,15.8,37.0,26.7,20.8,16.3,58.0,23.7,21.3,13.5,54.0,10.9,23.5,12.4,60.0,12.9
2023-11-23,26.5,12.8,69,12.8,0.0,11,26.0,12.5,71.0,12.8,27.2,14.5,39.0,19.9,24.7,15.8,37.0,26.7,20.8,16.3,58.0,23.7,21.3,13.5,54.0,10.9,23.5,12.4,60.0,12.9,23.5,14.1,71.0,15.7
2023-11-24,26.0,12.5,71,12.8,0.0,11,27.2,14.5,39.0,19.9,24.7,15.8,37.0,26.7,20.8,16.3,58.0,23.7,21.3,13.5,54.0,10.9,23.5,12.4,60.0,12.9,23.5,14.1,71.0,15.7,23.8,15.9,66.0,15.6
2023-11-25,27.2,14.5,39,19.9,0.0,11,24.7,15.8,37.0,26.7,20.8,16.3,58.0,23.7,21.3,13.5,54.0,10.9,23.5,12.4,60.0,12.9,23.5,14.1,71.0,15.7,23.8,15.9,66.0,15.6,23.9,16.4,69.0,15.6
2023-11-26,24.7,15.8,37,26.7,0.0,11,20.8,16.3,58.0,23.7,21.3,13.5,54.0,10.9,23.5,12.4,60.0,12.9,23.5,14.1,71.0,15.7,23.8,15.9,66.0,15.6,23.9,16.4,69.0,15.6,25.1,15.6,78.0,14.8
2023-11-27,20.8,16.3,58,23.7,0.4,11,21.3,13.5,54.0,10.9,23.5,12.4,60.0,12.9,23.5,14.1,71.0,15.7,23.8,15.9,66.0,15.6,23.9,16.4,69.0,15.6,25.1,15.6,78.0,14.8,26.7,15.9,85.0,18.6
2023-11-28,21.3,13.5,54,10.9,0.0,11,23.5,12.4,60.0,12.9,23.5,14.1,71.0,15.7,23.8,15.9,66.0,15.6,23.9,16.4,69.0,15.6,25.1,15.6,78.0,14.8,26.7,15.9,85.0,18.6,23.7,15.2,83.0,14.5
2023-11-29,23.5,12.4,60,12.9,0.0,11,23.5,14.1,71.0,15.7,23.8,15.9,66.0,15.6,23.9,16.4,69.0,15.6,25.1,15.6,78.0,14.8,26.7,15.9,85.0,18.6,23.7,15.2,83.0,14.5,24.6,15.1,67.0,16.8
2023-11-30,23.5,14.1,71,15.7,0.0,11,23.8,15.9,66.0,15.6,23.9,16.4,69.0,15.6,25.1,15.6,78.0,14.8,26.7,15.9,85.0,18.6,23.7,15.2,83.0,14.5,24.6,15.1,67.0,16.8,24.0,13.8,60.0,10.4
2023-12-01,23.8,15.9,66,15.6,0.0,12,23.9,16.4,69.0,15.6,25.1,15.6,78.0,14.8,26.7,15.9,85.0,18.6,23.7,15.2,83.0,14.5,24.6,15.1,67.0,16.8,24.0,13.8,60.0,10.4,22.9,12.4,56.0,13.9
2023-12-02,23.9,16.4,69,15.6,0.0,12,25.1,15.6,78.0,14.8,26.7,15.9,85.0,18.6,23.7,15.2,83.0,14.5,24.6,15.1,67.0,16.8,24.0,13.8,60.0,10.4,22.9,12.4,56.0,13.9,22.2,13.8,59.0,13.3
2023-12-03,25.1,15.6,78,14.8,0.0,12,26.7,15.9,85.0,18.6,23.7,15.2,83.0,14.5,24.6,15.1,67.0,16.8,24.0,13.8,60.0,10.4,22.9,12.4,56.0,13.9,22.2,13.8,59.0,13.3,22.8,9.4,72.0,15.5
2023-12-04,26.7,15.9,85,18.6,0.0,12,23.7,15.2,83.0,14.5,24.6,15.1,67.0,16.8,24.0,13.8,60.0,10.4,22.9,12.4,56.0,13.9,22.2,13.8,59.0,13.3,22.8,9.4,72.0,15.5,25.6,13.1,61.0,10.2
2023-12-05,23.7,15.2,83,14.5,0.0,12,24.6,15.1,67.0,16.8,24.0,13.8,60.0,10.4,22.9,12.4,56.0,13.9,22.2,13.8,59.0,13.3,22.8,9.4,72.0,15.5,25.6,13.1,61.0,10.2,21.4,10.8,67.0,16.7
2023-12-06,24.6,15.1,67,16.8,0.0,12,24.0,13.8,60.0,10.4,22.9,12.4,56.0,13.9,22.2,13.8,59.0,13.3,22.8,9.4,72.0,15.5,25.6,13.1,61.0,10.2,21.4,10.8,67.0,16.7,21.8,15.2,75.0,20.1
2023-12-07,24.0,13.8,60,10.4,0.0,12,22.9,12.4,56.0,13.9,22.2,13.8,59.0,13.3,22.8,9.4,72.0,15.5,25.6,13.1,61.0,10.2,21.4,10.8,67.0,16.7,21.8,15.2,75.0,20.1,23.6,13.9,81.0,9.0
2023-12-08,22.9,12.4,56,13.9,0.0,12,22.2,13.8,59.0,13.3,22.8,9.4,72.0,15.5,25.6,13.1,61.0,10.2,21.4,10.8,67.0,16.7,21.8,15.2,75.0,20.1,23.6,13.9,81.0,9.0,23.1,13.5,78.0,16.3
2023-12-09,22.2,13.8,59,13.3,0.0,12,22.8,9.4,72.0,15.5,25.6,13.1,61.0,10.2,21.4,10.8,67.0,16.7,21.8,15.2,75.0,20.1,23.6,13.9,81.0,9.0,23.1,13.5,78.0,16.3,26.2,11.6,77.0,9.8
2023-12-10,22.8,9.4,72,15.5,0.0,12,25.6,13.1,61.0,10.2,21.4,10.8,67.0,16.7,21.8,15.2,75.0,20.1,23.6,13.9,81.0,9.0,23.1,13.5,78.0,16.3,26.2,11.6,77.0,9.8,23.4,13.9,77.0,14.5
2023-12-11,25.6,13.1,61,10.2,0.0,12,21.4,10.8,67.0,16.7,21.8,15.2,75.0,20.1,23.6,13.9,81.0,9.0,23.1,13.5,78.0,16.3,26.2,11.6,77.0,9.8,23.4,13.9,77.0,14.5,23.0,16.6,68.0,14.9
2023-12-12,21.4,10.8,67,16.7,0.7,12,21.8,15.2,75.0,20.1,23.6,13.9,81.0,9.0,23.1,13.5,78.0,16.3,26.2,11.6,77.0,9.8,23.4,13.9,77.0,14.5,23.0,16.6,68.0,14.9,21.8,16.5,62.0,17.0
2023-12-13,21.8,15.2,75,20.1,0.8,12,23.6,13.9,81.0,9.0,23.1,13.5,78.0,16.3,26.2,11.6,77.0,9.8,23.4,13.9,77.0,14.5,23.0,16.6,68.0,14.9,21.8,16.5,62.0,17.0,22.5,13.4,65.0,13.6
2023-12-14,23.6,13.9,81,9.0,0.0,12,23.1,13.5,78.0,16.3,26.2,11.6,77.0,9.8,23.4,13.9,77.0,14.5,23.0,16.6,68.0,14.9,21.8,16.5,62.0,17.0,22.5,13.4,65.0,13.6,21.4,13.4,61.0,21.8
2023-12-15,23.1,13.5,78,16.3,0.0,12,26.2,11.6,77.0,9.8,23.4,13.9,77.0,14.5,23.0,16.6,68.0,14.9,21.8,16.5,62.0,17.0,22.5,13.4,65.0,13.6,21.4,13.4,61.0,21.8,21.4,12.4,50.0,26.7
2023-12-16,26.2,11.6,77,9.8,0.0,12,23.4,13.9,77.0,14.5,23.0,16.6,68.0,14.9,21.8,16.5,62.0,17.0,22.5,13.4,65.0,13.6,21.4,13.4,61.0,21.8,21.4,12.4,50.0,26.7,21.9,15.1,60.0,27.8
2023-12-17,23.4,13.9,77,14.5,0.0,12,23.0,16.6,68.0,14.9,21.8,16.5,62.0,17.0,22.5,13.4,65.0,13.6,21.4,13.4,61.0,21.8,21.4,12.4,50.0,26.7,21.9,15.1,60.0,27.8,22.4,14.6,77.0,13.1
2023-12-18,23.0,16.6,68,14.9,0.0,12,21.8,16.5,62.0,17.0,22.5,13.4,65.0,13.6,21.4,13.4,61.0,21.8,21.4,12.4,50.0,26.7,21.9,15.1,60.0,27.8,22.4,14.6,77.0,13.1,23.0,13.1,78.0,12.0
2023-12-19,21.8,16.5,62,17.0,0.0,12,22.5,13.4,65.0,13.6,21.4,13.4,61.0,21.8,21.4,12.4,50.0,26.7,21.9,15.1,60.0,27.8,22.4,14.6,77.0,13.1,23.0,13.1,78.0,12.0,22.6,13.4,72.0,14.9
2023-12-20,22.5,13.4,65,13.6,0.0,12,21.4,13.4,61.0,21.8,21.4,12.4,50.0,26.7,21.9,15.1,60.0,27.8,22.4,14.6,77.0,13.1,23.0,13.1,78.0,12.0,22.6,13.4,72.0,14.9,22.2,15.9,74.0,20.1
2023-12-21,21.4,13.4,61,21.8,0.0,12,21.4,12.4,50.0,26.7,21.9,15.1,60.0,27.8,22.4,14.6,77.0,13.1,23.0,13.1,78.0,12.0,22.6,13.4,72.0,14.9,22.2,15.9,74.0,20.1,22.3,15.2,80.0,16.7
2023-12-22,21.4,12.4,50,26.7,0.0,12,21.9,15.1,60.0,27.8,22.4,14.6,77.0,13.1,23.0,13.1,78.0,12.0,22.6,13.4,72.0,14.9,22.2,15.9,74.0,20.1,22.3,15.2,80.0,16.7,22.4,14.4,76.0,15.9
2023-12-23,21.9,15.1,60,27.8,0.1,12,22.4,14.6,77.0,13.1,23.0,13.1,78.0,12.0,22.6,13.4,72.0,14.9,22.2,15.9,74.0,20.1,22.3,15.2,80.0,16.7,22.4,14.4,76.0,15.9,21.2,13.8,79.0,11.9
2023-12-24,22.4,14.6,77,13.1,0.7,12,23.0,13.1,78.0,12.0,22.6,13.4,72.0,14.9,22.2,15.9,74.0,20.1,22.3,15.2,80.0,16.7,22.4,14.4,76.0,15.9,21.2,13.8,79.0,11.9,20.2,13.9,80.0,15.1
2023-12-25,23.0,13.1,78,12.0,0.0,12,22.6,13.4,72.0,14.9,22.2,15.9,74.0,20.1,22.3,15.2,80.0,16.7,22.4,14.4,76.0,15.9,21.2,13.8,79.0,11.9,20.2,13.9,80.0,15.1,20.7,11.9,79.0,10.5
