datetime,temperature,humidity,wind_speed,month,target_day_1,target_day_2,target_day_3,target_day_4,target_day_5,target_day_6,target_day_7
2012-10-01,8.617262285272757,78.0,0.0,10,12.006888448541694,14.52395833333336,11.24166666666669,11.606250000000019,12.52458333333336,13.033333333333358,13.994166666666684
2012-10-02,12.006888448541694,65.16666666666667,0.625,10,14.52395833333336,11.24166666666669,11.606250000000019,12.52458333333336,13.033333333333358,13.994166666666684,13.557708333333354
2012-10-03,14.52395833333336,58.416666666666664,1.5833333333333333,10,11.24166666666669,11.606250000000019,12.52458333333336,13.033333333333358,13.994166666666684,13.557708333333354,12.811250000000017
2012-10-04,11.24166666666669,48.869565217391305,3.375,10,11.606250000000019,12.52458333333336,13.033333333333358,13.994166666666684,13.557708333333354,12.811250000000017,14.40625000000002
2012-10-05,11.606250000000019,48.52173913043478,2.625,10,12.52458333333336,13.033333333333358,13.994166666666684,13.557708333333354,12.811250000000017,14.40625000000002,10.502500000000017
2012-10-06,12.52458333333336,48.45,2.8333333333333335,10,13.033333333333358,13.994166666666684,13.557708333333354,12.811250000000017,14.40625000000002,10.502500000000017,12.02166666666669
2012-10-07,13.033333333333358,49.833333333333336,1.5833333333333333,10,13.994166666666684,13.557708333333354,12.811250000000017,14.40625000000002,10.502500000000017,12.02166666666669,12.900000000000025
2012-10-08,13.994166666666684,51.291666666666664,0.875,10,13.557708333333354,12.811250000000017,14.40625000000002,10.502500000000017,12.02166666666669,12.900000000000025,14.820000000000022
2012-10-09,13.557708333333354,61.625,0.9166666666666666,10,12.811250000000017,14.40625000000002,10.502500000000017,12.02166666666669,12.900000000000025,14.820000000000022,13.70750000000003
2012-10-10,12.811250000000017,68.08333333333333,1.8333333333333333,10,14.40625000000002,10.502500000000017,12.02166666666669,12.900000000000025,14.820000000000022,13.70750000000003,13.309166666666691
2012-10-11,14.40625000000002,64.04166666666667,0.08333333333333333,10,10.502500000000017,12.02166666666669,12.900000000000025,14.820000000000022,13.70750000000003,13.309166666666691,9.510833333333352
2012-10-12,10.502500000000017,77.79166666666667,0.8333333333333334,10,12.02166666666669,12.900000000000025,14.820000000000022,13.70750000000003,13.309166666666691,9.510833333333352,10.974166666666688
2012-10-13,12.02166666666669,77.54166666666667,2.9166666666666665,10,12.900000000000025,14.820000000000022,13.70750000000003,13.309166666666691,9.510833333333352,10.974166666666688,12.913333333333354
2012-10-14,12.900000000000025,82.79166666666667,3.5833333333333335,10,14.820000000000022,13.70750000000003,13.309166666666691,9.510833333333352,10.974166666666688,12.913333333333354,7.803958333333353
2012-10-15,14.820000000000022,85.125,4.5,10,13.70750000000003,13.309166666666691,9.510833333333352,10.974166666666688,12.913333333333354,7.803958333333353,6.800416666666689
2012-10-16,13.70750000000003,87.0,2.4166666666666665,10,13.309166666666691,9.510833333333352,10.974166666666688,12.913333333333354,7.803958333333353,6.800416666666689,5.107083333333352
2012-10-17,13.309166666666691,75.33333333333333,4.958333333333333,10,9.510833333333352,10.974166666666688,12.913333333333354,7.803958333333353,6.800416666666689,5.107083333333352,6.574583333333353
2012-10-18,9.510833333333352,73.56521739130434,1.0416666666666667,10,10.974166666666688,12.913333333333354,7.803958333333353,6.800416666666689,5.107083333333352,6.574583333333353,7.440208333333359
2012-10-19,10.974166666666688,70.375,1.0,10,12.913333333333354,7.803958333333353,6.800416666666689,5.107083333333352,6.574583333333353,7.440208333333359,7.440000000000022
2012-10-20,12.913333333333354,82.16666666666667,4.833333333333333,10,7.803958333333353,6.800416666666689,5.107083333333352,6.574583333333353,7.440208333333359,7.440000000000022,7.677916666666692
2012-10-21,7.803958333333353,80.20833333333333,3.125,10,6.800416666666689,5.107083333333352,6.574583333333353,7.440208333333359,7.440000000000022,7.677916666666692,9.633333333333354
2012-10-22,6.800416666666689,78.29166666666667,3.125,10,5.107083333333352,6.574583333333353,7.440208333333359,7.440000000000022,7.677916666666692,9.633333333333354,12.203333333333356
2012-10-23,5.107083333333352,81.70833333333333,1.1666666666666667,10,6.574583333333353,7.440208333333359,7.440000000000022,7.677916666666692,9.633333333333354,12.203333333333356,12.830000000000018
2012-10-24,6.574583333333353,82.83333333333333,2.5,10,7.440208333333359,7.440000000000022,7.677916666666692,9.633333333333354,12.203333333333356,12.830000000000018,12.697500000000021
2012-10-25,7.440208333333359,78.70833333333333,0.625,10,7.440000000000022,7.677916666666692,9.633333333333354,12.203333333333356,12.830000000000018,12.697500000000021,13.274166666666687
2012-10-26,7.440000000000022,82.73913043478261,0.4166666666666667,10,7.677916666666692,9.633333333333354,12.203333333333356,12.830000000000018,12.697500000000021,13.274166666666687,11.99250000000002
2012-10-27,7.677916666666692,81.25,0.625,10,9.633333333333354,12.203333333333356,12.830000000000018,12.697500000000021,13.274166666666687,11.99250000000002,12.12166666666669
2012-10-28,9.633333333333354,87.08333333333333,4.041666666666667,10,12.203333333333356,12.830000000000018,12.697500000000021,13.274166666666687,11.99250000000002,12.12166666666669,12.014375000000017
2012-10-29,12.203333333333356,85.70833333333333,4.041666666666667,10,12.830000000000018,12.697500000000021,13.274166666666687,11.99250000000002,12.12166666666669,12.014375000000017,13.120416666666685
2012-10-30,12.830000000000018,85.95833333333333,4.333333333333333,10,12.697500000000021,13.274166666666687,11.99250000000002,12.12166666666669,12.014375000000017,13.120416666666685,13.21958333333336
2012-10-31,12.697500000000021,89.08333333333333,3.0416666666666665,10,13.274166666666687,11.99250000000002,12.12166666666669,12.014375000000017,13.120416666666685,13.21958333333336,9.407916666666688
2012-11-01,13.274166666666687,93.875,2.0,11,11.99250000000002,12.12166666666669,12.014375000000017,13.120416666666685,13.21958333333336,9.407916666666688,9.665416666666689
2012-11-02,11.99250000000002,86.83333333333333,1.9166666666666667,11,12.12166666666669,12.014375000000017,13.120416666666685,13.21958333333336,9.407916666666688,9.665416666666689,5.555416666666697
2012-11-03,12.12166666666669,85.08333333333333,1.5416666666666667,11,12.014375000000017,13.120416666666685,13.21958333333336,9.407916666666688,9.665416666666689,5.555416666666697,4.3875000000000215
2012-11-04,12.014375000000017,88.5,2.25,11,13.120416666666685,13.21958333333336,9.407916666666688,9.665416666666689,5.555416666666697,4.3875000000000215,2.3558333333333557
2012-11-05,13.120416666666685,89.04166666666667,2.7083333333333335,11,13.21958333333336,9.407916666666688,9.665416666666689,5.555416666666697,4.3875000000000215,2.3558333333333557,3.2758333333333574
2012-11-06,13.21958333333336,86.66666666666667,2.0833333333333335,11,9.407916666666688,9.665416666666689,5.555416666666697,4.3875000000000215,2.3558333333333557,3.2758333333333574,6.878333333333354
2012-11-07,9.407916666666688,84.08333333333333,1.3333333333333333,11,9.665416666666689,5.555416666666697,4.3875000000000215,2.3558333333333557,3.2758333333333574,6.878333333333354,9.203750000000019
2012-11-08,9.665416666666689,76.25,2.7916666666666665,11,5.555416666666697,4.3875000000000215,2.3558333333333557,3.2758333333333574,6.878333333333354,9.203750000000019,8.843333333333357
2012-11-09,5.555416666666697,77.58333333333333,2.3333333333333335,11,4.3875000000000215,2.3558333333333557,3.2758333333333574,6.878333333333354,9.203750000000019,8.843333333333357,6.492500000000028
2012-11-10,4.3875000000000215,74.22727272727273,1.375,11,2.3558333333333557,3.2758333333333574,6.878333333333354,9.203750000000019,8.843333333333357,6.492500000000028,6.083750000000028
2012-11-11,2.3558333333333557,71.22727272727273,0.6666666666666666,11,3.2758333333333574,6.878333333333354,9.203750000000019,8.843333333333357,6.492500000000028,6.083750000000028,8.826041666666695
2012-11-12,3.2758333333333574,63.666666666666664,0.9166666666666666,11,6.878333333333354,9.203750000000019,8.843333333333357,6.492500000000028,6.083750000000028,8.826041666666695,6.682500000000023
2012-11-13,6.878333333333354,86.875,2.3333333333333335,11,9.203750000000019,8.843333333333357,6.492500000000028,6.083750000000028,8.826041666666695,6.682500000000023,9.304166666666683
2012-11-14,9.203750000000019,86.70833333333333,3.0,11,8.843333333333357,6.492500000000028,6.083750000000028,8.826041666666695,6.682500000000023,9.304166666666683,8.904583333333356
2012-11-15,8.843333333333357,87.83333333333333,1.0833333333333333,11,6.492500000000028,6.083750000000028,8.826041666666695,6.682500000000023,9.304166666666683,8.904583333333356,6.977916666666694
2012-11-16,6.492500000000028,83.125,1.0416666666666667,11,6.083750000000028,8.826041666666695,6.682500000000023,9.304166666666683,8.904583333333356,6.977916666666694,5.1683333333333605
2012-11-17,6.083750000000028,80.5,1.5,11,8.826041666666695,6.682500000000023,9.304166666666683,8.904583333333356,6.977916666666694,5.1683333333333605,7.212916666666689
2012-11-18,8.826041666666695,84.29166666666667,2.1666666666666665,11,6.682500000000023,9.304166666666683,8.904583333333356,6.977916666666694,5.1683333333333605,7.212916666666689,8.018333333333354
2012-11-19,6.682500000000023,82.29166666666667,3.375,11,9.304166666666683,8.904583333333356,6.977916666666694,5.1683333333333605,7.212916666666689,8.018333333333354,5.050625000000021
2012-11-20,9.304166666666683,81.375,5.875,11,8.904583333333356,6.977916666666694,5.1683333333333605,7.212916666666689,8.018333333333354,5.050625000000021,3.9633333333333596
2012-11-21,8.904583333333356,85.45833333333333,2.4166666666666665,11,6.977916666666694,5.1683333333333605,7.212916666666689,8.018333333333354,5.050625000000021,3.9633333333333596,4.355416666666694
2012-11-22,6.977916666666694,79.20833333333333,3.5833333333333335,11,5.1683333333333605,7.212916666666689,8.018333333333354,5.050625000000021,3.9633333333333596,4.355416666666694,5.471250000000026
2012-11-23,5.1683333333333605,82.29166666666667,1.3333333333333333,11,7.212916666666689,8.018333333333354,5.050625000000021,3.9633333333333596,4.355416666666694,5.471250000000026,8.044166666666678
2012-11-24,7.212916666666689,84.20833333333333,0.6666666666666666,11,8.018333333333354,5.050625000000021,3.9633333333333596,4.355416666666694,5.471250000000026,8.044166666666678,9.644166666666694
2012-11-25,8.018333333333354,88.0,0.7916666666666666,11,5.050625000000021,3.9633333333333596,4.355416666666694,5.471250000000026,8.044166666666678,9.644166666666694,9.138541666666692
2012-11-26,5.050625000000021,87.75,0.7916666666666666,11,3.9633333333333596,4.355416666666694,5.471250000000026,8.044166666666678,9.644166666666694,9.138541666666692,8.057916666666692
2012-11-27,3.9633333333333596,75.47619047619048,1.3333333333333333,11,4.355416666666694,5.471250000000026,8.044166666666678,9.644166666666694,9.138541666666692,8.057916666666692,7.677500000000023
2012-11-28,4.355416666666694,75.0,0.4583333333333333,11,5.471250000000026,8.044166666666678,9.644166666666694,9.138541666666692,8.057916666666692,7.677500000000023,8.915208333333355
2012-11-29,5.471250000000026,81.08695652173913,0.4583333333333333,11,8.044166666666678,9.644166666666694,9.138541666666692,8.057916666666692,7.677500000000023,8.915208333333355,6.788333333333355
2012-11-30,8.044166666666678,82.91666666666667,2.0,11,9.644166666666694,9.138541666666692,8.057916666666692,7.677500000000023,8.915208333333355,6.788333333333355,6.043333333333348
2012-12-01,9.644166666666694,77.20833333333333,2.75,12,9.138541666666692,8.057916666666692,7.677500000000023,8.915208333333355,6.788333333333355,6.043333333333348,6.037916666666689
2012-12-02,9.138541666666692,79.875,4.5,12,8.057916666666692,7.677500000000023,8.915208333333355,6.788333333333355,6.043333333333348,6.037916666666689,4.794583333333361
2012-12-03,8.057916666666692,77.16666666666667,3.375,12,7.677500000000023,8.915208333333355,6.788333333333355,6.043333333333348,6.037916666666689,4.794583333333361,3.792083333333352
2012-12-04,7.677500000000023,85.04166666666667,4.958333333333333,12,8.915208333333355,6.788333333333355,6.043333333333348,6.037916666666689,4.794583333333361,3.792083333333352,5.717500000000018
2012-12-05,8.915208333333355,82.95833333333333,3.3333333333333335,12,6.788333333333355,6.043333333333348,6.037916666666689,4.794583333333361,3.792083333333352,5.717500000000018,6.0400000000000205
2012-12-06,6.788333333333355,71.79166666666667,4.375,12,6.043333333333348,6.037916666666689,4.794583333333361,3.792083333333352,5.717500000000018,6.0400000000000205,5.6245833333333595
2012-12-07,6.043333333333348,75.41666666666667,3.5416666666666665,12,6.037916666666689,4.794583333333361,3.792083333333352,5.717500000000018,6.0400000000000205,5.6245833333333595,4.988750000000017
2012-12-08,6.037916666666689,80.0,2.8333333333333335,12,4.794583333333361,3.792083333333352,5.717500000000018,6.0400000000000205,5.6245833333333595,4.988750000000017,4.5566666666666835
2012-12-09,4.794583333333361,84.56521739130434,2.375,12,3.792083333333352,5.717500000000018,6.0400000000000205,5.6245833333333595,4.988750000000017,4.5566666666666835,2.297708333333356
2012-12-10,3.792083333333352,82.91666666666667,1.375,12,5.717500000000018,6.0400000000000205,5.6245833333333595,4.988750000000017,4.5566666666666835,2.297708333333356,3.3254166666666882
2012-12-11,5.717500000000018,89.25,0.375,12,6.0400000000000205,5.6245833333333595,4.988750000000017,4.5566666666666835,2.297708333333356,3.3254166666666882,5.439166666666694
2012-12-12,6.0400000000000205,82.75,4.75,12,5.6245833333333595,4.988750000000017,4.5566666666666835,2.297708333333356,3.3254166666666882,5.439166666666694,2.2512500000000273
2012-12-13,5.6245833333333595,83.18181818181819,2.2916666666666665,12,4.988750000000017,4.5566666666666835,2.297708333333356,3.3254166666666882,5.439166666666694,2.2512500000000273,2.718125000000024
2012-12-14,4.988750000000017,80.69565217391305,1.9583333333333333,12,4.5566666666666835,2.297708333333356,3.3254166666666882,5.439166666666694,2.2512500000000273,2.718125000000024,4.875833333333357
2012-12-15,4.5566666666666835,81.70833333333333,1.8333333333333333,12,2.297708333333356,3.3254166666666882,5.439166666666694,2.2512500000000273,2.718125000000024,4.875833333333357,2.6891666666666914
2012-12-16,2.297708333333356,82.0,2.4166666666666665,12,3.3254166666666882,5.439166666666694,2.2512500000000273,2.718125000000024,4.875833333333357,2.6891666666666914,4.677916666666694
2012-12-17,3.3254166666666882,82.58333333333333,3.9166666666666665,12,5.439166666666694,2.2512500000000273,2.718125000000024,4.875833333333357,2.6891666666666914,4.677916666666694,5.46750000000002
2012-12-18,5.439166666666694,77.36363636363636,5.958333333333333,12,2.2512500000000273,2.718125000000024,4.875833333333357,2.6891666666666914,4.677916666666694,5.46750000000002,4.268333333333357
2012-12-19,2.2512500000000273,77.64285714285714,4.208333333333333,12,2.718125000000024,4.875833333333357,2.6891666666666914,4.677916666666694,5.46750000000002,4.268333333333357,3.435000000000026
2012-12-20,2.718125000000024,73.55,4.625,12,4.875833333333357,2.6891666666666914,4.677916666666694,5.46750000000002,4.268333333333357,3.435000000000026,4.333333333333354
2012-12-21,4.875833333333357,87.66666666666667,3.25,12,2.6891666666666914,4.677916666666694,5.46750000000002,4.268333333333357,3.435000000000026,4.333333333333354,5.342083333333356
2012-12-22,2.6891666666666914,82.76470588235294,0.9583333333333334,12,4.677916666666694,5.46750000000002,4.268333333333357,3.435000000000026,4.333333333333354,5.342083333333356,4.686666666666689
2012-12-23,4.677916666666694,82.41666666666667,0.5416666666666666,12,5.46750000000002,4.268333333333357,3.435000000000026,4.333333333333354,5.342083333333356,4.686666666666689,4.006770833333356
2012-12-24,5.46750000000002,72.16666666666667,2.3333333333333335,12,4.268333333333357,3.435000000000026,4.333333333333354,5.342083333333356,4.686666666666689,4.006770833333356,2.493958333333358
2012-12-25,4.268333333333357,83.79166666666667,1.7916666666666667,12,3.435000000000026,4.333333333333354,5.342083333333356,4.686666666666689,4.006770833333356,2.493958333333358,1.1062500000000242
2012-12-26,3.435000000000026,83.79166666666667,1.7916666666666667,12,4.333333333333354,5.342083333333356,4.686666666666689,4.006770833333356,2.493958333333358,1.1062500000000242,1.0316666666666876
2012-12-27,4.333333333333354,75.26086956521739,2.3333333333333335,12,5.342083333333356,4.686666666666689,4.006770833333356,2.493958333333358,1.1062500000000242,1.0316666666666876,0.9917708333333574
2012-12-28,5.342083333333356,79.58333333333333,2.375,12,4.686666666666689,4.006770833333356,2.493958333333358,1.1062500000000242,1.0316666666666876,0.9917708333333574,1.7575000000000216
2012-12-29,4.686666666666689,77.54166666666667,0.9583333333333334,12,4.006770833333356,2.493958333333358,1.1062500000000242,1.0316666666666876,0.9917708333333574,1.7575000000000216,4.709739583333359
2012-12-30,4.006770833333356,72.36842105263158,1.0833333333333333,12,2.493958333333358,1.1062500000000242,1.0316666666666876,0.9917708333333574,1.7575000000000216,4.709739583333359,5.6995833333333605
2012-12-31,2.493958333333358,85.82608695652173,0.5833333333333334,12,1.1062500000000242,1.0316666666666876,0.9917708333333574,1.7575000000000216,4.709739583333359,5.6995833333333605,5.135416666666693
2013-01-01,1.1062500000000242,82.44444444444444,0.3333333333333333,1,1.0316666666666876,0.9917708333333574,1.7575000000000216,4.709739583333359,5.6995833333333605,5.135416666666693,6.632437500000023
2013-01-02,1.0316666666666876,76.46666666666667,0.625,1,0.9917708333333574,1.7575000000000216,4.709739583333359,5.6995833333333605,5.135416666666693,6.632437500000023,7.051666666666691
2013-01-03,0.9917708333333574,70.54166666666667,1.1666666666666667,1,1.7575000000000216,4.709739583333359,5.6995833333333605,5.135416666666693,6.632437500000023,7.051666666666691,4.684564583333358
2013-01-04,1.7575000000000216,51.72727272727273,1.625,1,4.709739583333359,5.6995833333333605,5.135416666666693,6.632437500000023,7.051666666666691,4.684564583333358,2.6685416666666932
2013-01-05,4.709739583333359,78.08333333333333,2.4166666666666665,1,5.6995833333333605,5.135416666666693,6.632437500000023,7.051666666666691,4.684564583333358,2.6685416666666932,0.6522708333333588
2013-01-06,5.6995833333333605,73.875,1.2083333333333333,1,5.135416666666693,6.632437500000023,7.051666666666691,4.684564583333358,2.6685416666666932,0.6522708333333588,-1.4011874999999752
2013-01-07,5.135416666666693,78.95454545454545,2.4166666666666665,1,6.632437500000023,7.051666666666691,4.684564583333358,2.6685416666666932,0.6522708333333588,-1.4011874999999752,-1.7081874999999773
2013-01-08,6.632437500000023,80.83333333333333,4.083333333333333,1,7.051666666666691,4.684564583333358,2.6685416666666932,0.6522708333333588,-1.4011874999999752,-1.7081874999999773,-0.48937499999997414
2013-01-09,7.051666666666691,78.58333333333333,3.4583333333333335,1,4.684564583333358,2.6685416666666932,0.6522708333333588,-1.4011874999999752,-1.7081874999999773,-0.48937499999997414,1.6952083333333523
2013-01-10,4.684564583333358,88.45833333333333,3.25,1,2.6685416666666932,0.6522708333333588,-1.4011874999999752,-1.7081874999999773,-0.48937499999997414,1.6952083333333523,0.8733333333333562
2013-01-11,2.6685416666666932,76.3125,1.8333333333333333,1,0.6522708333333588,-1.4011874999999752,-1.7081874999999773,-0.48937499999997414,1.6952083333333523,0.8733333333333562,0.4633333333333572
2013-01-12,0.6522708333333588,81.5625,1.0833333333333333,1,-1.4011874999999752,-1.7081874999999773,-0.48937499999997414,1.6952083333333523,0.8733333333333562,0.4633333333333572,0.4029166666666863
2013-01-13,-1.4011874999999752,75.04347826086956,0.3333333333333333,1,-1.7081874999999773,-0.48937499999997414,1.6952083333333523,0.8733333333333562,0.4633333333333572,0.4029166666666863,2.2645833333333463
2013-01-14,-1.7081874999999773,72.69565217391305,0.5416666666666666,1,-0.48937499999997414,1.6952083333333523,0.8733333333333562,0.4633333333333572,0.4029166666666863,2.2645833333333463,1.2718750000000203
2013-01-15,-0.48937499999997414,72.0,1.7083333333333333,1,1.6952083333333523,0.8733333333333562,0.4633333333333572,0.4029166666666863,2.2645833333333463,1.2718750000000203,0.12520833333335682
2013-01-16,1.6952083333333523,71.19047619047619,0.5416666666666666,1,0.8733333333333562,0.4633333333333572,0.4029166666666863,2.2645833333333463,1.2718750000000203,0.12520833333335682,-0.06979166666663872
2013-01-17,0.8733333333333562,73.6,0.041666666666666664,1,0.4633333333333572,0.4029166666666863,2.2645833333333463,1.2718750000000203,0.12520833333335682,-0.06979166666663872,3.894166666666692
2013-01-18,0.4633333333333572,78.6875,0.25,1,0.4029166666666863,2.2645833333333463,1.2718750000000203,0.12520833333335682,-0.06979166666663872,3.894166666666692,4.762500000000024
2013-01-19,0.4029166666666863,90.11111111111111,0.7916666666666666,1,2.2645833333333463,1.2718750000000203,0.12520833333335682,-0.06979166666663872,3.894166666666692,4.762500000000024,5.702208333333348
2013-01-20,2.2645833333333463,71.94736842105263,0.5416666666666666,1,1.2718750000000203,0.12520833333335682,-0.06979166666663872,3.894166666666692,4.762500000000024,5.702208333333348,4.459763888875024
2013-01-21,1.2718750000000203,82.5,0.5416666666666666,1,0.12520833333335682,-0.06979166666663872,3.894166666666692,4.762500000000024,5.702208333333348,4.459763888875024,4.608784722208353
2013-01-22,0.12520833333335682,77.93333333333334,0.375,1,-0.06979166666663872,3.894166666666692,4.762500000000024,5.702208333333348,4.459763888875024,4.608784722208353,4.7143819444583555
2013-01-23,-0.06979166666663872,78.45,0.4166666666666667,1,3.894166666666692,4.762500000000024,5.702208333333348,4.459763888875024,4.608784722208353,4.7143819444583555,6.269843750000033
2013-01-24,3.894166666666692,69.72222222222223,0.9583333333333334,1,4.762500000000024,5.702208333333348,4.459763888875024,4.608784722208353,4.7143819444583555,6.269843750000033,7.576250000000023
2013-01-25,4.762500000000024,79.29166666666667,1.5416666666666667,1,5.702208333333348,4.459763888875024,4.608784722208353,4.7143819444583555,6.269843750000033,7.576250000000023,8.141250000000026
2013-01-26,5.702208333333348,86.79166666666667,1.875,1,4.459763888875024,4.608784722208353,4.7143819444583555,6.269843750000033,7.576250000000023,8.141250000000026,6.883958333333358
2013-01-27,4.459763888875024,84.5,2.7083333333333335,1,4.608784722208353,4.7143819444583555,6.269843750000033,7.576250000000023,8.141250000000026,6.883958333333358,5.31875000000002
2013-01-28,4.608784722208353,75.875,2.5416666666666665,1,4.7143819444583555,6.269843750000033,7.576250000000023,8.141250000000026,6.883958333333358,5.31875000000002,4.910000000000022
2013-01-29,4.7143819444583555,93.66666666666667,1.625,1,6.269843750000033,7.576250000000023,8.141250000000026,6.883958333333358,5.31875000000002,4.910000000000022,7.1322916666666885
2013-01-30,6.269843750000033,90.66666666666667,2.8333333333333335,1,7.576250000000023,8.141250000000026,6.883958333333358,5.31875000000002,4.910000000000022,7.1322916666666885,7.766875000000023
2013-01-31,7.576250000000023,87.41666666666667,3.2083333333333335,1,8.141250000000026,6.883958333333358,5.31875000000002,4.910000000000022,7.1322916666666885,7.766875000000023,7.063958333333351
2013-02-01,8.141250000000026,88.33333333333333,2.4583333333333335,2,6.883958333333358,5.31875000000002,4.910000000000022,7.1322916666666885,7.766875000000023,7.063958333333351,6.712291666666689
2013-02-02,6.883958333333358,87.79166666666667,1.3333333333333333,2,5.31875000000002,4.910000000000022,7.1322916666666885,7.766875000000023,7.063958333333351,6.712291666666689,4.38937500000002
2013-02-03,5.31875000000002,82.54166666666667,1.0,2,4.910000000000022,7.1322916666666885,7.766875000000023,7.063958333333351,6.712291666666689,4.38937500000002,5.192500000000024
2013-02-04,4.910000000000022,85.0,2.375,2,7.1322916666666885,7.766875000000023,7.063958333333351,6.712291666666689,4.38937500000002,5.192500000000024,4.806875000000019
2013-02-05,7.1322916666666885,81.25,2.2083333333333335,2,7.766875000000023,7.063958333333351,6.712291666666689,4.38937500000002,5.192500000000024,4.806875000000019,5.547631944458357
2013-02-06,7.766875000000023,80.58333333333333,2.9583333333333335,2,7.063958333333351,6.712291666666689,4.38937500000002,5.192500000000024,4.806875000000019,5.547631944458357,7.076458333333352
2013-02-07,7.063958333333351,74.91666666666667,4.25,2,6.712291666666689,4.38937500000002,5.192500000000024,4.806875000000019,5.547631944458357,7.076458333333352,7.803333333333351
2013-02-08,6.712291666666689,69.41666666666667,2.4583333333333335,2,4.38937500000002,5.192500000000024,4.806875000000019,5.547631944458357,7.076458333333352,7.803333333333351,7.0508333333333555
2013-02-09,4.38937500000002,74.63636363636364,0.4583333333333333,2,5.192500000000024,4.806875000000019,5.547631944458357,7.076458333333352,7.803333333333351,7.0508333333333555,7.295833333333358
2013-02-10,5.192500000000024,69.75,0.3333333333333333,2,4.806875000000019,5.547631944458357,7.076458333333352,7.803333333333351,7.0508333333333555,7.295833333333358,7.10562500000002
2013-02-11,4.806875000000019,80.20833333333333,0.2916666666666667,2,5.547631944458357,7.076458333333352,7.803333333333351,7.0508333333333555,7.295833333333358,7.10562500000002,5.248333333333356
2013-02-12,5.547631944458357,73.83333333333333,1.0833333333333333,2,7.076458333333352,7.803333333333351,7.0508333333333555,7.295833333333358,7.10562500000002,5.248333333333356,4.893333333333357
2013-02-13,7.076458333333352,81.375,2.125,2,7.803333333333351,7.0508333333333555,7.295833333333358,7.10562500000002,5.248333333333356,4.893333333333357,5.297916666666687
2013-02-14,7.803333333333351,75.79166666666667,3.6666666666666665,2,7.0508333333333555,7.295833333333358,7.10562500000002,5.248333333333356,4.893333333333357,5.297916666666687,3.9309791666666904
2013-02-15,7.0508333333333555,77.16666666666667,1.875,2,7.295833333333358,7.10562500000002,5.248333333333356,4.893333333333357,5.297916666666687,3.9309791666666904,4.431666666666689
2013-02-16,7.295833333333358,81.08333333333333,0.5833333333333334,2,7.10562500000002,5.248333333333356,4.893333333333357,5.297916666666687,3.9309791666666904,4.431666666666689,5.600416666666689
2013-02-17,7.10562500000002,74.66666666666667,2.75,2,5.248333333333356,4.893333333333357,5.297916666666687,3.9309791666666904,4.431666666666689,5.600416666666689,4.975416666666692
2013-02-18,5.248333333333356,70.08333333333333,2.8333333333333335,2,4.893333333333357,5.297916666666687,3.9309791666666904,4.431666666666689,5.600416666666689,4.975416666666692,5.784875000000016
2013-02-19,4.893333333333357,73.5,1.0833333333333333,2,5.297916666666687,3.9309791666666904,4.431666666666689,5.600416666666689,4.975416666666692,5.784875000000016,6.534500000000023
2013-02-20,5.297916666666687,67.9090909090909,1.5,2,3.9309791666666904,4.431666666666689,5.600416666666689,4.975416666666692,5.784875000000016,6.534500000000023,5.185125000000018
2013-02-21,3.9309791666666904,66.95,2.0,2,4.431666666666689,5.600416666666689,4.975416666666692,5.784875000000016,6.534500000000023,5.185125000000018,6.193620833333355
2013-02-22,4.431666666666689,77.83333333333333,2.6666666666666665,2,5.600416666666689,4.975416666666692,5.784875000000016,6.534500000000023,5.185125000000018,6.193620833333355,6.72416666666669
2013-02-23,5.600416666666689,75.45833333333333,5.0,2,4.975416666666692,5.784875000000016,6.534500000000023,5.185125000000018,6.193620833333355,6.72416666666669,10.868333333333359
2013-02-24,4.975416666666692,69.65,3.5833333333333335,2,5.784875000000016,6.534500000000023,5.185125000000018,6.193620833333355,6.72416666666669,10.868333333333359,11.079583333333355
2013-02-25,5.784875000000016,65.73913043478261,3.6666666666666665,2,6.534500000000023,5.185125000000018,6.193620833333355,6.72416666666669,10.868333333333359,11.079583333333355,5.250833333333357
2013-02-26,6.534500000000023,63.56521739130435,5.0,2,5.185125000000018,6.193620833333355,6.72416666666669,10.868333333333359,11.079583333333355,5.250833333333357,4.252708333333357
2013-02-27,5.185125000000018,65.88888888888889,3.6666666666666665,2,6.193620833333355,6.72416666666669,10.868333333333359,11.079583333333355,5.250833333333357,4.252708333333357,6.541712500000024
2013-02-28,6.193620833333355,69.83333333333333,2.1666666666666665,2,6.72416666666669,10.868333333333359,11.079583333333355,5.250833333333357,4.252708333333357,6.541712500000024,5.762229166666688
2013-03-01,6.72416666666669,87.08333333333333,1.3333333333333333,3,10.868333333333359,11.079583333333355,5.250833333333357,4.252708333333357,6.541712500000024,5.762229166666688,5.643479166666684
2013-03-02,10.868333333333359,78.79166666666667,3.9583333333333335,3,11.079583333333355,5.250833333333357,4.252708333333357,6.541712500000024,5.762229166666688,5.643479166666684,5.1349375000000235
2013-03-03,11.079583333333355,72.54166666666667,3.6666666666666665,3,5.250833333333357,4.252708333333357,6.541712500000024,5.762229166666688,5.643479166666684,5.1349375000000235,4.932756944416684
2013-03-04,5.250833333333357,68.36363636363636,2.1666666666666665,3,4.252708333333357,6.541712500000024,5.762229166666688,5.643479166666684,5.1349375000000235,4.932756944416684,5.618166666666696
2013-03-05,4.252708333333357,59.15,0.9166666666666666,3,6.541712500000024,5.762229166666688,5.643479166666684,5.1349375000000235,4.932756944416684,5.618166666666696,6.991743055541694
2013-03-06,6.541712500000024,54.958333333333336,1.0833333333333333,3,5.762229166666688,5.643479166666684,5.1349375000000235,4.932756944416684,5.618166666666696,6.991743055541694,9.750229166666692
2013-03-07,5.762229166666688,77.5,1.25,3,5.643479166666684,5.1349375000000235,4.932756944416684,5.618166666666696,6.991743055541694,9.750229166666692,10.115652777791695
2013-03-08,5.643479166666684,82.83333333333333,2.0833333333333335,3,5.1349375000000235,4.932756944416684,5.618166666666696,6.991743055541694,9.750229166666692,10.115652777791695,10.016277777791693
2013-03-09,5.1349375000000235,76.66666666666667,0.8333333333333334,3,4.932756944416684,5.618166666666696,6.991743055541694,9.750229166666692,10.115652777791695,10.016277777791693,9.967062500000024
2013-03-10,4.932756944416684,71.15,1.25,3,5.618166666666696,6.991743055541694,9.750229166666692,10.115652777791695,10.016277777791693,9.967062500000024,8.831312500000022
2013-03-11,5.618166666666696,69.30434782608695,1.0416666666666667,3,6.991743055541694,9.750229166666692,10.115652777791695,10.016277777791693,9.967062500000024,8.831312500000022,5.112111111083358
2013-03-12,6.991743055541694,81.91666666666667,0.5833333333333334,3,9.750229166666692,10.115652777791695,10.016277777791693,9.967062500000024,8.831312500000022,5.112111111083358,5.371250000000029
2013-03-13,9.750229166666692,80.66666666666667,3.2916666666666665,3,10.115652777791695,10.016277777791693,9.967062500000024,8.831312500000022,5.112111111083358,5.371250000000029,5.547500000000018
2013-03-14,10.115652777791695,84.04166666666667,3.7916666666666665,3,10.016277777791693,9.967062500000024,8.831312500000022,5.112111111083358,5.371250000000029,5.547500000000018,7.58750000000002
2013-03-15,10.016277777791693,81.83333333333333,2.2916666666666665,3,9.967062500000024,8.831312500000022,5.112111111083358,5.371250000000029,5.547500000000018,7.58750000000002,4.690833333333354
2013-03-16,9.967062500000024,83.33333333333333,3.5833333333333335,3,8.831312500000022,5.112111111083358,5.371250000000029,5.547500000000018,7.58750000000002,4.690833333333354,2.846250000000026
2013-03-17,8.831312500000022,78.20833333333333,3.5416666666666665,3,5.112111111083358,5.371250000000029,5.547500000000018,7.58750000000002,4.690833333333354,2.846250000000026,3.2604166666666905
2013-03-18,5.112111111083358,73.3913043478261,4.333333333333333,3,5.371250000000029,5.547500000000018,7.58750000000002,4.690833333333354,2.846250000000026,3.2604166666666905,4.362916666666687
2013-03-19,5.371250000000029,69.83333333333333,3.5833333333333335,3,5.547500000000018,7.58750000000002,4.690833333333354,2.846250000000026,3.2604166666666905,4.362916666666687,7.785416666666689
2013-03-20,5.547500000000018,57.31818181818182,1.2083333333333333,3,7.58750000000002,4.690833333333354,2.846250000000026,3.2604166666666905,4.362916666666687,7.785416666666689,10.14602083333336
2013-03-21,7.58750000000002,77.5,2.9583333333333335,3,4.690833333333354,2.846250000000026,3.2604166666666905,4.362916666666687,7.785416666666689,10.14602083333336,9.84625000000002
2013-03-22,4.690833333333354,70.80952380952381,2.375,3,2.846250000000026,3.2604166666666905,4.362916666666687,7.785416666666689,10.14602083333336,9.84625000000002,9.524166666666687
2013-03-23,2.846250000000026,82.54166666666667,1.125,3,3.2604166666666905,4.362916666666687,7.785416666666689,10.14602083333336,9.84625000000002,9.524166666666687,10.689583333333355
2013-03-24,3.2604166666666905,60.608695652173914,0.625,3,4.362916666666687,7.785416666666689,10.14602083333336,9.84625000000002,9.524166666666687,10.689583333333355,10.809583333333356
2013-03-25,4.362916666666687,60.083333333333336,0.2916666666666667,3,7.785416666666689,10.14602083333336,9.84625000000002,9.524166666666687,10.689583333333355,10.809583333333356,12.126097222208358
2013-03-26,7.785416666666689,47.95652173913044,0.7916666666666666,3,10.14602083333336,9.84625000000002,9.524166666666687,10.689583333333355,10.809583333333356,12.126097222208358,11.81545833333336
2013-03-27,10.14602083333336,49.78260869565217,0.875,3,9.84625000000002,9.524166666666687,10.689583333333355,10.809583333333356,12.126097222208358,11.81545833333336,11.107500000000028
2013-03-28,9.84625000000002,62.958333333333336,1.25,3,9.524166666666687,10.689583333333355,10.809583333333356,12.126097222208358,11.81545833333336,11.107500000000028,10.781666666666688
2013-03-29,9.524166666666687,76.08695652173913,0.7083333333333334,3,10.689583333333355,10.809583333333356,12.126097222208358,11.81545833333336,11.107500000000028,10.781666666666688,11.213125000000026
2013-03-30,10.689583333333355,67.18181818181819,0.20833333333333334,3,10.809583333333356,12.126097222208358,11.81545833333336,11.107500000000028,10.781666666666688,11.213125000000026,11.390541666666685
2013-03-31,10.809583333333356,64.16666666666667,1.5,3,12.126097222208358,11.81545833333336,11.107500000000028,10.781666666666688,11.213125000000026,11.390541666666685,9.117500000000021
2013-04-01,12.126097222208358,55.375,1.0833333333333333,4,11.81545833333336,11.107500000000028,10.781666666666688,11.213125000000026,11.390541666666685,9.117500000000021,6.33666666666669
2013-04-02,11.81545833333336,69.45833333333333,2.2083333333333335,4,11.107500000000028,10.781666666666688,11.213125000000026,11.390541666666685,9.117500000000021,6.33666666666669,6.984583333333357
2013-04-03,11.107500000000028,70.5,2.875,4,10.781666666666688,11.213125000000026,11.390541666666685,9.117500000000021,6.33666666666669,6.984583333333357,8.46916666666669
2013-04-04,10.781666666666688,70.79166666666667,0.75,4,11.213125000000026,11.390541666666685,9.117500000000021,6.33666666666669,6.984583333333357,8.46916666666669,10.84416666666669
2013-04-05,11.213125000000026,70.95833333333333,0.9166666666666666,4,11.390541666666685,9.117500000000021,6.33666666666669,6.984583333333357,8.46916666666669,10.84416666666669,8.501250000000022
2013-04-06,11.390541666666685,78.95833333333333,4.166666666666667,4,9.117500000000021,6.33666666666669,6.984583333333357,8.46916666666669,10.84416666666669,8.501250000000022,6.629166666666691
2013-04-07,9.117500000000021,78.375,4.208333333333333,4,6.33666666666669,6.984583333333357,8.46916666666669,10.84416666666669,8.501250000000022,6.629166666666691,5.129583333333355
2013-04-08,6.33666666666669,81.125,2.2083333333333335,4,6.984583333333357,8.46916666666669,10.84416666666669,8.501250000000022,6.629166666666691,5.129583333333355,6.129166666666694
2013-04-09,6.984583333333357,78.25,2.2916666666666665,4,8.46916666666669,10.84416666666669,8.501250000000022,6.629166666666691,5.129583333333355,6.129166666666694,6.760833333333352
2013-04-10,8.46916666666669,71.0,2.0,4,10.84416666666669,8.501250000000022,6.629166666666691,5.129583333333355,6.129166666666694,6.760833333333352,7.148333333333352
2013-04-11,10.84416666666669,65.54166666666667,3.5416666666666665,4,8.501250000000022,6.629166666666691,5.129583333333355,6.129166666666694,6.760833333333352,7.148333333333352,8.535416666666686
2013-04-12,8.501250000000022,67.16666666666667,2.7916666666666665,4,6.629166666666691,5.129583333333355,6.129166666666694,6.760833333333352,7.148333333333352,8.535416666666686,8.482708333333354
2013-04-13,6.629166666666691,66.125,2.125,4,5.129583333333355,6.129166666666694,6.760833333333352,7.148333333333352,8.535416666666686,8.482708333333354,9.689583333333358
2013-04-14,5.129583333333355,73.38095238095238,4.208333333333333,4,6.129166666666694,6.760833333333352,7.148333333333352,8.535416666666686,8.482708333333354,9.689583333333358,9.427562500000022
2013-04-15,6.129166666666694,77.36363636363636,1.8333333333333333,4,6.760833333333352,7.148333333333352,8.535416666666686,8.482708333333354,9.689583333333358,9.427562500000022,8.292083333333354
2013-04-16,6.760833333333352,66.33333333333333,1.5416666666666667,4,7.148333333333352,8.535416666666686,8.482708333333354,9.689583333333358,9.427562500000022,8.292083333333354,7.881666666666689
2013-04-17,7.148333333333352,71.08333333333333,1.4166666666666667,4,8.535416666666686,8.482708333333354,9.689583333333358,9.427562500000022,8.292083333333354,7.881666666666689,9.04583333333335
2013-04-18,8.535416666666686,60.26086956521739,2.125,4,8.482708333333354,9.689583333333358,9.427562500000022,8.292083333333354,7.881666666666689,9.04583333333335,11.143333333333358
2013-04-19,8.482708333333354,66.41666666666667,2.5,4,9.689583333333358,9.427562500000022,8.292083333333354,7.881666666666689,9.04583333333335,11.143333333333358,13.151458333333352
2013-04-20,9.689583333333358,82.875,3.4583333333333335,4,9.427562500000022,8.292083333333354,7.881666666666689,9.04583333333335,11.143333333333358,13.151458333333352,13.25333333333336
2013-04-21,9.427562500000022,77.875,2.5416666666666665,4,8.292083333333354,7.881666666666689,9.04583333333335,11.143333333333358,13.151458333333352,13.25333333333336,12.97250000000002
2013-04-22,8.292083333333354,72.29166666666667,2.5,4,7.881666666666689,9.04583333333335,11.143333333333358,13.151458333333352,13.25333333333336,12.97250000000002,10.721250000000028
2013-04-23,7.881666666666689,61.958333333333336,1.8333333333333333,4,9.04583333333335,11.143333333333358,13.151458333333352,13.25333333333336,12.97250000000002,10.721250000000028,9.595000000000026
2013-04-24,9.04583333333335,42.0,1.3333333333333333,4,11.143333333333358,13.151458333333352,13.25333333333336,12.97250000000002,10.721250000000028,9.595000000000026,7.5962500000000235
2013-04-25,11.143333333333358,52.375,1.1666666666666667,4,13.151458333333352,13.25333333333336,12.97250000000002,10.721250000000028,9.595000000000026,7.5962500000000235,8.990000000000023
2013-04-26,13.151458333333352,43.19047619047619,0.5416666666666666,4,13.25333333333336,12.97250000000002,10.721250000000028,9.595000000000026,7.5962500000000235,8.990000000000023,12.755416666666697
2013-04-27,13.25333333333336,59.708333333333336,0.9166666666666666,4,12.97250000000002,10.721250000000028,9.595000000000026,7.5962500000000235,8.990000000000023,12.755416666666697,13.470416666666685
2013-04-28,12.97250000000002,54.875,3.0,4,10.721250000000028,9.595000000000026,7.5962500000000235,8.990000000000023,12.755416666666697,13.470416666666685,16.188750000000024
2013-04-29,10.721250000000028,71.45833333333333,2.625,4,9.595000000000026,7.5962500000000235,8.990000000000023,12.755416666666697,13.470416666666685,16.188750000000024,18.870833333333362
2013-04-30,9.595000000000026,69.26086956521739,3.5416666666666665,4,7.5962500000000235,8.990000000000023,12.755416666666697,13.470416666666685,16.188750000000024,18.870833333333362,20.334166666666686
2013-05-01,7.5962500000000235,62.09090909090909,2.25,5,8.990000000000023,12.755416666666697,13.470416666666685,16.188750000000024,18.870833333333362,20.334166666666686,16.813333333333357
2013-05-02,8.990000000000023,51.608695652173914,1.4583333333333333,5,12.755416666666697,13.470416666666685,16.188750000000024,18.870833333333362,20.334166666666686,16.813333333333357,13.961250000000028
2013-05-03,12.755416666666697,45.22727272727273,1.7083333333333333,5,13.470416666666685,16.188750000000024,18.870833333333362,20.334166666666686,16.813333333333357,13.961250000000028,13.495416666666697
2013-05-04,13.470416666666685,51.875,2.4166666666666665,5,16.188750000000024,18.870833333333362,20.334166666666686,16.813333333333357,13.961250000000028,13.495416666666697,15.852916666666687
2013-05-05,16.188750000000024,48.791666666666664,2.0416666666666665,5,18.870833333333362,20.334166666666686,16.813333333333357,13.961250000000028,13.495416666666697,15.852916666666687,18.00666666666669
2013-05-06,18.870833333333362,37.875,1.7083333333333333,5,20.334166666666686,16.813333333333357,13.961250000000028,13.495416666666697,15.852916666666687,18.00666666666669,18.22041666666669
2013-05-07,20.334166666666686,43.041666666666664,1.0833333333333333,5,16.813333333333357,13.961250000000028,13.495416666666697,15.852916666666687,18.00666666666669,18.22041666666669,14.993333333333359
2013-05-08,16.813333333333357,58.375,2.1666666666666665,5,13.961250000000028,13.495416666666697,15.852916666666687,18.00666666666669,18.22041666666669,14.993333333333359,11.344166666666686
2013-05-09,13.961250000000028,69.375,2.125,5,13.495416666666697,15.852916666666687,18.00666666666669,18.22041666666669,14.993333333333359,11.344166666666686,12.521250000000023
2013-05-10,13.495416666666697,71.75,0.7083333333333334,5,15.852916666666687,18.00666666666669,18.22041666666669,14.993333333333359,11.344166666666686,12.521250000000023,13.515979166666689
2013-05-11,15.852916666666687,61.083333333333336,1.125,5,18.00666666666669,18.22041666666669,14.993333333333359,11.344166666666686,12.521250000000023,13.515979166666689,14.25291666666669
2013-05-12,18.00666666666669,50.083333333333336,1.5,5,18.22041666666669,14.993333333333359,11.344166666666686,12.521250000000023,13.515979166666689,14.25291666666669,12.958333333333355
2013-05-13,18.22041666666669,61.291666666666664,2.4583333333333335,5,14.993333333333359,11.344166666666686,12.521250000000023,13.515979166666689,14.25291666666669,12.958333333333355,13.196458333333355
2013-05-14,14.993333333333359,75.91666666666667,2.7916666666666665,5,11.344166666666686,12.521250000000023,13.515979166666689,14.25291666666669,12.958333333333355,13.196458333333355,12.993333333333355
2013-05-15,11.344166666666686,63.208333333333336,3.125,5,12.521250000000023,13.515979166666689,14.25291666666669,12.958333333333355,13.196458333333355,12.993333333333355,11.357083333333351
2013-05-16,12.521250000000023,58.375,1.2083333333333333,5,13.515979166666689,14.25291666666669,12.958333333333355,13.196458333333355,12.993333333333355,11.357083333333351,8.826666666666684
2013-05-17,13.515979166666689,76.125,1.7916666666666667,5,14.25291666666669,12.958333333333355,13.196458333333355,12.993333333333355,11.357083333333351,8.826666666666684,9.190000000000024
2013-05-18,14.25291666666669,71.83333333333333,3.25,5,12.958333333333355,13.196458333333355,12.993333333333355,11.357083333333351,8.826666666666684,9.190000000000024,10.386250000000025
2013-05-19,12.958333333333355,74.16666666666667,3.5833333333333335,5,13.196458333333355,12.993333333333355,11.357083333333351,8.826666666666684,9.190000000000024,10.386250000000025,12.52791666666669
2013-05-20,13.196458333333355,77.25,1.0833333333333333,5,12.993333333333355,11.357083333333351,8.826666666666684,9.190000000000024,10.386250000000025,12.52791666666669,12.605416666666693
2013-05-21,12.993333333333355,77.41666666666667,0.75,5,11.357083333333351,8.826666666666684,9.190000000000024,10.386250000000025,12.52791666666669,12.605416666666693,12.894375000000023
2013-05-22,11.357083333333351,76.33333333333333,2.2083333333333335,5,8.826666666666684,9.190000000000024,10.386250000000025,12.52791666666669,12.605416666666693,12.894375000000023,12.809791666666685
2013-05-23,8.826666666666684,83.41666666666667,2.2916666666666665,5,9.190000000000024,10.386250000000025,12.52791666666669,12.605416666666693,12.894375000000023,12.809791666666685,12.220000000000027
2013-05-24,9.190000000000024,82.20833333333333,1.7916666666666667,5,10.386250000000025,12.52791666666669,12.605416666666693,12.894375000000023,12.809791666666685,12.220000000000027,11.799166666666691
2013-05-25,10.386250000000025,81.41666666666667,1.125,5,12.52791666666669,12.605416666666693,12.894375000000023,12.809791666666685,12.220000000000027,11.799166666666691,12.758750000000022
2013-05-26,12.52791666666669,73.70833333333333,2.875,5,12.605416666666693,12.894375000000023,12.809791666666685,12.220000000000027,11.799166666666691,12.758750000000022,14.651666666666692
2013-05-27,12.605416666666693,84.375,1.4166666666666667,5,12.894375000000023,12.809791666666685,12.220000000000027,11.799166666666691,12.758750000000022,14.651666666666692,15.245416666666687
2013-05-28,12.894375000000023,84.79166666666667,2.2083333333333335,5,12.809791666666685,12.220000000000027,11.799166666666691,12.758750000000022,14.651666666666692,15.245416666666687,14.77916666666669
2013-05-29,12.809791666666685,84.45833333333333,3.25,5,12.220000000000027,11.799166666666691,12.758750000000022,14.651666666666692,15.245416666666687,14.77916666666669,16.776666666666692
2013-05-30,12.220000000000027,82.45833333333333,2.25,5,11.799166666666691,12.758750000000022,14.651666666666692,15.245416666666687,14.77916666666669,16.776666666666692,18.240416666666686
2013-05-31,11.799166666666691,74.83333333333333,4.041666666666667,5,12.758750000000022,14.651666666666692,15.245416666666687,14.77916666666669,16.776666666666692,18.240416666666686,17.758750000000024
2013-06-01,12.758750000000022,70.33333333333333,1.2916666666666667,6,14.651666666666692,15.245416666666687,14.77916666666669,16.776666666666692,18.240416666666686,17.758750000000024,16.792083333333355
2013-06-02,14.651666666666692,65.75,1.0,6,15.245416666666687,14.77916666666669,16.776666666666692,18.240416666666686,17.758750000000024,16.792083333333355,14.851666666666693
2013-06-03,15.245416666666687,68.0,2.2083333333333335,6,14.77916666666669,16.776666666666692,18.240416666666686,17.758750000000024,16.792083333333355,14.851666666666693,14.46791666666669
2013-06-04,14.77916666666669,76.20833333333333,1.125,6,16.776666666666692,18.240416666666686,17.758750000000024,16.792083333333355,14.851666666666693,14.46791666666669,13.70729166666669
2013-06-05,16.776666666666692,64.75,1.125,6,18.240416666666686,17.758750000000024,16.792083333333355,14.851666666666693,14.46791666666669,13.70729166666669,14.305416666666694
2013-06-06,18.240416666666686,53.416666666666664,1.0,6,17.758750000000024,16.792083333333355,14.851666666666693,14.46791666666669,13.70729166666669,14.305416666666694,14.115208333333355
2013-06-07,17.758750000000024,54.25,0.8333333333333334,6,16.792083333333355,14.851666666666693,14.46791666666669,13.70729166666669,14.305416666666694,14.115208333333355,14.305208333333356
2013-06-08,16.792083333333355,51.083333333333336,1.8333333333333333,6,14.851666666666693,14.46791666666669,13.70729166666669,14.305416666666694,14.115208333333355,14.305208333333356,14.386666666666693
2013-06-09,14.851666666666693,64.16666666666667,1.0,6,14.46791666666669,13.70729166666669,14.305416666666694,14.115208333333355,14.305208333333356,14.386666666666693,15.408333333333353
2013-06-10,14.46791666666669,64.875,1.2916666666666667,6,13.70729166666669,14.305416666666694,14.115208333333355,14.305208333333356,14.386666666666693,15.408333333333353,17.766666666666694
2013-06-11,13.70729166666669,61.666666666666664,1.1666666666666667,6,14.305416666666694,14.115208333333355,14.305208333333356,14.386666666666693,15.408333333333353,17.766666666666694,17.25416666666669
2013-06-12,14.305416666666694,67.54166666666667,2.2916666666666665,6,14.115208333333355,14.305208333333356,14.386666666666693,15.408333333333353,17.766666666666694,17.25416666666669,17.19862500000002
2013-06-13,14.115208333333355,67.95833333333333,2.25,6,14.305208333333356,14.386666666666693,15.408333333333353,17.766666666666694,17.25416666666669,17.19862500000002,15.100166666666695
2013-06-14,14.305208333333356,67.45833333333333,1.25,6,14.386666666666693,15.408333333333353,17.766666666666694,17.25416666666669,17.19862500000002,15.100166666666695,14.337229166666686
2013-06-15,14.386666666666693,56.75,2.0,6,15.408333333333353,17.766666666666694,17.25416666666669,17.19862500000002,15.100166666666695,14.337229166666686,14.271622916666692
2013-06-16,15.408333333333353,55.375,1.75,6,17.766666666666694,17.25416666666669,17.19862500000002,15.100166666666695,14.337229166666686,14.271622916666692,16.840114583333353
2013-06-17,17.766666666666694,50.958333333333336,1.25,6,17.25416666666669,17.19862500000002,15.100166666666695,14.337229166666686,14.271622916666692,16.840114583333353,18.387812500000024
2013-06-18,17.25416666666669,57.375,1.375,6,17.19862500000002,15.100166666666695,14.337229166666686,14.271622916666692,16.840114583333353,18.387812500000024,16.562500000000018
2013-06-19,17.19862500000002,57.25,2.3333333333333335,6,15.100166666666695,14.337229166666686,14.271622916666692,16.840114583333353,18.387812500000024,16.562500000000018,16.29666666666669
2013-06-20,15.100166666666695,64.5,2.5,6,14.337229166666686,14.271622916666692,16.840114583333353,18.387812500000024,16.562500000000018,16.29666666666669,15.892500000000021
2013-06-21,14.337229166666686,77.5,2.375,6,14.271622916666692,16.840114583333353,18.387812500000024,16.562500000000018,16.29666666666669,15.892500000000021,17.143750000000015
2013-06-22,14.271622916666692,74.0,1.8333333333333333,6,16.840114583333353,18.387812500000024,16.562500000000018,16.29666666666669,15.892500000000021,17.143750000000015,20.422500000000024
2013-06-23,16.840114583333353,58.875,0.625,6,18.387812500000024,16.562500000000018,16.29666666666669,15.892500000000021,17.143750000000015,20.422500000000024,22.563750000000017
2013-06-24,18.387812500000024,58.541666666666664,0.9583333333333334,6,16.562500000000018,16.29666666666669,15.892500000000021,17.143750000000015,20.422500000000024,22.563750000000017,23.320416666666677
2013-06-25,16.562500000000018,77.04166666666667,1.625,6,16.29666666666669,15.892500000000021,17.143750000000015,20.422500000000024,22.563750000000017,23.320416666666677,23.84583333333333
2013-06-26,16.29666666666669,66.5,0.75,6,15.892500000000021,17.143750000000015,20.422500000000024,22.563750000000017,23.320416666666677,23.84583333333333,19.828125000000007
2013-06-27,15.892500000000021,70.70833333333333,0.9166666666666666,6,17.143750000000015,20.422500000000024,22.563750000000017,23.320416666666677,23.84583333333333,19.828125000000007,19.49041666666667
2013-06-28,17.143750000000015,69.41666666666667,0.5833333333333334,6,20.422500000000024,22.563750000000017,23.320416666666677,23.84583333333333,19.828125000000007,19.49041666666667,16.57133333333335
2013-06-29,20.422500000000024,67.95833333333333,0.9166666666666666,6,22.563750000000017,23.320416666666677,23.84583333333333,19.828125000000007,19.49041666666667,16.57133333333335,17.045375000000025
2013-06-30,22.563750000000017,53.208333333333336,0.7083333333333334,6,23.320416666666677,23.84583333333333,19.828125000000007,19.49041666666667,16.57133333333335,17.045375000000025,18.215416666666695
2013-07-01,23.320416666666677,52.708333333333336,1.9166666666666667,7,23.84583333333333,19.828125000000007,19.49041666666667,16.57133333333335,17.045375000000025,18.215416666666695,18.029166666666693
2013-07-02,23.84583333333333,64.79166666666667,1.5,7,19.828125000000007,19.49041666666667,16.57133333333335,17.045375000000025,18.215416666666695,18.029166666666693,17.853333333333357
2013-07-03,19.828125000000007,73.70833333333333,2.2916666666666665,7,19.49041666666667,16.57133333333335,17.045375000000025,18.215416666666695,18.029166666666693,17.853333333333357,20.552916666666686
2013-07-04,19.49041666666667,56.458333333333336,2.125,7,16.57133333333335,17.045375000000025,18.215416666666695,18.029166666666693,17.853333333333357,20.552916666666686,18.090625000000028
2013-07-05,16.57133333333335,61.416666666666664,1.875,7,17.045375000000025,18.215416666666695,18.029166666666693,17.853333333333357,20.552916666666686,18.090625000000028,15.861958333333355
2013-07-06,17.045375000000025,60.583333333333336,1.3333333333333333,7,18.215416666666695,18.029166666666693,17.853333333333357,20.552916666666686,18.090625000000028,15.861958333333355,14.922083333333354
2013-07-07,18.215416666666695,59.65217391304348,0.8333333333333334,7,18.029166666666693,17.853333333333357,20.552916666666686,18.090625000000028,15.861958333333355,14.922083333333354,15.327500000000017
2013-07-08,18.029166666666693,56.166666666666664,1.0833333333333333,7,17.853333333333357,20.552916666666686,18.090625000000028,15.861958333333355,14.922083333333354,15.327500000000017,18.586541666666687
2013-07-09,17.853333333333357,63.25,1.4583333333333333,7,20.552916666666686,18.090625000000028,15.861958333333355,14.922083333333354,15.327500000000017,18.586541666666687,18.868541666666694
2013-07-10,20.552916666666686,51.666666666666664,0.875,7,18.090625000000028,15.861958333333355,14.922083333333354,15.327500000000017,18.586541666666687,18.868541666666694,21.64173913043481
2013-07-11,18.090625000000028,55.166666666666664,1.3333333333333333,7,15.861958333333355,14.922083333333354,15.327500000000017,18.586541666666687,18.868541666666694,21.64173913043481,19.746521739130454
2013-07-12,15.861958333333355,58.5,1.75,7,14.922083333333354,15.327500000000017,18.586541666666687,18.868541666666694,21.64173913043481,19.746521739130454,17.65262500000002
2013-07-13,14.922083333333354,60.166666666666664,1.1666666666666667,7,15.327500000000017,18.586541666666687,18.868541666666694,21.64173913043481,19.746521739130454,17.65262500000002,18.448333333333355
2013-07-14,15.327500000000017,57.708333333333336,1.0833333333333333,7,18.586541666666687,18.868541666666694,21.64173913043481,19.746521739130454,17.65262500000002,18.448333333333355,17.340979166666695
2013-07-15,18.586541666666687,53.416666666666664,1.4583333333333333,7,18.868541666666694,21.64173913043481,19.746521739130454,17.65262500000002,18.448333333333355,17.340979166666695,17.098333333333354
2013-07-16,18.868541666666694,54.958333333333336,1.5,7,21.64173913043481,19.746521739130454,17.65262500000002,18.448333333333355,17.340979166666695,17.098333333333354,17.740319444458354
2013-07-17,21.64173913043481,42.291666666666664,2.2083333333333335,7,19.746521739130454,17.65262500000002,18.448333333333355,17.340979166666695,17.098333333333354,17.740319444458354,19.51000000000003
2013-07-18,19.746521739130454,57.833333333333336,2.2083333333333335,7,17.65262500000002,18.448333333333355,17.340979166666695,17.098333333333354,17.740319444458354,19.51000000000003,21.11708333333336
2013-07-19,17.65262500000002,63.958333333333336,1.375,7,18.448333333333355,17.340979166666695,17.098333333333354,17.740319444458354,19.51000000000003,21.11708333333336,20.24416666666669
2013-07-20,18.448333333333355,63.916666666666664,1.2916666666666667,7,17.340979166666695,17.098333333333354,17.740319444458354,19.51000000000003,21.11708333333336,20.24416666666669,20.58750000000003
2013-07-21,17.340979166666695,66.70833333333333,1.2083333333333333,7,17.098333333333354,17.740319444458354,19.51000000000003,21.11708333333336,20.24416666666669,20.58750000000003,18.218750000000025
2013-07-22,17.098333333333354,64.0,2.0833333333333335,7,17.740319444458354,19.51000000000003,21.11708333333336,20.24416666666669,20.58750000000003,18.218750000000025,16.41270833333336
2013-07-23,17.740319444458354,67.125,1.5,7,19.51000000000003,21.11708333333336,20.24416666666669,20.58750000000003,18.218750000000025,16.41270833333336,16.307750000000027
2013-07-24,19.51000000000003,65.83333333333333,0.7916666666666666,7,21.11708333333336,20.24416666666669,20.58750000000003,18.218750000000025,16.41270833333336,16.307750000000027,17.614166666666687
2013-07-25,21.11708333333336,54.666666666666664,1.1666666666666667,7,20.24416666666669,20.58750000000003,18.218750000000025,16.41270833333336,16.307750000000027,17.614166666666687,16.792083333333352
2013-07-26,20.24416666666669,46.166666666666664,1.0,7,20.58750000000003,18.218750000000025,16.41270833333336,16.307750000000027,17.614166666666687,16.792083333333352,16.474416666666684
2013-07-27,20.58750000000003,49.083333333333336,0.5,7,18.218750000000025,16.41270833333336,16.307750000000027,17.614166666666687,16.792083333333352,16.474416666666684,15.478541666666688
2013-07-28,18.218750000000025,52.125,0.75,7,16.41270833333336,16.307750000000027,17.614166666666687,16.792083333333352,16.474416666666684,15.478541666666688,16.421250000000025
2013-07-29,16.41270833333336,60.541666666666664,1.25,7,16.307750000000027,17.614166666666687,16.792083333333352,16.474416666666684,15.478541666666688,16.421250000000025,18.566458333333358
2013-07-30,16.307750000000027,64.0,1.75,7,17.614166666666687,16.792083333333352,16.474416666666684,15.478541666666688,16.421250000000025,18.566458333333358,20.90250000000002
2013-07-31,17.614166666666687,59.208333333333336,0.7916666666666666,7,16.792083333333352,16.474416666666684,15.478541666666688,16.421250000000025,18.566458333333358,20.90250000000002,20.653312500000023
2013-08-01,16.792083333333352,65.66666666666667,0.5416666666666666,8,16.474416666666684,15.478541666666688,16.421250000000025,18.566458333333358,20.90250000000002,20.653312500000023,20.94012500000002
2013-08-02,16.474416666666684,74.125,1.375,8,15.478541666666688,16.421250000000025,18.566458333333358,20.90250000000002,20.653312500000023,20.94012500000002,19.89358333333335
2013-08-03,15.478541666666688,76.375,2.2083333333333335,8,16.421250000000025,18.566458333333358,20.90250000000002,20.653312500000023,20.94012500000002,19.89358333333335,19.445416666666688
2013-08-04,16.421250000000025,77.16666666666667,0.7916666666666666,8,18.566458333333358,20.90250000000002,20.653312500000023,20.94012500000002,19.89358333333335,19.445416666666688,19.594791666666683
2013-08-05,18.566458333333358,64.375,1.375,8,20.90250000000002,20.653312500000023,20.94012500000002,19.89358333333335,19.445416666666688,19.594791666666683,17.753750000000025
2013-08-06,20.90250000000002,61.541666666666664,0.6666666666666666,8,20.653312500000023,20.94012500000002,19.89358333333335,19.445416666666688,19.594791666666683,17.753750000000025,18.339583333333355
2013-08-07,20.653312500000023,50.041666666666664,1.0833333333333333,8,20.94012500000002,19.89358333333335,19.445416666666688,19.594791666666683,17.753750000000025,18.339583333333355,18.695281250000022
2013-08-08,20.94012500000002,52.5,0.5416666666666666,8,19.89358333333335,19.445416666666688,19.594791666666683,17.753750000000025,18.339583333333355,18.695281250000022,18.993809027791684
2013-08-09,19.89358333333335,62.875,1.4583333333333333,8,19.445416666666688,19.594791666666683,17.753750000000025,18.339583333333355,18.695281250000022,18.993809027791684,17.60983333333334
2013-08-10,19.445416666666688,59.5,1.2083333333333333,8,19.594791666666683,17.753750000000025,18.339583333333355,18.695281250000022,18.993809027791684,17.60983333333334,19.051250000000014
2013-08-11,19.594791666666683,61.625,1.4166666666666667,8,17.753750000000025,18.339583333333355,18.695281250000022,18.993809027791684,17.60983333333334,19.051250000000014,19.446000000000016
2013-08-12,17.753750000000025,62.458333333333336,0.6666666666666666,8,18.339583333333355,18.695281250000022,18.993809027791684,17.60983333333334,19.051250000000014,19.446000000000016,19.239229166666682
2013-08-13,18.339583333333355,57.333333333333336,0.4583333333333333,8,18.695281250000022,18.993809027791684,17.60983333333334,19.051250000000014,19.446000000000016,19.239229166666682,18.657916666666686
2013-08-14,18.695281250000022,59.708333333333336,0.875,8,18.993809027791684,17.60983333333334,19.051250000000014,19.446000000000016,19.239229166666682,18.657916666666686,18.52604166666669
2013-08-15,18.993809027791684,57.833333333333336,1.4583333333333333,8,17.60983333333334,19.051250000000014,19.446000000000016,19.239229166666682,18.657916666666686,18.52604166666669,18.26666666666669
2013-08-16,17.60983333333334,88.66666666666667,1.5,8,19.051250000000014,19.446000000000016,19.239229166666682,18.657916666666686,18.52604166666669,18.26666666666669,19.874354166666684
2013-08-17,19.051250000000014,78.20833333333333,1.0416666666666667,8,19.446000000000016,19.239229166666682,18.657916666666686,18.52604166666669,18.26666666666669,19.874354166666684,19.543041666666692
2013-08-18,19.446000000000016,60.0,2.125,8,19.239229166666682,18.657916666666686,18.52604166666669,18.26666666666669,19.874354166666684,19.543041666666692,18.175930555541683
2013-08-19,19.239229166666682,62.333333333333336,1.0416666666666667,8,18.657916666666686,18.52604166666669,18.26666666666669,19.874354166666684,19.543041666666692,18.175930555541683,16.916895833333353
2013-08-20,18.657916666666686,57.541666666666664,0.8333333333333334,8,18.52604166666669,18.26666666666669,19.874354166666684,19.543041666666692,18.175930555541683,16.916895833333353,18.238437500000014
2013-08-21,18.52604166666669,57.583333333333336,1.7916666666666667,8,18.26666666666669,19.874354166666684,19.543041666666692,18.175930555541683,16.916895833333353,18.238437500000014,18.66131250000002
2013-08-22,18.26666666666669,51.75,2.7083333333333335,8,19.874354166666684,19.543041666666692,18.175930555541683,16.916895833333353,18.238437500000014,18.66131250000002,20.021197916666686
2013-08-23,19.874354166666684,46.208333333333336,1.9166666666666667,8,19.543041666666692,18.175930555541683,16.916895833333353,18.238437500000014,18.66131250000002,20.021197916666686,19.48743750000003
2013-08-24,19.543041666666692,58.041666666666664,1.7916666666666667,8,18.175930555541683,16.916895833333353,18.238437500000014,18.66131250000002,20.021197916666686,19.48743750000003,18.214572916666697
2013-08-25,18.175930555541683,60.916666666666664,1.875,8,16.916895833333353,18.238437500000014,18.66131250000002,20.021197916666686,19.48743750000003,18.214572916666697,19.003541666666692
2013-08-26,16.916895833333353,57.125,0.5833333333333334,8,18.238437500000014,18.66131250000002,20.021197916666686,19.48743750000003,18.214572916666697,19.003541666666692,20.16422916666669
2013-08-27,18.238437500000014,72.375,1.4166666666666667,8,18.66131250000002,20.021197916666686,19.48743750000003,18.214572916666697,19.003541666666692,20.16422916666669,17.992787500000016
2013-08-28,18.66131250000002,68.41666666666667,1.625,8,20.021197916666686,19.48743750000003,18.214572916666697,19.003541666666692,20.16422916666669,17.992787500000016,16.759197916666693
2013-08-29,20.021197916666686,64.375,0.6666666666666666,8,19.48743750000003,18.214572916666697,19.003541666666692,20.16422916666669,17.992787500000016,16.759197916666693,17.438909722208354
2013-08-30,19.48743750000003,73.95833333333333,1.125,8,18.214572916666697,19.003541666666692,20.16422916666669,17.992787500000016,16.759197916666693,17.438909722208354,17.02704652779168
2013-08-31,18.214572916666697,70.625,2.2083333333333335,8,19.003541666666692,20.16422916666669,17.992787500000016,16.759197916666693,17.438909722208354,17.02704652779168,16.719908333333347
2013-09-01,19.003541666666692,63.541666666666664,1.0416666666666667,9,20.16422916666669,17.992787500000016,16.759197916666693,17.438909722208354,17.02704652779168,16.719908333333347,17.910385416666685
2013-09-02,20.16422916666669,59.391304347826086,1.5416666666666667,9,17.992787500000016,16.759197916666693,17.438909722208354,17.02704652779168,16.719908333333347,17.910385416666685,17.715208333333358
2013-09-03,17.992787500000016,73.04166666666667,1.1666666666666667,9,16.759197916666693,17.438909722208354,17.02704652779168,16.719908333333347,17.910385416666685,17.715208333333358,17.547472222208352
2013-09-04,16.759197916666693,79.75,1.1666666666666667,9,17.438909722208354,17.02704652779168,16.719908333333347,17.910385416666685,17.715208333333358,17.547472222208352,21.036555555541685
2013-09-05,17.438909722208354,82.04166666666667,0.8333333333333334,9,17.02704652779168,16.719908333333347,17.910385416666685,17.715208333333358,17.547472222208352,21.036555555541685,19.722780555541686
2013-09-06,17.02704652779168,86.20833333333333,1.9583333333333333,9,16.719908333333347,17.910385416666685,17.715208333333358,17.547472222208352,21.036555555541685,19.722780555541686,17.456656250000012
2013-09-07,16.719908333333347,85.75,1.5416666666666667,9,17.910385416666685,17.715208333333358,17.547472222208352,21.036555555541685,19.722780555541686,17.456656250000012,17.063437500000006
2013-09-08,17.910385416666685,76.25,1.3333333333333333,9,17.715208333333358,17.547472222208352,21.036555555541685,19.722780555541686,17.456656250000012,17.063437500000006,14.930000000000009
2013-09-09,17.715208333333358,83.45833333333333,1.0416666666666667,9,17.547472222208352,21.036555555541685,19.722780555541686,17.456656250000012,17.063437500000006,14.930000000000009,15.886729166666681
2013-09-10,17.547472222208352,80.04166666666667,1.5833333333333333,9,21.036555555541685,19.722780555541686,17.456656250000012,17.063437500000006,14.930000000000009,15.886729166666681,13.942583333333348
2013-09-11,21.036555555541685,68.16666666666667,2.375,9,19.722780555541686,17.456656250000012,17.063437500000006,14.930000000000009,15.886729166666681,13.942583333333348,13.628194444458344
2013-09-12,19.722780555541686,75.20833333333333,1.0416666666666667,9,17.456656250000012,17.063437500000006,14.930000000000009,15.886729166666681,13.942583333333348,13.628194444458344,13.958222222208343
2013-09-13,17.456656250000012,81.625,1.125,9,17.063437500000006,14.930000000000009,15.886729166666681,13.942583333333348,13.628194444458344,13.958222222208343,14.077659722208338
2013-09-14,17.063437500000006,83.04166666666667,1.2916666666666667,9,14.930000000000009,15.886729166666681,13.942583333333348,13.628194444458344,13.958222222208343,14.077659722208338,13.913783333333349
2013-09-15,14.930000000000009,86.375,1.5,9,15.886729166666681,13.942583333333348,13.628194444458344,13.958222222208343,14.077659722208338,13.913783333333349,13.586847916666684
2013-09-16,15.886729166666681,84.125,3.7916666666666665,9,13.942583333333348,13.628194444458344,13.958222222208343,14.077659722208338,13.913783333333349,13.586847916666684,13.040171527791685
2013-09-17,13.942583333333348,83.25,1.1666666666666667,9,13.628194444458344,13.958222222208343,14.077659722208338,13.913783333333349,13.586847916666684,13.040171527791685,11.899750000041692
2013-09-18,13.628194444458344,83.5,1.2916666666666667,9,13.958222222208343,14.077659722208338,13.913783333333349,13.586847916666684,13.040171527791685,11.899750000041692,11.02256250000002
2013-09-19,13.958222222208343,72.45833333333333,1.0,9,14.077659722208338,13.913783333333349,13.586847916666684,13.040171527791685,11.899750000041692,11.02256250000002,10.07429166666669
2013-09-20,14.077659722208338,74.20833333333333,2.0,9,13.913783333333349,13.586847916666684,13.040171527791685,11.899750000041692,11.02256250000002,10.07429166666669,11.446041666666687
2013-09-21,13.913783333333349,84.54166666666667,2.25,9,13.586847916666684,13.040171527791685,11.899750000041692,11.02256250000002,10.07429166666669,11.446041666666687,12.80450000000001
2013-09-22,13.586847916666684,83.95833333333333,3.2083333333333335,9,13.040171527791685,11.899750000041692,11.02256250000002,10.07429166666669,11.446041666666687,12.80450000000001,11.121937500000014
2013-09-23,13.040171527791685,88.625,2.625,9,11.899750000041692,11.02256250000002,10.07429166666669,11.446041666666687,12.80450000000001,11.121937500000014,10.552010416666683
2013-09-24,11.899750000041692,92.66666666666667,1.375,9,11.02256250000002,10.07429166666669,11.446041666666687,12.80450000000001,11.121937500000014,10.552010416666683,9.960302777791695
2013-09-25,11.02256250000002,97.25,0.4583333333333333,9,10.07429166666669,11.446041666666687,12.80450000000001,11.121937500000014,10.552010416666683,9.960302777791695,10.053558333333358
2013-09-26,10.07429166666669,86.41666666666667,0.7083333333333334,9,11.446041666666687,12.80450000000001,11.121937500000014,10.552010416666683,9.960302777791695,10.053558333333358,9.85938541666669
2013-09-27,11.446041666666687,87.91666666666667,0.9583333333333334,9,12.80450000000001,11.121937500000014,10.552010416666683,9.960302777791695,10.053558333333358,9.85938541666669,9.623958333333357
2013-09-28,12.80450000000001,85.75,4.083333333333333,9,11.121937500000014,10.552010416666683,9.960302777791695,10.053558333333358,9.85938541666669,9.623958333333357,11.281958333333343
2013-09-29,11.121937500000014,87.29166666666667,5.208333333333333,9,10.552010416666683,9.960302777791695,10.053558333333358,9.85938541666669,9.623958333333357,11.281958333333343,11.634395833333338
2013-09-30,10.552010416666683,87.79166666666667,4.916666666666667,9,9.960302777791695,10.053558333333358,9.85938541666669,9.623958333333357,11.281958333333343,11.634395833333338,12.429062500000015
2013-10-01,9.960302777791695,92.70833333333333,3.5416666666666665,10,10.053558333333358,9.85938541666669,9.623958333333357,11.281958333333343,11.634395833333338,12.429062500000015,9.885220138875018
2013-10-02,10.053558333333358,88.91666666666667,2.5416666666666665,10,9.85938541666669,9.623958333333357,11.281958333333343,11.634395833333338,12.429062500000015,9.885220138875018,6.611625000000001
2013-10-03,9.85938541666669,84.5,0.7916666666666666,10,9.623958333333357,11.281958333333343,11.634395833333338,12.429062500000015,9.885220138875018,6.611625000000001,8.59166666666667
2013-10-04,9.623958333333357,70.66666666666667,0.75,10,11.281958333333343,11.634395833333338,12.429062500000015,9.885220138875018,6.611625000000001,8.59166666666667,10.45645833333335
2013-10-05,11.281958333333343,68.5,0.875,10,11.634395833333338,12.429062500000015,9.885220138875018,6.611625000000001,8.59166666666667,10.45645833333335,9.905270833333352
2013-10-06,11.634395833333338,73.25,2.8333333333333335,10,12.429062500000015,9.885220138875018,6.611625000000001,8.59166666666667,10.45645833333335,9.905270833333352,8.371099305541689
2013-10-07,12.429062500000015,81.58333333333333,3.5,10,9.885220138875018,6.611625000000001,8.59166666666667,10.45645833333335,9.905270833333352,8.371099305541689,7.735893750000028
2013-10-08,9.885220138875018,83.375,2.6666666666666665,10,6.611625000000001,8.59166666666667,10.45645833333335,9.905270833333352,8.371099305541689,7.735893750000028,8.356812500000023
2013-10-09,6.611625000000001,83.66666666666667,1.4583333333333333,10,8.59166666666667,10.45645833333335,9.905270833333352,8.371099305541689,7.735893750000028,8.356812500000023,9.153211805541687
2013-10-10,8.59166666666667,84.41666666666667,1.2083333333333333,10,10.45645833333335,9.905270833333352,8.371099305541689,7.735893750000028,8.356812500000023,9.153211805541687,9.433638888875018
2013-10-11,10.45645833333335,88.08333333333333,0.9583333333333334,10,9.905270833333352,8.371099305541689,7.735893750000028,8.356812500000023,9.153211805541687,9.433638888875018,8.285416666666686
2013-10-12,9.905270833333352,90.25,1.0833333333333333,10,8.371099305541689,7.735893750000028,8.356812500000023,9.153211805541687,9.433638888875018,8.285416666666686,7.766201388875025
2013-10-13,8.371099305541689,91.75,1.0416666666666667,10,7.735893750000028,8.356812500000023,9.153211805541687,9.433638888875018,8.285416666666686,7.766201388875025,7.965638888875016
2013-10-14,7.735893750000028,91.41666666666667,1.0,10,8.356812500000023,9.153211805541687,9.433638888875018,8.285416666666686,7.766201388875025,7.965638888875016,7.893770833333352
2013-10-15,8.356812500000023,91.33333333333333,1.3333333333333333,10,9.153211805541687,9.433638888875018,8.285416666666686,7.766201388875025,7.965638888875016,7.893770833333352,9.102145833333347
2013-10-16,9.153211805541687,90.41666666666667,1.0833333333333333,10,9.433638888875018,8.285416666666686,7.766201388875025,7.965638888875016,7.893770833333352,9.102145833333347,9.157479166666688
2013-10-17,9.433638888875018,87.0,1.25,10,8.285416666666686,7.766201388875025,7.965638888875016,7.893770833333352,9.102145833333347,9.157479166666688,7.402839583333353
2013-10-18,8.285416666666686,88.375,1.375,10,7.766201388875025,7.965638888875016,7.893770833333352,9.102145833333347,9.157479166666688,7.402839583333353,8.552201388875021
2013-10-19,7.766201388875025,90.66666666666667,0.875,10,7.965638888875016,7.893770833333352,9.102145833333347,9.157479166666688,7.402839583333353,8.552201388875021,9.398491666666677
2013-10-20,7.965638888875016,92.29166666666667,1.7083333333333333,10,7.893770833333352,9.102145833333347,9.157479166666688,7.402839583333353,8.552201388875021,9.398491666666677,7.7062430555416865
2013-10-21,7.893770833333352,94.54166666666667,2.0833333333333335,10,9.102145833333347,9.157479166666688,7.402839583333353,8.552201388875021,9.398491666666677,7.7062430555416865,7.541562500000016
2013-10-22,9.102145833333347,94.33333333333333,1.9583333333333333,10,9.157479166666688,7.402839583333353,8.552201388875021,9.398491666666677,7.7062430555416865,7.541562500000016,6.109062500000024
2013-10-23,9.157479166666688,89.95833333333333,1.0,10,7.402839583333353,8.552201388875021,9.398491666666677,7.7062430555416865,7.541562500000016,6.109062500000024,6.233958333333355
2013-10-24,7.402839583333353,94.91666666666667,1.0,10,8.552201388875021,9.398491666666677,7.7062430555416865,7.541562500000016,6.109062500000024,6.233958333333355,9.50431250000002
2013-10-25,8.552201388875021,93.95833333333333,0.875,10,9.398491666666677,7.7062430555416865,7.541562500000016,6.109062500000024,6.233958333333355,9.50431250000002,10.073145833333351
2013-10-26,9.398491666666677,87.45833333333333,1.5416666666666667,10,7.7062430555416865,7.541562500000016,6.109062500000024,6.233958333333355,9.50431250000002,10.073145833333351,9.415812500000017
2013-10-27,7.7062430555416865,94.33333333333333,1.6666666666666667,10,7.541562500000016,6.109062500000024,6.233958333333355,9.50431250000002,10.073145833333351,9.415812500000017,7.103541666666689
2013-10-28,7.541562500000016,89.625,2.0,10,6.109062500000024,6.233958333333355,9.50431250000002,10.073145833333351,9.415812500000017,7.103541666666689,5.0471875000000255
2013-10-29,6.109062500000024,86.08333333333333,0.875,10,6.233958333333355,9.50431250000002,10.073145833333351,9.415812500000017,7.103541666666689,5.0471875000000255,6.320666666666689
2013-10-30,6.233958333333355,90.08333333333333,1.75,10,9.50431250000002,10.073145833333351,9.415812500000017,7.103541666666689,5.0471875000000255,6.320666666666689,7.446527777791691
2013-10-31,9.50431250000002,89.25,2.6666666666666665,10,10.073145833333351,9.415812500000017,7.103541666666689,5.0471875000000255,6.320666666666689,7.446527777791691,9.057916666666687
2013-11-01,10.073145833333351,95.125,1.2083333333333333,11,9.415812500000017,7.103541666666689,5.0471875000000255,6.320666666666689,7.446527777791691,9.057916666666687,9.252291666666688
2013-11-02,9.415812500000017,94.79166666666667,3.6666666666666665,11,7.103541666666689,5.0471875000000255,6.320666666666689,7.446527777791691,9.057916666666687,9.252291666666688,7.524375000000025
2013-11-03,7.103541666666689,91.25,2.9583333333333335,11,5.0471875000000255,6.320666666666689,7.446527777791691,9.057916666666687,9.252291666666688,7.524375000000025,7.781250000000021
2013-11-04,5.0471875000000255,96.375,0.8333333333333334,11,6.320666666666689,7.446527777791691,9.057916666666687,9.252291666666688,7.524375000000025,7.781250000000021,8.526666666666685
2013-11-05,6.320666666666689,98.70833333333333,0.5416666666666666,11,7.446527777791691,9.057916666666687,9.252291666666688,7.524375000000025,7.781250000000021,8.526666666666685,9.742083333333355
2013-11-06,7.446527777791691,86.83333333333333,1.3333333333333333,11,9.057916666666687,9.252291666666688,7.524375000000025,7.781250000000021,8.526666666666685,9.742083333333355,10.910833333333356
2013-11-07,9.057916666666687,81.16666666666667,1.125,11,9.252291666666688,7.524375000000025,7.781250000000021,8.526666666666685,9.742083333333355,10.910833333333356,8.986458333333358
2013-11-08,9.252291666666688,79.58333333333333,1.0,11,7.524375000000025,7.781250000000021,8.526666666666685,9.742083333333355,10.910833333333356,8.986458333333358,6.525833333333355
2013-11-09,7.524375000000025,79.79166666666667,1.0,11,7.781250000000021,8.526666666666685,9.742083333333355,10.910833333333356,8.986458333333358,6.525833333333355,6.041875000000021
2013-11-10,7.781250000000021,86.29166666666667,1.25,11,8.526666666666685,9.742083333333355,10.910833333333356,8.986458333333358,6.525833333333355,6.041875000000021,7.328812500000015
2013-11-11,8.526666666666685,79.70833333333333,1.0,11,9.742083333333355,10.910833333333356,8.986458333333358,6.525833333333355,6.041875000000021,7.328812500000015,8.463333333333358
2013-11-12,9.742083333333355,66.875,0.9583333333333334,11,10.910833333333356,8.986458333333358,6.525833333333355,6.041875000000021,7.328812500000015,8.463333333333358,8.37250000000003
2013-11-13,10.910833333333356,82.58333333333333,1.0416666666666667,11,8.986458333333358,6.525833333333355,6.041875000000021,7.328812500000015,8.463333333333358,8.37250000000003,3.2292083333333443
2013-11-14,8.986458333333358,82.83333333333333,0.9583333333333334,11,6.525833333333355,6.041875000000021,7.328812500000015,8.463333333333358,8.37250000000003,3.2292083333333443,3.6613333333333387
2013-11-15,6.525833333333355,82.5,1.6666666666666667,11,6.041875000000021,7.328812500000015,8.463333333333358,8.37250000000003,3.2292083333333443,3.6613333333333387,2.4583333333333335
2013-11-16,6.041875000000021,73.70833333333333,2.6666666666666665,11,7.328812500000015,8.463333333333358,8.37250000000003,3.2292083333333443,3.6613333333333387,2.4583333333333335,3.6875
2013-11-17,7.328812500000015,76.83333333333333,2.375,11,8.463333333333358,8.37250000000003,3.2292083333333443,3.6613333333333387,2.4583333333333335,3.6875,3.3258333333333354
2013-11-18,8.463333333333358,85.41666666666667,2.0416666666666665,11,8.37250000000003,3.2292083333333443,3.6613333333333387,2.4583333333333335,3.6875,3.3258333333333354,2.2615000000000145
2013-11-19,8.37250000000003,84.875,1.0,11,3.2292083333333443,3.6613333333333387,2.4583333333333335,3.6875,3.3258333333333354,2.2615000000000145,3.5666666666666935
2013-11-20,3.2292083333333443,62.708333333333336,2.4583333333333335,11,3.6613333333333387,2.4583333333333335,3.6875,3.3258333333333354,2.2615000000000145,3.5666666666666935,8.394166666666687
2013-11-21,3.6613333333333387,69.75,2.7083333333333335,11,2.4583333333333335,3.6875,3.3258333333333354,2.2615000000000145,3.5666666666666935,8.394166666666687,4.7118750000000205
2013-11-22,2.4583333333333335,70.16666666666667,3.9583333333333335,11,3.6875,3.3258333333333354,2.2615000000000145,3.5666666666666935,8.394166666666687,4.7118750000000205,5.056270833333355
2013-11-23,3.6875,63.291666666666664,2.4166666666666665,11,3.3258333333333354,2.2615000000000145,3.5666666666666935,8.394166666666687,4.7118750000000205,5.056270833333355,7.443750000000025
2013-11-24,3.3258333333333354,77.5,1.625,11,2.2615000000000145,3.5666666666666935,8.394166666666687,4.7118750000000205,5.056270833333355,7.443750000000025,9.616666666666683
2013-11-25,2.2615000000000145,68.45833333333333,1.0,11,3.5666666666666935,8.394166666666687,4.7118750000000205,5.056270833333355,7.443750000000025,9.616666666666683,5.825416666666683
2013-11-26,3.5666666666666935,48.666666666666664,1.0,11,8.394166666666687,4.7118750000000205,5.056270833333355,7.443750000000025,9.616666666666683,5.825416666666683,1.8466666666666878
2013-11-27,8.394166666666687,46.208333333333336,1.0,11,4.7118750000000205,5.056270833333355,7.443750000000025,9.616666666666683,5.825416666666683,1.8466666666666878,-0.9983333333333064
2013-11-28,4.7118750000000205,52.52173913043478,1.0416666666666667,11,5.056270833333355,7.443750000000025,9.616666666666683,5.825416666666683,1.8466666666666878,-0.9983333333333064,-3.5391666666666404
2013-11-29,5.056270833333355,66.58333333333333,1.0,11,7.443750000000025,9.616666666666683,5.825416666666683,1.8466666666666878,-0.9983333333333064,-3.5391666666666404,-2.3477083333333084
2013-11-30,7.443750000000025,80.75,1.0833333333333333,11,9.616666666666683,5.825416666666683,1.8466666666666878,-0.9983333333333064,-3.5391666666666404,-2.3477083333333084,-4.272708333333313
2013-12-01,9.616666666666683,89.16666666666667,3.125,12,5.825416666666683,1.8466666666666878,-0.9983333333333064,-3.5391666666666404,-2.3477083333333084,-4.272708333333313,-5.411874999999981
2013-12-02,5.825416666666683,80.375,1.375,12,1.8466666666666878,-0.9983333333333064,-3.5391666666666404,-2.3477083333333084,-4.272708333333313,-5.411874999999981,-4.747166666666651
2013-12-03,1.8466666666666878,67.75,2.3333333333333335,12,-0.9983333333333064,-3.5391666666666404,-2.3477083333333084,-4.272708333333313,-5.411874999999981,-4.747166666666651,-0.08916666666664004
2013-12-04,-0.9983333333333064,69.45833333333333,0.6666666666666666,12,-3.5391666666666404,-2.3477083333333084,-4.272708333333313,-5.411874999999981,-4.747166666666651,-0.08916666666664004,0.29895833333335514
2013-12-05,-3.5391666666666404,65.08333333333333,0.875,12,-2.3477083333333084,-4.272708333333313,-5.411874999999981,-4.747166666666651,-0.08916666666664004,0.29895833333335514,0.9986875000000168
2013-12-06,-2.3477083333333084,50.083333333333336,1.0416666666666667,12,-4.272708333333313,-5.411874999999981,-4.747166666666651,-0.08916666666664004,0.29895833333335514,0.9986875000000168,5.426666666666679
2013-12-07,-4.272708333333313,41.30434782608695,1.0,12,-5.411874999999981,-4.747166666666651,-0.08916666666664004,0.29895833333335514,0.9986875000000168,5.426666666666679,7.054166666666677
2013-12-08,-5.411874999999981,50.083333333333336,0.9583333333333334,12,-4.747166666666651,-0.08916666666664004,0.29895833333335514,0.9986875000000168,5.426666666666679,7.054166666666677,7.83166666666668
2013-12-09,-4.747166666666651,61.583333333333336,1.0,12,-0.08916666666664004,0.29895833333335514,0.9986875000000168,5.426666666666679,7.054166666666677,7.83166666666668,7.2273958333333495
2013-12-10,-0.08916666666664004,73.45833333333333,1.0,12,0.29895833333335514,0.9986875000000168,5.426666666666679,7.054166666666677,7.83166666666668,7.2273958333333495,4.150625000000022
2013-12-11,0.29895833333335514,78.33333333333333,0.9166666666666666,12,0.9986875000000168,5.426666666666679,7.054166666666677,7.83166666666668,7.2273958333333495,4.150625000000022,5.451458333333356
2013-12-12,0.9986875000000168,87.125,1.625,12,5.426666666666679,7.054166666666677,7.83166666666668,7.2273958333333495,4.150625000000022,5.451458333333356,4.067354166666689
2013-12-13,5.426666666666679,86.08333333333333,2.5,12,7.054166666666677,7.83166666666668,7.2273958333333495,4.150625000000022,5.451458333333356,4.067354166666689,0.4327083333333566
2013-12-14,7.054166666666677,87.25,3.375,12,7.83166666666668,7.2273958333333495,4.150625000000022,5.451458333333356,4.067354166666689,0.4327083333333566,4.294166666666695
2013-12-15,7.83166666666668,88.08333333333333,3.7916666666666665,12,7.2273958333333495,4.150625000000022,5.451458333333356,4.067354166666689,0.4327083333333566,4.294166666666695,6.7412500000000195
2013-12-16,7.2273958333333495,87.625,1.2083333333333333,12,4.150625000000022,5.451458333333356,4.067354166666689,0.4327083333333566,4.294166666666695,6.7412500000000195,8.946875000000022
2013-12-17,4.150625000000022,78.75,0.75,12,5.451458333333356,4.067354166666689,0.4327083333333566,4.294166666666695,6.7412500000000195,8.946875000000022,5.290625000000023
2013-12-18,5.451458333333356,78.75,0.75,12,4.067354166666689,0.4327083333333566,4.294166666666695,6.7412500000000195,8.946875000000022,5.290625000000023,1.8591666666666882
2013-12-19,4.067354166666689,74.83333333333333,1.0,12,0.4327083333333566,4.294166666666695,6.7412500000000195,8.946875000000022,5.290625000000023,1.8591666666666882,2.263750000000018
2013-12-20,0.4327083333333566,75.875,1.125,12,4.294166666666695,6.7412500000000195,8.946875000000022,5.290625000000023,1.8591666666666882,2.263750000000018,2.672500000000028
2013-12-21,4.294166666666695,81.04166666666667,0.75,12,6.7412500000000195,8.946875000000022,5.290625000000023,1.8591666666666882,2.263750000000018,2.672500000000028,5.893187500000022
2013-12-22,6.7412500000000195,79.33333333333333,0.5833333333333334,12,8.946875000000022,5.290625000000023,1.8591666666666882,2.263750000000018,2.672500000000028,5.893187500000022,3.6166666666666885
2013-12-23,8.946875000000022,77.125,1.625,12,5.290625000000023,1.8591666666666882,2.263750000000018,2.672500000000028,5.893187500000022,3.6166666666666885,4.090000000000025
2013-12-24,5.290625000000023,78.5,0.6666666666666666,12,1.8591666666666882,2.263750000000018,2.672500000000028,5.893187500000022,3.6166666666666885,4.090000000000025,6.023791666666692
2013-12-25,1.8591666666666882,76.875,0.7083333333333334,12,2.263750000000018,2.672500000000028,5.893187500000022,3.6166666666666885,4.090000000000025,6.023791666666692,4.448333333333362
2013-12-26,2.263750000000018,77.79166666666667,0.875,12,2.672500000000028,5.893187500000022,3.6166666666666885,4.090000000000025,6.023791666666692,4.448333333333362,6.703020833333355
2013-12-27,2.672500000000028,78.70833333333333,0.9583333333333334,12,5.893187500000022,3.6166666666666885,4.090000000000025,6.023791666666692,4.448333333333362,6.703020833333355,5.7431250000000205
2013-12-28,5.893187500000022,82.08333333333333,1.0,12,3.6166666666666885,4.090000000000025,6.023791666666692,4.448333333333362,6.703020833333355,5.7431250000000205,2.7783304406250218
2013-12-29,3.6166666666666885,83.125,0.6666666666666666,12,4.090000000000025,6.023791666666692,4.448333333333362,6.703020833333355,5.7431250000000205,2.7783304406250218,0.8562500000000194
2013-12-30,4.090000000000025,82.58333333333333,0.9166666666666666,12,6.023791666666692,4.448333333333362,6.703020833333355,5.7431250000000205,2.7783304406250218,0.8562500000000194,1.7725000000000222
2013-12-31,6.023791666666692,81.58333333333333,1.0,12,4.448333333333362,6.703020833333355,5.7431250000000205,2.7783304406250218,0.8562500000000194,1.7725000000000222,4.782083333333361
2014-01-01,4.448333333333362,78.375,0.875,1,6.703020833333355,5.7431250000000205,2.7783304406250218,0.8562500000000194,1.7725000000000222,4.782083333333361,7.200520833333357
2014-01-02,6.703020833333355,76.04166666666667,1.125,1,5.7431250000000205,2.7783304406250218,0.8562500000000194,1.7725000000000222,4.782083333333361,7.200520833333357,6.382083333333358
2014-01-03,5.7431250000000205,77.17391304347827,0.8333333333333334,1,2.7783304406250218,0.8562500000000194,1.7725000000000222,4.782083333333361,7.200520833333357,6.382083333333358,7.496875000000024
2014-01-04,2.7783304406250218,78.91666666666667,0.625,1,0.8562500000000194,1.7725000000000222,4.782083333333361,7.200520833333357,6.382083333333358,7.496875000000024,8.200750000000022
2014-01-05,0.8562500000000194,77.54166666666667,0.5416666666666666,1,1.7725000000000222,4.782083333333361,7.200520833333357,6.382083333333358,7.496875000000024,8.200750000000022,6.1172916666666906
2014-01-06,1.7725000000000222,78.83333333333333,0.9583333333333334,1,4.782083333333361,7.200520833333357,6.382083333333358,7.496875000000024,8.200750000000022,6.1172916666666906,9.360416666666685
2014-01-07,4.782083333333361,76.875,0.7083333333333334,1,7.200520833333357,6.382083333333358,7.496875000000024,8.200750000000022,6.1172916666666906,9.360416666666685,8.650000000000013
2014-01-08,7.200520833333357,84.79166666666667,1.0833333333333333,1,6.382083333333358,7.496875000000024,8.200750000000022,6.1172916666666906,9.360416666666685,8.650000000000013,7.002707754791686
2014-01-09,6.382083333333358,77.79166666666667,0.875,1,7.496875000000024,8.200750000000022,6.1172916666666906,9.360416666666685,8.650000000000013,7.002707754791686,5.040000000000028
2014-01-10,7.496875000000024,79.29166666666667,2.3333333333333335,1,8.200750000000022,6.1172916666666906,9.360416666666685,8.650000000000013,7.002707754791686,5.040000000000028,11.514675223291684
2014-01-11,8.200750000000022,82.16666666666667,2.7083333333333335,1,6.1172916666666906,9.360416666666685,8.650000000000013,7.002707754791686,5.040000000000028,11.514675223291684,14.155079977791685
2014-01-12,6.1172916666666906,77.83333333333333,1.5833333333333333,1,9.360416666666685,8.650000000000013,7.002707754791686,5.040000000000028,11.514675223291684,14.155079977791685,8.044583333333357
2014-01-13,9.360416666666685,79.75,1.875,1,8.650000000000013,7.002707754791686,5.040000000000028,11.514675223291684,14.155079977791685,8.044583333333357,4.033750000000016
2014-01-14,8.650000000000013,82.16666666666667,1.0833333333333333,1,7.002707754791686,5.040000000000028,11.514675223291684,14.155079977791685,8.044583333333357,4.033750000000016,3.1358333333333497
2014-01-15,7.002707754791686,82.41666666666667,0.7916666666666666,1,5.040000000000028,11.514675223291684,14.155079977791685,8.044583333333357,4.033750000000016,3.1358333333333497,6.300416666666689
2014-01-16,5.040000000000028,82.91666666666667,0.9166666666666666,1,11.514675223291684,14.155079977791685,8.044583333333357,4.033750000000016,3.1358333333333497,6.300416666666689,5.470625000000015
2014-01-17,11.514675223291684,78.91666666666667,1.125,1,14.155079977791685,8.044583333333357,4.033750000000016,3.1358333333333497,6.300416666666689,5.470625000000015,4.066649599666694
2014-01-18,14.155079977791685,75.95833333333333,1.0416666666666667,1,8.044583333333357,4.033750000000016,3.1358333333333497,6.300416666666689,5.470625000000015,4.066649599666694,4.103750000000024
2014-01-19,8.044583333333357,78.70833333333333,0.875,1,4.033750000000016,3.1358333333333497,6.300416666666689,5.470625000000015,4.066649599666694,4.103750000000024,3.403333333333355
2014-01-20,4.033750000000016,80.79166666666667,0.7083333333333334,1,3.1358333333333497,6.300416666666689,5.470625000000015,4.066649599666694,4.103750000000024,3.403333333333355,2.3829166666666928
2014-01-21,3.1358333333333497,81.08333333333333,0.875,1,6.300416666666689,5.470625000000015,4.066649599666694,4.103750000000024,3.403333333333355,2.3829166666666928,5.625000000000028
2014-01-22,6.300416666666689,77.20833333333333,0.625,1,5.470625000000015,4.066649599666694,4.103750000000024,3.403333333333355,2.3829166666666928,5.625000000000028,7.434166666666687
2014-01-23,5.470625000000015,79.45833333333333,0.9166666666666666,1,4.066649599666694,4.103750000000024,3.403333333333355,2.3829166666666928,5.625000000000028,7.434166666666687,6.114166666666691
2014-01-24,4.066649599666694,78.625,0.9166666666666666,1,4.103750000000024,3.403333333333355,2.3829166666666928,5.625000000000028,7.434166666666687,6.114166666666691,4.927916666666692
2014-01-25,4.103750000000024,79.29166666666667,0.7083333333333334,1,3.403333333333355,2.3829166666666928,5.625000000000028,7.434166666666687,6.114166666666691,4.927916666666692,3.8354166666666885
2014-01-26,3.403333333333355,79.45833333333333,1.2916666666666667,1,2.3829166666666928,5.625000000000028,7.434166666666687,6.114166666666691,4.927916666666692,3.8354166666666885,2.217916666666691
2014-01-27,2.3829166666666928,89.16666666666667,0.4166666666666667,1,5.625000000000028,7.434166666666687,6.114166666666691,4.927916666666692,3.8354166666666885,2.217916666666691,1.994583333333355
2014-01-28,5.625000000000028,82.0,1.375,1,7.434166666666687,6.114166666666691,4.927916666666692,3.8354166666666885,2.217916666666691,1.994583333333355,-0.8383333333333146
2014-01-29,7.434166666666687,88.04166666666667,1.7916666666666667,1,6.114166666666691,4.927916666666692,3.8354166666666885,2.217916666666691,1.994583333333355,-0.8383333333333146,-3.1233333333333064
2014-01-30,6.114166666666691,83.70833333333333,3.125,1,4.927916666666692,3.8354166666666885,2.217916666666691,1.994583333333355,-0.8383333333333146,-3.1233333333333064,-5.4987499999999825
2014-01-31,4.927916666666692,88.66666666666667,1.4166666666666667,1,3.8354166666666885,2.217916666666691,1.994583333333355,-0.8383333333333146,-3.1233333333333064,-5.4987499999999825,-3.1008333333333127
2014-02-01,3.8354166666666885,82.95652173913044,0.20833333333333334,2,2.217916666666691,1.994583333333355,-0.8383333333333146,-3.1233333333333064,-5.4987499999999825,-3.1008333333333127,-0.43499999999997857
2014-02-02,2.217916666666691,92.47619047619048,0.5,2,1.994583333333355,-0.8383333333333146,-3.1233333333333064,-5.4987499999999825,-3.1008333333333127,-0.43499999999997857,0.14708333333335588
2014-02-03,1.994583333333355,53.130434782608695,2.875,2,-0.8383333333333146,-3.1233333333333064,-5.4987499999999825,-3.1008333333333127,-0.43499999999997857,0.14708333333335588,2.9962500000000247
2014-02-04,-0.8383333333333146,51.391304347826086,1.75,2,-3.1233333333333064,-5.4987499999999825,-3.1008333333333127,-0.43499999999997857,0.14708333333335588,2.9962500000000247,7.393333333333357
2014-02-05,-3.1233333333333064,37.63157894736842,3.0833333333333335,2,-5.4987499999999825,-3.1008333333333127,-0.43499999999997857,0.14708333333335588,2.9962500000000247,7.393333333333357,8.591250000000016
2014-02-06,-5.4987499999999825,32.125,1.9166666666666667,2,-3.1008333333333127,-0.43499999999997857,0.14708333333335588,2.9962500000000247,7.393333333333357,8.591250000000016,8.607500000000018
2014-02-07,-3.1008333333333127,50.47826086956522,2.125,2,-0.43499999999997857,0.14708333333335588,2.9962500000000247,7.393333333333357,8.591250000000016,8.607500000000018,8.145833333333355
2014-02-08,-0.43499999999997857,47.6,1.5,2,0.14708333333335588,2.9962500000000247,7.393333333333357,8.591250000000016,8.607500000000018,8.145833333333355,5.713750000000023
2014-02-09,0.14708333333335588,81.46666666666667,1.25,2,2.9962500000000247,7.393333333333357,8.591250000000016,8.607500000000018,8.145833333333355,5.713750000000023,5.553750000000029
2014-02-10,2.9962500000000247,90.70833333333333,1.9166666666666667,2,7.393333333333357,8.591250000000016,8.607500000000018,8.145833333333355,5.713750000000023,5.553750000000029,5.855416666666692
2014-02-11,7.393333333333357,82.58333333333333,3.0416666666666665,2,8.591250000000016,8.607500000000018,8.145833333333355,5.713750000000023,5.553750000000029,5.855416666666692,6.090000000000029
2014-02-12,8.591250000000016,78.66666666666667,4.708333333333333,2,8.607500000000018,8.145833333333355,5.713750000000023,5.553750000000029,5.855416666666692,6.090000000000029,4.758333333333357
2014-02-13,8.607500000000018,72.95833333333333,3.7916666666666665,2,8.145833333333355,5.713750000000023,5.553750000000029,5.855416666666692,6.090000000000029,4.758333333333357,6.3454166666666865
2014-02-14,8.145833333333355,70.41666666666667,3.375,2,5.713750000000023,5.553750000000029,5.855416666666692,6.090000000000029,4.758333333333357,6.3454166666666865,5.285416666666694
2014-02-15,5.713750000000023,79.70833333333333,1.5833333333333333,2,5.553750000000029,5.855416666666692,6.090000000000029,4.758333333333357,6.3454166666666865,5.285416666666694,3.5408333333333553
2014-02-16,5.553750000000029,76.04166666666667,4.416666666666667,2,5.855416666666692,6.090000000000029,4.758333333333357,6.3454166666666865,5.285416666666694,3.5408333333333553,4.910416666666691
2014-02-17,5.855416666666692,76.625,5.25,2,6.090000000000029,4.758333333333357,6.3454166666666865,5.285416666666694,3.5408333333333553,4.910416666666691,3.591666666666692
2014-02-18,6.090000000000029,77.66666666666667,4.375,2,4.758333333333357,6.3454166666666865,5.285416666666694,3.5408333333333553,4.910416666666691,3.591666666666692,5.222083333333356
2014-02-19,4.758333333333357,68.75,3.6666666666666665,2,6.3454166666666865,5.285416666666694,3.5408333333333553,4.910416666666691,3.591666666666692,5.222083333333356,7.309583333333357
2014-02-20,6.3454166666666865,69.125,4.458333333333333,2,5.285416666666694,3.5408333333333553,4.910416666666691,3.591666666666692,5.222083333333356,7.309583333333357,7.89166666666669
2014-02-21,5.285416666666694,75.625,2.1666666666666665,2,3.5408333333333553,4.910416666666691,3.591666666666692,5.222083333333356,7.309583333333357,7.89166666666669,8.563333333333352
2014-02-22,3.5408333333333553,79.6086956521739,1.1666666666666667,2,4.910416666666691,3.591666666666692,5.222083333333356,7.309583333333357,7.89166666666669,8.563333333333352,6.34666666666669
2014-02-23,4.910416666666691,76.33333333333333,3.0,2,3.591666666666692,5.222083333333356,7.309583333333357,7.89166666666669,8.563333333333352,6.34666666666669,4.650000000000024
2014-02-24,3.591666666666692,85.875,1.0833333333333333,2,5.222083333333356,7.309583333333357,7.89166666666669,8.563333333333352,6.34666666666669,4.650000000000024,8.97583333333336
2014-02-25,5.222083333333356,82.54166666666667,2.2916666666666665,2,7.309583333333357,7.89166666666669,8.563333333333352,6.34666666666669,4.650000000000024,8.97583333333336,9.73712500000002
2014-02-26,7.309583333333357,66.66666666666667,0.8333333333333334,2,7.89166666666669,8.563333333333352,6.34666666666669,4.650000000000024,8.97583333333336,9.73712500000002,11.429875000000024
2014-02-27,7.89166666666669,60.375,0.5833333333333334,2,8.563333333333352,6.34666666666669,4.650000000000024,8.97583333333336,9.73712500000002,11.429875000000024,11.586250000000023
2014-02-28,8.563333333333352,64.75,1.1666666666666667,2,6.34666666666669,4.650000000000024,8.97583333333336,9.73712500000002,11.429875000000024,11.586250000000023,10.126666666666692
2014-03-01,6.34666666666669,48.04347826086956,2.125,3,4.650000000000024,8.97583333333336,9.73712500000002,11.429875000000024,11.586250000000023,10.126666666666692,8.67208333333335
2014-03-02,4.650000000000024,72.16666666666667,3.375,3,8.97583333333336,9.73712500000002,11.429875000000024,11.586250000000023,10.126666666666692,8.67208333333335,11.301666666666689
2014-03-03,8.97583333333336,81.375,3.6666666666666665,3,9.73712500000002,11.429875000000024,11.586250000000023,10.126666666666692,8.67208333333335,11.301666666666689,9.16750000000002
2014-03-04,9.73712500000002,79.83333333333333,3.0833333333333335,3,11.429875000000024,11.586250000000023,10.126666666666692,8.67208333333335,11.301666666666689,9.16750000000002,7.168333333333348
2014-03-05,11.429875000000024,82.83333333333333,2.2083333333333335,3,11.586250000000023,10.126666666666692,8.67208333333335,11.301666666666689,9.16750000000002,7.168333333333348,8.102916666666689
2014-03-06,11.586250000000023,75.95833333333333,4.958333333333333,3,10.126666666666692,8.67208333333335,11.301666666666689,9.16750000000002,7.168333333333348,8.102916666666689,8.665416666666692
2014-03-07,10.126666666666692,70.16666666666667,4.583333333333333,3,8.67208333333335,11.301666666666689,9.16750000000002,7.168333333333348,8.102916666666689,8.665416666666692,10.86541666666669
2014-03-08,8.67208333333335,69.375,1.125,3,11.301666666666689,9.16750000000002,7.168333333333348,8.102916666666689,8.665416666666692,10.86541666666669,9.145416666666689
2014-03-09,11.301666666666689,79.33333333333333,2.9166666666666665,3,9.16750000000002,7.168333333333348,8.102916666666689,8.665416666666692,10.86541666666669,9.145416666666689,9.567083333333356
2014-03-10,9.16750000000002,81.16666666666667,1.125,3,7.168333333333348,8.102916666666689,8.665416666666692,10.86541666666669,9.145416666666689,9.567083333333356,5.4741666666666875
2014-03-11,7.168333333333348,74.08333333333333,1.1666666666666667,3,8.102916666666689,8.665416666666692,10.86541666666669,9.145416666666689,9.567083333333356,5.4741666666666875,5.568750000000023
2014-03-12,8.102916666666689,68.82608695652173,0.625,3,8.665416666666692,10.86541666666669,9.145416666666689,9.567083333333356,5.4741666666666875,5.568750000000023,7.71333333333336
2014-03-13,8.665416666666692,60.541666666666664,0.7916666666666666,3,10.86541666666669,9.145416666666689,9.567083333333356,5.4741666666666875,5.568750000000023,7.71333333333336,4.307500000000014
2014-03-14,10.86541666666669,72.95833333333333,3.625,3,9.145416666666689,9.567083333333356,5.4741666666666875,5.568750000000023,7.71333333333336,4.307500000000014,5.01041666666669
2014-03-15,9.145416666666689,64.16666666666667,2.0833333333333335,3,9.567083333333356,5.4741666666666875,5.568750000000023,7.71333333333336,4.307500000000014,5.01041666666669,4.750833333333354
2014-03-16,9.567083333333356,85.08333333333333,2.4166666666666665,3,5.4741666666666875,5.568750000000023,7.71333333333336,4.307500000000014,5.01041666666669,4.750833333333354,7.230000000000025
2014-03-17,5.4741666666666875,80.04347826086956,2.3333333333333335,3,5.568750000000023,7.71333333333336,4.307500000000014,5.01041666666669,4.750833333333354,7.230000000000025,8.496250000000025
2014-03-18,5.568750000000023,74.08695652173913,1.625,3,7.71333333333336,4.307500000000014,5.01041666666669,4.750833333333354,7.230000000000025,8.496250000000025,11.953333333333354
2014-03-19,7.71333333333336,84.54166666666667,2.6666666666666665,3,4.307500000000014,5.01041666666669,4.750833333333354,7.230000000000025,8.496250000000025,11.953333333333354,7.930416666666697
2014-03-20,4.307500000000014,65.88235294117646,2.5416666666666665,3,5.01041666666669,4.750833333333354,7.230000000000025,8.496250000000025,11.953333333333354,7.930416666666697,7.847083333333361
2014-03-21,5.01041666666669,68.2,2.0833333333333335,3,4.750833333333354,7.230000000000025,8.496250000000025,11.953333333333354,7.930416666666697,7.847083333333361,8.234166666666688
2014-03-22,4.750833333333354,62.72222222222222,1.3333333333333333,3,7.230000000000025,8.496250000000025,11.953333333333354,7.930416666666697,7.847083333333361,8.234166666666688,8.373750000000022
2014-03-23,7.230000000000025,61.82608695652174,1.4166666666666667,3,8.496250000000025,11.953333333333354,7.930416666666697,7.847083333333361,8.234166666666688,8.373750000000022,7.7941666666666904
2014-03-24,8.496250000000025,65.91666666666667,1.875,3,11.953333333333354,7.930416666666697,7.847083333333361,8.234166666666688,8.373750000000022,7.7941666666666904,6.9358333333333535
2014-03-25,11.953333333333354,60.54545454545455,1.9166666666666667,3,7.930416666666697,7.847083333333361,8.234166666666688,8.373750000000022,7.7941666666666904,6.9358333333333535,9.582916666666689
2014-03-26,7.930416666666697,77.95652173913044,2.4583333333333335,3,7.847083333333361,8.234166666666688,8.373750000000022,7.7941666666666904,6.9358333333333535,9.582916666666689,9.134375000000018
2014-03-27,7.847083333333361,86.375,1.4166666666666667,3,8.234166666666688,8.373750000000022,7.7941666666666904,6.9358333333333535,9.582916666666689,9.134375000000018,9.142916666666688
2014-03-28,8.234166666666688,82.04166666666667,2.5833333333333335,3,8.373750000000022,7.7941666666666904,6.9358333333333535,9.582916666666689,9.134375000000018,9.142916666666688,8.540000000000028
2014-03-29,8.373750000000022,83.125,3.0833333333333335,3,7.7941666666666904,6.9358333333333535,9.582916666666689,9.134375000000018,9.142916666666688,8.540000000000028,8.82208333333336
2014-03-30,7.7941666666666904,78.29166666666667,4.125,3,6.9358333333333535,9.582916666666689,9.134375000000018,9.142916666666688,8.540000000000028,8.82208333333336,9.54000000000002
2014-03-31,6.9358333333333535,70.125,2.0833333333333335,3,9.582916666666689,9.134375000000018,9.142916666666688,8.540000000000028,8.82208333333336,9.54000000000002,13.117916666666689
2014-04-01,9.582916666666689,60.666666666666664,1.375,4,9.134375000000018,9.142916666666688,8.540000000000028,8.82208333333336,9.54000000000002,13.117916666666689,13.63791666666669
2014-04-02,9.134375000000018,67.20833333333333,2.625,4,9.142916666666688,8.540000000000028,8.82208333333336,9.54000000000002,13.117916666666689,13.63791666666669,8.98208333333335
2014-04-03,9.142916666666688,62.416666666666664,2.7083333333333335,4,8.540000000000028,8.82208333333336,9.54000000000002,13.117916666666689,13.63791666666669,8.98208333333335,9.068750000000023
2014-04-04,8.540000000000028,75.125,3.0416666666666665,4,8.82208333333336,9.54000000000002,13.117916666666689,13.63791666666669,8.98208333333335,9.068750000000023,9.454583333333355
2014-04-05,8.82208333333336,80.875,2.3333333333333335,4,9.54000000000002,13.117916666666689,13.63791666666669,8.98208333333335,9.068750000000023,9.454583333333355,10.213333333333358
2014-04-06,9.54000000000002,80.79166666666667,1.25,4,13.117916666666689,13.63791666666669,8.98208333333335,9.068750000000023,9.454583333333355,10.213333333333358,11.147916666666688
2014-04-07,13.117916666666689,69.58333333333333,1.4583333333333333,4,13.63791666666669,8.98208333333335,9.068750000000023,9.454583333333355,10.213333333333358,11.147916666666688,12.588750000000019
2014-04-08,13.63791666666669,65.875,2.5416666666666665,4,8.98208333333335,9.068750000000023,9.454583333333355,10.213333333333358,11.147916666666688,12.588750000000019,10.916666666666686
2014-04-09,8.98208333333335,76.875,1.2083333333333333,4,9.068750000000023,9.454583333333355,10.213333333333358,11.147916666666688,12.588750000000019,10.916666666666686,10.025833333333358
2014-04-10,9.068750000000023,58.708333333333336,1.4166666666666667,4,9.454583333333355,10.213333333333358,11.147916666666688,12.588750000000019,10.916666666666686,10.025833333333358,10.147083333333356
2014-04-11,9.454583333333355,64.16666666666667,1.1666666666666667,4,10.213333333333358,11.147916666666688,12.588750000000019,10.916666666666686,10.025833333333358,10.147083333333356,8.42541666666669
2014-04-12,10.213333333333358,66.20833333333333,2.2083333333333335,4,11.147916666666688,12.588750000000019,10.916666666666686,10.025833333333358,10.147083333333356,8.42541666666669,8.260416666666691
2014-04-13,11.147916666666688,56.791666666666664,1.7083333333333333,4,12.588750000000019,10.916666666666686,10.025833333333358,10.147083333333356,8.42541666666669,8.260416666666691,9.764368055541693
2014-04-14,12.588750000000019,45.291666666666664,0.8333333333333334,4,10.916666666666686,10.025833333333358,10.147083333333356,8.42541666666669,8.260416666666691,9.764368055541693,11.049166666666686
2014-04-15,10.916666666666686,59.26086956521739,2.875,4,10.025833333333358,10.147083333333356,8.42541666666669,8.260416666666691,9.764368055541693,11.049166666666686,8.567500000000026
2014-04-16,10.025833333333358,78.16666666666667,3.5416666666666665,4,10.147083333333356,8.42541666666669,8.260416666666691,9.764368055541693,11.049166666666686,8.567500000000026,8.043750000000024
2014-04-17,10.147083333333356,93.45833333333333,2.625,4,8.42541666666669,8.260416666666691,9.764368055541693,11.049166666666686,8.567500000000026,8.043750000000024,10.066250000000025
2014-04-18,8.42541666666669,73.95652173913044,2.375,4,8.260416666666691,9.764368055541693,11.049166666666686,8.567500000000026,8.043750000000024,10.066250000000025,8.825833333333355
2014-04-19,8.260416666666691,68.41666666666667,1.4583333333333333,4,9.764368055541693,11.049166666666686,8.567500000000026,8.043750000000024,10.066250000000025,8.825833333333355,9.192083333333352
2014-04-20,9.764368055541693,63.95238095238095,2.875,4,11.049166666666686,8.567500000000026,8.043750000000024,10.066250000000025,8.825833333333355,9.192083333333352,8.729166666666687
2014-04-21,11.049166666666686,63.416666666666664,1.375,4,8.567500000000026,8.043750000000024,10.066250000000025,8.825833333333355,9.192083333333352,8.729166666666687,8.74666666666669
2014-04-22,8.567500000000026,74.875,2.75,4,8.043750000000024,10.066250000000025,8.825833333333355,9.192083333333352,8.729166666666687,8.74666666666669,12.772213269458364
2014-04-23,8.043750000000024,77.79166666666667,3.75,4,10.066250000000025,8.825833333333355,9.192083333333352,8.729166666666687,8.74666666666669,12.772213269458364,17.159937500000026
2014-04-24,10.066250000000025,80.26086956521739,3.375,4,8.825833333333355,9.192083333333352,8.729166666666687,8.74666666666669,12.772213269458364,17.159937500000026,18.966666666666686
2014-04-25,8.825833333333355,67.625,2.0833333333333335,4,9.192083333333352,8.729166666666687,8.74666666666669,12.772213269458364,17.159937500000026,18.966666666666686,19.55297916666669
2014-04-26,9.192083333333352,63.59090909090909,2.2916666666666665,4,8.729166666666687,8.74666666666669,12.772213269458364,17.159937500000026,18.966666666666686,19.55297916666669,12.963708333333356
2014-04-27,8.729166666666687,73.16666666666667,3.5416666666666665,4,8.74666666666669,12.772213269458364,17.159937500000026,18.966666666666686,19.55297916666669,12.963708333333356,10.724322916666686
2014-04-28,8.74666666666669,65.79166666666667,2.7083333333333335,4,12.772213269458364,17.159937500000026,18.966666666666686,19.55297916666669,12.963708333333356,10.724322916666686,10.865000000000016
2014-04-29,12.772213269458364,59.0,0.6666666666666666,4,17.159937500000026,18.966666666666686,19.55297916666669,12.963708333333356,10.724322916666686,10.865000000000016,11.639481762541692
2014-04-30,17.159937500000026,38.583333333333336,1.6666666666666667,4,18.966666666666686,19.55297916666669,12.963708333333356,10.724322916666686,10.865000000000016,11.639481762541692,11.666416666666686
2014-05-01,18.966666666666686,42.666666666666664,1.375,5,19.55297916666669,12.963708333333356,10.724322916666686,10.865000000000016,11.639481762541692,11.666416666666686,11.914166666666688
2014-05-02,19.55297916666669,45.708333333333336,2.7083333333333335,5,12.963708333333356,10.724322916666686,10.865000000000016,11.639481762541692,11.666416666666686,11.914166666666688,10.78041666666669
2014-05-03,12.963708333333356,72.16666666666667,3.25,5,10.724322916666686,10.865000000000016,11.639481762541692,11.666416666666686,11.914166666666688,10.78041666666669,9.664958333333354
2014-05-04,10.724322916666686,90.08333333333333,2.0833333333333335,5,10.865000000000016,11.639481762541692,11.666416666666686,11.914166666666688,10.78041666666669,9.664958333333354,11.251666666666699
2014-05-05,10.865000000000016,93.625,1.0833333333333333,5,11.639481762541692,11.666416666666686,11.914166666666688,10.78041666666669,9.664958333333354,11.251666666666699,14.78450000000002
2014-05-06,11.639481762541692,79.66666666666667,1.625,5,11.666416666666686,11.914166666666688,10.78041666666669,9.664958333333354,11.251666666666699,14.78450000000002,17.997916666666686
2014-05-07,11.666416666666686,71.16666666666667,1.2083333333333333,5,11.914166666666688,10.78041666666669,9.664958333333354,11.251666666666699,14.78450000000002,17.997916666666686,18.959166666666693
2014-05-08,11.914166666666688,76.58333333333333,1.0833333333333333,5,10.78041666666669,9.664958333333354,11.251666666666699,14.78450000000002,17.997916666666686,18.959166666666693,19.988500000000027
2014-05-09,10.78041666666669,88.66666666666667,1.6666666666666667,5,9.664958333333354,11.251666666666699,14.78450000000002,17.997916666666686,18.959166666666693,19.988500000000027,17.143958333333355
2014-05-10,9.664958333333354,82.91666666666667,0.875,5,11.251666666666699,14.78450000000002,17.997916666666686,18.959166666666693,19.988500000000027,17.143958333333355,14.79958333333336
2014-05-11,11.251666666666699,77.58333333333333,0.9166666666666666,5,14.78450000000002,17.997916666666686,18.959166666666693,19.988500000000027,17.143958333333355,14.79958333333336,14.095833333333351
2014-05-12,14.78450000000002,64.04166666666667,1.0833333333333333,5,17.997916666666686,18.959166666666693,19.988500000000027,17.143958333333355,14.79958333333336,14.095833333333351,13.782083333333352
2014-05-13,17.997916666666686,47.833333333333336,1.0833333333333333,5,18.959166666666693,19.988500000000027,17.143958333333355,14.79958333333336,14.095833333333351,13.782083333333352,14.666666666666691
2014-05-14,18.959166666666693,45.5,1.0833333333333333,5,19.988500000000027,17.143958333333355,14.79958333333336,14.095833333333351,13.782083333333352,14.666666666666691,14.059515401000018
2014-05-15,19.988500000000027,47.291666666666664,0.8333333333333334,5,17.143958333333355,14.79958333333336,14.095833333333351,13.782083333333352,14.666666666666691,14.059515401000018,16.639166666666686
2014-05-16,17.143958333333355,57.5,1.7083333333333333,5,14.79958333333336,14.095833333333351,13.782083333333352,14.666666666666691,14.059515401000018,16.639166666666686,16.802500000000023
2014-05-17,14.79958333333336,70.20833333333333,0.9583333333333334,5,14.095833333333351,13.782083333333352,14.666666666666691,14.059515401000018,16.639166666666686,16.802500000000023,15.016666666666694
2014-05-18,14.095833333333351,73.29166666666667,1.2083333333333333,5,13.782083333333352,14.666666666666691,14.059515401000018,16.639166666666686,16.802500000000023,15.016666666666694,13.449583333333358
2014-05-19,13.782083333333352,84.375,1.1666666666666667,5,14.666666666666691,14.059515401000018,16.639166666666686,16.802500000000023,15.016666666666694,13.449583333333358,13.100000000000023
2014-05-20,14.666666666666691,70.91666666666667,0.7083333333333334,5,14.059515401000018,16.639166666666686,16.802500000000023,15.016666666666694,13.449583333333358,13.100000000000023,13.164583333333352
2014-05-21,14.059515401000018,70.66666666666667,0.9166666666666666,5,16.639166666666686,16.802500000000023,15.016666666666694,13.449583333333358,13.100000000000023,13.164583333333352,13.358750000000024
2014-05-22,16.639166666666686,73.79166666666667,1.5416666666666667,5,16.802500000000023,15.016666666666694,13.449583333333358,13.100000000000023,13.164583333333352,13.358750000000024,13.181250000000027
2014-05-23,16.802500000000023,86.75,2.8333333333333335,5,15.016666666666694,13.449583333333358,13.100000000000023,13.164583333333352,13.358750000000024,13.181250000000027,13.002083333333358
2014-05-24,15.016666666666694,81.16666666666667,2.1666666666666665,5,13.449583333333358,13.100000000000023,13.164583333333352,13.358750000000024,13.181250000000027,13.002083333333358,15.342500000000024
2014-05-25,13.449583333333358,75.20833333333333,0.875,5,13.100000000000023,13.164583333333352,13.358750000000024,13.181250000000027,13.002083333333358,15.342500000000024,15.286666666666685
2014-05-26,13.100000000000023,76.04166666666667,2.4583333333333335,5,13.164583333333352,13.358750000000024,13.181250000000027,13.002083333333358,15.342500000000024,15.286666666666685,16.147916666666685
2014-05-27,13.164583333333352,58.916666666666664,1.2916666666666667,5,13.358750000000024,13.181250000000027,13.002083333333358,15.342500000000024,15.286666666666685,16.147916666666685,15.074113835916684
2014-05-28,13.358750000000024,59.583333333333336,1.6666666666666667,5,13.181250000000027,13.002083333333358,15.342500000000024,15.286666666666685,16.147916666666685,15.074113835916684,14.473633766791691
2014-05-29,13.181250000000027,64.58333333333333,2.7916666666666665,5,13.002083333333358,15.342500000000024,15.286666666666685,16.147916666666685,15.074113835916684,14.473633766791691,14.374166666666696
2014-05-30,13.002083333333358,63.041666666666664,2.25,5,15.342500000000024,15.286666666666685,16.147916666666685,15.074113835916684,14.473633766791691,14.374166666666696,15.963333333333354
2014-05-31,15.342500000000024,55.75,1.4166666666666667,5,15.286666666666685,16.147916666666685,15.074113835916684,14.473633766791691,14.374166666666696,15.963333333333354,16.64458333333336
2014-06-01,15.286666666666685,65.58333333333333,1.4583333333333333,6,16.147916666666685,15.074113835916684,14.473633766791691,14.374166666666696,15.963333333333354,16.64458333333336,16.317500000000024
2014-06-02,16.147916666666685,70.45833333333333,0.625,6,15.074113835916684,14.473633766791691,14.374166666666696,15.963333333333354,16.64458333333336,16.317500000000024,16.388771283375018
2014-06-03,15.074113835916684,71.25,0.875,6,14.473633766791691,14.374166666666696,15.963333333333354,16.64458333333336,16.317500000000024,16.388771283375018,14.814216185333356
2014-06-04,14.473633766791691,73.95833333333333,1.0416666666666667,6,14.374166666666696,15.963333333333354,16.64458333333336,16.317500000000024,16.388771283375018,14.814216185333356,15.913178473416691
2014-06-05,14.374166666666696,69.33333333333333,0.9166666666666666,6,15.963333333333354,16.64458333333336,16.317500000000024,16.388771283375018,14.814216185333356,15.913178473416691,16.556310882500025
2014-06-06,15.963333333333354,63.083333333333336,0.7916666666666666,6,16.64458333333336,16.317500000000024,16.388771283375018,14.814216185333356,15.913178473416691,16.556310882500025,13.464135795000026
2014-06-07,16.64458333333336,70.45833333333333,0.7083333333333334,6,16.317500000000024,16.388771283375018,14.814216185333356,15.913178473416691,16.556310882500025,13.464135795000026,13.005870273291697
2014-06-08,16.317500000000024,68.66666666666667,0.5,6,16.388771283375018,14.814216185333356,15.913178473416691,16.556310882500025,13.464135795000026,13.005870273291697,12.973586193625025
2014-06-09,16.388771283375018,73.20833333333333,1.4166666666666667,6,14.814216185333356,15.913178473416691,16.556310882500025,13.464135795000026,13.005870273291697,12.973586193625025,11.738447254500024
2014-06-10,14.814216185333356,73.08333333333333,1.5833333333333333,6,15.913178473416691,16.556310882500025,13.464135795000026,13.005870273291697,12.973586193625025,11.738447254500024,13.409531176208361
2014-06-11,15.913178473416691,73.29166666666667,0.6666666666666666,6,16.556310882500025,13.464135795000026,13.005870273291697,12.973586193625025,11.738447254500024,13.409531176208361,14.073518194791689
2014-06-12,16.556310882500025,68.54166666666667,1.2916666666666667,6,13.464135795000026,13.005870273291697,12.973586193625025,11.738447254500024,13.409531176208361,14.073518194791689,14.935813587541688
2014-06-13,13.464135795000026,87.25,1.7916666666666667,6,13.005870273291697,12.973586193625025,11.738447254500024,13.409531176208361,14.073518194791689,14.935813587541688,15.434089577583357
2014-06-14,13.005870273291697,79.54166666666667,1.4583333333333333,6,12.973586193625025,11.738447254500024,13.409531176208361,14.073518194791689,14.935813587541688,15.434089577583357,14.723863801083356
2014-06-15,12.973586193625025,81.58333333333333,1.0833333333333333,6,11.738447254500024,13.409531176208361,14.073518194791689,14.935813587541688,15.434089577583357,14.723863801083356,15.32119188920835
2014-06-16,11.738447254500024,83.70833333333333,0.7083333333333334,6,13.409531176208361,14.073518194791689,14.935813587541688,15.434089577583357,14.723863801083356,15.32119188920835,17.951294112958355
2014-06-17,13.409531176208361,79.58333333333333,1.1666666666666667,6,14.073518194791689,14.935813587541688,15.434089577583357,14.723863801083356,15.32119188920835,17.951294112958355,17.76607345795836
2014-06-18,14.073518194791689,78.375,1.5416666666666667,6,14.935813587541688,15.434089577583357,14.723863801083356,15.32119188920835,17.951294112958355,17.76607345795836,18.302497448541686
2014-06-19,14.935813587541688,77.91666666666667,1.125,6,15.434089577583357,14.723863801083356,15.32119188920835,17.951294112958355,17.76607345795836,18.302497448541686,18.68027585533336
2014-06-20,15.434089577583357,76.45833333333333,1.2916666666666667,6,14.723863801083356,15.32119188920835,17.951294112958355,17.76607345795836,18.302497448541686,18.68027585533336,16.23881463120836
2014-06-21,14.723863801083356,70.5,0.9583333333333334,6,15.32119188920835,17.951294112958355,17.76607345795836,18.302497448541686,18.68027585533336,16.23881463120836,16.26364090354169
2014-06-22,15.32119188920835,64.79166666666667,1.0416666666666667,6,17.951294112958355,17.76607345795836,18.302497448541686,18.68027585533336,16.23881463120836,16.26364090354169,16.049540682708358
2014-06-23,17.951294112958355,58.0,0.5833333333333334,6,17.76607345795836,18.302497448541686,18.68027585533336,16.23881463120836,16.26364090354169,16.049540682708358,16.180521693416686
2014-06-24,17.76607345795836,62.791666666666664,1.4166666666666667,6,18.302497448541686,18.68027585533336,16.23881463120836,16.26364090354169,16.049540682708358,16.180521693416686,21.324447003916696
2014-06-25,18.302497448541686,72.45833333333333,0.8333333333333334,6,18.68027585533336,16.23881463120836,16.26364090354169,16.049540682708358,16.180521693416686,21.324447003916696,22.28948953270836
2014-06-26,18.68027585533336,64.16666666666667,1.125,6,16.23881463120836,16.26364090354169,16.049540682708358,16.180521693416686,21.324447003916696,22.28948953270836,17.86635209704169
2014-06-27,16.23881463120836,83.91666666666667,2.1666666666666665,6,16.26364090354169,16.049540682708358,16.180521693416686,21.324447003916696,22.28948953270836,17.86635209704169,17.11213633479169
2014-06-28,16.26364090354169,83.79166666666667,4.166666666666667,6,16.049540682708358,16.180521693416686,21.324447003916696,22.28948953270836,17.86635209704169,17.11213633479169,17.455449023083354
2014-06-29,16.049540682708358,78.04166666666667,2.9583333333333335,6,16.180521693416686,21.324447003916696,22.28948953270836,17.86635209704169,17.11213633479169,17.455449023083354,20.16708333333335
2014-06-30,16.180521693416686,75.20833333333333,1.5,6,21.324447003916696,22.28948953270836,17.86635209704169,17.11213633479169,17.455449023083354,20.16708333333335,20.788750000000025
2014-07-01,21.324447003916696,50.166666666666664,2.9583333333333335,7,22.28948953270836,17.86635209704169,17.11213633479169,17.455449023083354,20.16708333333335,20.788750000000025,21.31193015758336
2014-07-02,22.28948953270836,66.45833333333333,2.8333333333333335,7,17.86635209704169,17.11213633479169,17.455449023083354,20.16708333333335,20.788750000000025,21.31193015758336,20.308750000000018
2014-07-03,17.86635209704169,74.66666666666667,2.625,7,17.11213633479169,17.455449023083354,20.16708333333335,20.788750000000025,21.31193015758336,20.308750000000018,20.038333333333362
2014-07-04,17.11213633479169,71.45833333333333,1.8333333333333333,7,17.455449023083354,20.16708333333335,20.788750000000025,21.31193015758336,20.308750000000018,20.038333333333362,21.74404576387502
2014-07-05,17.455449023083354,74.75,2.5833333333333335,7,20.16708333333335,20.788750000000025,21.31193015758336,20.308750000000018,20.038333333333362,21.74404576387502,23.498333333333353
2014-07-06,20.16708333333335,71.25,2.5,7,20.788750000000025,21.31193015758336,20.308750000000018,20.038333333333362,21.74404576387502,23.498333333333353,22.88750000000002
2014-07-07,20.788750000000025,78.0,3.3333333333333335,7,21.31193015758336,20.308750000000018,20.038333333333362,21.74404576387502,23.498333333333353,22.88750000000002,21.316600916208355
2014-07-08,21.31193015758336,70.66666666666667,2.3333333333333335,7,20.308750000000018,20.038333333333362,21.74404576387502,23.498333333333353,22.88750000000002,21.316600916208355,21.147500000000026
2014-07-09,20.308750000000018,74.25,1.875,7,20.038333333333362,21.74404576387502,23.498333333333353,22.88750000000002,21.316600916208355,21.147500000000026,22.0391666666667
2014-07-10,20.038333333333362,73.0,1.5833333333333333,7,21.74404576387502,23.498333333333353,22.88750000000002,21.316600916208355,21.147500000000026,22.0391666666667,19.708750000000027
2014-07-11,21.74404576387502,59.666666666666664,1.8333333333333333,7,23.498333333333353,22.88750000000002,21.316600916208355,21.147500000000026,22.0391666666667,19.708750000000027,17.91000000000002
2014-07-12,23.498333333333353,65.25,1.4166666666666667,7,22.88750000000002,21.316600916208355,21.147500000000026,22.0391666666667,19.708750000000027,17.91000000000002,19.262916666666687
2014-07-13,22.88750000000002,59.291666666666664,1.9583333333333333,7,21.316600916208355,21.147500000000026,22.0391666666667,19.708750000000027,17.91000000000002,19.262916666666687,16.295416666666693
2014-07-14,21.316600916208355,79.0,2.25,7,21.147500000000026,22.0391666666667,19.708750000000027,17.91000000000002,19.262916666666687,16.295416666666693,15.828333333333363
2014-07-15,21.147500000000026,59.916666666666664,1.6666666666666667,7,22.0391666666667,19.708750000000027,17.91000000000002,19.262916666666687,16.295416666666693,15.828333333333363,16.187500000000018
2014-07-16,22.0391666666667,52.583333333333336,1.8333333333333333,7,19.708750000000027,17.91000000000002,19.262916666666687,16.295416666666693,15.828333333333363,16.187500000000018,16.467500000000022
2014-07-17,19.708750000000027,59.0,2.4166666666666665,7,17.91000000000002,19.262916666666687,16.295416666666693,15.828333333333363,16.187500000000018,16.467500000000022,14.794489698500023
2014-07-18,17.91000000000002,60.291666666666664,2.3333333333333335,7,19.262916666666687,16.295416666666693,15.828333333333363,16.187500000000018,16.467500000000022,14.794489698500023,15.836242515125015
2014-07-19,19.262916666666687,64.16666666666667,3.3333333333333335,7,16.295416666666693,15.828333333333363,16.187500000000018,16.467500000000022,14.794489698500023,15.836242515125015,17.23083333333336
2014-07-20,16.295416666666693,73.125,2.4166666666666665,7,15.828333333333363,16.187500000000018,16.467500000000022,14.794489698500023,15.836242515125015,17.23083333333336,18.476360438083354
2014-07-21,15.828333333333363,68.0,1.375,7,16.187500000000018,16.467500000000022,14.794489698500023,15.836242515125015,17.23083333333336,18.476360438083354,20.348062214333357
2014-07-22,16.187500000000018,68.875,1.25,7,16.467500000000022,14.794489698500023,15.836242515125015,17.23083333333336,18.476360438083354,20.348062214333357,21.22504166666669
2014-07-23,16.467500000000022,85.45833333333333,1.4166666666666667,7,14.794489698500023,15.836242515125015,17.23083333333336,18.476360438083354,20.348062214333357,21.22504166666669,20.688158143458356
2014-07-24,14.794489698500023,88.91666666666667,3.4583333333333335,7,15.836242515125015,17.23083333333336,18.476360438083354,20.348062214333357,21.22504166666669,20.688158143458356,20.410581163583355
2014-07-25,15.836242515125015,72.83333333333333,1.9166666666666667,7,17.23083333333336,18.476360438083354,20.348062214333357,21.22504166666669,20.688158143458356,20.410581163583355,20.63736614237503
2014-07-26,17.23083333333336,65.125,1.625,7,18.476360438083354,20.348062214333357,21.22504166666669,20.688158143458356,20.410581163583355,20.63736614237503,20.99075240816669
2014-07-27,18.476360438083354,59.416666666666664,2.5,7,20.348062214333357,21.22504166666669,20.688158143458356,20.410581163583355,20.63736614237503,20.99075240816669,21.555432044333354
2014-07-28,20.348062214333357,55.75,1.5416666666666667,7,21.22504166666669,20.688158143458356,20.410581163583355,20.63736614237503,20.99075240816669,21.555432044333354,22.902866716375026
2014-07-29,21.22504166666669,56.791666666666664,1.375,7,20.688158143458356,20.410581163583355,20.63736614237503,20.99075240816669,21.555432044333354,22.902866716375026,19.424166666666693
2014-07-30,20.688158143458356,55.5,1.75,7,20.410581163583355,20.63736614237503,20.99075240816669,21.555432044333354,22.902866716375026,19.424166666666693,19.310000000000027
2014-07-31,20.410581163583355,47.208333333333336,2.7916666666666665,7,20.63736614237503,20.99075240816669,21.555432044333354,22.902866716375026,19.424166666666693,19.310000000000027,19.449943203250026
2014-08-01,20.63736614237503,50.333333333333336,1.6666666666666667,8,20.99075240816669,21.555432044333354,22.902866716375026,19.424166666666693,19.310000000000027,19.449943203250026,18.581661980708358
2014-08-02,20.99075240816669,62.625,0.625,8,21.555432044333354,22.902866716375026,19.424166666666693,19.310000000000027,19.449943203250026,18.581661980708358,18.28960416666669
2014-08-03,21.555432044333354,63.791666666666664,1.4166666666666667,8,22.902866716375026,19.424166666666693,19.310000000000027,19.449943203250026,18.581661980708358,18.28960416666669,19.90100000000002
2014-08-04,22.902866716375026,47.333333333333336,1.5416666666666667,8,19.424166666666693,19.310000000000027,19.449943203250026,18.581661980708358,18.28960416666669,19.90100000000002,23.498833333333362
2014-08-05,19.424166666666693,56.916666666666664,2.2916666666666665,8,19.310000000000027,19.449943203250026,18.581661980708358,18.28960416666669,19.90100000000002,23.498833333333362,23.319937500000023
2014-08-06,19.310000000000027,64.08333333333333,1.5,8,19.449943203250026,18.581661980708358,18.28960416666669,19.90100000000002,23.498833333333362,23.319937500000023,19.867479166666687
2014-08-07,19.449943203250026,60.666666666666664,1.4583333333333333,8,18.581661980708358,18.28960416666669,19.90100000000002,23.498833333333362,23.319937500000023,19.867479166666687,18.16245833333336
2014-08-08,18.581661980708358,58.416666666666664,1.625,8,18.28960416666669,19.90100000000002,23.498833333333362,23.319937500000023,19.867479166666687,18.16245833333336,19.257354166666687
2014-08-09,18.28960416666669,64.95833333333333,1.25,8,19.90100000000002,23.498833333333362,23.319937500000023,19.867479166666687,18.16245833333336,19.257354166666687,19.237958333333356
2014-08-10,19.90100000000002,53.041666666666664,2.125,8,23.498833333333362,23.319937500000023,19.867479166666687,18.16245833333336,19.257354166666687,19.237958333333356,19.925354166666686
2014-08-11,23.498833333333362,46.375,1.5833333333333333,8,23.319937500000023,19.867479166666687,18.16245833333336,19.257354166666687,19.237958333333356,19.925354166666686,20.725000000000023
2014-08-12,23.319937500000023,61.541666666666664,1.0416666666666667,8,19.867479166666687,18.16245833333336,19.257354166666687,19.237958333333356,19.925354166666686,20.725000000000023,21.705000000000023
2014-08-13,19.867479166666687,86.95833333333333,1.2083333333333333,8,18.16245833333336,19.257354166666687,19.237958333333356,19.925354166666686,20.725000000000023,21.705000000000023,18.703583333333352
2014-08-14,18.16245833333336,82.04166666666667,0.7083333333333334,8,19.257354166666687,19.237958333333356,19.925354166666686,20.725000000000023,21.705000000000023,18.703583333333352,16.532312500000028
2014-08-15,19.257354166666687,77.04166666666667,0.7083333333333334,8,19.237958333333356,19.925354166666686,20.725000000000023,21.705000000000023,18.703583333333352,16.532312500000028,16.670979166666694
2014-08-16,19.237958333333356,77.45833333333333,0.875,8,19.925354166666686,20.725000000000023,21.705000000000023,18.703583333333352,16.532312500000028,16.670979166666694,17.608770833333356
2014-08-17,19.925354166666686,68.79166666666667,1.0833333333333333,8,20.725000000000023,21.705000000000023,18.703583333333352,16.532312500000028,16.670979166666694,17.608770833333356,18.568104166666693
2014-08-18,20.725000000000023,65.29166666666667,1.375,8,21.705000000000023,18.703583333333352,16.532312500000028,16.670979166666694,17.608770833333356,18.568104166666693,18.955729166666682
2014-08-19,21.705000000000023,61.375,1.2916666666666667,8,18.703583333333352,16.532312500000028,16.670979166666694,17.608770833333356,18.568104166666693,18.955729166666682,19.965458333333356
2014-08-20,18.703583333333352,64.79166666666667,2.75,8,16.532312500000028,16.670979166666694,17.608770833333356,18.568104166666693,18.955729166666682,19.965458333333356,21.489708333333354
2014-08-21,16.532312500000028,75.125,1.5833333333333333,8,16.670979166666694,17.608770833333356,18.568104166666693,18.955729166666682,19.965458333333356,21.489708333333354,20.059479166666687
2014-08-22,16.670979166666694,77.79166666666667,0.6666666666666666,8,17.608770833333356,18.568104166666693,18.955729166666682,19.965458333333356,21.489708333333354,20.059479166666687,17.921604166666693
2014-08-23,17.608770833333356,76.45833333333333,0.7916666666666666,8,18.568104166666693,18.955729166666682,19.965458333333356,21.489708333333354,20.059479166666687,17.921604166666693,16.68945833333336
2014-08-24,18.568104166666693,72.33333333333333,0.5416666666666666,8,18.955729166666682,19.965458333333356,21.489708333333354,20.059479166666687,17.921604166666693,16.68945833333336,15.926958333333355
2014-08-25,18.955729166666682,69.0,1.0833333333333333,8,19.965458333333356,21.489708333333354,20.059479166666687,17.921604166666693,16.68945833333336,15.926958333333355,16.027437500000023
2014-08-26,19.965458333333356,62.5,1.0,8,21.489708333333354,20.059479166666687,17.921604166666693,16.68945833333336,15.926958333333355,16.027437500000023,17.122083333333357
2014-08-27,21.489708333333354,62.125,0.6666666666666666,8,20.059479166666687,17.921604166666693,16.68945833333336,15.926958333333355,16.027437500000023,17.122083333333357,14.985937500000025
2014-08-28,20.059479166666687,69.33333333333333,1.3333333333333333,8,17.921604166666693,16.68945833333336,15.926958333333355,16.027437500000023,17.122083333333357,14.985937500000025,14.520687500000028
2014-08-29,17.921604166666693,77.58333333333333,1.7916666666666667,8,16.68945833333336,15.926958333333355,16.027437500000023,17.122083333333357,14.985937500000025,14.520687500000028,18.007187500000022
2014-08-30,16.68945833333336,76.08333333333333,1.9166666666666667,8,15.926958333333355,16.027437500000023,17.122083333333357,14.985937500000025,14.520687500000028,18.007187500000022,19.446708333333362
2014-08-31,15.926958333333355,88.91666666666667,1.125,8,16.027437500000023,17.122083333333357,14.985937500000025,14.520687500000028,18.007187500000022,19.446708333333362,19.377395833333363
2014-09-01,16.027437500000023,75.875,1.125,9,17.122083333333357,14.985937500000025,14.520687500000028,18.007187500000022,19.446708333333362,19.377395833333363,18.03412500000002
2014-09-02,17.122083333333357,76.54166666666667,1.2916666666666667,9,14.985937500000025,14.520687500000028,18.007187500000022,19.446708333333362,19.377395833333363,18.03412500000002,16.55185416666669
2014-09-03,14.985937500000025,79.75,2.0833333333333335,9,14.520687500000028,18.007187500000022,19.446708333333362,19.377395833333363,18.03412500000002,16.55185416666669,15.719166666666688
2014-09-04,14.520687500000028,75.25,1.3333333333333333,9,18.007187500000022,19.446708333333362,19.377395833333363,18.03412500000002,16.55185416666669,15.719166666666688,16.202270833333355
2014-09-05,18.007187500000022,59.5,2.7916666666666665,9,19.446708333333362,19.377395833333363,18.03412500000002,16.55185416666669,15.719166666666688,16.202270833333355,16.61516666666669
2014-09-06,19.446708333333362,55.75,1.75,9,19.377395833333363,18.03412500000002,16.55185416666669,15.719166666666688,16.202270833333355,16.61516666666669,18.42893750000002
2014-09-07,19.377395833333363,57.291666666666664,0.75,9,18.03412500000002,16.55185416666669,15.719166666666688,16.202270833333355,16.61516666666669,18.42893750000002,17.831437500000025
2014-09-08,18.03412500000002,66.83333333333333,1.875,9,16.55185416666669,15.719166666666688,16.202270833333355,16.61516666666669,18.42893750000002,17.831437500000025,18.53554166666669
2014-09-09,16.55185416666669,75.875,1.8333333333333333,9,15.719166666666688,16.202270833333355,16.61516666666669,18.42893750000002,17.831437500000025,18.53554166666669,19.351854166666683
2014-09-10,15.719166666666688,77.41666666666667,1.2083333333333333,9,16.202270833333355,16.61516666666669,18.42893750000002,17.831437500000025,18.53554166666669,19.351854166666683,17.64372916666669
2014-09-11,16.202270833333355,48.958333333333336,3.0,9,16.61516666666669,18.42893750000002,17.831437500000025,18.53554166666669,19.351854166666683,17.64372916666669,17.682604166666685
2014-09-12,16.61516666666669,39.791666666666664,2.4166666666666665,9,18.42893750000002,17.831437500000025,18.53554166666669,19.351854166666683,17.64372916666669,17.682604166666685,18.20045833333336
2014-09-13,18.42893750000002,39.208333333333336,2.375,9,17.831437500000025,18.53554166666669,19.351854166666683,17.64372916666669,17.682604166666685,18.20045833333336,17.714125000000017
2014-09-14,17.831437500000025,51.375,1.2916666666666667,9,18.53554166666669,19.351854166666683,17.64372916666669,17.682604166666685,18.20045833333336,17.714125000000017,18.587041666666686
2014-09-15,18.53554166666669,54.625,1.0416666666666667,9,19.351854166666683,17.64372916666669,17.682604166666685,18.20045833333336,17.714125000000017,18.587041666666686,19.100875000000023
2014-09-16,19.351854166666683,61.458333333333336,1.25,9,17.64372916666669,17.682604166666685,18.20045833333336,17.714125000000017,18.587041666666686,19.100875000000023,16.681333333333356
2014-09-17,17.64372916666669,71.25,1.1666666666666667,9,17.682604166666685,18.20045833333336,17.714125000000017,18.587041666666686,19.100875000000023,16.681333333333356,16.006687500000023
2014-09-18,17.682604166666685,74.45833333333333,0.9583333333333334,9,18.20045833333336,17.714125000000017,18.587041666666686,19.100875000000023,16.681333333333356,16.006687500000023,14.852562500000019
2014-09-19,18.20045833333336,75.83333333333333,1.9583333333333333,9,17.714125000000017,18.587041666666686,19.100875000000023,16.681333333333356,16.006687500000023,14.852562500000019,14.008395833333365
2014-09-20,17.714125000000017,75.33333333333333,2.125,9,18.587041666666686,19.100875000000023,16.681333333333356,16.006687500000023,14.852562500000019,14.008395833333365,13.846458333333358
2014-09-21,18.587041666666686,70.33333333333333,1.2083333333333333,9,19.100875000000023,16.681333333333356,16.006687500000023,14.852562500000019,14.008395833333365,13.846458333333358,14.00416666666669
2014-09-22,19.100875000000023,72.08333333333333,1.8333333333333333,9,16.681333333333356,16.006687500000023,14.852562500000019,14.008395833333365,13.846458333333358,14.00416666666669,13.700854166666687
2014-09-23,16.681333333333356,83.29166666666667,0.7916666666666666,9,16.006687500000023,14.852562500000019,14.008395833333365,13.846458333333358,14.00416666666669,13.700854166666687,12.995020833333358
2014-09-24,16.006687500000023,94.54166666666667,1.5416666666666667,9,14.852562500000019,14.008395833333365,13.846458333333358,14.00416666666669,13.700854166666687,12.995020833333358,12.723000000000022
2014-09-25,14.852562500000019,91.70833333333333,0.8333333333333334,9,14.008395833333365,13.846458333333358,14.00416666666669,13.700854166666687,12.995020833333358,12.723000000000022,11.47739583333336
2014-09-26,14.008395833333365,94.08333333333333,1.7083333333333333,9,13.846458333333358,14.00416666666669,13.700854166666687,12.995020833333358,12.723000000000022,11.47739583333336,12.28310416666669
2014-09-27,13.846458333333358,90.58333333333333,1.4166666666666667,9,14.00416666666669,13.700854166666687,12.995020833333358,12.723000000000022,11.47739583333336,12.28310416666669,14.190020833333358
2014-09-28,14.00416666666669,82.25,1.625,9,13.700854166666687,12.995020833333358,12.723000000000022,11.47739583333336,12.28310416666669,14.190020833333358,14.346479166666684
2014-09-29,13.700854166666687,87.29166666666667,1.5833333333333333,9,12.995020833333358,12.723000000000022,11.47739583333336,12.28310416666669,14.190020833333358,14.346479166666684,15.709395833333351
2014-09-30,12.995020833333358,92.75,1.8333333333333333,9,12.723000000000022,11.47739583333336,12.28310416666669,14.190020833333358,14.346479166666684,15.709395833333351,16.737875000000027
2014-10-01,12.723000000000022,88.41666666666667,1.25,10,11.47739583333336,12.28310416666669,14.190020833333358,14.346479166666684,15.709395833333351,16.737875000000027,15.505333333333356
2014-10-02,11.47739583333336,82.75,0.9583333333333334,10,12.28310416666669,14.190020833333358,14.346479166666684,15.709395833333351,16.737875000000027,15.505333333333356,13.951562500000023
2014-10-03,12.28310416666669,81.25,1.625,10,14.190020833333358,14.346479166666684,15.709395833333351,16.737875000000027,15.505333333333356,13.951562500000023,13.09087500000002
2014-10-04,14.190020833333358,80.66666666666667,0.7083333333333334,10,14.346479166666684,15.709395833333351,16.737875000000027,15.505333333333356,13.951562500000023,13.09087500000002,14.789062500000021
2014-10-05,14.346479166666684,82.83333333333333,0.8333333333333334,10,15.709395833333351,16.737875000000027,15.505333333333356,13.951562500000023,13.09087500000002,14.789062500000021,12.355500000000026
2014-10-06,15.709395833333351,79.54166666666667,1.0,10,16.737875000000027,15.505333333333356,13.951562500000023,13.09087500000002,14.789062500000021,12.355500000000026,13.335583333333354
2014-10-07,16.737875000000027,83.83333333333333,1.25,10,15.505333333333356,13.951562500000023,13.09087500000002,14.789062500000021,12.355500000000026,13.335583333333354,13.146854166666683
2014-10-08,15.505333333333356,87.625,1.0,10,13.951562500000023,13.09087500000002,14.789062500000021,12.355500000000026,13.335583333333354,13.146854166666683,11.691604166666687
2014-10-09,13.951562500000023,87.875,1.0,10,13.09087500000002,14.789062500000021,12.355500000000026,13.335583333333354,13.146854166666683,11.691604166666687,12.161041666666689
2014-10-10,13.09087500000002,87.25,1.25,10,14.789062500000021,12.355500000000026,13.335583333333354,13.146854166666683,11.691604166666687,12.161041666666689,13.135312500000019
2014-10-11,14.789062500000021,91.04166666666667,2.4166666666666665,10,12.355500000000026,13.335583333333354,13.146854166666683,11.691604166666687,12.161041666666689,13.135312500000019,15.129562500000022
2014-10-12,12.355500000000026,95.58333333333333,1.5416666666666667,10,13.335583333333354,13.146854166666683,11.691604166666687,12.161041666666689,13.135312500000019,15.129562500000022,15.199645833333362
2014-10-13,13.335583333333354,81.95833333333333,1.4583333333333333,10,13.146854166666683,11.691604166666687,12.161041666666689,13.135312500000019,15.129562500000022,15.199645833333362,14.84614583333335
2014-10-14,13.146854166666683,92.08333333333333,2.9583333333333335,10,11.691604166666687,12.161041666666689,13.135312500000019,15.129562500000022,15.199645833333362,14.84614583333335,12.978708333333358
2014-10-15,11.691604166666687,97.33333333333333,1.6666666666666667,10,12.161041666666689,13.135312500000019,15.129562500000022,15.199645833333362,14.84614583333335,12.978708333333358,13.643583333333352
2014-10-16,12.161041666666689,95.41666666666667,1.875,10,13.135312500000019,15.129562500000022,15.199645833333362,14.84614583333335,12.978708333333358,13.643583333333352,11.536166666666686
2014-10-17,13.135312500000019,76.375,1.4583333333333333,10,15.129562500000022,15.199645833333362,14.84614583333335,12.978708333333358,13.643583333333352,11.536166666666686,10.263979166666692
2014-10-18,15.129562500000022,91.29166666666667,2.1666666666666665,10,15.199645833333362,14.84614583333335,12.978708333333358,13.643583333333352,11.536166666666686,10.263979166666692,10.914166666666695
2014-10-19,15.199645833333362,86.08333333333333,1.25,10,14.84614583333335,12.978708333333358,13.643583333333352,11.536166666666686,10.263979166666692,10.914166666666695,10.895416666666689
2014-10-20,14.84614583333335,85.91666666666667,2.0416666666666665,10,12.978708333333358,13.643583333333352,11.536166666666686,10.263979166666692,10.914166666666695,10.895416666666689,8.335416666666688
2014-10-21,12.978708333333358,91.79166666666667,2.625,10,13.643583333333352,11.536166666666686,10.263979166666692,10.914166666666695,10.895416666666689,8.335416666666688,10.848500000000023
2014-10-22,13.643583333333352,85.875,4.458333333333333,10,11.536166666666686,10.263979166666692,10.914166666666695,10.895416666666689,8.335416666666688,10.848500000000023,12.85266666666669
2014-10-23,11.536166666666686,96.25,3.625,10,10.263979166666692,10.914166666666695,10.895416666666689,8.335416666666688,10.848500000000023,12.85266666666669,11.212000000000025
2014-10-24,10.263979166666692,94.66666666666667,1.7083333333333333,10,10.914166666666695,10.895416666666689,8.335416666666688,10.848500000000023,12.85266666666669,11.212000000000025,11.30568750000002
2014-10-25,10.914166666666695,95.20833333333333,1.5416666666666667,10,10.895416666666689,8.335416666666688,10.848500000000023,12.85266666666669,11.212000000000025,11.30568750000002,7.574625000000026
2014-10-26,10.895416666666689,95.5,4.125,10,8.335416666666688,10.848500000000023,12.85266666666669,11.212000000000025,11.30568750000002,7.574625000000026,7.691895833333359
2014-10-27,8.335416666666688,97.5,1.4166666666666667,10,10.848500000000023,12.85266666666669,11.212000000000025,11.30568750000002,7.574625000000026,7.691895833333359,11.144666666666692
2014-10-28,10.848500000000023,91.29166666666667,2.375,10,12.85266666666669,11.212000000000025,11.30568750000002,7.574625000000026,7.691895833333359,11.144666666666692,12.190583333333356
2014-10-29,12.85266666666669,95.83333333333333,3.0416666666666665,10,11.212000000000025,11.30568750000002,7.574625000000026,7.691895833333359,11.144666666666692,12.190583333333356,10.597770833333357
2014-10-30,11.212000000000025,94.66666666666667,0.9166666666666666,10,11.30568750000002,7.574625000000026,7.691895833333359,11.144666666666692,12.190583333333356,10.597770833333357,12.579812500000024
2014-10-31,11.30568750000002,98.75,1.0,10,7.574625000000026,7.691895833333359,11.144666666666692,12.190583333333356,10.597770833333357,12.579812500000024,10.732250000000024
2014-11-01,7.574625000000026,97.91666666666667,1.0416666666666667,11,7.691895833333359,11.144666666666692,12.190583333333356,10.597770833333357,12.579812500000024,10.732250000000024,7.729687500000021
2014-11-02,7.691895833333359,98.625,1.875,11,11.144666666666692,12.190583333333356,10.597770833333357,12.579812500000024,10.732250000000024,7.729687500000021,8.572708333333365
2014-11-03,11.144666666666692,97.70833333333333,2.9166666666666665,11,12.190583333333356,10.597770833333357,12.579812500000024,10.732250000000024,7.729687500000021,8.572708333333365,6.540187500000026
2014-11-04,12.190583333333356,95.5,4.333333333333333,11,10.597770833333357,12.579812500000024,10.732250000000024,7.729687500000021,8.572708333333365,6.540187500000026,4.857437500000017
2014-11-05,10.597770833333357,95.875,1.375,11,12.579812500000024,10.732250000000024,7.729687500000021,8.572708333333365,6.540187500000026,4.857437500000017,2.468729166666686
2014-11-06,12.579812500000024,92.41666666666667,3.2083333333333335,11,10.732250000000024,7.729687500000021,8.572708333333365,6.540187500000026,4.857437500000017,2.468729166666686,1.372125000000023
2014-11-07,10.732250000000024,88.875,2.6666666666666665,11,7.729687500000021,8.572708333333365,6.540187500000026,4.857437500000017,2.468729166666686,1.372125000000023,-0.35770833333331115
2014-11-08,7.729687500000021,93.0,1.375,11,8.572708333333365,6.540187500000026,4.857437500000017,2.468729166666686,1.372125000000023,-0.35770833333331115,0.5036458333333537
2014-11-09,8.572708333333365,96.20833333333333,1.75,11,6.540187500000026,4.857437500000017,2.468729166666686,1.372125000000023,-0.35770833333331115,0.5036458333333537,-0.08589583333331301
2014-11-10,6.540187500000026,96.70833333333333,1.125,11,4.857437500000017,2.468729166666686,1.372125000000023,-0.35770833333331115,0.5036458333333537,-0.08589583333331301,0.40800000000002495
2014-11-11,4.857437500000017,85.875,4.291666666666667,11,2.468729166666686,1.372125000000023,-0.35770833333331115,0.5036458333333537,-0.08589583333331301,0.40800000000002495,0.41420833333336066
2014-11-12,2.468729166666686,74.04166666666667,4.333333333333333,11,1.372125000000023,-0.35770833333331115,0.5036458333333537,-0.08589583333331301,0.40800000000002495,0.41420833333336066,3.265083333333358
2014-11-13,1.372125000000023,83.0,2.7083333333333335,11,-0.35770833333331115,0.5036458333333537,-0.08589583333331301,0.40800000000002495,0.41420833333336066,3.265083333333358,6.263062500000018
2014-11-14,-0.35770833333331115,91.25,1.9583333333333333,11,0.5036458333333537,-0.08589583333331301,0.40800000000002495,0.41420833333336066,3.265083333333358,6.263062500000018,8.350666666666688
2014-11-15,0.5036458333333537,91.5,2.4166666666666665,11,-0.08589583333331301,0.40800000000002495,0.41420833333336066,3.265083333333358,6.263062500000018,8.350666666666688,8.260270833333358
2014-11-16,-0.08589583333331301,92.45833333333333,2.0,11,0.40800000000002495,0.41420833333336066,3.265083333333358,6.263062500000018,8.350666666666688,8.260270833333358,8.207625000000021
2014-11-17,0.40800000000002495,92.25,1.5833333333333333,11,0.41420833333336066,3.265083333333358,6.263062500000018,8.350666666666688,8.260270833333358,8.207625000000021,6.604083333333352
2014-11-18,0.41420833333336066,92.58333333333333,1.625,11,3.265083333333358,6.263062500000018,8.350666666666688,8.260270833333358,8.207625000000021,6.604083333333352,10.774583333333352
2014-11-19,3.265083333333358,88.33333333333333,1.5,11,6.263062500000018,8.350666666666688,8.260270833333358,8.207625000000021,6.604083333333352,10.774583333333352,12.760375000000025
2014-11-20,6.263062500000018,94.375,1.75,11,8.350666666666688,8.260270833333358,8.207625000000021,6.604083333333352,10.774583333333352,12.760375000000025,12.539104166666691
2014-11-21,8.350666666666688,97.58333333333333,2.5833333333333335,11,8.260270833333358,8.207625000000021,6.604083333333352,10.774583333333352,12.760375000000025,12.539104166666691,11.269604166666694
2014-11-22,8.260270833333358,97.20833333333333,4.208333333333333,11,8.207625000000021,6.604083333333352,10.774583333333352,12.760375000000025,12.539104166666691,11.269604166666694,3.379229166666685
2014-11-23,8.207625000000021,95.25,4.625,11,6.604083333333352,10.774583333333352,12.760375000000025,12.539104166666691,11.269604166666694,3.379229166666685,-2.7072708333333133
2014-11-24,6.604083333333352,98.04166666666667,2.4166666666666665,11,10.774583333333352,12.760375000000025,12.539104166666691,11.269604166666694,3.379229166666685,-2.7072708333333133,-2.7714374999999833
2014-11-25,10.774583333333352,97.75,2.7083333333333335,11,12.760375000000025,12.539104166666691,11.269604166666694,3.379229166666685,-2.7072708333333133,-2.7714374999999833,-1.7935416666666366
2014-11-26,12.760375000000025,94.70833333333333,4.041666666666667,11,12.539104166666691,11.269604166666694,3.379229166666685,-2.7072708333333133,-2.7714374999999833,-1.7935416666666366,0.10433333333335071
2014-11-27,12.539104166666691,93.45833333333333,4.083333333333333,11,11.269604166666694,3.379229166666685,-2.7072708333333133,-2.7714374999999833,-1.7935416666666366,0.10433333333335071,2.2091666666666896
2014-11-28,11.269604166666694,96.04166666666667,4.458333333333333,11,3.379229166666685,-2.7072708333333133,-2.7714374999999833,-1.7935416666666366,0.10433333333335071,2.2091666666666896,4.190333333333354
2014-11-29,3.379229166666685,100.0,3.0416666666666665,11,-2.7072708333333133,-2.7714374999999833,-1.7935416666666366,0.10433333333335071,2.2091666666666896,4.190333333333354,6.173479166666688
2014-11-30,-2.7072708333333133,100.0,2.4166666666666665,11,-2.7714374999999833,-1.7935416666666366,0.10433333333335071,2.2091666666666896,4.190333333333354,6.173479166666688,6.798416666666692
2014-12-01,-2.7714374999999833,100.0,1.8333333333333333,12,-1.7935416666666366,0.10433333333335071,2.2091666666666896,4.190333333333354,6.173479166666688,6.798416666666692,6.285895833333356
2014-12-02,-1.7935416666666366,99.08333333333333,2.2083333333333335,12,0.10433333333335071,2.2091666666666896,4.190333333333354,6.173479166666688,6.798416666666692,6.285895833333356,11.93331250000002
2014-12-03,0.10433333333335071,96.20833333333333,2.4166666666666665,12,2.2091666666666896,4.190333333333354,6.173479166666688,6.798416666666692,6.285895833333356,11.93331250000002,12.655979166666684
2014-12-04,2.2091666666666896,94.66666666666667,1.4166666666666667,12,4.190333333333354,6.173479166666688,6.798416666666692,6.285895833333356,11.93331250000002,12.655979166666684,10.022604166666687
2014-12-05,4.190333333333354,100.0,1.2083333333333333,12,6.173479166666688,6.798416666666692,6.285895833333356,11.93331250000002,12.655979166666684,10.022604166666687,9.778395833333356
2014-12-06,6.173479166666688,99.41666666666667,2.125,12,6.798416666666692,6.285895833333356,11.93331250000002,12.655979166666684,10.022604166666687,9.778395833333356,6.687479166666691
2014-12-07,6.798416666666692,97.70833333333333,1.4166666666666667,12,6.285895833333356,11.93331250000002,12.655979166666684,10.022604166666687,9.778395833333356,6.687479166666691,3.9157708333333545
2014-12-08,6.285895833333356,97.83333333333333,2.0416666666666665,12,11.93331250000002,12.655979166666684,10.022604166666687,9.778395833333356,6.687479166666691,3.9157708333333545,3.649520833333355
2014-12-09,11.93331250000002,92.66666666666667,4.583333333333333,12,12.655979166666684,10.022604166666687,9.778395833333356,6.687479166666691,3.9157708333333545,3.649520833333355,5.633625000000019
2014-12-10,12.655979166666684,91.58333333333333,3.9166666666666665,12,10.022604166666687,9.778395833333356,6.687479166666691,3.9157708333333545,3.649520833333355,5.633625000000019,4.010500000000022
2014-12-11,10.022604166666687,93.41666666666667,3.375,12,9.778395833333356,6.687479166666691,3.9157708333333545,3.649520833333355,5.633625000000019,4.010500000000022,5.711770833333358
2014-12-12,9.778395833333356,93.95833333333333,3.875,12,6.687479166666691,3.9157708333333545,3.649520833333355,5.633625000000019,4.010500000000022,5.711770833333358,8.182937500000024
2014-12-13,6.687479166666691,98.91666666666667,0.9583333333333334,12,3.9157708333333545,3.649520833333355,5.633625000000019,4.010500000000022,5.711770833333358,8.182937500000024,7.752333333333357
2014-12-14,3.9157708333333545,96.5,1.6666666666666667,12,3.649520833333355,5.633625000000019,4.010500000000022,5.711770833333358,8.182937500000024,7.752333333333357,10.771645833333354
2014-12-15,3.649520833333355,94.16666666666667,1.5416666666666667,12,5.633625000000019,4.010500000000022,5.711770833333358,8.182937500000024,7.752333333333357,10.771645833333354,8.311125000000027
2014-12-16,5.633625000000019,92.91666666666667,1.375,12,4.010500000000022,5.711770833333358,8.182937500000024,7.752333333333357,10.771645833333354,8.311125000000027,6.555645833333355
2014-12-17,4.010500000000022,99.58333333333333,1.2083333333333333,12,5.711770833333358,8.182937500000024,7.752333333333357,10.771645833333354,8.311125000000027,6.555645833333355,6.542625000000027
2014-12-18,5.711770833333358,99.375,1.3333333333333333,12,8.182937500000024,7.752333333333357,10.771645833333354,8.311125000000027,6.555645833333355,6.542625000000027,3.847875000000021
2014-12-19,8.182937500000024,97.58333333333333,3.125,12,7.752333333333357,10.771645833333354,8.311125000000027,6.555645833333355,6.542625000000027,3.847875000000021,2.3606041666666897
2014-12-20,7.752333333333357,96.29166666666667,3.1666666666666665,12,10.771645833333354,8.311125000000027,6.555645833333355,6.542625000000027,3.847875000000021,2.3606041666666897,3.1165833333333546
2014-12-21,10.771645833333354,94.41666666666667,4.375,12,8.311125000000027,6.555645833333355,6.542625000000027,3.847875000000021,2.3606041666666897,3.1165833333333546,4.89920833333336
2014-12-22,8.311125000000027,96.125,2.375,12,6.555645833333355,6.542625000000027,3.847875000000021,2.3606041666666897,3.1165833333333546,4.89920833333336,2.425833333333358
2014-12-23,6.555645833333355,97.375,1.5,12,6.542625000000027,3.847875000000021,2.3606041666666897,3.1165833333333546,4.89920833333336,2.425833333333358,-0.35979166666664497
2014-12-24,6.542625000000027,99.45833333333333,1.375,12,3.847875000000021,2.3606041666666897,3.1165833333333546,4.89920833333336,2.425833333333358,-0.35979166666664497,-2.8614374999999797
2014-12-25,3.847875000000021,99.70833333333333,0.9166666666666666,12,2.3606041666666897,3.1165833333333546,4.89920833333336,2.425833333333358,-0.35979166666664497,-2.8614374999999797,-2.117395833333314
2014-12-26,2.3606041666666897,100.0,0.8333333333333334,12,3.1165833333333546,4.89920833333336,2.425833333333358,-0.35979166666664497,-2.8614374999999797,-2.117395833333314,-0.9488124999999741
2014-12-27,3.1165833333333546,100.0,1.9166666666666667,12,4.89920833333336,2.425833333333358,-0.35979166666664497,-2.8614374999999797,-2.117395833333314,-0.9488124999999741,2.7522708333333603
2014-12-28,4.89920833333336,99.66666666666667,1.9166666666666667,12,2.425833333333358,-0.35979166666664497,-2.8614374999999797,-2.117395833333314,-0.9488124999999741,2.7522708333333603,2.780125000000029
2014-12-29,2.425833333333358,97.125,2.4166666666666665,12,-0.35979166666664497,-2.8614374999999797,-2.117395833333314,-0.9488124999999741,2.7522708333333603,2.780125000000029,10.222750000000024
2014-12-30,-0.35979166666664497,99.04166666666667,1.9583333333333333,12,-2.8614374999999797,-2.117395833333314,-0.9488124999999741,2.7522708333333603,2.780125000000029,10.222750000000024,8.710791666666692
2014-12-31,-2.8614374999999797,99.08333333333333,1.375,12,-2.117395833333314,-0.9488124999999741,2.7522708333333603,2.780125000000029,10.222750000000024,8.710791666666692,5.139500000000024
2015-01-01,-2.117395833333314,96.58333333333333,1.2916666666666667,1,-0.9488124999999741,2.7522708333333603,2.780125000000029,10.222750000000024,8.710791666666692,5.139500000000024,4.694166666666686
2015-01-02,-0.9488124999999741,97.875,1.2916666666666667,1,2.7522708333333603,2.780125000000029,10.222750000000024,8.710791666666692,5.139500000000024,4.694166666666686,4.698520833333355
2015-01-03,2.7522708333333603,99.70833333333333,0.9166666666666666,1,2.780125000000029,10.222750000000024,8.710791666666692,5.139500000000024,4.694166666666686,4.698520833333355,4.564937500000018
2015-01-04,2.780125000000029,99.83333333333333,1.75,1,10.222750000000024,8.710791666666692,5.139500000000024,4.694166666666686,4.698520833333355,4.564937500000018,6.051541666666691
2015-01-05,10.222750000000024,95.70833333333333,5.125,1,8.710791666666692,5.139500000000024,4.694166666666686,4.698520833333355,4.564937500000018,6.051541666666691,6.84520833333336
2015-01-06,8.710791666666692,94.875,1.3333333333333333,1,5.139500000000024,4.694166666666686,4.698520833333355,4.564937500000018,6.051541666666691,6.84520833333336,4.075312500000021
2015-01-07,5.139500000000024,98.29166666666667,1.125,1,4.694166666666686,4.698520833333355,4.564937500000018,6.051541666666691,6.84520833333336,4.075312500000021,2.884125000000021
2015-01-08,4.694166666666686,99.70833333333333,1.7916666666666667,1,4.698520833333355,4.564937500000018,6.051541666666691,6.84520833333336,4.075312500000021,2.884125000000021,1.8302916666666889
2015-01-09,4.698520833333355,98.20833333333333,1.5,1,4.564937500000018,6.051541666666691,6.84520833333336,4.075312500000021,2.884125000000021,1.8302916666666889,7.766979166666694
2015-01-10,4.564937500000018,97.66666666666667,0.6666666666666666,1,6.051541666666691,6.84520833333336,4.075312500000021,2.884125000000021,1.8302916666666889,7.766979166666694,3.5616458333333605
2015-01-11,6.051541666666691,100.0,0.75,1,6.84520833333336,4.075312500000021,2.884125000000021,1.8302916666666889,7.766979166666694,3.5616458333333605,9.079791666666688
2015-01-12,6.84520833333336,99.25,0.8333333333333334,1,4.075312500000021,2.884125000000021,1.8302916666666889,7.766979166666694,3.5616458333333605,9.079791666666688,7.575208333333362
2015-01-13,4.075312500000021,98.20833333333333,1.0,1,2.884125000000021,1.8302916666666889,7.766979166666694,3.5616458333333605,9.079791666666688,7.575208333333362,5.683375000000024
2015-01-14,2.884125000000021,99.25,1.75,1,1.8302916666666889,7.766979166666694,3.5616458333333605,9.079791666666688,7.575208333333362,5.683375000000024,3.4949166666666898
2015-01-15,1.8302916666666889,98.0,1.4583333333333333,1,7.766979166666694,3.5616458333333605,9.079791666666688,7.575208333333362,5.683375000000024,3.4949166666666898,5.19191666666669
2015-01-16,7.766979166666694,95.25,3.6666666666666665,1,3.5616458333333605,9.079791666666688,7.575208333333362,5.683375000000024,3.4949166666666898,5.19191666666669,7.554812500000021
2015-01-17,3.5616458333333605,97.29166666666667,1.0833333333333333,1,9.079791666666688,7.575208333333362,5.683375000000024,3.4949166666666898,5.19191666666669,7.554812500000021,11.553270833333356
2015-01-18,9.079791666666688,94.5,5.0,1,7.575208333333362,5.683375000000024,3.4949166666666898,5.19191666666669,7.554812500000021,11.553270833333356,10.55972916666669
2015-01-19,7.575208333333362,97.66666666666667,2.5833333333333335,1,5.683375000000024,3.4949166666666898,5.19191666666669,7.554812500000021,11.553270833333356,10.55972916666669,8.369875000000022
2015-01-20,5.683375000000024,97.79166666666667,1.375,1,3.4949166666666898,5.19191666666669,7.554812500000021,11.553270833333356,10.55972916666669,8.369875000000022,9.784833333333355
2015-01-21,3.4949166666666898,99.41666666666667,1.625,1,5.19191666666669,7.554812500000021,11.553270833333356,10.55972916666669,8.369875000000022,9.784833333333355,8.246333333333355
2015-01-22,5.19191666666669,96.375,0.7916666666666666,1,7.554812500000021,11.553270833333356,10.55972916666669,8.369875000000022,9.784833333333355,8.246333333333355,6.162333333333353
2015-01-23,7.554812500000021,97.66666666666667,1.0,1,11.553270833333356,10.55972916666669,8.369875000000022,9.784833333333355,8.246333333333355,6.162333333333353,4.878937500000023
2015-01-24,11.553270833333356,95.16666666666667,3.25,1,10.55972916666669,8.369875000000022,9.784833333333355,8.246333333333355,6.162333333333353,4.878937500000023,4.157250000000022
2015-01-25,10.55972916666669,93.375,1.125,1,8.369875000000022,9.784833333333355,8.246333333333355,6.162333333333353,4.878937500000023,4.157250000000022,5.629583333333355
2015-01-26,8.369875000000022,93.625,1.0,1,9.784833333333355,8.246333333333355,6.162333333333353,4.878937500000023,4.157250000000022,5.629583333333355,6.506937500000021
2015-01-27,9.784833333333355,93.83333333333333,1.9166666666666667,1,8.246333333333355,6.162333333333353,4.878937500000023,4.157250000000022,5.629583333333355,6.506937500000021,7.8065416666666865
2015-01-28,8.246333333333355,96.66666666666667,1.25,1,6.162333333333353,4.878937500000023,4.157250000000022,5.629583333333355,6.506937500000021,7.8065416666666865,6.352312500000015
2015-01-29,6.162333333333353,96.08333333333333,1.7916666666666667,1,4.878937500000023,4.157250000000022,5.629583333333355,6.506937500000021,7.8065416666666865,6.352312500000015,8.933083333333355
2015-01-30,4.878937500000023,95.08333333333333,1.4583333333333333,1,4.157250000000022,5.629583333333355,6.506937500000021,7.8065416666666865,6.352312500000015,8.933083333333355,12.596395833333352
2015-01-31,4.157250000000022,96.125,1.125,1,5.629583333333355,6.506937500000021,7.8065416666666865,6.352312500000015,8.933083333333355,12.596395833333352,10.737229166666689
2015-02-01,5.629583333333355,98.95833333333333,1.4583333333333333,2,6.506937500000021,7.8065416666666865,6.352312500000015,8.933083333333355,12.596395833333352,10.737229166666689,10.206854166666696
2015-02-02,6.506937500000021,98.83333333333333,1.8333333333333333,2,7.8065416666666865,6.352312500000015,8.933083333333355,12.596395833333352,10.737229166666689,10.206854166666696,9.92241666666669
2015-02-03,7.8065416666666865,97.04166666666667,2.375,2,6.352312500000015,8.933083333333355,12.596395833333352,10.737229166666689,10.206854166666696,9.92241666666669,9.873770833333355
2015-02-04,6.352312500000015,98.95833333333333,1.0,2,8.933083333333355,12.596395833333352,10.737229166666689,10.206854166666696,9.92241666666669,9.873770833333355,7.605583333333359
2015-02-05,8.933083333333355,96.41666666666667,2.1666666666666665,2,12.596395833333352,10.737229166666689,10.206854166666696,9.92241666666669,9.873770833333355,7.605583333333359,9.34806250000002
2015-02-06,12.596395833333352,92.54166666666667,4.416666666666667,2,10.737229166666689,10.206854166666696,9.92241666666669,9.873770833333355,7.605583333333359,9.34806250000002,9.55866666666669
2015-02-07,10.737229166666689,94.91666666666667,2.875,2,10.206854166666696,9.92241666666669,9.873770833333355,7.605583333333359,9.34806250000002,9.55866666666669,10.04962500000003
2015-02-08,10.206854166666696,94.08333333333333,2.5,2,9.92241666666669,9.873770833333355,7.605583333333359,9.34806250000002,9.55866666666669,10.04962500000003,7.742708333333364
2015-02-09,9.92241666666669,93.91666666666667,1.25,2,9.873770833333355,7.605583333333359,9.34806250000002,9.55866666666669,10.04962500000003,7.742708333333364,7.447479166666684
2015-02-10,9.873770833333355,95.41666666666667,2.75,2,7.605583333333359,9.34806250000002,9.55866666666669,10.04962500000003,7.742708333333364,7.447479166666684,7.612250000000024
2015-02-11,7.605583333333359,92.91666666666667,1.0833333333333333,2,9.34806250000002,9.55866666666669,10.04962500000003,7.742708333333364,7.447479166666684,7.612250000000024,7.204958333333359
2015-02-12,9.34806250000002,94.16666666666667,0.875,2,9.55866666666669,10.04962500000003,7.742708333333364,7.447479166666684,7.612250000000024,7.204958333333359,8.117729166666694
2015-02-13,9.55866666666669,91.625,0.6666666666666666,2,10.04962500000003,7.742708333333364,7.447479166666684,7.612250000000024,7.204958333333359,8.117729166666694,8.164604166666692
2015-02-14,10.04962500000003,93.25,1.4166666666666667,2,7.742708333333364,7.447479166666684,7.612250000000024,7.204958333333359,8.117729166666694,8.164604166666692,7.497937500000023
2015-02-15,7.742708333333364,96.70833333333333,1.9583333333333333,2,7.447479166666684,7.612250000000024,7.204958333333359,8.117729166666694,8.164604166666692,7.497937500000023,5.274187500000022
2015-02-16,7.447479166666684,91.41666666666667,2.5833333333333335,2,7.612250000000024,7.204958333333359,8.117729166666694,8.164604166666692,7.497937500000023,5.274187500000022,4.418020833333358
2015-02-17,7.612250000000024,77.16666666666667,2.375,2,7.204958333333359,8.117729166666694,8.164604166666692,7.497937500000023,5.274187500000022,4.418020833333358,4.808937500000025
2015-02-18,7.204958333333359,79.54166666666667,1.2916666666666667,2,8.117729166666694,8.164604166666692,7.497937500000023,5.274187500000022,4.418020833333358,4.808937500000025,5.847937500000024
2015-02-19,8.117729166666694,93.54166666666667,1.5,2,8.164604166666692,7.497937500000023,5.274187500000022,4.418020833333358,4.808937500000025,5.847937500000024,7.575291666666691
2015-02-20,8.164604166666692,97.29166666666667,1.0,2,7.497937500000023,5.274187500000022,4.418020833333358,4.808937500000025,5.847937500000024,7.575291666666691,7.08489583333336
2015-02-21,7.497937500000023,95.125,1.7083333333333333,2,5.274187500000022,4.418020833333358,4.808937500000025,5.847937500000024,7.575291666666691,7.08489583333336,7.025625000000026
2015-02-22,5.274187500000022,81.375,1.4583333333333333,2,4.418020833333358,4.808937500000025,5.847937500000024,7.575291666666691,7.08489583333336,7.025625000000026,4.372291666666688
2015-02-23,4.418020833333358,82.5,1.5,2,4.808937500000025,5.847937500000024,7.575291666666691,7.08489583333336,7.025625000000026,4.372291666666688,6.718125000000026
2015-02-24,4.808937500000025,79.25,0.875,2,5.847937500000024,7.575291666666691,7.08489583333336,7.025625000000026,4.372291666666688,6.718125000000026,4.375916666666694
2015-02-25,5.847937500000024,90.16666666666667,1.25,2,7.575291666666691,7.08489583333336,7.025625000000026,4.372291666666688,6.718125000000026,4.375916666666694,3.0724166666666854
2015-02-26,7.575291666666691,97.45833333333333,0.875,2,7.08489583333336,7.025625000000026,4.372291666666688,6.718125000000026,4.375916666666694,3.0724166666666854,4.493187500000026
2015-02-27,7.08489583333336,97.25,1.375,2,7.025625000000026,4.372291666666688,6.718125000000026,4.375916666666694,3.0724166666666854,4.493187500000026,5.690062500000022
2015-02-28,7.025625000000026,92.16666666666667,2.25,2,4.372291666666688,6.718125000000026,4.375916666666694,3.0724166666666854,4.493187500000026,5.690062500000022,6.422687500000021
2015-03-01,4.372291666666688,82.08333333333333,1.25,3,6.718125000000026,4.375916666666694,3.0724166666666854,4.493187500000026,5.690062500000022,6.422687500000021,7.5732500000000185
2015-03-02,6.718125000000026,81.45833333333333,2.3333333333333335,3,4.375916666666694,3.0724166666666854,4.493187500000026,5.690062500000022,6.422687500000021,7.5732500000000185,7.92812500000002
2015-03-03,4.375916666666694,82.33333333333333,1.2916666666666667,3,3.0724166666666854,4.493187500000026,5.690062500000022,6.422687500000021,7.5732500000000185,7.92812500000002,7.160270833333357
2015-03-04,3.0724166666666854,78.70833333333333,0.625,3,4.493187500000026,5.690062500000022,6.422687500000021,7.5732500000000185,7.92812500000002,7.160270833333357,9.498333333333356
2015-03-05,4.493187500000026,80.41666666666667,1.0,3,5.690062500000022,6.422687500000021,7.5732500000000185,7.92812500000002,7.160270833333357,9.498333333333356,11.53541666666669
2015-03-06,5.690062500000022,81.45833333333333,0.9166666666666666,3,6.422687500000021,7.5732500000000185,7.92812500000002,7.160270833333357,9.498333333333356,11.53541666666669,10.348437500000022
2015-03-07,6.422687500000021,82.5,0.9166666666666666,3,7.5732500000000185,7.92812500000002,7.160270833333357,9.498333333333356,11.53541666666669,10.348437500000022,12.131750000000025
2015-03-08,7.5732500000000185,83.25,1.3333333333333333,3,7.92812500000002,7.160270833333357,9.498333333333356,11.53541666666669,10.348437500000022,12.131750000000025,9.138312500000026
2015-03-09,7.92812500000002,83.125,0.9166666666666666,3,7.160270833333357,9.498333333333356,11.53541666666669,10.348437500000022,12.131750000000025,9.138312500000026,7.87341666666669
2015-03-10,7.160270833333357,82.91666666666667,0.875,3,9.498333333333356,11.53541666666669,10.348437500000022,12.131750000000025,9.138312500000026,7.87341666666669,8.631125000000024
2015-03-11,9.498333333333356,84.08333333333333,1.375,3,11.53541666666669,10.348437500000022,12.131750000000025,9.138312500000026,7.87341666666669,8.631125000000024,8.866041666666687
2015-03-12,11.53541666666669,91.79166666666667,2.25,3,10.348437500000022,12.131750000000025,9.138312500000026,7.87341666666669,8.631125000000024,8.866041666666687,9.243083333333352
2015-03-13,10.348437500000022,80.08333333333333,1.0,3,12.131750000000025,9.138312500000026,7.87341666666669,8.631125000000024,8.866041666666687,9.243083333333352,10.692687500000025
2015-03-14,12.131750000000025,84.0,3.4166666666666665,3,9.138312500000026,7.87341666666669,8.631125000000024,8.866041666666687,9.243083333333352,10.692687500000025,10.925354166666693
2015-03-15,9.138312500000026,98.41666666666667,2.1666666666666665,3,7.87341666666669,8.631125000000024,8.866041666666687,9.243083333333352,10.692687500000025,10.925354166666693,8.360625000000026
2015-03-16,7.87341666666669,97.41666666666667,1.7083333333333333,3,8.631125000000024,8.866041666666687,9.243083333333352,10.692687500000025,10.925354166666693,8.360625000000026,7.7847500000000265
2015-03-17,8.631125000000024,81.625,1.625,3,8.866041666666687,9.243083333333352,10.692687500000025,10.925354166666693,8.360625000000026,7.7847500000000265,7.392125000000021
2015-03-18,8.866041666666687,86.08333333333333,1.75,3,9.243083333333352,10.692687500000025,10.925354166666693,8.360625000000026,7.7847500000000265,7.392125000000021,7.138062500000018
2015-03-19,9.243083333333352,81.125,1.0,3,10.692687500000025,10.925354166666693,8.360625000000026,7.7847500000000265,7.392125000000021,7.138062500000018,11.62404166666669
2015-03-20,10.692687500000025,81.20833333333333,1.25,3,10.925354166666693,8.360625000000026,7.7847500000000265,7.392125000000021,7.138062500000018,11.62404166666669,12.164145833333357
2015-03-21,10.925354166666693,85.25,3.75,3,8.360625000000026,7.7847500000000265,7.392125000000021,7.138062500000018,11.62404166666669,12.164145833333357,11.47475000000002
2015-03-22,8.360625000000026,90.75,1.2083333333333333,3,7.7847500000000265,7.392125000000021,7.138062500000018,11.62404166666669,12.164145833333357,11.47475000000002,10.197625000000018
2015-03-23,7.7847500000000265,97.16666666666667,1.5416666666666667,3,7.392125000000021,7.138062500000018,11.62404166666669,12.164145833333357,11.47475000000002,10.197625000000018,10.89929166666669
2015-03-24,7.392125000000021,97.45833333333333,1.4583333333333333,3,7.138062500000018,11.62404166666669,12.164145833333357,11.47475000000002,10.197625000000018,10.89929166666669,10.904979166666697
2015-03-25,7.138062500000018,96.41666666666667,1.4583333333333333,3,11.62404166666669,12.164145833333357,11.47475000000002,10.197625000000018,10.89929166666669,10.904979166666697,7.813375000000025
2015-03-26,11.62404166666669,94.20833333333333,1.4583333333333333,3,12.164145833333357,11.47475000000002,10.197625000000018,10.89929166666669,10.904979166666697,7.813375000000025,6.647104166666686
2015-03-27,12.164145833333357,81.91666666666667,1.25,3,11.47475000000002,10.197625000000018,10.89929166666669,10.904979166666697,7.813375000000025,6.647104166666686,7.657687500000027
2015-03-28,11.47475000000002,80.83333333333333,4.458333333333333,3,10.197625000000018,10.89929166666669,10.904979166666697,7.813375000000025,6.647104166666686,7.657687500000027,7.3999583333333545
2015-03-29,10.197625000000018,78.875,1.625,3,10.89929166666669,10.904979166666697,7.813375000000025,6.647104166666686,7.657687500000027,7.3999583333333545,7.110916666666689
2015-03-30,10.89929166666669,86.625,1.1666666666666667,3,10.904979166666697,7.813375000000025,6.647104166666686,7.657687500000027,7.3999583333333545,7.110916666666689,8.594395833333357
2015-03-31,10.904979166666697,77.16666666666667,3.9583333333333335,3,7.813375000000025,6.647104166666686,7.657687500000027,7.3999583333333545,7.110916666666689,8.594395833333357,8.825104166666685
2015-04-01,7.813375000000025,82.54166666666667,2.4166666666666665,4,6.647104166666686,7.657687500000027,7.3999583333333545,7.110916666666689,8.594395833333357,8.825104166666685,8.978270833333356
2015-04-02,6.647104166666686,94.04166666666667,1.2916666666666667,4,7.657687500000027,7.3999583333333545,7.110916666666689,8.594395833333357,8.825104166666685,8.978270833333356,8.648770833333364
2015-04-03,7.657687500000027,80.54166666666667,1.9166666666666667,4,7.3999583333333545,7.110916666666689,8.594395833333357,8.825104166666685,8.978270833333356,8.648770833333364,9.588958333333354
2015-04-04,7.3999583333333545,81.16666666666667,2.375,4,7.110916666666689,8.594395833333357,8.825104166666685,8.978270833333356,8.648770833333364,9.588958333333354,8.085708333333352
2015-04-05,7.110916666666689,81.5,0.9583333333333334,4,8.594395833333357,8.825104166666685,8.978270833333356,8.648770833333364,9.588958333333354,8.085708333333352,8.095979166666682
2015-04-06,8.594395833333357,75.25,1.7916666666666667,4,8.825104166666685,8.978270833333356,8.648770833333364,9.588958333333354,8.085708333333352,8.095979166666682,8.665312500000026
2015-04-07,8.825104166666685,76.58333333333333,1.9166666666666667,4,8.978270833333356,8.648770833333364,9.588958333333354,8.085708333333352,8.095979166666682,8.665312500000026,6.244625000000018
2015-04-08,8.978270833333356,81.75,0.8333333333333334,4,8.648770833333364,9.588958333333354,8.085708333333352,8.095979166666682,8.665312500000026,6.244625000000018,7.122333333333351
2015-04-09,8.648770833333364,86.04166666666667,0.75,4,9.588958333333354,8.085708333333352,8.095979166666682,8.665312500000026,6.244625000000018,7.122333333333351,8.268666666666691
2015-04-10,9.588958333333354,77.08333333333333,1.7083333333333333,4,8.085708333333352,8.095979166666682,8.665312500000026,6.244625000000018,7.122333333333351,8.268666666666691,11.050687500000022
2015-04-11,8.085708333333352,90.83333333333333,4.541666666666667,4,8.095979166666682,8.665312500000026,6.244625000000018,7.122333333333351,8.268666666666691,11.050687500000022,12.229208333333354
2015-04-12,8.095979166666682,79.29166666666667,3.5833333333333335,4,8.665312500000026,6.244625000000018,7.122333333333351,8.268666666666691,11.050687500000022,12.229208333333354,12.354750000000026
2015-04-13,8.665312500000026,77.16666666666667,1.5833333333333333,4,6.244625000000018,7.122333333333351,8.268666666666691,11.050687500000022,12.229208333333354,12.354750000000026,13.45429166666669
2015-04-14,6.244625000000018,95.70833333333333,1.875,4,7.122333333333351,8.268666666666691,11.050687500000022,12.229208333333354,12.354750000000026,13.45429166666669,13.353833333333355
2015-04-15,7.122333333333351,84.08333333333333,1.125,4,8.268666666666691,11.050687500000022,12.229208333333354,12.354750000000026,13.45429166666669,13.353833333333355,10.248416666666685
2015-04-16,8.268666666666691,74.29166666666667,1.6666666666666667,4,11.050687500000022,12.229208333333354,12.354750000000026,13.45429166666669,13.353833333333355,10.248416666666685,8.97854166666668
2015-04-17,11.050687500000022,69.41666666666667,1.2916666666666667,4,12.229208333333354,12.354750000000026,13.45429166666669,13.353833333333355,10.248416666666685,8.97854166666668,8.354666666666688
2015-04-18,12.229208333333354,67.70833333333333,1.75,4,12.354750000000026,13.45429166666669,13.353833333333355,10.248416666666685,8.97854166666668,8.354666666666688,8.587520833333352
2015-04-19,12.354750000000026,63.166666666666664,1.9166666666666667,4,13.45429166666669,13.353833333333355,10.248416666666685,8.97854166666668,8.354666666666688,8.587520833333352,8.220250000000023
2015-04-20,13.45429166666669,60.166666666666664,1.25,4,13.353833333333355,10.248416666666685,8.97854166666668,8.354666666666688,8.587520833333352,8.220250000000023,12.899166666666687
2015-04-21,13.353833333333355,61.833333333333336,1.5,4,10.248416666666685,8.97854166666668,8.354666666666688,8.587520833333352,8.220250000000023,12.899166666666687,14.669638888875028
2015-04-22,10.248416666666685,74.0,2.2916666666666665,4,8.97854166666668,8.354666666666688,8.587520833333352,8.220250000000023,12.899166666666687,14.669638888875028,10.463954861125027
2015-04-23,8.97854166666668,71.20833333333333,2.5416666666666665,4,8.354666666666688,8.587520833333352,8.220250000000023,12.899166666666687,14.669638888875028,10.463954861125027,11.659729166666684
2015-04-24,8.354666666666688,87.66666666666667,3.6666666666666665,4,8.587520833333352,8.220250000000023,12.899166666666687,14.669638888875028,10.463954861125027,11.659729166666684,12.86300000000002
2015-04-25,8.587520833333352,83.70833333333333,1.5,4,8.220250000000023,12.899166666666687,14.669638888875028,10.463954861125027,11.659729166666684,12.86300000000002,13.27402083333336
2015-04-26,8.220250000000023,79.83333333333333,1.2083333333333333,4,12.899166666666687,14.669638888875028,10.463954861125027,11.659729166666684,12.86300000000002,13.27402083333336,12.122270833333353
2015-04-27,12.899166666666687,76.875,1.3333333333333333,4,14.669638888875028,10.463954861125027,11.659729166666684,12.86300000000002,13.27402083333336,12.122270833333353,12.277479166666692
2015-04-28,14.669638888875028,72.125,2.0,4,10.463954861125027,11.659729166666684,12.86300000000002,13.27402083333336,12.122270833333353,12.277479166666692,10.957645833333354
2015-04-29,10.463954861125027,78.04166666666667,2.0,4,11.659729166666684,12.86300000000002,13.27402083333336,12.122270833333353,12.277479166666692,10.957645833333354,9.488020833333357
2015-04-30,11.659729166666684,72.0,1.9166666666666667,4,12.86300000000002,13.27402083333336,12.122270833333353,12.277479166666692,10.957645833333354,9.488020833333357,11.193104166666691
2015-05-01,12.86300000000002,67.95833333333333,1.0416666666666667,5,13.27402083333336,12.122270833333353,12.277479166666692,10.957645833333354,9.488020833333357,11.193104166666691,13.351395833333351
2015-05-02,13.27402083333336,63.125,1.7916666666666667,5,12.122270833333353,12.277479166666692,10.957645833333354,9.488020833333357,11.193104166666691,13.351395833333351,15.322020833333356
2015-05-03,12.122270833333353,60.791666666666664,1.4583333333333333,5,12.277479166666692,10.957645833333354,9.488020833333357,11.193104166666691,13.351395833333351,15.322020833333356,16.249083333333356
2015-05-04,12.277479166666692,63.541666666666664,2.1666666666666665,5,10.957645833333354,9.488020833333357,11.193104166666691,13.351395833333351,15.322020833333356,16.249083333333356,14.420395833333359
2015-05-05,10.957645833333354,75.58333333333333,3.7916666666666665,5,9.488020833333357,11.193104166666691,13.351395833333351,15.322020833333356,16.249083333333356,14.420395833333359,12.882437500000021
2015-05-06,9.488020833333357,83.95833333333333,0.8333333333333334,5,11.193104166666691,13.351395833333351,15.322020833333356,16.249083333333356,14.420395833333359,12.882437500000021,11.62797916666669
2015-05-07,11.193104166666691,70.70833333333333,1.3333333333333333,5,13.351395833333351,15.322020833333356,16.249083333333356,14.420395833333359,12.882437500000021,11.62797916666669,11.610895833333354
2015-05-08,13.351395833333351,58.916666666666664,1.4166666666666667,5,15.322020833333356,16.249083333333356,14.420395833333359,12.882437500000021,11.62797916666669,11.610895833333354,13.062020833333355
2015-05-09,15.322020833333356,53.208333333333336,0.8333333333333334,5,16.249083333333356,14.420395833333359,12.882437500000021,11.62797916666669,11.610895833333354,13.062020833333355,13.884645833333352
2015-05-10,16.249083333333356,54.958333333333336,0.8333333333333334,5,14.420395833333359,12.882437500000021,11.62797916666669,11.610895833333354,13.062020833333355,13.884645833333352,13.378312500000021
2015-05-11,14.420395833333359,67.625,1.5833333333333333,5,12.882437500000021,11.62797916666669,11.610895833333354,13.062020833333355,13.884645833333352,13.378312500000021,15.736375000000026
2015-05-12,12.882437500000021,81.5,1.0416666666666667,5,11.62797916666669,11.610895833333354,13.062020833333355,13.884645833333352,13.378312500000021,15.736375000000026,17.182312500000027
2015-05-13,11.62797916666669,89.95833333333333,2.5416666666666665,5,11.610895833333354,13.062020833333355,13.884645833333352,13.378312500000021,15.736375000000026,17.182312500000027,17.132708333333355
2015-05-14,11.610895833333354,90.375,1.0,5,13.062020833333355,13.884645833333352,13.378312500000021,15.736375000000026,17.182312500000027,17.132708333333355,19.015625000000018
2015-05-15,13.062020833333355,74.54166666666667,0.7083333333333334,5,13.884645833333352,13.378312500000021,15.736375000000026,17.182312500000027,17.132708333333355,19.015625000000018,18.368687500000018
2015-05-16,13.884645833333352,74.95833333333333,1.7916666666666667,5,13.378312500000021,15.736375000000026,17.182312500000027,17.132708333333355,19.015625000000018,18.368687500000018,15.831083333333355
2015-05-17,13.378312500000021,77.83333333333333,1.2916666666666667,5,15.736375000000026,17.182312500000027,17.132708333333355,19.015625000000018,18.368687500000018,15.831083333333355,14.472104166666691
2015-05-18,15.736375000000026,73.45833333333333,1.0833333333333333,5,17.182312500000027,17.132708333333355,19.015625000000018,18.368687500000018,15.831083333333355,14.472104166666691,13.904250000000026
2015-05-19,17.182312500000027,70.41666666666667,1.0,5,17.132708333333355,19.015625000000018,18.368687500000018,15.831083333333355,14.472104166666691,13.904250000000026,13.756875000000024
2015-05-20,17.132708333333355,79.125,0.7916666666666666,5,19.015625000000018,18.368687500000018,15.831083333333355,14.472104166666691,13.904250000000026,13.756875000000024,15.69416666666669
2015-05-21,19.015625000000018,60.75,1.25,5,18.368687500000018,15.831083333333355,14.472104166666691,13.904250000000026,13.756875000000024,15.69416666666669,17.289104166666693
2015-05-22,18.368687500000018,60.916666666666664,2.0416666666666665,5,15.831083333333355,14.472104166666691,13.904250000000026,13.756875000000024,15.69416666666669,17.289104166666693,18.80381250000002
2015-05-23,15.831083333333355,64.45833333333333,2.8333333333333335,5,14.472104166666691,13.904250000000026,13.756875000000024,15.69416666666669,17.289104166666693,18.80381250000002,16.388395833333355
2015-05-24,14.472104166666691,80.16666666666667,1.125,5,13.904250000000026,13.756875000000024,15.69416666666669,17.289104166666693,18.80381250000002,16.388395833333355,15.728104166666695
2015-05-25,13.904250000000026,79.0,1.5833333333333333,5,13.756875000000024,15.69416666666669,17.289104166666693,18.80381250000002,16.388395833333355,15.728104166666695,15.838937500000023
2015-05-26,13.756875000000024,81.91666666666667,1.0,5,15.69416666666669,17.289104166666693,18.80381250000002,16.388395833333355,15.728104166666695,15.838937500000023,13.390270833333359
2015-05-27,15.69416666666669,80.04166666666667,0.7083333333333334,5,17.289104166666693,18.80381250000002,16.388395833333355,15.728104166666695,15.838937500000023,13.390270833333359,13.35766666666669
2015-05-28,17.289104166666693,75.91666666666667,0.375,5,18.80381250000002,16.388395833333355,15.728104166666695,15.838937500000023,13.390270833333359,13.35766666666669,15.200312500000024
2015-05-29,18.80381250000002,72.75,0.6666666666666666,5,16.388395833333355,15.728104166666695,15.838937500000023,13.390270833333359,13.35766666666669,15.200312500000024,16.616333333333355
2015-05-30,16.388395833333355,67.54166666666667,1.7083333333333333,5,15.728104166666695,15.838937500000023,13.390270833333359,13.35766666666669,15.200312500000024,16.616333333333355,18.455937500000022
2015-05-31,15.728104166666695,70.04166666666667,0.9166666666666666,5,15.838937500000023,13.390270833333359,13.35766666666669,15.200312500000024,16.616333333333355,18.455937500000022,20.506687500000023
2015-06-01,15.838937500000023,69.54166666666667,1.3333333333333333,6,13.390270833333359,13.35766666666669,15.200312500000024,16.616333333333355,18.455937500000022,20.506687500000023,22.15035416666669
2015-06-02,13.390270833333359,86.125,2.7083333333333335,6,13.35766666666669,15.200312500000024,16.616333333333355,18.455937500000022,20.506687500000023,22.15035416666669,21.64225000000003
2015-06-03,13.35766666666669,83.79166666666667,2.25,6,15.200312500000024,16.616333333333355,18.455937500000022,20.506687500000023,22.15035416666669,21.64225000000003,19.433729166666687
2015-06-04,15.200312500000024,76.33333333333333,0.5,6,16.616333333333355,18.455937500000022,20.506687500000023,22.15035416666669,21.64225000000003,19.433729166666687,18.543479166666696
2015-06-05,16.616333333333355,69.33333333333333,1.4166666666666667,6,18.455937500000022,20.506687500000023,22.15035416666669,21.64225000000003,19.433729166666687,18.543479166666696,17.37020811100002
2015-06-06,18.455937500000022,60.583333333333336,1.25,6,20.506687500000023,22.15035416666669,21.64225000000003,19.433729166666687,18.543479166666696,17.37020811100002,15.318089909208359
2015-06-07,20.506687500000023,54.291666666666664,1.1666666666666667,6,22.15035416666669,21.64225000000003,19.433729166666687,18.543479166666696,17.37020811100002,15.318089909208359,16.82229215766669
2015-06-08,22.15035416666669,48.833333333333336,1.25,6,21.64225000000003,19.433729166666687,18.543479166666696,17.37020811100002,15.318089909208359,16.82229215766669,19.723747090458353
2015-06-09,21.64225000000003,53.625,1.2916666666666667,6,19.433729166666687,18.543479166666696,17.37020811100002,15.318089909208359,16.82229215766669,19.723747090458353,19.062187500000025
2015-06-10,19.433729166666687,51.958333333333336,1.25,6,18.543479166666696,17.37020811100002,15.318089909208359,16.82229215766669,19.723747090458353,19.062187500000025,17.097437500000023
2015-06-11,18.543479166666696,54.041666666666664,1.7916666666666667,6,17.37020811100002,15.318089909208359,16.82229215766669,19.723747090458353,19.062187500000025,17.097437500000023,18.30952083333336
2015-06-12,17.37020811100002,55.75,1.6666666666666667,6,15.318089909208359,16.82229215766669,19.723747090458353,19.062187500000025,17.097437500000023,18.30952083333336,16.87945547750002
2015-06-13,15.318089909208359,62.791666666666664,1.1666666666666667,6,16.82229215766669,19.723747090458353,19.062187500000025,17.097437500000023,18.30952083333336,16.87945547750002,16.58488680945836
2015-06-14,16.82229215766669,56.25,1.4583333333333333,6,19.723747090458353,19.062187500000025,17.097437500000023,18.30952083333336,16.87945547750002,16.58488680945836,18.38829445225002
2015-06-15,19.723747090458353,47.25,1.5,6,19.062187500000025,17.097437500000023,18.30952083333336,16.87945547750002,16.58488680945836,18.38829445225002,18.50189866287502
2015-06-16,19.062187500000025,55.583333333333336,1.8333333333333333,6,17.097437500000023,18.30952083333336,16.87945547750002,16.58488680945836,18.38829445225002,18.50189866287502,18.10721358575002
2015-06-17,17.097437500000023,58.666666666666664,1.2916666666666667,6,18.30952083333336,16.87945547750002,16.58488680945836,18.38829445225002,18.50189866287502,18.10721358575002,19.906607565083345
2015-06-18,18.30952083333336,47.375,1.25,6,16.87945547750002,16.58488680945836,18.38829445225002,18.50189866287502,18.10721358575002,19.906607565083345,20.777663269458355
2015-06-19,16.87945547750002,63.791666666666664,1.9166666666666667,6,16.58488680945836,18.38829445225002,18.50189866287502,18.10721358575002,19.906607565083345,20.777663269458355,22.457196411750015
2015-06-20,16.58488680945836,60.458333333333336,1.2916666666666667,6,18.38829445225002,18.50189866287502,18.10721358575002,19.906607565083345,20.777663269458355,22.457196411750015,23.083750000000023
2015-06-21,18.38829445225002,48.875,2.0,6,18.50189866287502,18.10721358575002,19.906607565083345,20.777663269458355,22.457196411750015,23.083750000000023,23.456137304250024
2015-06-22,18.50189866287502,52.125,1.8333333333333333,6,18.10721358575002,19.906607565083345,20.777663269458355,22.457196411750015,23.083750000000023,23.456137304250024,22.287647093708355
2015-06-23,18.10721358575002,54.75,1.3333333333333333,6,19.906607565083345,20.777663269458355,22.457196411750015,23.083750000000023,23.456137304250024,22.287647093708355,21.044710199750018
2015-06-24,19.906607565083345,47.75,0.75,6,20.777663269458355,22.457196411750015,23.083750000000023,23.456137304250024,22.287647093708355,21.044710199750018,22.010778743083353
2015-06-25,20.777663269458355,55.958333333333336,1.375,6,22.457196411750015,23.083750000000023,23.456137304250024,22.287647093708355,21.044710199750018,22.010778743083353,24.027083333333355
2015-06-26,22.457196411750015,60.208333333333336,3.3333333333333335,6,23.083750000000023,23.456137304250024,22.287647093708355,21.044710199750018,22.010778743083353,24.027083333333355,24.51000000000002
2015-06-27,23.083750000000023,58.833333333333336,2.875,6,23.456137304250024,22.287647093708355,21.044710199750018,22.010778743083353,24.027083333333355,24.51000000000002,23.38041666666669
2015-06-28,23.456137304250024,57.041666666666664,2.5,6,22.287647093708355,21.044710199750018,22.010778743083353,24.027083333333355,24.51000000000002,23.38041666666669,23.79000000000002
2015-06-29,22.287647093708355,73.25,1.9166666666666667,6,21.044710199750018,22.010778743083353,24.027083333333355,24.51000000000002,23.38041666666669,23.79000000000002,22.508333333333365
2015-06-30,21.044710199750018,73.91666666666667,2.1666666666666665,6,22.010778743083353,24.027083333333355,24.51000000000002,23.38041666666669,23.79000000000002,22.508333333333365,19.13958333333336
2015-07-01,22.010778743083353,58.0,2.6666666666666665,7,24.027083333333355,24.51000000000002,23.38041666666669,23.79000000000002,22.508333333333365,19.13958333333336,20.120000000000015
2015-07-02,24.027083333333355,54.041666666666664,2.25,7,24.51000000000002,23.38041666666669,23.79000000000002,22.508333333333365,19.13958333333336,20.120000000000015,20.503333333333355
2015-07-03,24.51000000000002,52.083333333333336,2.0416666666666665,7,23.38041666666669,23.79000000000002,22.508333333333365,19.13958333333336,20.120000000000015,20.503333333333355,18.71583333333335
2015-07-04,23.38041666666669,57.375,2.1666666666666665,7,23.79000000000002,22.508333333333365,19.13958333333336,20.120000000000015,20.503333333333355,18.71583333333335,18.174583333333356
2015-07-05,23.79000000000002,43.916666666666664,2.125,7,22.508333333333365,19.13958333333336,20.120000000000015,20.503333333333355,18.71583333333335,18.174583333333356,18.716712516208357
2015-07-06,22.508333333333365,61.125,2.75,7,19.13958333333336,20.120000000000015,20.503333333333355,18.71583333333335,18.174583333333356,18.716712516208357,19.297083333333354
2015-07-07,19.13958333333336,66.75,2.2083333333333335,7,20.120000000000015,20.503333333333355,18.71583333333335,18.174583333333356,18.716712516208357,19.297083333333354,18.82166666666669
2015-07-08,20.120000000000015,68.54166666666667,1.625,7,20.503333333333355,18.71583333333335,18.174583333333356,18.716712516208357,19.297083333333354,18.82166666666669,19.328333333333358
2015-07-09,20.503333333333355,70.91666666666667,2.1666666666666665,7,18.71583333333335,18.174583333333356,18.716712516208357,19.297083333333354,18.82166666666669,19.328333333333358,18.84125000000002
2015-07-10,18.71583333333335,73.54166666666667,4.833333333333333,7,18.174583333333356,18.716712516208357,19.297083333333354,18.82166666666669,19.328333333333358,18.84125000000002,18.731666666666687
2015-07-11,18.174583333333356,74.04166666666667,4.125,7,18.716712516208357,19.297083333333354,18.82166666666669,19.328333333333358,18.84125000000002,18.731666666666687,21.807500000000022
2015-07-12,18.716712516208357,78.83333333333333,3.625,7,19.297083333333354,18.82166666666669,19.328333333333358,18.84125000000002,18.731666666666687,21.807500000000022,25.70666666666669
2015-07-13,19.297083333333354,71.70833333333333,2.3333333333333335,7,18.82166666666669,19.328333333333358,18.84125000000002,18.731666666666687,21.807500000000022,25.70666666666669,21.292083333333352
2015-07-14,18.82166666666669,65.45833333333333,2.1666666666666665,7,19.328333333333358,18.84125000000002,18.731666666666687,21.807500000000022,25.70666666666669,21.292083333333352,18.442916666666687
2015-07-15,19.328333333333358,62.0,1.8333333333333333,7,18.84125000000002,18.731666666666687,21.807500000000022,25.70666666666669,21.292083333333352,18.442916666666687,17.02541666666669
2015-07-16,18.84125000000002,67.79166666666667,1.7916666666666667,7,18.731666666666687,21.807500000000022,25.70666666666669,21.292083333333352,18.442916666666687,17.02541666666669,17.875416666666684
2015-07-17,18.731666666666687,61.541666666666664,2.75,7,21.807500000000022,25.70666666666669,21.292083333333352,18.442916666666687,17.02541666666669,17.875416666666684,17.541250000000026
2015-07-18,21.807500000000022,52.625,3.0833333333333335,7,25.70666666666669,21.292083333333352,18.442916666666687,17.02541666666669,17.875416666666684,17.541250000000026,17.309166666666695
2015-07-19,25.70666666666669,41.791666666666664,2.4166666666666665,7,21.292083333333352,18.442916666666687,17.02541666666669,17.875416666666684,17.541250000000026,17.309166666666695,16.317916666666697
2015-07-20,21.292083333333352,68.625,5.25,7,18.442916666666687,17.02541666666669,17.875416666666684,17.541250000000026,17.309166666666695,16.317916666666697,15.460833333333357
2015-07-21,18.442916666666687,71.625,2.4166666666666665,7,17.02541666666669,17.875416666666684,17.541250000000026,17.309166666666695,16.317916666666697,15.460833333333357,18.322083333333353
2015-07-22,17.02541666666669,69.16666666666667,2.125,7,17.875416666666684,17.541250000000026,17.309166666666695,16.317916666666697,15.460833333333357,18.322083333333353,20.494884226208356
2015-07-23,17.875416666666684,67.0,1.5,7,17.541250000000026,17.309166666666695,16.317916666666697,15.460833333333357,18.322083333333353,20.494884226208356,23.140000000000025
2015-07-24,17.541250000000026,72.0,3.9166666666666665,7,17.309166666666695,16.317916666666697,15.460833333333357,18.322083333333353,20.494884226208356,23.140000000000025,23.867251626916687
2015-07-25,17.309166666666695,81.58333333333333,3.5,7,16.317916666666697,15.460833333333357,18.322083333333353,20.494884226208356,23.140000000000025,23.867251626916687,22.822916666666686
2015-07-26,16.317916666666697,76.54166666666667,2.0416666666666665,7,15.460833333333357,18.322083333333353,20.494884226208356,23.140000000000025,23.867251626916687,22.822916666666686,22.492916666666684
2015-07-27,15.460833333333357,79.08333333333333,1.4583333333333333,7,18.322083333333353,20.494884226208356,23.140000000000025,23.867251626916687,22.822916666666686,22.492916666666684,21.79250000000002
2015-07-28,18.322083333333353,68.125,2.0416666666666665,7,20.494884226208356,23.140000000000025,23.867251626916687,22.822916666666686,22.492916666666684,21.79250000000002,19.019583333333358
2015-07-29,20.494884226208356,55.166666666666664,2.7083333333333335,7,23.140000000000025,23.867251626916687,22.822916666666686,22.492916666666684,21.79250000000002,19.019583333333358,17.261580163250027
2015-07-30,23.140000000000025,38.208333333333336,3.375,7,23.867251626916687,22.822916666666686,22.492916666666684,21.79250000000002,19.019583333333358,17.261580163250027,17.65208333333335
2015-07-31,23.867251626916687,42.25,2.2083333333333335,7,22.822916666666686,22.492916666666684,21.79250000000002,19.019583333333358,17.261580163250027,17.65208333333335,18.855833333333347
2015-08-01,22.822916666666686,44.541666666666664,2.4166666666666665,8,22.492916666666684,21.79250000000002,19.019583333333358,17.261580163250027,17.65208333333335,18.855833333333347,19.79458333333336
2015-08-02,22.492916666666684,49.875,2.25,8,21.79250000000002,19.019583333333358,17.261580163250027,17.65208333333335,18.855833333333347,19.79458333333336,19.22208333333336
2015-08-03,21.79250000000002,58.458333333333336,2.0416666666666665,8,19.019583333333358,17.261580163250027,17.65208333333335,18.855833333333347,19.79458333333336,19.22208333333336,21.027413035583358
2015-08-04,19.019583333333358,71.58333333333333,2.5833333333333335,8,17.261580163250027,17.65208333333335,18.855833333333347,19.79458333333336,19.22208333333336,21.027413035583358,21.048333333333353
2015-08-05,17.261580163250027,69.0,2.7083333333333335,8,17.65208333333335,18.855833333333347,19.79458333333336,19.22208333333336,21.027413035583358,21.048333333333353,21.74958333333336
2015-08-06,17.65208333333335,71.20833333333333,2.25,8,18.855833333333347,19.79458333333336,19.22208333333336,21.027413035583358,21.048333333333353,21.74958333333336,21.55791666666669
2015-08-07,18.855833333333347,62.708333333333336,2.2916666666666665,8,19.79458333333336,19.22208333333336,21.027413035583358,21.048333333333353,21.74958333333336,21.55791666666669,18.418333333333358
2015-08-08,19.79458333333336,73.91666666666667,3.4166666666666665,8,19.22208333333336,21.027413035583358,21.048333333333353,21.74958333333336,21.55791666666669,18.418333333333358,16.01666666666669
2015-08-09,19.22208333333336,76.33333333333333,3.0833333333333335,8,21.027413035583358,21.048333333333353,21.74958333333336,21.55791666666669,18.418333333333358,16.01666666666669,16.948333333333352
2015-08-10,21.027413035583358,65.0,2.0,8,21.048333333333353,21.74958333333336,21.55791666666669,18.418333333333358,16.01666666666669,16.948333333333352,18.07307834704169
2015-08-11,21.048333333333353,62.041666666666664,2.7083333333333335,8,21.74958333333336,21.55791666666669,18.418333333333358,16.01666666666669,16.948333333333352,18.07307834704169,20.088750000000022
2015-08-12,21.74958333333336,59.0,2.3333333333333335,8,21.55791666666669,18.418333333333358,16.01666666666669,16.948333333333352,18.07307834704169,20.088750000000022,22.17791666666669
2015-08-13,21.55791666666669,66.16666666666667,2.375,8,18.418333333333358,16.01666666666669,16.948333333333352,18.07307834704169,20.088750000000022,22.17791666666669,19.750833333333357
2015-08-14,18.418333333333358,77.75,3.375,8,16.01666666666669,16.948333333333352,18.07307834704169,20.088750000000022,22.17791666666669,19.750833333333357,16.78291666666669
2015-08-15,16.01666666666669,86.875,2.6666666666666665,8,16.948333333333352,18.07307834704169,20.088750000000022,22.17791666666669,19.750833333333357,16.78291666666669,16.572692919083355
2015-08-16,16.948333333333352,75.625,2.0,8,18.07307834704169,20.088750000000022,22.17791666666669,19.750833333333357,16.78291666666669,16.572692919083355,18.337916666666686
2015-08-17,18.07307834704169,69.0,2.625,8,20.088750000000022,22.17791666666669,19.750833333333357,16.78291666666669,16.572692919083355,18.337916666666686,17.806250000000023
2015-08-18,20.088750000000022,60.541666666666664,2.8333333333333335,8,22.17791666666669,19.750833333333357,16.78291666666669,16.572692919083355,18.337916666666686,17.806250000000023,16.661666666666687
2015-08-19,22.17791666666669,61.083333333333336,2.0833333333333335,8,19.750833333333357,16.78291666666669,16.572692919083355,18.337916666666686,17.806250000000023,16.661666666666687,18.193729610583357
2015-08-20,19.750833333333357,67.04166666666667,3.5416666666666665,8,16.78291666666669,16.572692919083355,18.337916666666686,17.806250000000023,16.661666666666687,18.193729610583357,20.525833333333352
2015-08-21,16.78291666666669,73.16666666666667,2.75,8,16.572692919083355,18.337916666666686,17.806250000000023,16.661666666666687,18.193729610583357,20.525833333333352,20.38375000000002
2015-08-22,16.572692919083355,69.45833333333333,2.0416666666666665,8,18.337916666666686,17.806250000000023,16.661666666666687,18.193729610583357,20.525833333333352,20.38375000000002,18.49467728237502
2015-08-23,18.337916666666686,54.291666666666664,2.0416666666666665,8,17.806250000000023,16.661666666666687,18.193729610583357,20.525833333333352,20.38375000000002,18.49467728237502,15.565175128375023
2015-08-24,17.806250000000023,64.08333333333333,1.7083333333333333,8,16.661666666666687,18.193729610583357,20.525833333333352,20.38375000000002,18.49467728237502,15.565175128375023,16.678333333333352
2015-08-25,16.661666666666687,59.833333333333336,2.0416666666666665,8,18.193729610583357,20.525833333333352,20.38375000000002,18.49467728237502,15.565175128375023,16.678333333333352,16.548212272416688
2015-08-26,18.193729610583357,56.75,2.125,8,20.525833333333352,20.38375000000002,18.49467728237502,15.565175128375023,16.678333333333352,16.548212272416688,14.914738422541687
2015-08-27,20.525833333333352,52.375,1.7083333333333333,8,20.38375000000002,18.49467728237502,15.565175128375023,16.678333333333352,16.548212272416688,14.914738422541687,13.260416666666694
2015-08-28,20.38375000000002,64.125,3.125,8,18.49467728237502,15.565175128375023,16.678333333333352,16.548212272416688,14.914738422541687,13.260416666666694,12.492500000000026
2015-08-29,18.49467728237502,85.125,3.5,8,15.565175128375023,16.678333333333352,16.548212272416688,14.914738422541687,13.260416666666694,12.492500000000026,12.61708333333336
2015-08-30,15.565175128375023,86.79166666666667,4.708333333333333,8,16.678333333333352,16.548212272416688,14.914738422541687,13.260416666666694,12.492500000000026,12.61708333333336,13.723750000000022
2015-08-31,16.678333333333352,80.29166666666667,5.25,8,16.548212272416688,14.914738422541687,13.260416666666694,12.492500000000026,12.61708333333336,13.723750000000022,15.240416666666688
2015-09-01,16.548212272416688,84.875,4.541666666666667,9,14.914738422541687,13.260416666666694,12.492500000000026,12.61708333333336,13.723750000000022,15.240416666666688,16.569583333333355
2015-09-02,14.914738422541687,83.5,3.5833333333333335,9,13.260416666666694,12.492500000000026,12.61708333333336,13.723750000000022,15.240416666666688,16.569583333333355,17.242500000000025
2015-09-03,13.260416666666694,76.25,2.7083333333333335,9,12.492500000000026,12.61708333333336,13.723750000000022,15.240416666666688,16.569583333333355,17.242500000000025,17.44291666666669
2015-09-04,12.492500000000026,74.45833333333333,3.0,9,12.61708333333336,13.723750000000022,15.240416666666688,16.569583333333355,17.242500000000025,17.44291666666669,18.87125000000002
2015-09-05,12.61708333333336,77.91666666666667,2.0416666666666665,9,13.723750000000022,15.240416666666688,16.569583333333355,17.242500000000025,17.44291666666669,18.87125000000002,19.03166666666669
2015-09-06,13.723750000000022,82.625,2.4583333333333335,9,15.240416666666688,16.569583333333355,17.242500000000025,17.44291666666669,18.87125000000002,19.03166666666669,17.65583333333335
2015-09-07,15.240416666666688,85.0,1.0416666666666667,9,16.569583333333355,17.242500000000025,17.44291666666669,18.87125000000002,19.03166666666669,17.65583333333335,13.549489640875029
2015-09-08,16.569583333333355,81.41666666666667,1.5416666666666667,9,17.242500000000025,17.44291666666669,18.87125000000002,19.03166666666669,17.65583333333335,13.549489640875029,12.678333333333356
2015-09-09,17.242500000000025,80.29166666666667,1.625,9,17.44291666666669,18.87125000000002,19.03166666666669,17.65583333333335,13.549489640875029,12.678333333333356,13.471543929208352
2015-09-10,17.44291666666669,78.29166666666667,2.75,9,18.87125000000002,19.03166666666669,17.65583333333335,13.549489640875029,12.678333333333356,13.471543929208352,14.579583333333359
2015-09-11,18.87125000000002,70.16666666666667,3.3333333333333335,9,19.03166666666669,17.65583333333335,13.549489640875029,12.678333333333356,13.471543929208352,14.579583333333359,14.89666666666669
2015-09-12,19.03166666666669,69.58333333333333,2.0,9,17.65583333333335,13.549489640875029,12.678333333333356,13.471543929208352,14.579583333333359,14.89666666666669,16.61833333333336
2015-09-13,17.65583333333335,79.83333333333333,2.2083333333333335,9,13.549489640875029,12.678333333333356,13.471543929208352,14.579583333333359,14.89666666666669,16.61833333333336,18.88833333333336
2015-09-14,13.549489640875029,79.08333333333333,2.4583333333333335,9,12.678333333333356,13.471543929208352,14.579583333333359,14.89666666666669,16.61833333333336,18.88833333333336,14.774283653208352
2015-09-15,12.678333333333356,70.0,2.8333333333333335,9,13.471543929208352,14.579583333333359,14.89666666666669,16.61833333333336,18.88833333333336,14.774283653208352,12.186926199958352
2015-09-16,13.471543929208352,76.29166666666667,1.7916666666666667,9,14.579583333333359,14.89666666666669,16.61833333333336,18.88833333333336,14.774283653208352,12.186926199958352,12.206042130375025
2015-09-17,14.579583333333359,88.66666666666667,1.125,9,14.89666666666669,16.61833333333336,18.88833333333336,14.774283653208352,12.186926199958352,12.206042130375025,15.792482687375026
2015-09-18,14.89666666666669,83.41666666666667,3.4583333333333335,9,16.61833333333336,18.88833333333336,14.774283653208352,12.186926199958352,12.206042130375025,15.792482687375026,14.896682843708355
2015-09-19,16.61833333333336,83.33333333333333,4.375,9,18.88833333333336,14.774283653208352,12.186926199958352,12.206042130375025,15.792482687375026,14.896682843708355,13.033489949375022
2015-09-20,18.88833333333336,85.79166666666667,6.916666666666667,9,14.774283653208352,12.186926199958352,12.206042130375025,15.792482687375026,14.896682843708355,13.033489949375022,11.01845323587502
2015-09-21,14.774283653208352,84.66666666666667,2.7083333333333335,9,12.186926199958352,12.206042130375025,15.792482687375026,14.896682843708355,13.033489949375022,11.01845323587502,12.430139490458354
2015-09-22,12.186926199958352,73.66666666666667,1.6666666666666667,9,12.206042130375025,15.792482687375026,14.896682843708355,13.033489949375022,11.01845323587502,12.430139490458354,13.609991398750019
2015-09-23,12.206042130375025,75.91666666666667,1.7916666666666667,9,15.792482687375026,14.896682843708355,13.033489949375022,11.01845323587502,12.430139490458354,13.609991398750019,13.316908166208355
2015-09-24,15.792482687375026,71.625,3.25,9,14.896682843708355,13.033489949375022,11.01845323587502,12.430139490458354,13.609991398750019,13.316908166208355,13.155814907791695
2015-09-25,14.896682843708355,81.79166666666667,2.3333333333333335,9,13.033489949375022,11.01845323587502,12.430139490458354,13.609991398750019,13.316908166208355,13.155814907791695,13.181083709166685
2015-09-26,13.033489949375022,86.20833333333333,1.5833333333333333,9,11.01845323587502,12.430139490458354,13.609991398750019,13.316908166208355,13.155814907791695,13.181083709166685,13.50763844487502
2015-09-27,11.01845323587502,79.0,2.625,9,12.430139490458354,13.609991398750019,13.316908166208355,13.155814907791695,13.181083709166685,13.50763844487502,13.814622438583354
2015-09-28,12.430139490458354,67.29166666666667,4.958333333333333,9,13.609991398750019,13.316908166208355,13.155814907791695,13.181083709166685,13.50763844487502,13.814622438583354,14.03436934212503
2015-09-29,13.609991398750019,64.16666666666667,3.0,9,13.316908166208355,13.155814907791695,13.181083709166685,13.50763844487502,13.814622438583354,14.03436934212503,13.784020392750024
2015-09-30,13.316908166208355,82.79166666666667,1.5833333333333333,9,13.155814907791695,13.181083709166685,13.50763844487502,13.814622438583354,14.03436934212503,13.784020392750024,14.164900676625024
2015-10-01,13.155814907791695,82.08333333333333,1.5,10,13.181083709166685,13.50763844487502,13.814622438583354,14.03436934212503,13.784020392750024,14.164900676625024,14.624329470583353
2015-10-02,13.181083709166685,89.54166666666667,1.625,10,13.50763844487502,13.814622438583354,14.03436934212503,13.784020392750024,14.164900676625024,14.624329470583353,15.06239979804169
2015-10-03,13.50763844487502,79.16666666666667,3.4583333333333335,10,13.814622438583354,14.03436934212503,13.784020392750024,14.164900676625024,14.624329470583353,15.06239979804169,17.255891583166687
2015-10-04,13.814622438583354,55.833333333333336,3.875,10,14.03436934212503,13.784020392750024,14.164900676625024,14.624329470583353,15.06239979804169,17.255891583166687,13.768009496333356
2015-10-05,14.03436934212503,60.291666666666664,2.4166666666666665,10,13.784020392750024,14.164900676625024,14.624329470583353,15.06239979804169,17.255891583166687,13.768009496333356,13.52159619804169
2015-10-06,13.784020392750024,80.58333333333333,2.25,10,14.164900676625024,14.624329470583353,15.06239979804169,17.255891583166687,13.768009496333356,13.52159619804169,14.057916666666685
2015-10-07,14.164900676625024,92.75,2.7916666666666665,10,14.624329470583353,15.06239979804169,17.255891583166687,13.768009496333356,13.52159619804169,14.057916666666685,11.301227036791689
2015-10-08,14.624329470583353,96.0,1.25,10,15.06239979804169,17.255891583166687,13.768009496333356,13.52159619804169,14.057916666666685,11.301227036791689,12.052939657416694
2015-10-09,15.06239979804169,92.45833333333333,1.625,10,17.255891583166687,13.768009496333356,13.52159619804169,14.057916666666685,11.301227036791689,12.052939657416694,12.404701544083359
2015-10-10,17.255891583166687,96.0,3.8333333333333335,10,13.768009496333356,13.52159619804169,14.057916666666685,11.301227036791689,12.052939657416694,12.404701544083359,13.642862459375026
2015-10-11,13.768009496333356,81.79166666666667,3.375,10,13.52159619804169,14.057916666666685,11.301227036791689,12.052939657416694,12.404701544083359,13.642862459375026,13.726482557333346
2015-10-12,13.52159619804169,82.75,2.4166666666666665,10,14.057916666666685,11.301227036791689,12.052939657416694,12.404701544083359,13.642862459375026,13.726482557333346,14.666595353583345
2015-10-13,14.057916666666685,88.70833333333333,2.5833333333333335,10,11.301227036791689,12.052939657416694,12.404701544083359,13.642862459375026,13.726482557333346,14.666595353583345,13.709605701916688
2015-10-14,11.301227036791689,85.75,2.875,10,12.052939657416694,12.404701544083359,13.642862459375026,13.726482557333346,14.666595353583345,13.709605701916688,11.222771150333358
2015-10-15,12.052939657416694,70.41666666666667,4.916666666666667,10,12.404701544083359,13.642862459375026,13.726482557333346,14.666595353583345,13.709605701916688,11.222771150333358,11.893400794416694
2015-10-16,12.404701544083359,82.625,1.25,10,13.642862459375026,13.726482557333346,14.666595353583345,13.709605701916688,11.222771150333358,11.893400794416694,8.894782721375023
2015-10-17,13.642862459375026,90.20833333333333,1.3333333333333333,10,13.726482557333346,14.666595353583345,13.709605701916688,11.222771150333358,11.893400794416694,8.894782721375023,10.253500000000022
2015-10-18,13.726482557333346,90.25,1.1666666666666667,10,14.666595353583345,13.709605701916688,11.222771150333358,11.893400794416694,8.894782721375023,10.253500000000022,10.258125000000023
2015-10-19,14.666595353583345,90.91666666666667,1.8333333333333333,10,13.709605701916688,11.222771150333358,11.893400794416694,8.894782721375023,10.253500000000022,10.258125000000023,12.196916666666693
2015-10-20,13.709605701916688,85.20833333333333,1.4583333333333333,10,11.222771150333358,11.893400794416694,8.894782721375023,10.253500000000022,10.258125000000023,12.196916666666693,10.555775802166686
2015-10-21,11.222771150333358,90.08333333333333,1.25,10,11.893400794416694,8.894782721375023,10.253500000000022,10.258125000000023,12.196916666666693,10.555775802166686,11.530061746791688
2015-10-22,11.893400794416694,87.5,1.625,10,8.894782721375023,10.253500000000022,10.258125000000023,12.196916666666693,10.555775802166686,11.530061746791688,12.859891615791677
2015-10-23,8.894782721375023,90.375,2.0833333333333335,10,10.253500000000022,10.258125000000023,12.196916666666693,10.555775802166686,11.530061746791688,12.859891615791677,14.03115729200002
2015-10-24,10.253500000000022,93.20833333333333,1.8333333333333333,10,10.258125000000023,12.196916666666693,10.555775802166686,11.530061746791688,12.859891615791677,14.03115729200002,14.073945654000022
2015-10-25,10.258125000000023,93.45833333333333,1.75,10,12.196916666666693,10.555775802166686,11.530061746791688,12.859891615791677,14.03115729200002,14.073945654000022,11.388223158625017
2015-10-26,12.196916666666693,97.25,3.375,10,10.555775802166686,11.530061746791688,12.859891615791677,14.03115729200002,14.073945654000022,11.388223158625017,10.102371259000018
2015-10-27,10.555775802166686,94.20833333333333,1.8333333333333333,10,11.530061746791688,12.859891615791677,14.03115729200002,14.073945654000022,11.388223158625017,10.102371259000018,7.984943475458361
2015-10-28,11.530061746791688,92.41666666666667,1.375,10,12.859891615791677,14.03115729200002,14.073945654000022,11.388223158625017,10.102371259000018,7.984943475458361,5.343057259583347
2015-10-29,12.859891615791677,90.70833333333333,3.8333333333333335,10,14.03115729200002,14.073945654000022,11.388223158625017,10.102371259000018,7.984943475458361,5.343057259583347,8.849072935333355
2015-10-30,14.03115729200002,88.41666666666667,5.5,10,14.073945654000022,11.388223158625017,10.102371259000018,7.984943475458361,5.343057259583347,8.849072935333355,9.156777869208355
2015-10-31,14.073945654000022,90.79166666666667,5.208333333333333,10,11.388223158625017,10.102371259000018,7.984943475458361,5.343057259583347,8.849072935333355,9.156777869208355,11.374984905541687
2015-11-01,11.388223158625017,93.08333333333333,5.625,11,10.102371259000018,7.984943475458361,5.343057259583347,8.849072935333355,9.156777869208355,11.374984905541687,9.631631024500015
2015-11-02,10.102371259000018,89.91666666666667,3.4166666666666665,11,7.984943475458361,5.343057259583347,8.849072935333355,9.156777869208355,11.374984905541687,9.631631024500015,8.005253668416685
2015-11-03,7.984943475458361,89.66666666666667,1.7083333333333333,11,5.343057259583347,8.849072935333355,9.156777869208355,11.374984905541687,9.631631024500015,8.005253668416685,6.073466021375016
2015-11-04,5.343057259583347,91.45833333333333,1.4166666666666667,11,8.849072935333355,9.156777869208355,11.374984905541687,9.631631024500015,8.005253668416685,6.073466021375016,9.040394504708354
2015-11-05,8.849072935333355,88.83333333333333,1.9583333333333333,11,9.156777869208355,11.374984905541687,9.631631024500015,8.005253668416685,6.073466021375016,9.040394504708354,6.673673350541695
2015-11-06,9.156777869208355,92.875,2.1666666666666665,11,11.374984905541687,9.631631024500015,8.005253668416685,6.073466021375016,9.040394504708354,6.673673350541695,11.36076831804168
2015-11-07,11.374984905541687,89.33333333333333,2.9166666666666665,11,9.631631024500015,8.005253668416685,6.073466021375016,9.040394504708354,6.673673350541695,11.36076831804168,9.176646354833352
2015-11-08,9.631631024500015,91.33333333333333,2.125,11,8.005253668416685,6.073466021375016,9.040394504708354,6.673673350541695,11.36076831804168,9.176646354833352,5.620648639875014
2015-11-09,8.005253668416685,94.83333333333333,1.375,11,6.073466021375016,9.040394504708354,6.673673350541695,11.36076831804168,9.176646354833352,5.620648639875014,4.007029490041686
2015-11-10,6.073466021375016,90.875,1.75,11,9.040394504708354,6.673673350541695,11.36076831804168,9.176646354833352,5.620648639875014,4.007029490041686,10.235546764666685
2015-11-11,9.040394504708354,86.04166666666667,4.041666666666667,11,6.673673350541695,11.36076831804168,9.176646354833352,5.620648639875014,4.007029490041686,10.235546764666685,7.67421443066669
2015-11-12,6.673673350541695,88.33333333333333,3.3333333333333335,11,11.36076831804168,9.176646354833352,5.620648639875014,4.007029490041686,10.235546764666685,7.67421443066669,6.543532884500017
2015-11-13,11.36076831804168,96.5,6.708333333333333,11,9.176646354833352,5.620648639875014,4.007029490041686,10.235546764666685,7.67421443066669,6.543532884500017,2.5333663735000207
2015-11-14,9.176646354833352,96.91666666666667,2.9166666666666665,11,5.620648639875014,4.007029490041686,10.235546764666685,7.67421443066669,6.543532884500017,2.5333663735000207,2.208537110541691
2015-11-15,5.620648639875014,92.08333333333333,3.5,11,4.007029490041686,10.235546764666685,7.67421443066669,6.543532884500017,2.5333663735000207,2.208537110541691,2.753535713166684
2015-11-16,4.007029490041686,94.08333333333333,2.9583333333333335,11,10.235546764666685,7.67421443066669,6.543532884500017,2.5333663735000207,2.208537110541691,2.753535713166684,2.6826674162083535
2015-11-17,10.235546764666685,91.54166666666667,7.791666666666667,11,7.67421443066669,6.543532884500017,2.5333663735000207,2.208537110541691,2.753535713166684,2.6826674162083535,4.672319803458353
2015-11-18,7.67421443066669,78.79166666666667,2.6666666666666665,11,6.543532884500017,2.5333663735000207,2.208537110541691,2.753535713166684,2.6826674162083535,4.672319803458353,3.505737982791686
2015-11-19,6.543532884500017,87.25,2.625,11,2.5333663735000207,2.208537110541691,2.753535713166684,2.6826674162083535,4.672319803458353,3.505737982791686,1.346701493458352
2015-11-20,2.5333663735000207,85.70833333333333,1.5833333333333333,11,2.208537110541691,2.753535713166684,2.6826674162083535,4.672319803458353,3.505737982791686,1.346701493458352,0.9683445034583613
2015-11-21,2.208537110541691,78.75,2.3333333333333335,11,2.753535713166684,2.6826674162083535,4.672319803458353,3.505737982791686,1.346701493458352,0.9683445034583613,0.21923386954168933
2015-11-22,2.753535713166684,75.70833333333333,1.8333333333333333,11,2.6826674162083535,4.672319803458353,3.505737982791686,1.346701493458352,0.9683445034583613,0.21923386954168933,-0.5978599848749772
2015-11-23,2.6826674162083535,86.29166666666667,1.2916666666666667,11,4.672319803458353,3.505737982791686,1.346701493458352,0.9683445034583613,0.21923386954168933,-0.5978599848749772,-1.0556209246249797
2015-11-24,4.672319803458353,93.125,2.0,11,3.505737982791686,1.346701493458352,0.9683445034583613,0.21923386954168933,-0.5978599848749772,-1.0556209246249797,4.661209240958352
2015-11-25,3.505737982791686,62.541666666666664,2.7916666666666665,11,1.346701493458352,0.9683445034583613,0.21923386954168933,-0.5978599848749772,-1.0556209246249797,4.661209240958352,6.08195693120835
2015-11-26,1.346701493458352,76.5,1.625,11,0.9683445034583613,0.21923386954168933,-0.5978599848749772,-1.0556209246249797,4.661209240958352,6.08195693120835,9.00216425408336
2015-11-27,0.9683445034583613,76.29166666666667,1.6666666666666667,11,0.21923386954168933,-0.5978599848749772,-1.0556209246249797,4.661209240958352,6.08195693120835,9.00216425408336,8.703897745083347
2015-11-28,0.21923386954168933,89.875,1.0,11,-0.5978599848749772,-1.0556209246249797,4.661209240958352,6.08195693120835,9.00216425408336,8.703897745083347,7.877378866333355
2015-11-29,-0.5978599848749772,93.125,0.875,11,-1.0556209246249797,4.661209240958352,6.08195693120835,9.00216425408336,8.703897745083347,7.877378866333355,9.240827112750024
2015-11-30,-1.0556209246249797,92.70833333333333,1.0,11,4.661209240958352,6.08195693120835,9.00216425408336,8.703897745083347,7.877378866333355,9.240827112750024,9.856927404833355
2015-12-01,4.661209240958352,80.08333333333333,1.875,12,6.08195693120835,9.00216425408336,8.703897745083347,7.877378866333355,9.240827112750024,9.856927404833355,11.513583841583356
2015-12-02,6.08195693120835,89.625,1.7083333333333333,12,9.00216425408336,8.703897745083347,7.877378866333355,9.240827112750024,9.856927404833355,11.513583841583356,11.083552568833348
2015-12-03,9.00216425408336,82.125,1.875,12,8.703897745083347,7.877378866333355,9.240827112750024,9.856927404833355,11.513583841583356,11.083552568833348,8.547980863625021
2015-12-04,8.703897745083347,83.25,2.9583333333333335,12,7.877378866333355,9.240827112750024,9.856927404833355,11.513583841583356,11.083552568833348,8.547980863625021,6.479462565875018
2015-12-05,7.877378866333355,69.20833333333333,4.875,12,9.240827112750024,9.856927404833355,11.513583841583356,11.083552568833348,8.547980863625021,6.479462565875018,6.3226106294583575
2015-12-06,9.240827112750024,82.75,4.125,12,9.856927404833355,11.513583841583356,11.083552568833348,8.547980863625021,6.479462565875018,6.3226106294583575,7.290177958875023
2015-12-07,9.856927404833355,82.04166666666667,4.875,12,11.513583841583356,11.083552568833348,8.547980863625021,6.479462565875018,6.3226106294583575,7.290177958875023,5.346005724541688
2015-12-08,11.513583841583356,91.0,4.208333333333333,12,11.083552568833348,8.547980863625021,6.479462565875018,6.3226106294583575,7.290177958875023,5.346005724541688,2.1221295937083533
2015-12-09,11.083552568833348,88.95833333333333,4.041666666666667,12,8.547980863625021,6.479462565875018,6.3226106294583575,7.290177958875023,5.346005724541688,2.1221295937083533,4.95308215229169
2015-12-10,8.547980863625021,77.125,5.208333333333333,12,6.479462565875018,6.3226106294583575,7.290177958875023,5.346005724541688,2.1221295937083533,4.95308215229169,3.296692836166694
2015-12-11,6.479462565875018,83.04166666666667,3.4166666666666665,12,6.3226106294583575,7.290177958875023,5.346005724541688,2.1221295937083533,4.95308215229169,3.296692836166694,6.020433354000017
2015-12-12,6.3226106294583575,87.95833333333333,3.0833333333333335,12,7.290177958875023,5.346005724541688,2.1221295937083533,4.95308215229169,3.296692836166694,6.020433354000017,4.7755295019583555
2015-12-13,7.290177958875023,86.875,6.458333333333333,12,5.346005724541688,2.1221295937083533,4.95308215229169,3.296692836166694,6.020433354000017,4.7755295019583555,6.293762018833355
2015-12-14,5.346005724541688,88.66666666666667,1.875,12,2.1221295937083533,4.95308215229169,3.296692836166694,6.020433354000017,4.7755295019583555,6.293762018833355,4.351181817583357
2015-12-15,2.1221295937083533,93.08333333333333,1.5833333333333333,12,4.95308215229169,3.296692836166694,6.020433354000017,4.7755295019583555,6.293762018833355,4.351181817583357,4.1255109470833515
2015-12-16,4.95308215229169,94.375,2.3333333333333335,12,3.296692836166694,6.020433354000017,4.7755295019583555,6.293762018833355,4.351181817583357,4.1255109470833515,3.9549067175416823
2015-12-17,3.296692836166694,95.54166666666667,1.4583333333333333,12,6.020433354000017,4.7755295019583555,6.293762018833355,4.351181817583357,4.1255109470833515,3.9549067175416823,3.4681182770416896
2015-12-18,6.020433354000017,92.16666666666667,4.208333333333333,12,4.7755295019583555,6.293762018833355,4.351181817583357,4.1255109470833515,3.9549067175416823,3.4681182770416896,3.067922959500026
2015-12-19,4.7755295019583555,93.5,2.9583333333333335,12,6.293762018833355,4.351181817583357,4.1255109470833515,3.9549067175416823,3.4681182770416896,3.067922959500026,1.8884533290833545
2015-12-20,6.293762018833355,88.08333333333333,5.625,12,4.351181817583357,4.1255109470833515,3.9549067175416823,3.4681182770416896,3.067922959500026,1.8884533290833545,2.6836319568333615
2015-12-21,4.351181817583357,91.54166666666667,3.7916666666666665,12,4.1255109470833515,3.9549067175416823,3.4681182770416896,3.067922959500026,1.8884533290833545,2.6836319568333615,2.8868075262916855
2015-12-22,4.1255109470833515,93.16666666666667,2.7916666666666665,12,3.9549067175416823,3.4681182770416896,3.067922959500026,1.8884533290833545,2.6836319568333615,2.8868075262916855,3.055028876041694
2015-12-23,3.9549067175416823,91.70833333333333,5.541666666666667,12,3.4681182770416896,3.067922959500026,1.8884533290833545,2.6836319568333615,2.8868075262916855,3.055028876041694,0.734612258125028
2015-12-24,3.4681182770416896,91.04166666666667,5.25,12,3.067922959500026,1.8884533290833545,2.6836319568333615,2.8868075262916855,3.055028876041694,0.734612258125028,-0.27695617487497753
2015-12-25,3.067922959500026,94.25,0.875,12,1.8884533290833545,2.6836319568333615,2.8868075262916855,3.055028876041694,0.734612258125028,-0.27695617487497753,-0.7505608146249827
2015-12-26,1.8884533290833545,96.25,0.8333333333333334,12,2.6836319568333615,2.8868075262916855,3.055028876041694,0.734612258125028,-0.27695617487497753,-0.7505608146249827,-0.8118034784999774
2015-12-27,2.6836319568333615,96.16666666666667,1.6666666666666667,12,2.8868075262916855,3.055028876041694,0.734612258125028,-0.27695617487497753,-0.7505608146249827,-0.8118034784999774,-0.6017710162083105
2015-12-28,2.8868075262916855,96.75,0.875,12,3.055028876041694,0.734612258125028,-0.27695617487497753,-0.7505608146249827,-0.8118034784999774,-0.6017710162083105,1.4700133649166887
2015-12-29,3.055028876041694,94.75,1.0,12,0.734612258125028,-0.27695617487497753,-0.7505608146249827,-0.8118034784999774,-0.6017710162083105,1.4700133649166887,2.98223361129169
2015-12-30,0.734612258125028,92.91666666666667,2.8333333333333335,12,-0.27695617487497753,-0.7505608146249827,-0.8118034784999774,-0.6017710162083105,1.4700133649166887,2.98223361129169,4.6229637361666915
2015-12-31,-0.27695617487497753,80.45833333333333,2.5416666666666665,12,-0.7505608146249827,-0.8118034784999774,-0.6017710162083105,1.4700133649166887,2.98223361129169,4.6229637361666915,4.047966014458353
2016-01-01,-0.7505608146249827,76.29166666666667,1.5416666666666667,1,-0.8118034784999774,-0.6017710162083105,1.4700133649166887,2.98223361129169,4.6229637361666915,4.047966014458353,3.9142868700833566
2016-01-02,-0.8118034784999774,86.41666666666667,1.3333333333333333,1,-0.6017710162083105,1.4700133649166887,2.98223361129169,4.6229637361666915,4.047966014458353,3.9142868700833566,2.39153805616669
2016-01-03,-0.6017710162083105,64.08333333333333,2.0833333333333335,1,1.4700133649166887,2.98223361129169,4.6229637361666915,4.047966014458353,3.9142868700833566,2.39153805616669,4.46404615529169
2016-01-04,1.4700133649166887,97.79166666666667,1.5833333333333333,1,2.98223361129169,4.6229637361666915,4.047966014458353,3.9142868700833566,2.39153805616669,4.46404615529169,1.955228849000027
2016-01-05,2.98223361129169,97.75,2.1666666666666665,1,4.6229637361666915,4.047966014458353,3.9142868700833566,2.39153805616669,4.46404615529169,1.955228849000027,5.7293006676666876
2016-01-06,4.6229637361666915,96.33333333333333,1.3333333333333333,1,4.047966014458353,3.9142868700833566,2.39153805616669,4.46404615529169,1.955228849000027,5.7293006676666876,8.352566367041689
2016-01-07,4.047966014458353,95.54166666666667,1.0,1,3.9142868700833566,2.39153805616669,4.46404615529169,1.955228849000027,5.7293006676666876,8.352566367041689,4.943480715625022
2016-01-08,3.9142868700833566,92.95833333333333,1.0,1,2.39153805616669,4.46404615529169,1.955228849000027,5.7293006676666876,8.352566367041689,4.943480715625022,3.554579025166691
2016-01-09,2.39153805616669,96.58333333333333,1.2083333333333333,1,4.46404615529169,1.955228849000027,5.7293006676666876,8.352566367041689,4.943480715625022,3.554579025166691,7.195983376541695
2016-01-10,4.46404615529169,91.875,1.0833333333333333,1,1.955228849000027,5.7293006676666876,8.352566367041689,4.943480715625022,3.554579025166691,7.195983376541695,7.841331067500015
2016-01-11,1.955228849000027,95.375,1.7083333333333333,1,5.7293006676666876,8.352566367041689,4.943480715625022,3.554579025166691,7.195983376541695,7.841331067500015,7.766638339666689
2016-01-12,5.7293006676666876,98.45833333333333,1.7916666666666667,1,8.352566367041689,4.943480715625022,3.554579025166691,7.195983376541695,7.841331067500015,7.766638339666689,6.762105122625023
2016-01-13,8.352566367041689,98.25,2.9583333333333335,1,4.943480715625022,3.554579025166691,7.195983376541695,7.841331067500015,7.766638339666689,6.762105122625023,6.470168796750028
2016-01-14,4.943480715625022,90.33333333333333,1.75,1,3.554579025166691,7.195983376541695,7.841331067500015,7.766638339666689,6.762105122625023,6.470168796750028,7.674493796208355
2016-01-15,3.554579025166691,92.45833333333333,1.8333333333333333,1,7.195983376541695,7.841331067500015,7.766638339666689,6.762105122625023,6.470168796750028,7.674493796208355,10.18479848620836
2016-01-16,7.195983376541695,94.58333333333333,2.0416666666666665,1,7.841331067500015,7.766638339666689,6.762105122625023,6.470168796750028,7.674493796208355,10.18479848620836,6.852609649416688
2016-01-17,7.841331067500015,97.70833333333333,3.8333333333333335,1,7.766638339666689,6.762105122625023,6.470168796750028,7.674493796208355,10.18479848620836,6.852609649416688,6.358207095166691
2016-01-18,7.766638339666689,95.625,3.5,1,6.762105122625023,6.470168796750028,7.674493796208355,10.18479848620836,6.852609649416688,6.358207095166691,5.311910466750024
2016-01-19,6.762105122625023,96.83333333333333,1.7083333333333333,1,6.470168796750028,7.674493796208355,10.18479848620836,6.852609649416688,6.358207095166691,5.311910466750024,9.016135006125026
2016-01-20,6.470168796750028,96.41666666666667,2.0833333333333335,1,7.674493796208355,10.18479848620836,6.852609649416688,6.358207095166691,5.311910466750024,9.016135006125026,11.344191696916694
2016-01-21,7.674493796208355,98.08333333333333,1.6666666666666667,1,10.18479848620836,6.852609649416688,6.358207095166691,5.311910466750024,9.016135006125026,11.344191696916694,11.459896644291689
2016-01-22,10.18479848620836,94.95833333333333,4.166666666666667,1,6.852609649416688,6.358207095166691,5.311910466750024,9.016135006125026,11.344191696916694,11.459896644291689,7.4830090723750216
2016-01-23,6.852609649416688,92.875,1.7083333333333333,1,6.358207095166691,5.311910466750024,9.016135006125026,11.344191696916694,11.459896644291689,7.4830090723750216,5.24658738154169
2016-01-24,6.358207095166691,92.5,2.2916666666666665,1,5.311910466750024,9.016135006125026,11.344191696916694,11.459896644291689,7.4830090723750216,5.24658738154169,4.523238453166695
2016-01-25,5.311910466750024,93.375,1.0833333333333333,1,9.016135006125026,11.344191696916694,11.459896644291689,7.4830090723750216,5.24658738154169,4.523238453166695,4.783132095000023
2016-01-26,9.016135006125026,92.54166666666667,1.7083333333333333,1,11.344191696916694,11.459896644291689,7.4830090723750216,5.24658738154169,4.523238453166695,4.783132095000023,4.249478288750024
2016-01-27,11.344191696916694,94.79166666666667,2.625,1,11.459896644291689,7.4830090723750216,5.24658738154169,4.523238453166695,4.783132095000023,4.249478288750024,5.584438390125025
2016-01-28,11.459896644291689,91.45833333333333,4.833333333333333,1,7.4830090723750216,5.24658738154169,4.523238453166695,4.783132095000023,4.249478288750024,5.584438390125025,6.7609354237500225
2016-01-29,7.4830090723750216,92.08333333333333,3.0416666666666665,1,5.24658738154169,4.523238453166695,4.783132095000023,4.249478288750024,5.584438390125025,6.7609354237500225,7.413564668958355
2016-01-30,5.24658738154169,90.58333333333333,4.041666666666667,1,4.523238453166695,4.783132095000023,4.249478288750024,5.584438390125025,6.7609354237500225,7.413564668958355,7.252500000000022
2016-01-31,4.523238453166695,93.45833333333333,3.7916666666666665,1,4.783132095000023,4.249478288750024,5.584438390125025,6.7609354237500225,7.413564668958355,7.252500000000022,4.412083333333354
2016-02-01,4.783132095000023,93.83333333333333,1.6666666666666667,2,4.249478288750024,5.584438390125025,6.7609354237500225,7.413564668958355,7.252500000000022,4.412083333333354,6.355833333333358
2016-02-02,4.249478288750024,87.70833333333333,1.4583333333333333,2,5.584438390125025,6.7609354237500225,7.413564668958355,7.252500000000022,4.412083333333354,6.355833333333358,7.803832674458358
2016-02-03,5.584438390125025,89.70833333333333,1.4166666666666667,2,6.7609354237500225,7.413564668958355,7.252500000000022,4.412083333333354,6.355833333333358,7.803832674458358,9.446421388458354
2016-02-04,6.7609354237500225,92.125,3.875,2,7.413564668958355,7.252500000000022,4.412083333333354,6.355833333333358,7.803832674458358,9.446421388458354,9.711807519958358
2016-02-05,7.413564668958355,91.25,2.4583333333333335,2,7.252500000000022,4.412083333333354,6.355833333333358,7.803832674458358,9.446421388458354,9.711807519958358,10.950087651041693
2016-02-06,7.252500000000022,91.25,5.0,2,4.412083333333354,6.355833333333358,7.803832674458358,9.446421388458354,9.711807519958358,10.950087651041693,8.385897461375022
2016-02-07,4.412083333333354,92.625,1.5,2,6.355833333333358,7.803832674458358,9.446421388458354,9.711807519958358,10.950087651041693,8.385897461375022,8.80690136491669
2016-02-08,6.355833333333358,82.08333333333333,2.9166666666666665,2,7.803832674458358,9.446421388458354,9.711807519958358,10.950087651041693,8.385897461375022,8.80690136491669,10.822738473208354
2016-02-09,7.803832674458358,86.875,2.4166666666666665,2,9.446421388458354,9.711807519958358,10.950087651041693,8.385897461375022,8.80690136491669,10.822738473208354,10.433466444458361
2016-02-10,9.446421388458354,91.75,1.5,2,9.711807519958358,10.950087651041693,8.385897461375022,8.80690136491669,10.822738473208354,10.433466444458361,10.191466368708355
2016-02-11,9.711807519958358,92.0,1.7916666666666667,2,10.950087651041693,8.385897461375022,8.80690136491669,10.822738473208354,10.433466444458361,10.191466368708355,8.845333170458353
2016-02-12,10.950087651041693,92.04166666666667,2.625,2,8.385897461375022,8.80690136491669,10.822738473208354,10.433466444458361,10.191466368708355,8.845333170458353,7.703836571833359
2016-02-13,8.385897461375022,93.91666666666667,4.708333333333333,2,8.80690136491669,10.822738473208354,10.433466444458361,10.191466368708355,8.845333170458353,7.703836571833359,5.75376183420835
2016-02-14,8.80690136491669,95.83333333333333,4.083333333333333,2,10.822738473208354,10.433466444458361,10.191466368708355,8.845333170458353,7.703836571833359,5.75376183420835,4.377466232250026
2016-02-15,10.822738473208354,96.54166666666667,6.375,2,10.433466444458361,10.191466368708355,8.845333170458353,7.703836571833359,5.75376183420835,4.377466232250026,6.575186313041686
2016-02-16,10.433466444458361,89.375,4.208333333333333,2,10.191466368708355,8.845333170458353,7.703836571833359,5.75376183420835,4.377466232250026,6.575186313041686,4.990216757875025
2016-02-17,10.191466368708355,92.83333333333333,1.2083333333333333,2,8.845333170458353,7.703836571833359,5.75376183420835,4.377466232250026,6.575186313041686,4.990216757875025,8.532257429250022
2016-02-18,8.845333170458353,90.54166666666667,4.041666666666667,2,7.703836571833359,5.75376183420835,4.377466232250026,6.575186313041686,4.990216757875025,8.532257429250022,8.369081054000027
2016-02-19,7.703836571833359,90.79166666666667,4.041666666666667,2,5.75376183420835,4.377466232250026,6.575186313041686,4.990216757875025,8.532257429250022,8.369081054000027,9.482194415958356
2016-02-20,5.75376183420835,85.20833333333333,4.083333333333333,2,4.377466232250026,6.575186313041686,4.990216757875025,8.532257429250022,8.369081054000027,9.482194415958356,9.741080734250017
2016-02-21,4.377466232250026,90.29166666666667,2.0,2,6.575186313041686,4.990216757875025,8.532257429250022,8.369081054000027,9.482194415958356,9.741080734250017,8.636223223458353
2016-02-22,6.575186313041686,90.20833333333333,3.0833333333333335,2,4.990216757875025,8.532257429250022,8.369081054000027,9.482194415958356,9.741080734250017,8.636223223458353,7.166275398625028
2016-02-23,4.990216757875025,81.41666666666667,2.625,2,8.532257429250022,8.369081054000027,9.482194415958356,9.741080734250017,8.636223223458353,7.166275398625028,8.509543551125025
2016-02-24,8.532257429250022,73.58333333333333,1.9583333333333333,2,8.369081054000027,9.482194415958356,9.741080734250017,8.636223223458353,7.166275398625028,8.509543551125025,8.43716696479168
2016-02-25,8.369081054000027,81.08333333333333,1.5416666666666667,2,9.482194415958356,9.741080734250017,8.636223223458353,7.166275398625028,8.509543551125025,8.43716696479168,10.465706669541696
2016-02-26,9.482194415958356,81.75,1.4166666666666667,2,9.741080734250017,8.636223223458353,7.166275398625028,8.509543551125025,8.43716696479168,10.465706669541696,8.660041241083354
2016-02-27,9.741080734250017,93.25,2.375,2,8.636223223458353,7.166275398625028,8.509543551125025,8.43716696479168,10.465706669541696,8.660041241083354,10.733430153833359
2016-02-28,8.636223223458353,87.70833333333333,2.875,2,7.166275398625028,8.509543551125025,8.43716696479168,10.465706669541696,8.660041241083354,10.733430153833359,11.381450197916687
2016-02-29,7.166275398625028,89.45833333333333,2.9583333333333335,2,8.509543551125025,8.43716696479168,10.465706669541696,8.660041241083354,10.733430153833359,11.381450197916687,6.941773656500021
2016-03-01,8.509543551125025,92.33333333333333,2.3333333333333335,3,8.43716696479168,10.465706669541696,8.660041241083354,10.733430153833359,11.381450197916687,6.941773656500021,6.01532905375002
2016-03-02,8.43716696479168,85.79166666666667,6.458333333333333,3,10.465706669541696,8.660041241083354,10.733430153833359,11.381450197916687,6.941773656500021,6.01532905375002,7.247059146083354
2016-03-03,10.465706669541696,90.375,3.5833333333333335,3,8.660041241083354,10.733430153833359,11.381450197916687,6.941773656500021,6.01532905375002,7.247059146083354,10.049378006875019
2016-03-04,8.660041241083354,90.75,1.75,3,10.733430153833359,11.381450197916687,6.941773656500021,6.01532905375002,7.247059146083354,10.049378006875019,6.21389564154169
2016-03-05,10.733430153833359,89.875,2.5,3,11.381450197916687,6.941773656500021,6.01532905375002,7.247059146083354,10.049378006875019,6.21389564154169,8.056564599708354
2016-03-06,11.381450197916687,87.45833333333333,4.541666666666667,3,6.941773656500021,6.01532905375002,7.247059146083354,10.049378006875019,6.21389564154169,8.056564599708354,6.440084596416696
2016-03-07,6.941773656500021,92.58333333333333,2.7916666666666665,3,6.01532905375002,7.247059146083354,10.049378006875019,6.21389564154169,8.056564599708354,6.440084596416696,5.745423755375019
2016-03-08,6.01532905375002,90.75,2.7083333333333335,3,7.247059146083354,10.049378006875019,6.21389564154169,8.056564599708354,6.440084596416696,5.745423755375019,5.3264220090000265
2016-03-09,7.247059146083354,89.125,2.0416666666666665,3,10.049378006875019,6.21389564154169,8.056564599708354,6.440084596416696,5.745423755375019,5.3264220090000265,6.333727809333356
2016-03-10,10.049378006875019,88.625,6.208333333333333,3,6.21389564154169,8.056564599708354,6.440084596416696,5.745423755375019,5.3264220090000265,6.333727809333356,5.715198731166687
2016-03-11,6.21389564154169,93.25,1.6666666666666667,3,8.056564599708354,6.440084596416696,5.745423755375019,5.3264220090000265,6.333727809333356,5.715198731166687,8.604592375125021
2016-03-12,8.056564599708354,91.08333333333333,3.9583333333333335,3,6.440084596416696,5.745423755375019,5.3264220090000265,6.333727809333356,5.715198731166687,8.604592375125021,11.189815796000024
2016-03-13,6.440084596416696,90.29166666666667,4.291666666666667,3,5.745423755375019,5.3264220090000265,6.333727809333356,5.715198731166687,8.604592375125021,11.189815796000024,11.155810348041692
2016-03-14,5.745423755375019,91.70833333333333,5.416666666666667,3,5.3264220090000265,6.333727809333356,5.715198731166687,8.604592375125021,11.189815796000024,11.155810348041692,9.681117726458359
2016-03-15,5.3264220090000265,83.625,4.0,3,6.333727809333356,5.715198731166687,8.604592375125021,11.189815796000024,11.155810348041692,9.681117726458359,8.633690829708351
2016-03-16,6.333727809333356,84.08333333333333,1.9583333333333333,3,5.715198731166687,8.604592375125021,11.189815796000024,11.155810348041692,9.681117726458359,8.633690829708351,8.926863671458355
2016-03-17,5.715198731166687,78.5,3.875,3,8.604592375125021,11.189815796000024,11.155810348041692,9.681117726458359,8.633690829708351,8.926863671458355,7.851614689458354
2016-03-18,8.604592375125021,46.458333333333336,3.5833333333333335,3,11.189815796000024,11.155810348041692,9.681117726458359,8.633690829708351,8.926863671458355,7.851614689458354,7.638672388375021
2016-03-19,11.189815796000024,62.958333333333336,1.75,3,11.155810348041692,9.681117726458359,8.633690829708351,8.926863671458355,7.851614689458354,7.638672388375021,7.871653902333359
2016-03-20,11.155810348041692,74.29166666666667,1.2083333333333333,3,9.681117726458359,8.633690829708351,8.926863671458355,7.851614689458354,7.638672388375021,7.871653902333359,9.615680190125019
2016-03-21,9.681117726458359,91.08333333333333,2.0416666666666665,3,8.633690829708351,8.926863671458355,7.851614689458354,7.638672388375021,7.871653902333359,9.615680190125019,6.396004992833357
2016-03-22,8.633690829708351,84.66666666666667,3.25,3,8.926863671458355,7.851614689458354,7.638672388375021,7.871653902333359,9.615680190125019,6.396004992833357,7.63887471337502
2016-03-23,8.926863671458355,81.25,4.125,3,7.851614689458354,7.638672388375021,7.871653902333359,9.615680190125019,6.396004992833357,7.63887471337502,10.701156761541684
2016-03-24,7.851614689458354,86.91666666666667,4.5,3,7.638672388375021,7.871653902333359,9.615680190125019,6.396004992833357,7.63887471337502,10.701156761541684,12.735177196083356
2016-03-25,7.638672388375021,77.875,2.2083333333333335,3,7.871653902333359,9.615680190125019,6.396004992833357,7.63887471337502,10.701156761541684,12.735177196083356,13.46679016754169
2016-03-26,7.871653902333359,79.5,1.0,3,9.615680190125019,6.396004992833357,7.63887471337502,10.701156761541684,12.735177196083356,13.46679016754169,12.224922842666688
2016-03-27,9.615680190125019,80.33333333333333,3.5833333333333335,3,6.396004992833357,7.63887471337502,10.701156761541684,12.735177196083356,13.46679016754169,12.224922842666688,11.489937196625021
2016-03-28,6.396004992833357,90.0,2.2083333333333335,3,7.63887471337502,10.701156761541684,12.735177196083356,13.46679016754169,12.224922842666688,11.489937196625021,12.154479208791686
2016-03-29,7.63887471337502,75.54166666666667,3.0833333333333335,3,10.701156761541684,12.735177196083356,13.46679016754169,12.224922842666688,11.489937196625021,12.154479208791686,8.863987677250023
2016-03-30,10.701156761541684,68.41666666666667,1.5,3,12.735177196083356,13.46679016754169,12.224922842666688,11.489937196625021,12.154479208791686,8.863987677250023,10.233096169583353
2016-03-31,12.735177196083356,74.91666666666667,1.1666666666666667,3,13.46679016754169,12.224922842666688,11.489937196625021,12.154479208791686,8.863987677250023,10.233096169583353,14.296791021125022
2016-04-01,13.46679016754169,72.91666666666667,1.0833333333333333,4,12.224922842666688,11.489937196625021,12.154479208791686,8.863987677250023,10.233096169583353,14.296791021125022,16.623041190208355
2016-04-02,12.224922842666688,81.66666666666667,1.5833333333333333,4,11.489937196625021,12.154479208791686,8.863987677250023,10.233096169583353,14.296791021125022,16.623041190208355,12.82776398304169
2016-04-03,11.489937196625021,80.66666666666667,1.8333333333333333,4,12.154479208791686,8.863987677250023,10.233096169583353,14.296791021125022,16.623041190208355,12.82776398304169,11.252228505041694
2016-04-04,12.154479208791686,76.70833333333333,5.791666666666667,4,8.863987677250023,10.233096169583353,14.296791021125022,16.623041190208355,12.82776398304169,11.252228505041694,10.917525635208357
2016-04-05,8.863987677250023,78.45833333333333,4.125,4,10.233096169583353,14.296791021125022,16.623041190208355,12.82776398304169,11.252228505041694,10.917525635208357,10.884822108625025
2016-04-06,10.233096169583353,79.95833333333333,1.7916666666666667,4,14.296791021125022,16.623041190208355,12.82776398304169,11.252228505041694,10.917525635208357,10.884822108625025,8.593539949041691
2016-04-07,14.296791021125022,63.75,5.083333333333333,4,16.623041190208355,12.82776398304169,11.252228505041694,10.917525635208357,10.884822108625025,8.593539949041691,9.516352984666687
2016-04-08,16.623041190208355,66.83333333333333,1.7083333333333333,4,12.82776398304169,11.252228505041694,10.917525635208357,10.884822108625025,8.593539949041691,9.516352984666687,10.129417265958358
2016-04-09,12.82776398304169,79.33333333333333,2.125,4,11.252228505041694,10.917525635208357,10.884822108625025,8.593539949041691,9.516352984666687,10.129417265958358,10.373210825833356
2016-04-10,11.252228505041694,72.75,2.9583333333333335,4,10.917525635208357,10.884822108625025,8.593539949041691,9.516352984666687,10.129417265958358,10.373210825833356,13.72506560537503
2016-04-11,10.917525635208357,77.08333333333333,2.75,4,10.884822108625025,8.593539949041691,9.516352984666687,10.129417265958358,10.373210825833356,13.72506560537503,18.462098978541693
2016-04-12,10.884822108625025,77.75,3.375,4,8.593539949041691,9.516352984666687,10.129417265958358,10.373210825833356,13.72506560537503,18.462098978541693,19.49107963241669
2016-04-13,8.593539949041691,88.16666666666667,3.25,4,9.516352984666687,10.129417265958358,10.373210825833356,13.72506560537503,18.462098978541693,19.49107963241669,18.061960857875025
2016-04-14,9.516352984666687,76.75,1.625,4,10.129417265958358,10.373210825833356,13.72506560537503,18.462098978541693,19.49107963241669,18.061960857875025,17.010950322125026
2016-04-15,10.129417265958358,82.875,2.2916666666666665,4,10.373210825833356,13.72506560537503,18.462098978541693,19.49107963241669,18.061960857875025,17.010950322125026,14.334318319083353
2016-04-16,10.373210825833356,73.70833333333333,1.5416666666666667,4,13.72506560537503,18.462098978541693,19.49107963241669,18.061960857875025,17.010950322125026,14.334318319083353,12.146601723125022
2016-04-17,13.72506560537503,56.333333333333336,2.5833333333333335,4,18.462098978541693,19.49107963241669,18.061960857875025,17.010950322125026,14.334318319083353,12.146601723125022,10.46525469041669
2016-04-18,18.462098978541693,55.416666666666664,1.3333333333333333,4,19.49107963241669,18.061960857875025,17.010950322125026,14.334318319083353,12.146601723125022,10.46525469041669,8.840238433750022
2016-04-19,19.49107963241669,57.125,1.8333333333333333,4,18.061960857875025,17.010950322125026,14.334318319083353,12.146601723125022,10.46525469041669,8.840238433750022,9.46742585904169
2016-04-20,18.061960857875025,65.75,1.375,4,17.010950322125026,14.334318319083353,12.146601723125022,10.46525469041669,8.840238433750022,9.46742585904169,10.791521897500026
2016-04-21,17.010950322125026,72.91666666666667,2.5833333333333335,4,14.334318319083353,12.146601723125022,10.46525469041669,8.840238433750022,9.46742585904169,10.791521897500026,12.035394450083352
2016-04-22,14.334318319083353,76.5,2.25,4,12.146601723125022,10.46525469041669,8.840238433750022,9.46742585904169,10.791521897500026,12.035394450083352,11.229166666666687
2016-04-23,12.146601723125022,77.875,3.625,4,10.46525469041669,8.840238433750022,9.46742585904169,10.791521897500026,12.035394450083352,11.229166666666687,11.60166666666669
2016-04-24,10.46525469041669,90.375,3.25,4,8.840238433750022,9.46742585904169,10.791521897500026,12.035394450083352,11.229166666666687,11.60166666666669,14.298333333333355
2016-04-25,8.840238433750022,84.83333333333333,1.5416666666666667,4,9.46742585904169,10.791521897500026,12.035394450083352,11.229166666666687,11.60166666666669,14.298333333333355,19.26666666666669
2016-04-26,9.46742585904169,78.08333333333333,1.7083333333333333,4,10.791521897500026,12.035394450083352,11.229166666666687,11.60166666666669,14.298333333333355,19.26666666666669,18.61916666666669
2016-04-27,10.791521897500026,72.75,1.625,4,12.035394450083352,11.229166666666687,11.60166666666669,14.298333333333355,19.26666666666669,18.61916666666669,13.19875000000002
2016-04-28,12.035394450083352,75.95833333333333,1.5416666666666667,4,11.229166666666687,11.60166666666669,14.298333333333355,19.26666666666669,18.61916666666669,13.19875000000002,12.975833333333355
2016-04-29,11.229166666666687,78.79166666666667,1.9583333333333333,4,11.60166666666669,14.298333333333355,19.26666666666669,18.61916666666669,13.19875000000002,12.975833333333355,15.324166666666692
2016-04-30,11.60166666666669,77.58333333333333,1.1666666666666667,4,14.298333333333355,19.26666666666669,18.61916666666669,13.19875000000002,12.975833333333355,15.324166666666692,17.954583333333353
2016-05-01,14.298333333333355,60.708333333333336,2.75,5,19.26666666666669,18.61916666666669,13.19875000000002,12.975833333333355,15.324166666666692,17.954583333333353,14.462916666666688
2016-05-02,19.26666666666669,49.041666666666664,1.875,5,18.61916666666669,13.19875000000002,12.975833333333355,15.324166666666692,17.954583333333353,14.462916666666688,11.739583333333359
2016-05-03,18.61916666666669,64.83333333333333,2.2916666666666665,5,13.19875000000002,12.975833333333355,15.324166666666692,17.954583333333353,14.462916666666688,11.739583333333359,13.985416666666696
2016-05-04,13.19875000000002,78.04166666666667,1.9583333333333333,5,12.975833333333355,15.324166666666692,17.954583333333353,14.462916666666688,11.739583333333359,13.985416666666696,16.750000000000025
2016-05-05,12.975833333333355,73.95833333333333,2.4166666666666665,5,15.324166666666692,17.954583333333353,14.462916666666688,11.739583333333359,13.985416666666696,16.750000000000025,16.395833333333357
2016-05-06,15.324166666666692,58.125,2.9583333333333335,5,17.954583333333353,14.462916666666688,11.739583333333359,13.985416666666696,16.750000000000025,16.395833333333357,17.338750000000026
2016-05-07,17.954583333333353,44.291666666666664,2.4583333333333335,5,14.462916666666688,11.739583333333359,13.985416666666696,16.750000000000025,16.395833333333357,17.338750000000026,15.680000000000023
2016-05-08,14.462916666666688,68.04166666666667,2.7083333333333335,5,11.739583333333359,13.985416666666696,16.750000000000025,16.395833333333357,17.338750000000026,15.680000000000023,12.076666666666688
2016-05-09,11.739583333333359,70.20833333333333,2.0416666666666665,5,13.985416666666696,16.750000000000025,16.395833333333357,17.338750000000026,15.680000000000023,12.076666666666688,12.256046702791691
2016-05-10,13.985416666666696,60.958333333333336,1.875,5,16.750000000000025,16.395833333333357,17.338750000000026,15.680000000000023,12.076666666666688,12.256046702791691,14.13333333333336
2016-05-11,16.750000000000025,46.458333333333336,1.3333333333333333,5,16.395833333333357,17.338750000000026,15.680000000000023,12.076666666666688,12.256046702791691,14.13333333333336,14.475416666666689
2016-05-12,16.395833333333357,54.625,2.0416666666666665,5,17.338750000000026,15.680000000000023,12.076666666666688,12.256046702791691,14.13333333333336,14.475416666666689,11.557500000000026
2016-05-13,17.338750000000026,55.916666666666664,2.1666666666666665,5,15.680000000000023,12.076666666666688,12.256046702791691,14.13333333333336,14.475416666666689,11.557500000000026,12.04000000000003
2016-05-14,15.680000000000023,75.79166666666667,2.5416666666666665,5,12.076666666666688,12.256046702791691,14.13333333333336,14.475416666666689,11.557500000000026,12.04000000000003,12.720416666666686
2016-05-15,12.076666666666688,91.0,1.9166666666666667,5,12.256046702791691,14.13333333333336,14.475416666666689,11.557500000000026,12.04000000000003,12.720416666666686,12.716666666666683
2016-05-16,12.256046702791691,89.16666666666667,1.8333333333333333,5,14.13333333333336,14.475416666666689,11.557500000000026,12.04000000000003,12.720416666666686,12.716666666666683,13.436666666666689
2016-05-17,14.13333333333336,73.58333333333333,1.5833333333333333,5,14.475416666666689,11.557500000000026,12.04000000000003,12.720416666666686,12.716666666666683,13.436666666666689,14.077792819208355
2016-05-18,14.475416666666689,73.125,1.875,5,11.557500000000026,12.04000000000003,12.720416666666686,12.716666666666683,13.436666666666689,14.077792819208355,14.062218748875024
2016-05-19,11.557500000000026,78.66666666666667,2.6666666666666665,5,12.04000000000003,12.720416666666686,12.716666666666683,13.436666666666689,14.077792819208355,14.062218748875024,12.778883473458352
2016-05-20,12.04000000000003,82.29166666666667,1.9583333333333333,5,12.720416666666686,12.716666666666683,13.436666666666689,14.077792819208355,14.062218748875024,12.778883473458352,11.880593266083354
2016-05-21,12.720416666666686,76.91666666666667,2.1666666666666665,5,12.716666666666683,13.436666666666689,14.077792819208355,14.062218748875024,12.778883473458352,11.880593266083354,11.986691293208354
2016-05-22,12.716666666666683,80.70833333333333,4.166666666666667,5,13.436666666666689,14.077792819208355,14.062218748875024,12.778883473458352,11.880593266083354,11.986691293208354,12.915549336291695
2016-05-23,13.436666666666689,70.66666666666667,2.7916666666666665,5,14.077792819208355,14.062218748875024,12.778883473458352,11.880593266083354,11.986691293208354,12.915549336291695,13.17596058050003
2016-05-24,14.077792819208355,76.29166666666667,1.4583333333333333,5,14.062218748875024,12.778883473458352,11.880593266083354,11.986691293208354,12.915549336291695,13.17596058050003,16.295253405708355
2016-05-25,14.062218748875024,79.66666666666667,2.0833333333333335,5,12.778883473458352,11.880593266083354,11.986691293208354,12.915549336291695,13.17596058050003,16.295253405708355,18.266038282291685
2016-05-26,12.778883473458352,75.20833333333333,2.8333333333333335,5,11.880593266083354,11.986691293208354,12.915549336291695,13.17596058050003,16.295253405708355,18.266038282291685,16.121593895875023
2016-05-27,11.880593266083354,71.20833333333333,2.9583333333333335,5,11.986691293208354,12.915549336291695,13.17596058050003,16.295253405708355,18.266038282291685,16.121593895875023,17.532500000000024
2016-05-28,11.986691293208354,78.29166666666667,3.5416666666666665,5,12.915549336291695,13.17596058050003,16.295253405708355,18.266038282291685,16.121593895875023,17.532500000000024,20.87333333333335
2016-05-29,12.915549336291695,91.08333333333333,3.2916666666666665,5,13.17596058050003,16.295253405708355,18.266038282291685,16.121593895875023,17.532500000000024,20.87333333333335,23.495000000000022
2016-05-30,13.17596058050003,71.08333333333333,1.8333333333333333,5,16.295253405708355,18.266038282291685,16.121593895875023,17.532500000000024,20.87333333333335,23.495000000000022,23.37041666666669
2016-05-31,16.295253405708355,55.083333333333336,2.625,5,18.266038282291685,16.121593895875023,17.532500000000024,20.87333333333335,23.495000000000022,23.37041666666669,19.895000000000028
2016-06-01,18.266038282291685,58.125,1.8333333333333333,6,16.121593895875023,17.532500000000024,20.87333333333335,23.495000000000022,23.37041666666669,19.895000000000028,16.827500000000025
2016-06-02,16.121593895875023,79.45833333333333,4.541666666666667,6,17.532500000000024,20.87333333333335,23.495000000000022,23.37041666666669,19.895000000000028,16.827500000000025,13.28083333333336
2016-06-03,17.532500000000024,67.875,1.9583333333333333,6,20.87333333333335,23.495000000000022,23.37041666666669,19.895000000000028,16.827500000000025,13.28083333333336,12.650000000000025
2016-06-04,20.87333333333335,53.375,4.541666666666667,6,23.495000000000022,23.37041666666669,19.895000000000028,16.827500000000025,13.28083333333336,12.650000000000025,12.08500000000002
2016-06-05,23.495000000000022,46.708333333333336,3.2083333333333335,6,23.37041666666669,19.895000000000028,16.827500000000025,13.28083333333336,12.650000000000025,12.08500000000002,13.71416666666669
2016-06-06,23.37041666666669,60.791666666666664,2.125,6,19.895000000000028,16.827500000000025,13.28083333333336,12.650000000000025,12.08500000000002,13.71416666666669,13.455416666666693
2016-06-07,19.895000000000028,50.416666666666664,1.625,6,16.827500000000025,13.28083333333336,12.650000000000025,12.08500000000002,13.71416666666669,13.455416666666693,10.794583333333351
2016-06-08,16.827500000000025,63.208333333333336,2.0833333333333335,6,13.28083333333336,12.650000000000025,12.08500000000002,13.71416666666669,13.455416666666693,10.794583333333351,10.783333333333353
2016-06-09,13.28083333333336,67.70833333333333,1.0,6,12.650000000000025,12.08500000000002,13.71416666666669,13.455416666666693,10.794583333333351,10.783333333333353,12.982083333333355
2016-06-10,12.650000000000025,74.20833333333333,2.125,6,12.08500000000002,13.71416666666669,13.455416666666693,10.794583333333351,10.783333333333353,12.982083333333355,13.375833333333363
2016-06-11,12.08500000000002,76.95833333333333,0.9583333333333334,6,13.71416666666669,13.455416666666693,10.794583333333351,10.783333333333353,12.982083333333355,13.375833333333363,12.624583333333353
2016-06-12,13.71416666666669,66.04166666666667,1.1666666666666667,6,13.455416666666693,10.794583333333351,10.783333333333353,12.982083333333355,13.375833333333363,12.624583333333353,13.529583333333354
2016-06-13,13.455416666666693,70.41666666666667,1.5416666666666667,6,10.794583333333351,10.783333333333353,12.982083333333355,13.375833333333363,12.624583333333353,13.529583333333354,16.099583333333353
2016-06-14,10.794583333333351,70.5,2.4166666666666665,6,10.783333333333353,12.982083333333355,13.375833333333363,12.624583333333353,13.529583333333354,16.099583333333353,15.834166666666695
2016-06-15,10.783333333333353,68.875,1.5416666666666667,6,12.982083333333355,13.375833333333363,12.624583333333353,13.529583333333354,16.099583333333353,15.834166666666695,15.915000000000028
2016-06-16,12.982083333333355,66.83333333333333,0.9166666666666666,6,13.375833333333363,12.624583333333353,13.529583333333354,16.099583333333353,15.834166666666695,15.915000000000028,14.979166666666691
2016-06-17,13.375833333333363,67.66666666666667,1.1666666666666667,6,12.624583333333353,13.529583333333354,16.099583333333353,15.834166666666695,15.915000000000028,14.979166666666691,13.599583333333358
2016-06-18,12.624583333333353,87.91666666666667,1.3333333333333333,6,13.529583333333354,16.099583333333353,15.834166666666695,15.915000000000028,14.979166666666691,13.599583333333358,15.555416666666686
2016-06-19,13.529583333333354,72.95833333333333,1.7916666666666667,6,16.099583333333353,15.834166666666695,15.915000000000028,14.979166666666691,13.599583333333358,15.555416666666686,17.57416666666669
2016-06-20,16.099583333333353,69.91666666666667,1.875,6,15.834166666666695,15.915000000000028,14.979166666666691,13.599583333333358,15.555416666666686,17.57416666666669,20.40166666666669
2016-06-21,15.834166666666695,73.95833333333333,1.1666666666666667,6,15.915000000000028,14.979166666666691,13.599583333333358,15.555416666666686,17.57416666666669,20.40166666666669,17.380416666666694
2016-06-22,15.915000000000028,70.5,1.5416666666666667,6,14.979166666666691,13.599583333333358,15.555416666666686,17.57416666666669,20.40166666666669,17.380416666666694,16.395833333333353
2016-06-23,14.979166666666691,81.0,1.4583333333333333,6,13.599583333333358,15.555416666666686,17.57416666666669,20.40166666666669,17.380416666666694,16.395833333333353,16.06880254950002
2016-06-24,13.599583333333358,87.08333333333333,2.4583333333333335,6,15.555416666666686,17.57416666666669,20.40166666666669,17.380416666666694,16.395833333333353,16.06880254950002,16.41166666666669
2016-06-25,15.555416666666686,78.95833333333333,2.1666666666666665,6,17.57416666666669,20.40166666666669,17.380416666666694,16.395833333333353,16.06880254950002,16.41166666666669,18.371666666666687
2016-06-26,17.57416666666669,67.75,3.0416666666666665,6,20.40166666666669,17.380416666666694,16.395833333333353,16.06880254950002,16.41166666666669,18.371666666666687,16.15958333333335
2016-06-27,20.40166666666669,61.541666666666664,2.125,6,17.380416666666694,16.395833333333353,16.06880254950002,16.41166666666669,18.371666666666687,16.15958333333335,15.483333333333356
2016-06-28,17.380416666666694,74.91666666666667,2.2916666666666665,6,16.395833333333353,16.06880254950002,16.41166666666669,18.371666666666687,16.15958333333335,15.483333333333356,14.48416666666669
2016-06-29,16.395833333333353,79.0,2.125,6,16.06880254950002,16.41166666666669,18.371666666666687,16.15958333333335,15.483333333333356,14.48416666666669,16.111250000000023
2016-06-30,16.06880254950002,76.58333333333333,1.75,6,16.41166666666669,18.371666666666687,16.15958333333335,15.483333333333356,14.48416666666669,16.111250000000023,17.380416666666694
2016-07-01,16.41166666666669,74.29166666666667,1.7083333333333333,7,18.371666666666687,16.15958333333335,15.483333333333356,14.48416666666669,16.111250000000023,17.380416666666694,16.56750000000002
2016-07-02,18.371666666666687,71.20833333333333,2.25,7,16.15958333333335,15.483333333333356,14.48416666666669,16.111250000000023,17.380416666666694,16.56750000000002,16.410416666666688
2016-07-03,16.15958333333335,79.58333333333333,2.125,7,15.483333333333356,14.48416666666669,16.111250000000023,17.380416666666694,16.56750000000002,16.410416666666688,16.111250000000023
2016-07-04,15.483333333333356,72.625,2.0833333333333335,7,14.48416666666669,16.111250000000023,17.380416666666694,16.56750000000002,16.410416666666688,16.111250000000023,15.841666666666688
2016-07-05,14.48416666666669,78.125,2.4166666666666665,7,16.111250000000023,17.380416666666694,16.56750000000002,16.410416666666688,16.111250000000023,15.841666666666688,17.258619661000022
2016-07-06,16.111250000000023,73.375,1.5416666666666667,7,17.380416666666694,16.56750000000002,16.410416666666688,16.111250000000023,15.841666666666688,17.258619661000022,16.846028951333352
2016-07-07,17.380416666666694,72.25,2.375,7,16.56750000000002,16.410416666666688,16.111250000000023,15.841666666666688,17.258619661000022,16.846028951333352,17.897875000000017
2016-07-08,16.56750000000002,86.91666666666667,3.2916666666666665,7,16.410416666666688,16.111250000000023,15.841666666666688,17.258619661000022,16.846028951333352,17.897875000000017,18.6776666666667
2016-07-09,16.410416666666688,79.0,3.4166666666666665,7,16.111250000000023,15.841666666666688,17.258619661000022,16.846028951333352,17.897875000000017,18.6776666666667,18.312458333333357
2016-07-10,16.111250000000023,79.75,1.375,7,15.841666666666688,17.258619661000022,16.846028951333352,17.897875000000017,18.6776666666667,18.312458333333357,18.46575000000003
2016-07-11,15.841666666666688,79.54166666666667,2.2916666666666665,7,17.258619661000022,16.846028951333352,17.897875000000017,18.6776666666667,18.312458333333357,18.46575000000003,17.967083333333353
2016-07-12,17.258619661000022,71.04166666666667,1.9583333333333333,7,16.846028951333352,17.897875000000017,18.6776666666667,18.312458333333357,18.46575000000003,17.967083333333353,21.03800000000001
2016-07-13,16.846028951333352,70.95833333333333,2.4166666666666665,7,17.897875000000017,18.6776666666667,18.312458333333357,18.46575000000003,17.967083333333353,21.03800000000001,21.04583333333335
2016-07-14,17.897875000000017,68.33333333333333,1.4166666666666667,7,18.6776666666667,18.312458333333357,18.46575000000003,17.967083333333353,21.03800000000001,21.04583333333335,19.365916666666692
2016-07-15,18.6776666666667,66.0,1.0416666666666667,7,18.312458333333357,18.46575000000003,17.967083333333353,21.03800000000001,21.04583333333335,19.365916666666692,18.228750000000023
2016-07-16,18.312458333333357,70.29166666666667,0.75,7,18.46575000000003,17.967083333333353,21.03800000000001,21.04583333333335,19.365916666666692,18.228750000000023,16.84916666666669
2016-07-17,18.46575000000003,74.08333333333333,0.875,7,17.967083333333353,21.03800000000001,21.04583333333335,19.365916666666692,18.228750000000023,16.84916666666669,17.795833333333352
2016-07-18,17.967083333333353,70.75,2.4583333333333335,7,21.03800000000001,21.04583333333335,19.365916666666692,18.228750000000023,16.84916666666669,17.795833333333352,20.19666666666669
2016-07-19,21.03800000000001,58.0,3.0,7,21.04583333333335,19.365916666666692,18.228750000000023,16.84916666666669,17.795833333333352,20.19666666666669,18.652083333333355
2016-07-20,21.04583333333335,60.125,2.5,7,19.365916666666692,18.228750000000023,16.84916666666669,17.795833333333352,20.19666666666669,18.652083333333355,18.96250000000002
2016-07-21,19.365916666666692,65.83333333333333,2.0416666666666665,7,18.228750000000023,16.84916666666669,17.795833333333352,20.19666666666669,18.652083333333355,18.96250000000002,21.382083333333366
2016-07-22,18.228750000000023,75.20833333333333,3.0416666666666665,7,16.84916666666669,17.795833333333352,20.19666666666669,18.652083333333355,18.96250000000002,21.382083333333366,22.490833333333352
2016-07-23,16.84916666666669,77.70833333333333,1.9166666666666667,7,17.795833333333352,20.19666666666669,18.652083333333355,18.96250000000002,21.382083333333366,22.490833333333352,19.49791666666669
2016-07-24,17.795833333333352,73.58333333333333,2.2083333333333335,7,20.19666666666669,18.652083333333355,18.96250000000002,21.382083333333366,22.490833333333352,19.49791666666669,17.01916666666669
2016-07-25,20.19666666666669,66.29166666666667,1.9583333333333333,7,18.652083333333355,18.96250000000002,21.382083333333366,22.490833333333352,19.49791666666669,17.01916666666669,15.996666666666691
2016-07-26,18.652083333333355,75.625,2.2916666666666665,7,18.96250000000002,21.382083333333366,22.490833333333352,19.49791666666669,17.01916666666669,15.996666666666691,16.59083333333336
2016-07-27,18.96250000000002,69.04166666666667,1.9166666666666667,7,21.382083333333366,22.490833333333352,19.49791666666669,17.01916666666669,15.996666666666691,16.59083333333336,16.459166666666693
2016-07-28,21.382083333333366,60.791666666666664,2.0,7,22.490833333333352,19.49791666666669,17.01916666666669,15.996666666666691,16.59083333333336,16.459166666666693,17.557500000000022
2016-07-29,22.490833333333352,55.25,2.125,7,19.49791666666669,17.01916666666669,15.996666666666691,16.59083333333336,16.459166666666693,17.557500000000022,18.057500000000015
2016-07-30,19.49791666666669,63.916666666666664,2.7083333333333335,7,17.01916666666669,15.996666666666691,16.59083333333336,16.459166666666693,17.557500000000022,18.057500000000015,15.59791666666669
2016-07-31,17.01916666666669,70.16666666666667,3.2083333333333335,7,15.996666666666691,16.59083333333336,16.459166666666693,17.557500000000022,18.057500000000015,15.59791666666669,15.180416666666693
2016-08-01,15.996666666666691,73.45833333333333,1.75,8,16.59083333333336,16.459166666666693,17.557500000000022,18.057500000000015,15.59791666666669,15.180416666666693,15.123333333333361
2016-08-02,16.59083333333336,71.375,2.7083333333333335,8,16.459166666666693,17.557500000000022,18.057500000000015,15.59791666666669,15.180416666666693,15.123333333333361,16.160875000000015
2016-08-03,16.459166666666693,67.54166666666667,1.8333333333333333,8,17.557500000000022,18.057500000000015,15.59791666666669,15.180416666666693,15.123333333333361,16.160875000000015,17.685666666666688
2016-08-04,17.557500000000022,71.29166666666667,1.75,8,18.057500000000015,15.59791666666669,15.180416666666693,15.123333333333361,16.160875000000015,17.685666666666688,18.741666666666685
2016-08-05,18.057500000000015,67.625,1.5416666666666667,8,15.59791666666669,15.180416666666693,15.123333333333361,16.160875000000015,17.685666666666688,18.741666666666685,21.077500000000025
2016-08-06,15.59791666666669,71.58333333333333,1.375,8,15.180416666666693,15.123333333333361,16.160875000000015,17.685666666666688,18.741666666666685,21.077500000000025,22.955833333333356
2016-08-07,15.180416666666693,74.41666666666667,1.0833333333333333,8,15.123333333333361,16.160875000000015,17.685666666666688,18.741666666666685,21.077500000000025,22.955833333333356,19.942916666666694
2016-08-08,15.123333333333361,81.625,1.25,8,16.160875000000015,17.685666666666688,18.741666666666685,21.077500000000025,22.955833333333356,19.942916666666694,19.14708333333336
2016-08-09,16.160875000000015,81.625,0.9166666666666666,8,17.685666666666688,18.741666666666685,21.077500000000025,22.955833333333356,19.942916666666694,19.14708333333336,18.111250000000027
2016-08-10,17.685666666666688,76.25,1.0833333333333333,8,18.741666666666685,21.077500000000025,22.955833333333356,19.942916666666694,19.14708333333336,18.111250000000027,18.581250000000022
2016-08-11,18.741666666666685,75.375,1.125,8,21.077500000000025,22.955833333333356,19.942916666666694,19.14708333333336,18.111250000000027,18.581250000000022,20.671250000000022
2016-08-12,21.077500000000025,65.25,1.4583333333333333,8,22.955833333333356,19.942916666666694,19.14708333333336,18.111250000000027,18.581250000000022,20.671250000000022,25.03208333333335
2016-08-13,22.955833333333356,60.083333333333336,0.8333333333333334,8,19.942916666666694,19.14708333333336,18.111250000000027,18.581250000000022,20.671250000000022,25.03208333333335,24.132083333333355
2016-08-14,19.942916666666694,64.0,1.1666666666666667,8,19.14708333333336,18.111250000000027,18.581250000000022,20.671250000000022,25.03208333333335,24.132083333333355,20.087083333333354
2016-08-15,19.14708333333336,65.95833333333333,0.875,8,18.111250000000027,18.581250000000022,20.671250000000022,25.03208333333335,24.132083333333355,20.087083333333354,16.14500000000002
2016-08-16,18.111250000000027,76.58333333333333,1.0,8,18.581250000000022,20.671250000000022,25.03208333333335,24.132083333333355,20.087083333333354,16.14500000000002,16.619583333333363
2016-08-17,18.581250000000022,67.41666666666667,0.875,8,20.671250000000022,25.03208333333335,24.132083333333355,20.087083333333354,16.14500000000002,16.619583333333363,19.363912037041683
2016-08-18,20.671250000000022,64.95833333333333,1.6666666666666667,8,25.03208333333335,24.132083333333355,20.087083333333354,16.14500000000002,16.619583333333363,19.363912037041683,22.01458333333336
2016-08-19,25.03208333333335,36.875,1.5833333333333333,8,24.132083333333355,20.087083333333354,16.14500000000002,16.619583333333363,19.363912037041683,22.01458333333336,23.377916666666692
2016-08-20,24.132083333333355,39.708333333333336,1.8333333333333333,8,20.087083333333354,16.14500000000002,16.619583333333363,19.363912037041683,22.01458333333336,23.377916666666692,21.437916666666695
2016-08-21,20.087083333333354,67.625,3.4166666666666665,8,16.14500000000002,16.619583333333363,19.363912037041683,22.01458333333336,23.377916666666692,21.437916666666695,16.32125000000002
2016-08-22,16.14500000000002,72.375,2.0,8,16.619583333333363,19.363912037041683,22.01458333333336,23.377916666666692,21.437916666666695,16.32125000000002,16.68333333333336
2016-08-23,16.619583333333363,68.0,2.0833333333333335,8,19.363912037041683,22.01458333333336,23.377916666666692,21.437916666666695,16.32125000000002,16.68333333333336,17.466666666666693
2016-08-24,19.363912037041683,62.25,2.8333333333333335,8,22.01458333333336,23.377916666666692,21.437916666666695,16.32125000000002,16.68333333333336,17.466666666666693,16.484166666666688
2016-08-25,22.01458333333336,49.75,2.9166666666666665,8,23.377916666666692,21.437916666666695,16.32125000000002,16.68333333333336,17.466666666666693,16.484166666666688,15.787483843125024
2016-08-26,23.377916666666692,47.375,1.875,8,21.437916666666695,16.32125000000002,16.68333333333336,17.466666666666693,16.484166666666688,15.787483843125024,14.90625000000002
2016-08-27,21.437916666666695,60.666666666666664,3.5,8,16.32125000000002,16.68333333333336,17.466666666666693,16.484166666666688,15.787483843125024,14.90625000000002,14.69916666666669
2016-08-28,16.32125000000002,76.33333333333333,2.25,8,16.68333333333336,17.466666666666693,16.484166666666688,15.787483843125024,14.90625000000002,14.69916666666669,14.010833333333359
2016-08-29,16.68333333333336,73.25,2.0416666666666665,8,17.466666666666693,16.484166666666688,15.787483843125024,14.90625000000002,14.69916666666669,14.010833333333359,14.685833333333354
2016-08-30,17.466666666666693,75.25,3.5416666666666665,8,16.484166666666688,15.787483843125024,14.90625000000002,14.69916666666669,14.010833333333359,14.685833333333354,14.729166666666686
2016-08-31,16.484166666666688,79.70833333333333,3.2916666666666665,8,15.787483843125024,14.90625000000002,14.69916666666669,14.010833333333359,14.685833333333354,14.729166666666686,15.76833333333335
2016-09-01,15.787483843125024,85.20833333333333,3.8333333333333335,9,14.90625000000002,14.69916666666669,14.010833333333359,14.685833333333354,14.729166666666686,15.76833333333335,15.667500000000024
2016-09-02,14.90625000000002,85.83333333333333,4.083333333333333,9,14.69916666666669,14.010833333333359,14.685833333333354,14.729166666666686,15.76833333333335,15.667500000000024,15.054166666666687
2016-09-03,14.69916666666669,82.08333333333333,2.0416666666666665,9,14.010833333333359,14.685833333333354,14.729166666666686,15.76833333333335,15.667500000000024,15.054166666666687,16.41125000000002
2016-09-04,14.010833333333359,77.91666666666667,1.7916666666666667,9,14.685833333333354,14.729166666666686,15.76833333333335,15.667500000000024,15.054166666666687,16.41125000000002,16.056666666666686
2016-09-05,14.685833333333354,75.33333333333333,2.2083333333333335,9,14.729166666666686,15.76833333333335,15.667500000000024,15.054166666666687,16.41125000000002,16.056666666666686,14.9654166666667
2016-09-06,14.729166666666686,86.625,1.7083333333333333,9,15.76833333333335,15.667500000000024,15.054166666666687,16.41125000000002,16.056666666666686,14.9654166666667,15.779166666666681
2016-09-07,15.76833333333335,83.25,2.1666666666666665,9,15.667500000000024,15.054166666666687,16.41125000000002,16.056666666666686,14.9654166666667,15.779166666666681,16.257500000000025
2016-09-08,15.667500000000024,78.41666666666667,2.375,9,15.054166666666687,16.41125000000002,16.056666666666686,14.9654166666667,15.779166666666681,16.257500000000025,15.233750000000022
2016-09-09,15.054166666666687,72.16666666666667,1.9166666666666667,9,16.41125000000002,16.056666666666686,14.9654166666667,15.779166666666681,16.257500000000025,15.233750000000022,15.453333333333353
2016-09-10,16.41125000000002,68.91666666666667,1.5416666666666667,9,16.056666666666686,14.9654166666667,15.779166666666681,16.257500000000025,15.233750000000022,15.453333333333353,16.21500000000002
2016-09-11,16.056666666666686,73.58333333333333,1.5833333333333333,9,14.9654166666667,15.779166666666681,16.257500000000025,15.233750000000022,15.453333333333353,16.21500000000002,14.66517485091669
2016-09-12,14.9654166666667,66.95833333333333,3.375,9,15.779166666666681,16.257500000000025,15.233750000000022,15.453333333333353,16.21500000000002,14.66517485091669,15.327916666666686
2016-09-13,15.779166666666681,45.0,4.041666666666667,9,16.257500000000025,15.233750000000022,15.453333333333353,16.21500000000002,14.66517485091669,15.327916666666686,12.854599746041686
2016-09-14,16.257500000000025,60.708333333333336,1.5833333333333333,9,15.233750000000022,15.453333333333353,16.21500000000002,14.66517485091669,15.327916666666686,12.854599746041686,13.34126216995836
2016-09-15,15.233750000000022,73.75,1.8333333333333333,9,15.453333333333353,16.21500000000002,14.66517485091669,15.327916666666686,12.854599746041686,13.34126216995836,12.750310709750023
2016-09-16,15.453333333333353,78.33333333333333,1.5416666666666667,9,16.21500000000002,14.66517485091669,15.327916666666686,12.854599746041686,13.34126216995836,12.750310709750023,12.861666666666688
2016-09-17,16.21500000000002,84.375,4.458333333333333,9,14.66517485091669,15.327916666666686,12.854599746041686,13.34126216995836,12.750310709750023,12.861666666666688,13.73458333333336
2016-09-18,14.66517485091669,89.83333333333333,2.625,9,15.327916666666686,12.854599746041686,13.34126216995836,12.750310709750023,12.861666666666688,13.73458333333336,16.29081125404169
2016-09-19,15.327916666666686,77.70833333333333,3.5833333333333335,9,12.854599746041686,13.34126216995836,12.750310709750023,12.861666666666688,13.73458333333336,16.29081125404169,16.893127162625028
2016-09-20,12.854599746041686,77.5,1.7083333333333333,9,13.34126216995836,12.750310709750023,12.861666666666688,13.73458333333336,16.29081125404169,16.893127162625028,17.063088823250023
2016-09-21,13.34126216995836,75.91666666666667,1.25,9,12.750310709750023,12.861666666666688,13.73458333333336,16.29081125404169,16.893127162625028,17.063088823250023,13.291666666666687
2016-09-22,12.750310709750023,75.58333333333333,1.25,9,12.861666666666688,13.73458333333336,16.29081125404169,16.893127162625028,17.063088823250023,13.291666666666687,11.37916666666669
2016-09-23,12.861666666666688,78.70833333333333,1.5833333333333333,9,13.73458333333336,16.29081125404169,16.893127162625028,17.063088823250023,13.291666666666687,11.37916666666669,11.081250000000017
2016-09-24,13.73458333333336,79.70833333333333,1.0833333333333333,9,16.29081125404169,16.893127162625028,17.063088823250023,13.291666666666687,11.37916666666669,11.081250000000017,11.88583333333336
2016-09-25,16.29081125404169,68.08333333333333,0.4583333333333333,9,16.893127162625028,17.063088823250023,13.291666666666687,11.37916666666669,11.081250000000017,11.88583333333336,11.253333333333357
2016-09-26,16.893127162625028,72.95833333333333,1.7916666666666667,9,17.063088823250023,13.291666666666687,11.37916666666669,11.081250000000017,11.88583333333336,11.253333333333357,11.768750000000018
2016-09-27,17.063088823250023,73.33333333333333,1.5833333333333333,9,13.291666666666687,11.37916666666669,11.081250000000017,11.88583333333336,11.253333333333357,11.768750000000018,11.650416666666686
2016-09-28,13.291666666666687,70.08333333333333,1.625,9,11.37916666666669,11.081250000000017,11.88583333333336,11.253333333333357,11.768750000000018,11.650416666666686,11.517416666666682
2016-09-29,11.37916666666669,69.08333333333333,0.9583333333333334,9,11.081250000000017,11.88583333333336,11.253333333333357,11.768750000000018,11.650416666666686,11.517416666666682,11.79312500000002
2016-09-30,11.081250000000017,70.04166666666667,0.625,9,11.88583333333336,11.253333333333357,11.768750000000018,11.650416666666686,11.517416666666682,11.79312500000002,12.603375000000023
2016-10-01,11.88583333333336,76.29166666666667,1.0833333333333333,10,11.253333333333357,11.768750000000018,11.650416666666686,11.517416666666682,11.79312500000002,12.603375000000023,12.408892345333356
2016-10-02,11.253333333333357,83.79166666666667,1.0416666666666667,10,11.768750000000018,11.650416666666686,11.517416666666682,11.79312500000002,12.603375000000023,12.408892345333356,13.102541666666694
2016-10-03,11.768750000000018,77.08333333333333,1.0833333333333333,10,11.650416666666686,11.517416666666682,11.79312500000002,12.603375000000023,12.408892345333356,13.102541666666694,9.797083333333356
2016-10-04,11.650416666666686,83.875,1.3333333333333333,10,11.517416666666682,11.79312500000002,12.603375000000023,12.408892345333356,13.102541666666694,9.797083333333356,8.81175000000003
2016-10-05,11.517416666666682,94.375,1.125,10,11.79312500000002,12.603375000000023,12.408892345333356,13.102541666666694,9.797083333333356,8.81175000000003,7.7805416666666884
2016-10-06,11.79312500000002,94.375,2.0,10,12.603375000000023,12.408892345333356,13.102541666666694,9.797083333333356,8.81175000000003,7.7805416666666884,11.65829166666669
2016-10-07,12.603375000000023,96.70833333333333,4.083333333333333,10,12.408892345333356,13.102541666666694,9.797083333333356,8.81175000000003,7.7805416666666884,11.65829166666669,12.211210252375023
2016-10-08,12.408892345333356,97.91666666666667,2.125,10,13.102541666666694,9.797083333333356,8.81175000000003,7.7805416666666884,11.65829166666669,12.211210252375023,11.401872536750014
2016-10-09,13.102541666666694,97.5,2.875,10,9.797083333333356,8.81175000000003,7.7805416666666884,11.65829166666669,12.211210252375023,11.401872536750014,11.759203690916697
2016-10-10,9.797083333333356,96.5,1.0416666666666667,10,8.81175000000003,7.7805416666666884,11.65829166666669,12.211210252375023,11.401872536750014,11.759203690916697,11.197416666666696
2016-10-11,8.81175000000003,89.625,1.875,10,7.7805416666666884,11.65829166666669,12.211210252375023,11.401872536750014,11.759203690916697,11.197416666666696,10.374750000000029
2016-10-12,7.7805416666666884,88.16666666666667,1.1666666666666667,10,11.65829166666669,12.211210252375023,11.401872536750014,11.759203690916697,11.197416666666696,10.374750000000029,10.47790827170836
2016-10-13,11.65829166666669,93.08333333333333,2.0,10,12.211210252375023,11.401872536750014,11.759203690916697,11.197416666666696,10.374750000000029,10.47790827170836,11.45719464525002
2016-10-14,12.211210252375023,96.33333333333333,6.125,10,11.401872536750014,11.759203690916697,11.197416666666696,10.374750000000029,10.47790827170836,11.45719464525002,10.663219058583358
2016-10-15,11.401872536750014,99.54166666666667,2.9166666666666665,10,11.759203690916697,11.197416666666696,10.374750000000029,10.47790827170836,11.45719464525002,10.663219058583358,10.60541666666668
2016-10-16,11.759203690916697,97.45833333333333,5.5,10,11.197416666666696,10.374750000000029,10.47790827170836,11.45719464525002,10.663219058583358,10.60541666666668,10.872166666666693
2016-10-17,11.197416666666696,99.04166666666667,3.3333333333333335,10,10.374750000000029,10.47790827170836,11.45719464525002,10.663219058583358,10.60541666666668,10.872166666666693,12.298291666666698
2016-10-18,10.374750000000029,99.33333333333333,1.3333333333333333,10,10.47790827170836,11.45719464525002,10.663219058583358,10.60541666666668,10.872166666666693,12.298291666666698,11.774125000000021
2016-10-19,10.47790827170836,99.16666666666667,1.9583333333333333,10,11.45719464525002,10.663219058583358,10.60541666666668,10.872166666666693,12.298291666666698,11.774125000000021,10.966916666666691
2016-10-20,11.45719464525002,98.625,1.8333333333333333,10,10.663219058583358,10.60541666666668,10.872166666666693,12.298291666666698,11.774125000000021,10.966916666666691,11.957458333333348
2016-10-21,10.663219058583358,99.0,2.125,10,10.60541666666668,10.872166666666693,12.298291666666698,11.774125000000021,10.966916666666691,11.957458333333348,11.220541666666689
2016-10-22,10.60541666666668,98.0,1.75,10,10.872166666666693,12.298291666666698,11.774125000000021,10.966916666666691,11.957458333333348,11.220541666666689,9.884125000000019
2016-10-23,10.872166666666693,92.95833333333333,1.125,10,12.298291666666698,11.774125000000021,10.966916666666691,11.957458333333348,11.220541666666689,9.884125000000019,8.292958333333354
2016-10-24,12.298291666666698,89.20833333333333,1.25,10,11.774125000000021,10.966916666666691,11.957458333333348,11.220541666666689,9.884125000000019,8.292958333333354,9.621208333333355
2016-10-25,11.774125000000021,94.79166666666667,2.75,10,10.966916666666691,11.957458333333348,11.220541666666689,9.884125000000019,8.292958333333354,9.621208333333355,10.177291666666697
2016-10-26,10.966916666666691,98.29166666666667,1.7916666666666667,10,11.957458333333348,11.220541666666689,9.884125000000019,8.292958333333354,9.621208333333355,10.177291666666697,11.450416666666682
2016-10-27,11.957458333333348,97.58333333333333,2.8333333333333335,10,11.220541666666689,9.884125000000019,8.292958333333354,9.621208333333355,10.177291666666697,11.450416666666682,11.820000000000014
2016-10-28,11.220541666666689,98.125,1.5833333333333333,10,9.884125000000019,8.292958333333354,9.621208333333355,10.177291666666697,11.450416666666682,11.820000000000014,9.762083333333356
2016-10-29,9.884125000000019,98.91666666666667,1.625,10,8.292958333333354,9.621208333333355,10.177291666666697,11.450416666666682,11.820000000000014,9.762083333333356,13.133750000000019
2016-10-30,8.292958333333354,99.625,1.4166666666666667,10,9.621208333333355,10.177291666666697,11.450416666666682,11.820000000000014,9.762083333333356,13.133750000000019,11.645833333333348
2016-10-31,9.621208333333355,99.75,2.0416666666666665,10,10.177291666666697,11.450416666666682,11.820000000000014,9.762083333333356,13.133750000000019,11.645833333333348,12.100416666666687
2016-11-01,10.177291666666697,98.83333333333333,2.3333333333333335,11,11.450416666666682,11.820000000000014,9.762083333333356,13.133750000000019,11.645833333333348,12.100416666666687,12.664583333333354
2016-11-02,11.450416666666682,88.25,3.0,11,11.820000000000014,9.762083333333356,13.133750000000019,11.645833333333348,12.100416666666687,12.664583333333354,14.24500000000002
2016-11-03,11.820000000000014,87.70833333333333,2.25,11,9.762083333333356,13.133750000000019,11.645833333333348,12.100416666666687,12.664583333333354,14.24500000000002,11.738750000000023
2016-11-04,9.762083333333356,85.625,1.2083333333333333,11,13.133750000000019,11.645833333333348,12.100416666666687,12.664583333333354,14.24500000000002,11.738750000000023,12.439583333333346
2016-11-05,13.133750000000019,90.91666666666667,3.0416666666666665,11,11.645833333333348,12.100416666666687,12.664583333333354,14.24500000000002,11.738750000000023,12.439583333333346,13.648750000000016
2016-11-06,11.645833333333348,90.54166666666667,2.9583333333333335,11,12.100416666666687,12.664583333333354,14.24500000000002,11.738750000000023,12.439583333333346,13.648750000000016,9.854166666666684
2016-11-07,12.100416666666687,88.41666666666667,1.4166666666666667,11,12.664583333333354,14.24500000000002,11.738750000000023,12.439583333333346,13.648750000000016,9.854166666666684,11.660000000000013
2016-11-08,12.664583333333354,89.04166666666667,1.4583333333333333,11,14.24500000000002,11.738750000000023,12.439583333333346,13.648750000000016,9.854166666666684,11.660000000000013,9.89833333333335
2016-11-09,14.24500000000002,89.29166666666667,2.875,11,11.738750000000023,12.439583333333346,13.648750000000016,9.854166666666684,11.660000000000013,9.89833333333335,7.245833333333351
2016-11-10,11.738750000000023,89.5,1.1666666666666667,11,12.439583333333346,13.648750000000016,9.854166666666684,11.660000000000013,9.89833333333335,7.245833333333351,7.100000000000018
2016-11-11,12.439583333333346,93.66666666666667,0.7916666666666666,11,13.648750000000016,9.854166666666684,11.660000000000013,9.89833333333335,7.245833333333351,7.100000000000018,5.464583333333351
2016-11-12,13.648750000000016,91.04166666666667,4.041666666666667,11,9.854166666666684,11.660000000000013,9.89833333333335,7.245833333333351,7.100000000000018,5.464583333333351,8.727500000000022
2016-11-13,9.854166666666684,91.58333333333333,2.4166666666666665,11,11.660000000000013,9.89833333333335,7.245833333333351,7.100000000000018,5.464583333333351,8.727500000000022,11.103750000000028
2016-11-14,11.660000000000013,89.70833333333333,3.4583333333333335,11,9.89833333333335,7.245833333333351,7.100000000000018,5.464583333333351,8.727500000000022,11.103750000000028,9.09250000000002
2016-11-15,9.89833333333335,90.66666666666667,2.7916666666666665,11,7.245833333333351,7.100000000000018,5.464583333333351,8.727500000000022,11.103750000000028,9.09250000000002,8.047083333333354
2016-11-16,7.245833333333351,89.375,3.0833333333333335,11,7.100000000000018,5.464583333333351,8.727500000000022,11.103750000000028,9.09250000000002,8.047083333333354,7.462083333333354
2016-11-17,7.100000000000018,90.625,2.1666666666666665,11,5.464583333333351,8.727500000000022,11.103750000000028,9.09250000000002,8.047083333333354,7.462083333333354,8.12854746012502
2016-11-18,5.464583333333351,87.375,1.8333333333333333,11,8.727500000000022,11.103750000000028,9.09250000000002,8.047083333333354,7.462083333333354,8.12854746012502,7.570000000000012
2016-11-19,8.727500000000022,81.625,1.625,11,11.103750000000028,9.09250000000002,8.047083333333354,7.462083333333354,8.12854746012502,7.570000000000012,8.57833333333335
2016-11-20,11.103750000000028,91.75,2.7916666666666665,11,9.09250000000002,8.047083333333354,7.462083333333354,8.12854746012502,7.570000000000012,8.57833333333335,6.610416666666684
2016-11-21,9.09250000000002,92.45833333333333,3.5,11,8.047083333333354,7.462083333333354,8.12854746012502,7.570000000000012,8.57833333333335,6.610416666666684,6.89583333333335
2016-11-22,8.047083333333354,89.08333333333333,1.875,11,7.462083333333354,8.12854746012502,7.570000000000012,8.57833333333335,6.610416666666684,6.89583333333335,7.292500000000018
2016-11-23,7.462083333333354,90.04166666666667,3.2083333333333335,11,8.12854746012502,7.570000000000012,8.57833333333335,6.610416666666684,6.89583333333335,7.292500000000018,7.510164195291686
2016-11-24,8.12854746012502,90.79166666666667,4.416666666666667,11,7.570000000000012,8.57833333333335,6.610416666666684,6.89583333333335,7.292500000000018,7.510164195291686,6.1908333333333445
2016-11-25,7.570000000000012,87.20833333333333,3.3333333333333335,11,8.57833333333335,6.610416666666684,6.89583333333335,7.292500000000018,7.510164195291686,6.1908333333333445,7.031173596291684
2016-11-26,8.57833333333335,93.70833333333333,1.6666666666666667,11,6.610416666666684,6.89583333333335,7.292500000000018,7.510164195291686,6.1908333333333445,7.031173596291684,7.648750000000017
2016-11-27,6.610416666666684,95.91666666666667,2.7916666666666665,11,6.89583333333335,7.292500000000018,7.510164195291686,6.1908333333333445,7.031173596291684,7.648750000000017,6.170113422750016
2016-11-28,6.89583333333335,86.45833333333333,2.625,11,7.292500000000018,7.510164195291686,6.1908333333333445,7.031173596291684,7.648750000000017,6.170113422750016,2.5045723411666807
2016-11-29,7.292500000000018,92.33333333333333,2.0416666666666665,11,7.510164195291686,6.1908333333333445,7.031173596291684,7.648750000000017,6.170113422750016,2.5045723411666807,1.67517516991668
2016-11-30,7.510164195291686,85.125,4.041666666666667,11,6.1908333333333445,7.031173596291684,7.648750000000017,6.170113422750016,2.5045723411666807,1.67517516991668,-0.5124328218749786
2016-12-01,6.1908333333333445,85.95833333333333,2.75,12,7.031173596291684,7.648750000000017,6.170113422750016,2.5045723411666807,1.67517516991668,-0.5124328218749786,-0.9062499999999764
2016-12-02,7.031173596291684,92.25,3.3333333333333335,12,7.648750000000017,6.170113422750016,2.5045723411666807,1.67517516991668,-0.5124328218749786,-0.9062499999999764,0.3916666666666823
2016-12-03,7.648750000000017,89.0,3.2916666666666665,12,6.170113422750016,2.5045723411666807,1.67517516991668,-0.5124328218749786,-0.9062499999999764,0.3916666666666823,2.890000000000015
2016-12-04,6.170113422750016,88.58333333333333,2.9583333333333335,12,2.5045723411666807,1.67517516991668,-0.5124328218749786,-0.9062499999999764,0.3916666666666823,2.890000000000015,4.745000000000014
2016-12-05,2.5045723411666807,91.375,3.0833333333333335,12,1.67517516991668,-0.5124328218749786,-0.9062499999999764,0.3916666666666823,2.890000000000015,4.745000000000014,4.041666666666683
2016-12-06,1.67517516991668,91.08333333333333,1.9583333333333333,12,-0.5124328218749786,-0.9062499999999764,0.3916666666666823,2.890000000000015,4.745000000000014,4.041666666666683,2.91000000000002
2016-12-07,-0.5124328218749786,66.625,2.5,12,-0.9062499999999764,0.3916666666666823,2.890000000000015,4.745000000000014,4.041666666666683,2.91000000000002,0.49541666666668266
2016-12-08,-0.9062499999999764,49.291666666666664,2.7083333333333335,12,0.3916666666666823,2.890000000000015,4.745000000000014,4.041666666666683,2.91000000000002,0.49541666666668266,0.6554166666666864
2016-12-09,0.3916666666666823,85.125,3.4166666666666665,12,2.890000000000015,4.745000000000014,4.041666666666683,2.91000000000002,0.49541666666668266,0.6554166666666864,-0.11393065620831777
2016-12-10,2.890000000000015,93.75,3.8333333333333335,12,4.745000000000014,4.041666666666683,2.91000000000002,0.49541666666668266,0.6554166666666864,-0.11393065620831777,-3.872755090916641
2016-12-11,4.745000000000014,85.45833333333333,4.458333333333333,12,4.041666666666683,2.91000000000002,0.49541666666668266,0.6554166666666864,-0.11393065620831777,-3.872755090916641,-1.256148849916644
2016-12-12,4.041666666666683,85.75,3.4166666666666665,12,2.91000000000002,0.49541666666668266,0.6554166666666864,-0.11393065620831777,-3.872755090916641,-1.256148849916644,3.5475637016250183
2016-12-13,2.91000000000002,90.75,1.75,12,0.49541666666668266,0.6554166666666864,-0.11393065620831777,-3.872755090916641,-1.256148849916644,3.5475637016250183,7.0350000000000135
2016-12-14,0.49541666666668266,74.54166666666667,2.5833333333333335,12,0.6554166666666864,-0.11393065620831777,-3.872755090916641,-1.256148849916644,3.5475637016250183,7.0350000000000135,4.102083333333357
2016-12-15,0.6554166666666864,66.20833333333333,1.75,12,-0.11393065620831777,-3.872755090916641,-1.256148849916644,3.5475637016250183,7.0350000000000135,4.102083333333357,2.1487500000000233
2016-12-16,-0.11393065620831777,63.458333333333336,3.0416666666666665,12,-3.872755090916641,-1.256148849916644,3.5475637016250183,7.0350000000000135,4.102083333333357,2.1487500000000233,3.5091666666666868
2016-12-17,-3.872755090916641,78.08333333333333,1.7083333333333333,12,-1.256148849916644,3.5475637016250183,7.0350000000000135,4.102083333333357,2.1487500000000233,3.5091666666666868,1.656250000000026
2016-12-18,-1.256148849916644,81.58333333333333,1.25,12,3.5475637016250183,7.0350000000000135,4.102083333333357,2.1487500000000233,3.5091666666666868,1.656250000000026,0.9354166666666851
2016-12-19,3.5475637016250183,86.29166666666667,4.458333333333333,12,7.0350000000000135,4.102083333333357,2.1487500000000233,3.5091666666666868,1.656250000000026,0.9354166666666851,1.1333333333333566
2016-12-20,7.0350000000000135,84.20833333333333,4.083333333333333,12,4.102083333333357,2.1487500000000233,3.5091666666666868,1.656250000000026,0.9354166666666851,1.1333333333333566,4.597500000000015
2016-12-21,4.102083333333357,82.5,2.0416666666666665,12,2.1487500000000233,3.5091666666666868,1.656250000000026,0.9354166666666851,1.1333333333333566,4.597500000000015,4.170833333333351
2016-12-22,2.1487500000000233,85.66666666666667,2.4583333333333335,12,3.5091666666666868,1.656250000000026,0.9354166666666851,1.1333333333333566,4.597500000000015,4.170833333333351,4.58833333333335
2016-12-23,3.5091666666666868,92.95833333333333,2.2083333333333335,12,1.656250000000026,0.9354166666666851,1.1333333333333566,4.597500000000015,4.170833333333351,4.58833333333335,4.723333333333353
2016-12-24,1.656250000000026,95.625,1.6666666666666667,12,0.9354166666666851,1.1333333333333566,4.597500000000015,4.170833333333351,4.58833333333335,4.723333333333353,0.37833333333335634
2016-12-25,0.9354166666666851,95.625,0.9583333333333334,12,1.1333333333333566,4.597500000000015,4.170833333333351,4.58833333333335,4.723333333333353,0.37833333333335634,1.5366666666666806
2016-12-26,1.1333333333333566,87.95833333333333,2.0,12,4.597500000000015,4.170833333333351,4.58833333333335,4.723333333333353,0.37833333333335634,1.5366666666666806,0.36416666666668124
2016-12-27,4.597500000000015,86.04166666666667,4.75,12,4.170833333333351,4.58833333333335,4.723333333333353,0.37833333333335634,1.5366666666666806,0.36416666666668124,-2.307083333333312
2016-12-28,4.170833333333351,78.41666666666667,3.5,12,4.58833333333335,4.723333333333353,0.37833333333335634,1.5366666666666806,0.36416666666668124,-2.307083333333312,-1.4945833333333074
2016-12-29,4.58833333333335,80.20833333333333,2.2916666666666665,12,4.723333333333353,0.37833333333335634,1.5366666666666806,0.36416666666668124,-2.307083333333312,-1.4945833333333074,-2.7724999999999795
2016-12-30,4.723333333333353,92.45833333333333,2.1666666666666665,12,0.37833333333335634,1.5366666666666806,0.36416666666668124,-2.307083333333312,-1.4945833333333074,-2.7724999999999795,-3.6729166666666493
2016-12-31,0.37833333333335634,95.25,2.2916666666666665,12,1.5366666666666806,0.36416666666668124,-2.307083333333312,-1.4945833333333074,-2.7724999999999795,-3.6729166666666493,-1.8583333333333083
2017-01-01,1.5366666666666806,94.16666666666667,2.5,1,0.36416666666668124,-2.307083333333312,-1.4945833333333074,-2.7724999999999795,-3.6729166666666493,-1.8583333333333083,1.812083333333355
2017-01-02,0.36416666666668124,86.58333333333333,2.2083333333333335,1,-2.307083333333312,-1.4945833333333074,-2.7724999999999795,-3.6729166666666493,-1.8583333333333083,1.812083333333355,3.45833333333335
2017-01-03,-2.307083333333312,61.333333333333336,2.1666666666666665,1,-1.4945833333333074,-2.7724999999999795,-3.6729166666666493,-1.8583333333333083,1.812083333333355,3.45833333333335,2.1850000000000187
2017-01-04,-1.4945833333333074,55.708333333333336,2.125,1,-2.7724999999999795,-3.6729166666666493,-1.8583333333333083,1.812083333333355,3.45833333333335,2.1850000000000187,-0.025416666666638815
2017-01-05,-2.7724999999999795,68.16666666666667,1.9166666666666667,1,-3.6729166666666493,-1.8583333333333083,1.812083333333355,3.45833333333335,2.1850000000000187,-0.025416666666638815,-2.003749999999973
2017-01-06,-3.6729166666666493,70.58333333333333,1.875,1,-1.8583333333333083,1.812083333333355,3.45833333333335,2.1850000000000187,-0.025416666666638815,-2.003749999999973,-2.0979166666666487
2017-01-07,-1.8583333333333083,53.375,1.9166666666666667,1,1.812083333333355,3.45833333333335,2.1850000000000187,-0.025416666666638815,-2.003749999999973,-2.0979166666666487,-0.4533333333333142
2017-01-08,1.812083333333355,64.95833333333333,2.75,1,3.45833333333335,2.1850000000000187,-0.025416666666638815,-2.003749999999973,-2.0979166666666487,-0.4533333333333142,-0.33708333333330626
2017-01-09,3.45833333333335,92.08333333333333,3.4583333333333335,1,2.1850000000000187,-0.025416666666638815,-2.003749999999973,-2.0979166666666487,-0.4533333333333142,-0.33708333333330626,0.8070833333333572
2017-01-10,2.1850000000000187,97.54166666666667,1.4583333333333333,1,-0.025416666666638815,-2.003749999999973,-2.0979166666666487,-0.4533333333333142,-0.33708333333330626,0.8070833333333572,5.425416666666689
2017-01-11,-0.025416666666638815,63.083333333333336,2.875,1,-2.003749999999973,-2.0979166666666487,-0.4533333333333142,-0.33708333333330626,0.8070833333333572,5.425416666666689,8.85958333333336
2017-01-12,-2.003749999999973,69.08333333333333,1.4166666666666667,1,-2.0979166666666487,-0.4533333333333142,-0.33708333333330626,0.8070833333333572,5.425416666666689,8.85958333333336,7.9516666666666795
2017-01-13,-2.0979166666666487,67.25,1.0,1,-0.4533333333333142,-0.33708333333330626,0.8070833333333572,5.425416666666689,8.85958333333336,7.9516666666666795,5.39250000000002
2017-01-14,-0.4533333333333142,63.583333333333336,1.5,1,-0.33708333333330626,0.8070833333333572,5.425416666666689,8.85958333333336,7.9516666666666795,5.39250000000002,5.814583333333357
2017-01-15,-0.33708333333330626,80.25,1.1666666666666667,1,0.8070833333333572,5.425416666666689,8.85958333333336,7.9516666666666795,5.39250000000002,5.814583333333357,5.755000000000019
2017-01-16,0.8070833333333572,80.0,1.3333333333333333,1,5.425416666666689,8.85958333333336,7.9516666666666795,5.39250000000002,5.814583333333357,5.755000000000019,4.003333333333352
2017-01-17,5.425416666666689,78.45833333333333,2.5,1,8.85958333333336,7.9516666666666795,5.39250000000002,5.814583333333357,5.755000000000019,4.003333333333352,1.83404166666669
2017-01-18,8.85958333333336,96.95833333333333,3.0,1,7.9516666666666795,5.39250000000002,5.814583333333357,5.755000000000019,4.003333333333352,1.83404166666669,3.320458333333349
2017-01-19,7.9516666666666795,87.75,3.2916666666666665,1,5.39250000000002,5.814583333333357,5.755000000000019,4.003333333333352,1.83404166666669,3.320458333333349,5.350416666666686
2017-01-20,5.39250000000002,86.66666666666667,2.7916666666666665,1,5.814583333333357,5.755000000000019,4.003333333333352,1.83404166666669,3.320458333333349,5.350416666666686,5.209166666666685
2017-01-21,5.814583333333357,78.75,1.6666666666666667,1,5.755000000000019,4.003333333333352,1.83404166666669,3.320458333333349,5.350416666666686,5.209166666666685,5.213750000000021
2017-01-22,5.755000000000019,84.33333333333333,1.75,1,4.003333333333352,1.83404166666669,3.320458333333349,5.350416666666686,5.209166666666685,5.213750000000021,4.969583333333357
2017-01-23,4.003333333333352,86.83333333333333,1.5416666666666667,1,1.83404166666669,3.320458333333349,5.350416666666686,5.209166666666685,5.213750000000021,4.969583333333357,6.808750000000008
2017-01-24,1.83404166666669,95.20833333333333,1.0833333333333333,1,3.320458333333349,5.350416666666686,5.209166666666685,5.213750000000021,4.969583333333357,6.808750000000008,4.700833333333352
2017-01-25,3.320458333333349,95.83333333333333,0.7916666666666666,1,5.350416666666686,5.209166666666685,5.213750000000021,4.969583333333357,6.808750000000008,4.700833333333352,2.039166666666688
2017-01-26,5.350416666666686,88.83333333333333,1.25,1,5.209166666666685,5.213750000000021,4.969583333333357,6.808750000000008,4.700833333333352,2.039166666666688,1.4929166666666802
2017-01-27,5.209166666666685,77.58333333333333,1.3333333333333333,1,5.213750000000021,4.969583333333357,6.808750000000008,4.700833333333352,2.039166666666688,1.4929166666666802,2.131250000000018
2017-01-28,5.213750000000021,70.29166666666667,1.75,1,4.969583333333357,6.808750000000008,4.700833333333352,2.039166666666688,1.4929166666666802,2.131250000000018,5.006666666666682
2017-01-29,4.969583333333357,76.375,3.0416666666666665,1,6.808750000000008,4.700833333333352,2.039166666666688,1.4929166666666802,2.131250000000018,5.006666666666682,3.890416666666676
2017-01-30,6.808750000000008,81.83333333333333,1.5,1,4.700833333333352,2.039166666666688,1.4929166666666802,2.131250000000018,5.006666666666682,3.890416666666676,0.610833333333351
2017-01-31,4.700833333333352,67.625,2.4166666666666665,1,2.039166666666688,1.4929166666666802,2.131250000000018,5.006666666666682,3.890416666666676,0.610833333333351,0.9970833333333525
2017-02-01,2.039166666666688,55.041666666666664,2.7083333333333335,2,1.4929166666666802,2.131250000000018,5.006666666666682,3.890416666666676,0.610833333333351,0.9970833333333525,1.5625000000000167
2017-02-02,1.4929166666666802,31.25,2.9166666666666665,2,2.131250000000018,5.006666666666682,3.890416666666676,0.610833333333351,0.9970833333333525,1.5625000000000167,6.536250000000014
2017-02-03,2.131250000000018,64.91666666666667,2.5,2,5.006666666666682,3.890416666666676,0.610833333333351,0.9970833333333525,1.5625000000000167,6.536250000000014,8.065833333333346
2017-02-04,5.006666666666682,94.25,2.5,2,3.890416666666676,0.610833333333351,0.9970833333333525,1.5625000000000167,6.536250000000014,8.065833333333346,4.309166666666681
2017-02-05,3.890416666666676,90.625,3.4583333333333335,2,0.610833333333351,0.9970833333333525,1.5625000000000167,6.536250000000014,8.065833333333346,4.309166666666681,3.4908333333333537
2017-02-06,0.610833333333351,97.66666666666667,2.375,2,0.9970833333333525,1.5625000000000167,6.536250000000014,8.065833333333346,4.309166666666681,3.4908333333333537,3.5913981200833525
2017-02-07,0.9970833333333525,86.375,2.9166666666666665,2,1.5625000000000167,6.536250000000014,8.065833333333346,4.309166666666681,3.4908333333333537,3.5913981200833525,3.401990557666698
2017-02-08,1.5625000000000167,84.66666666666667,1.5416666666666667,2,6.536250000000014,8.065833333333346,4.309166666666681,3.4908333333333537,3.5913981200833525,3.401990557666698,8.132750000000023
2017-02-09,6.536250000000014,97.16666666666667,2.875,2,8.065833333333346,4.309166666666681,3.4908333333333537,3.5913981200833525,3.401990557666698,8.132750000000023,10.900500000000022
2017-02-10,8.065833333333346,83.20833333333333,5.083333333333333,2,4.309166666666681,3.4908333333333537,3.5913981200833525,3.401990557666698,8.132750000000023,10.900500000000022,7.475875000000014
2017-02-11,4.309166666666681,81.66666666666667,3.625,2,3.4908333333333537,3.5913981200833525,3.401990557666698,8.132750000000023,10.900500000000022,7.475875000000014,6.222416666666692
2017-02-12,3.4908333333333537,85.58333333333333,1.2083333333333333,2,3.5913981200833525,3.401990557666698,8.132750000000023,10.900500000000022,7.475875000000014,6.222416666666692,5.2607916666666865
2017-02-13,3.5913981200833525,81.83333333333333,1.9583333333333333,2,3.401990557666698,8.132750000000023,10.900500000000022,7.475875000000014,6.222416666666692,5.2607916666666865,5.780875000000026
2017-02-14,3.401990557666698,94.45833333333333,1.2916666666666667,2,8.132750000000023,10.900500000000022,7.475875000000014,6.222416666666692,5.2607916666666865,5.780875000000026,5.255945110416692
2017-02-15,8.132750000000023,94.58333333333333,1.75,2,10.900500000000022,7.475875000000014,6.222416666666692,5.2607916666666865,5.780875000000026,5.255945110416692,4.1537500000000165
2017-02-16,10.900500000000022,94.33333333333333,3.3333333333333335,2,7.475875000000014,6.222416666666692,5.2607916666666865,5.780875000000026,5.255945110416692,4.1537500000000165,2.5033333333333494
2017-02-17,7.475875000000014,97.41666666666667,2.1666666666666665,2,6.222416666666692,5.2607916666666865,5.780875000000026,5.255945110416692,4.1537500000000165,2.5033333333333494,2.546666666666686
2017-02-18,6.222416666666692,98.16666666666667,2.0,2,5.2607916666666865,5.780875000000026,5.255945110416692,4.1537500000000165,2.5033333333333494,2.546666666666686,2.586250000000026
2017-02-19,5.2607916666666865,99.79166666666667,2.4583333333333335,2,5.780875000000026,5.255945110416692,4.1537500000000165,2.5033333333333494,2.546666666666686,2.586250000000026,3.513750000000023
2017-02-20,5.780875000000026,99.33333333333333,2.0,2,5.255945110416692,4.1537500000000165,2.5033333333333494,2.546666666666686,2.586250000000026,3.513750000000023,2.755000000000012
2017-02-21,5.255945110416692,96.45833333333333,1.25,2,4.1537500000000165,2.5033333333333494,2.546666666666686,2.586250000000026,3.513750000000023,2.755000000000012,2.635416666666688
2017-02-22,4.1537500000000165,88.20833333333333,1.9583333333333333,2,2.5033333333333494,2.546666666666686,2.586250000000026,3.513750000000023,2.755000000000012,2.635416666666688,6.382916666666681
2017-02-23,2.5033333333333494,89.16666666666667,1.375,2,2.546666666666686,2.586250000000026,3.513750000000023,2.755000000000012,2.635416666666688,6.382916666666681,6.601250000000019
2017-02-24,2.546666666666686,81.75,2.375,2,2.586250000000026,3.513750000000023,2.755000000000012,2.635416666666688,6.382916666666681,6.601250000000019,7.888333333333352
2017-02-25,2.586250000000026,76.83333333333333,1.5833333333333333,2,3.513750000000023,2.755000000000012,2.635416666666688,6.382916666666681,6.601250000000019,7.888333333333352,4.42791666666668
2017-02-26,3.513750000000023,88.79166666666667,3.25,2,2.755000000000012,2.635416666666688,6.382916666666681,6.601250000000019,7.888333333333352,4.42791666666668,3.7175000000000176
2017-02-27,2.755000000000012,94.95833333333333,2.625,2,2.635416666666688,6.382916666666681,6.601250000000019,7.888333333333352,4.42791666666668,3.7175000000000176,2.894583333333346
2017-02-28,2.635416666666688,95.70833333333333,1.6666666666666667,2,6.382916666666681,6.601250000000019,7.888333333333352,4.42791666666668,3.7175000000000176,2.894583333333346,2.5987500000000168
2017-03-01,6.382916666666681,78.91666666666667,5.416666666666667,3,6.601250000000019,7.888333333333352,4.42791666666668,3.7175000000000176,2.894583333333346,2.5987500000000168,4.385416666666676
2017-03-02,6.601250000000019,87.25,3.2916666666666665,3,7.888333333333352,4.42791666666668,3.7175000000000176,2.894583333333346,2.5987500000000168,4.385416666666676,4.132500000000012
2017-03-03,7.888333333333352,88.29166666666667,4.25,3,4.42791666666668,3.7175000000000176,2.894583333333346,2.5987500000000168,4.385416666666676,4.132500000000012,8.934583333333356
2017-03-04,4.42791666666668,86.29166666666667,3.6666666666666665,3,3.7175000000000176,2.894583333333346,2.5987500000000168,4.385416666666676,4.132500000000012,8.934583333333356,6.778333333333355
2017-03-05,3.7175000000000176,83.41666666666667,2.9166666666666665,3,2.894583333333346,2.5987500000000168,4.385416666666676,4.132500000000012,8.934583333333356,6.778333333333355,9.199583333333349
2017-03-06,2.894583333333346,85.58333333333333,5.291666666666667,3,2.5987500000000168,4.385416666666676,4.132500000000012,8.934583333333356,6.778333333333355,9.199583333333349,9.543871278958349
2017-03-07,2.5987500000000168,94.08333333333333,3.5,3,4.385416666666676,4.132500000000012,8.934583333333356,6.778333333333355,9.199583333333349,9.543871278958349,11.420416666666688
2017-03-08,4.385416666666676,86.45833333333333,4.5,3,4.132500000000012,8.934583333333356,6.778333333333355,9.199583333333349,9.543871278958349,11.420416666666688,10.203296561875014
2017-03-09,4.132500000000012,99.125,2.0,3,8.934583333333356,6.778333333333355,9.199583333333349,9.543871278958349,11.420416666666688,10.203296561875014,7.580833333333348
2017-03-10,8.934583333333356,89.54166666666667,4.708333333333333,3,6.778333333333355,9.199583333333349,9.543871278958349,11.420416666666688,10.203296561875014,7.580833333333348,5.235000000000021
2017-03-11,6.778333333333355,88.45833333333333,1.9583333333333333,3,9.199583333333349,9.543871278958349,11.420416666666688,10.203296561875014,7.580833333333348,5.235000000000021,8.507916666666688
2017-03-12,9.199583333333349,91.79166666666667,3.4166666666666665,3,9.543871278958349,11.420416666666688,10.203296561875014,7.580833333333348,5.235000000000021,8.507916666666688,4.340416666666687
2017-03-13,9.543871278958349,95.0,1.8333333333333333,3,11.420416666666688,10.203296561875014,7.580833333333348,5.235000000000021,8.507916666666688,4.340416666666687,6.9558333333333495
2017-03-14,11.420416666666688,98.54166666666667,3.0,3,10.203296561875014,7.580833333333348,5.235000000000021,8.507916666666688,4.340416666666687,6.9558333333333495,8.51235863179169
2017-03-15,10.203296561875014,95.91666666666667,2.125,3,7.580833333333348,5.235000000000021,8.507916666666688,4.340416666666687,6.9558333333333495,8.51235863179169,10.285833333333343
2017-03-16,7.580833333333348,82.5,4.75,3,5.235000000000021,8.507916666666688,4.340416666666687,6.9558333333333495,8.51235863179169,10.285833333333343,7.7820833333333495
2017-03-17,5.235000000000021,85.08333333333333,1.5416666666666667,3,8.507916666666688,4.340416666666687,6.9558333333333495,8.51235863179169,10.285833333333343,7.7820833333333495,8.944166666666687
2017-03-18,8.507916666666688,90.91666666666667,3.2083333333333335,3,4.340416666666687,6.9558333333333495,8.51235863179169,10.285833333333343,7.7820833333333495,8.944166666666687,7.93958333333335
2017-03-19,4.340416666666687,80.0,2.375,3,6.9558333333333495,8.51235863179169,10.285833333333343,7.7820833333333495,8.944166666666687,7.93958333333335,7.1466666666666825
2017-03-20,6.9558333333333495,63.25,3.7916666666666665,3,8.51235863179169,10.285833333333343,7.7820833333333495,8.944166666666687,7.93958333333335,7.1466666666666825,8.221666666666678
2017-03-21,8.51235863179169,84.125,1.5,3,10.285833333333343,7.7820833333333495,8.944166666666687,7.93958333333335,7.1466666666666825,8.221666666666678,8.340666666666683
2017-03-22,10.285833333333343,84.33333333333333,3.0,3,7.7820833333333495,8.944166666666687,7.93958333333335,7.1466666666666825,8.221666666666678,8.340666666666683,9.526250000000019
2017-03-23,7.7820833333333495,76.25,3.7083333333333335,3,8.944166666666687,7.93958333333335,7.1466666666666825,8.221666666666678,8.340666666666683,9.526250000000019,8.077083333333354
2017-03-24,8.944166666666687,87.29166666666667,2.7916666666666665,3,7.93958333333335,7.1466666666666825,8.221666666666678,8.340666666666683,9.526250000000019,8.077083333333354,8.03166666666668
2017-03-25,7.93958333333335,84.08333333333333,4.125,3,7.1466666666666825,8.221666666666678,8.340666666666683,9.526250000000019,8.077083333333354,8.03166666666668,10.005416666666678
2017-03-26,7.1466666666666825,84.16666666666667,1.9166666666666667,3,8.221666666666678,8.340666666666683,9.526250000000019,8.077083333333354,8.03166666666668,10.005416666666678,8.857916666666688
2017-03-27,8.221666666666678,88.5,3.4583333333333335,3,8.340666666666683,9.526250000000019,8.077083333333354,8.03166666666668,10.005416666666678,8.857916666666688,7.101250000000017
2017-03-28,8.340666666666683,92.20833333333333,4.5,3,9.526250000000019,8.077083333333354,8.03166666666668,10.005416666666678,8.857916666666688,7.101250000000017,8.957500000000026
2017-03-29,9.526250000000019,88.54166666666667,4.208333333333333,3,8.077083333333354,8.03166666666668,10.005416666666678,8.857916666666688,7.101250000000017,8.957500000000026,10.279166666666685
2017-03-30,8.077083333333354,81.66666666666667,2.6666666666666665,3,8.03166666666668,10.005416666666678,8.857916666666688,7.101250000000017,8.957500000000026,10.279166666666685,9.922691594458344
2017-03-31,8.03166666666668,77.20833333333333,1.5,3,10.005416666666678,8.857916666666688,7.101250000000017,8.957500000000026,10.279166666666685,9.922691594458344,10.944574647250015
2017-04-01,10.005416666666678,75.29166666666667,2.0,4,8.857916666666688,7.101250000000017,8.957500000000026,10.279166666666685,9.922691594458344,10.944574647250015,7.9291666666666885
2017-04-02,8.857916666666688,78.66666666666667,2.25,4,7.101250000000017,8.957500000000026,10.279166666666685,9.922691594458344,10.944574647250015,7.9291666666666885,6.96666666666669
2017-04-03,7.101250000000017,74.5,1.7083333333333333,4,8.957500000000026,10.279166666666685,9.922691594458344,10.944574647250015,7.9291666666666885,6.96666666666669,9.11166666666668
2017-04-04,8.957500000000026,64.95833333333333,1.5416666666666667,4,10.279166666666685,9.922691594458344,10.944574647250015,7.9291666666666885,6.96666666666669,9.11166666666668,6.854166666666686
2017-04-05,10.279166666666685,86.25,2.5833333333333335,4,9.922691594458344,10.944574647250015,7.9291666666666885,6.96666666666669,9.11166666666668,6.854166666666686,10.327083333333354
2017-04-06,9.922691594458344,87.20833333333333,2.3333333333333335,4,10.944574647250015,7.9291666666666885,6.96666666666669,9.11166666666668,6.854166666666686,10.327083333333354,9.16744982308336
2017-04-07,10.944574647250015,78.16666666666667,4.375,4,7.9291666666666885,6.96666666666669,9.11166666666668,6.854166666666686,10.327083333333354,9.16744982308336,7.409583333333347
2017-04-08,7.9291666666666885,74.625,4.833333333333333,4,6.96666666666669,9.11166666666668,6.854166666666686,10.327083333333354,9.16744982308336,7.409583333333347,7.600833333333355
2017-04-09,6.96666666666669,74.83333333333333,2.5416666666666665,4,9.11166666666668,6.854166666666686,10.327083333333354,9.16744982308336,7.409583333333347,7.600833333333355,9.671250000000017
2017-04-10,9.11166666666668,73.0,3.125,4,6.854166666666686,10.327083333333354,9.16744982308336,7.409583333333347,7.600833333333355,9.671250000000017,13.115416666666675
2017-04-11,6.854166666666686,77.70833333333333,2.8333333333333335,4,10.327083333333354,9.16744982308336,7.409583333333347,7.600833333333355,9.671250000000017,13.115416666666675,11.243750000000013
2017-04-12,10.327083333333354,80.5,2.4583333333333335,4,9.16744982308336,7.409583333333347,7.600833333333355,9.671250000000017,13.115416666666675,11.243750000000013,9.655416666666683
2017-04-13,9.16744982308336,84.95833333333333,3.2083333333333335,4,7.409583333333347,7.600833333333355,9.671250000000017,13.115416666666675,11.243750000000013,9.655416666666683,9.888333333333348
2017-04-14,7.409583333333347,82.125,4.083333333333333,4,7.600833333333355,9.671250000000017,13.115416666666675,11.243750000000013,9.655416666666683,9.888333333333348,10.017083333333352
2017-04-15,7.600833333333355,76.41666666666667,3.2916666666666665,4,9.671250000000017,13.115416666666675,11.243750000000013,9.655416666666683,9.888333333333348,10.017083333333352,13.42041666666669
2017-04-16,9.671250000000017,60.916666666666664,2.5833333333333335,4,13.115416666666675,11.243750000000013,9.655416666666683,9.888333333333348,10.017083333333352,13.42041666666669,9.87458333333335
2017-04-17,13.115416666666675,60.916666666666664,2.8333333333333335,4,11.243750000000013,9.655416666666683,9.888333333333348,10.017083333333352,13.42041666666669,9.87458333333335,8.673750000000007
2017-04-18,11.243750000000013,87.04166666666667,3.2916666666666665,4,9.655416666666683,9.888333333333348,10.017083333333352,13.42041666666669,9.87458333333335,8.673750000000007,10.11166666666668
2017-04-19,9.655416666666683,87.58333333333333,2.1666666666666665,4,9.888333333333348,10.017083333333352,13.42041666666669,9.87458333333335,8.673750000000007,10.11166666666668,10.497500000000011
2017-04-20,9.888333333333348,85.625,3.1666666666666665,4,10.017083333333352,13.42041666666669,9.87458333333335,8.673750000000007,10.11166666666668,10.497500000000011,8.998750000000015
2017-04-21,10.017083333333352,74.875,2.4166666666666665,4,13.42041666666669,9.87458333333335,8.673750000000007,10.11166666666668,10.497500000000011,8.998750000000015,9.197083333333353
2017-04-22,13.42041666666669,52.833333333333336,2.9166666666666665,4,9.87458333333335,8.673750000000007,10.11166666666668,10.497500000000011,8.998750000000015,9.197083333333353,9.495416666666683
2017-04-23,9.87458333333335,85.75,2.7083333333333335,4,8.673750000000007,10.11166666666668,10.497500000000011,8.998750000000015,9.197083333333353,9.495416666666683,10.15166666666669
2017-04-24,8.673750000000007,88.58333333333333,2.625,4,10.11166666666668,10.497500000000011,8.998750000000015,9.197083333333353,9.495416666666683,10.15166666666669,8.715416666666684
2017-04-25,10.11166666666668,75.125,3.4583333333333335,4,10.497500000000011,8.998750000000015,9.197083333333353,9.495416666666683,10.15166666666669,8.715416666666684,10.078750000000023
2017-04-26,10.497500000000011,82.625,3.7083333333333335,4,8.998750000000015,9.197083333333353,9.495416666666683,10.15166666666669,8.715416666666684,10.078750000000023,14.68291666666669
2017-04-27,8.998750000000015,75.83333333333333,3.0416666666666665,4,9.197083333333353,9.495416666666683,10.15166666666669,8.715416666666684,10.078750000000023,14.68291666666669,16.496250000000014
2017-04-28,9.197083333333353,70.33333333333333,1.6666666666666667,4,9.495416666666683,10.15166666666669,8.715416666666684,10.078750000000023,14.68291666666669,16.496250000000014,14.470416666666681
2017-04-29,9.495416666666683,69.5,2.0416666666666665,4,10.15166666666669,8.715416666666684,10.078750000000023,14.68291666666669,16.496250000000014,14.470416666666681,9.522500000000017
2017-04-30,10.15166666666669,83.20833333333333,2.875,4,8.715416666666684,10.078750000000023,14.68291666666669,16.496250000000014,14.470416666666681,9.522500000000017,10.200000000000019
2017-05-01,8.715416666666684,85.70833333333333,2.7916666666666665,5,10.078750000000023,14.68291666666669,16.496250000000014,14.470416666666681,9.522500000000017,10.200000000000019,11.126666666666695
2017-05-02,10.078750000000023,83.625,1.4166666666666667,5,14.68291666666669,16.496250000000014,14.470416666666681,9.522500000000017,10.200000000000019,11.126666666666695,12.584166666666688
2017-05-03,14.68291666666669,90.66666666666667,2.1666666666666665,5,16.496250000000014,14.470416666666681,9.522500000000017,10.200000000000019,11.126666666666695,12.584166666666688,14.226250000000027
2017-05-04,16.496250000000014,85.83333333333333,2.125,5,14.470416666666681,9.522500000000017,10.200000000000019,11.126666666666695,12.584166666666688,14.226250000000027,14.196666666666681
2017-05-05,14.470416666666681,90.83333333333333,3.4166666666666665,5,9.522500000000017,10.200000000000019,11.126666666666695,12.584166666666688,14.226250000000027,14.196666666666681,8.807083333333352
2017-05-06,9.522500000000017,73.91666666666667,2.5,5,10.200000000000019,11.126666666666695,12.584166666666688,14.226250000000027,14.196666666666681,8.807083333333352,9.110416666666687
2017-05-07,10.200000000000019,66.54166666666667,1.9583333333333333,5,11.126666666666695,12.584166666666688,14.226250000000027,14.196666666666681,8.807083333333352,9.110416666666687,9.821666666666685
2017-05-08,11.126666666666695,62.875,1.8333333333333333,5,12.584166666666688,14.226250000000027,14.196666666666681,8.807083333333352,9.110416666666687,9.821666666666685,9.686666666666687
2017-05-09,12.584166666666688,63.083333333333336,2.0416666666666665,5,14.226250000000027,14.196666666666681,8.807083333333352,9.110416666666687,9.821666666666685,9.686666666666687,8.418750000000022
2017-05-10,14.226250000000027,65.08333333333333,1.4583333333333333,5,14.196666666666681,8.807083333333352,9.110416666666687,9.821666666666685,9.686666666666687,8.418750000000022,9.696250000000019
2017-05-11,14.196666666666681,76.0,2.6666666666666665,5,8.807083333333352,9.110416666666687,9.821666666666685,9.686666666666687,8.418750000000022,9.696250000000019,11.85083333333335
2017-05-12,8.807083333333352,86.83333333333333,2.7916666666666665,5,9.110416666666687,9.821666666666685,9.686666666666687,8.418750000000022,9.696250000000019,11.85083333333335,14.422500000000019
2017-05-13,9.110416666666687,84.54166666666667,2.75,5,9.821666666666685,9.686666666666687,8.418750000000022,9.696250000000019,11.85083333333335,14.422500000000019,15.945000000000014
2017-05-14,9.821666666666685,80.20833333333333,3.3333333333333335,5,9.686666666666687,8.418750000000022,9.696250000000019,11.85083333333335,14.422500000000019,15.945000000000014,16.435000000000024
2017-05-15,9.686666666666687,78.79166666666667,3.375,5,8.418750000000022,9.696250000000019,11.85083333333335,14.422500000000019,15.945000000000014,16.435000000000024,18.403333333333354
2017-05-16,8.418750000000022,92.125,3.2083333333333335,5,9.696250000000019,11.85083333333335,14.422500000000019,15.945000000000014,16.435000000000024,18.403333333333354,19.541250000000023
2017-05-17,9.696250000000019,83.75,2.375,5,11.85083333333335,14.422500000000019,15.945000000000014,16.435000000000024,18.403333333333354,19.541250000000023,12.994166666666686
2017-05-18,11.85083333333335,74.83333333333333,1.375,5,14.422500000000019,15.945000000000014,16.435000000000024,18.403333333333354,19.541250000000023,12.994166666666686,12.582083333333351
2017-05-19,14.422500000000019,67.83333333333333,1.0833333333333333,5,15.945000000000014,16.435000000000024,18.403333333333354,19.541250000000023,12.994166666666686,12.582083333333351,16.191666666666688
2017-05-20,15.945000000000014,63.25,2.375,5,16.435000000000024,18.403333333333354,19.541250000000023,12.994166666666686,12.582083333333351,16.191666666666688,19.268750000000022
2017-05-21,16.435000000000024,65.41666666666667,2.2916666666666665,5,18.403333333333354,19.541250000000023,12.994166666666686,12.582083333333351,16.191666666666688,19.268750000000022,20.264583333333352
2017-05-22,18.403333333333354,60.958333333333336,2.2916666666666665,5,19.541250000000023,12.994166666666686,12.582083333333351,16.191666666666688,19.268750000000022,20.264583333333352,16.906666666666684
2017-05-23,19.541250000000023,57.5,1.9166666666666667,5,12.994166666666686,12.582083333333351,16.191666666666688,19.268750000000022,20.264583333333352,16.906666666666684,14.094166666666679
2017-05-24,12.994166666666686,62.75,2.7916666666666665,5,12.582083333333351,16.191666666666688,19.268750000000022,20.264583333333352,16.906666666666684,14.094166666666679,14.107083333333357
2017-05-25,12.582083333333351,67.875,2.125,5,16.191666666666688,19.268750000000022,20.264583333333352,16.906666666666684,14.094166666666679,14.107083333333357,16.041666666666682
2017-05-26,16.191666666666688,61.958333333333336,1.625,5,19.268750000000022,20.264583333333352,16.906666666666684,14.094166666666679,14.107083333333357,16.041666666666682,15.655833333333348
2017-05-27,19.268750000000022,52.416666666666664,1.4583333333333333,5,20.264583333333352,16.906666666666684,14.094166666666679,14.107083333333357,16.041666666666682,15.655833333333348,15.51333333333335
2017-05-28,20.264583333333352,51.125,1.7916666666666667,5,16.906666666666684,14.094166666666679,14.107083333333357,16.041666666666682,15.655833333333348,15.51333333333335,13.900833333333354
2017-05-29,16.906666666666684,71.41666666666667,1.9583333333333333,5,14.094166666666679,14.107083333333357,16.041666666666682,15.655833333333348,15.51333333333335,13.900833333333354,13.569583333333354
2017-05-30,14.094166666666679,83.45833333333333,2.5,5,14.107083333333357,16.041666666666682,15.655833333333348,15.51333333333335,13.900833333333354,13.569583333333354,17.55250000000002
2017-05-31,14.107083333333357,77.5,1.9166666666666667,5,16.041666666666682,15.655833333333348,15.51333333333335,13.900833333333354,13.569583333333354,17.55250000000002,19.58916666666669
2017-06-01,16.041666666666682,82.95833333333333,2.75,6,15.655833333333348,15.51333333333335,13.900833333333354,13.569583333333354,17.55250000000002,19.58916666666669,16.02625000000002
2017-06-02,15.655833333333348,68.70833333333333,2.9583333333333335,6,15.51333333333335,13.900833333333354,13.569583333333354,17.55250000000002,19.58916666666669,16.02625000000002,12.807500000000019
2017-06-03,15.51333333333335,65.125,2.0,6,13.900833333333354,13.569583333333354,17.55250000000002,19.58916666666669,16.02625000000002,12.807500000000019,11.980000000000024
2017-06-04,13.900833333333354,62.125,1.625,6,13.569583333333354,17.55250000000002,19.58916666666669,16.02625000000002,12.807500000000019,11.980000000000024,14.040000000000019
2017-06-05,13.569583333333354,61.166666666666664,1.9583333333333333,6,17.55250000000002,19.58916666666669,16.02625000000002,12.807500000000019,11.980000000000024,14.040000000000019,14.370000000000024
2017-06-06,17.55250000000002,53.0,1.875,6,19.58916666666669,16.02625000000002,12.807500000000019,11.980000000000024,14.040000000000019,14.370000000000024,13.265416666666686
2017-06-07,19.58916666666669,51.166666666666664,1.5,6,16.02625000000002,12.807500000000019,11.980000000000024,14.040000000000019,14.370000000000024,13.265416666666686,13.381666666666687
2017-06-08,16.02625000000002,74.375,2.9583333333333335,6,12.807500000000019,11.980000000000024,14.040000000000019,14.370000000000024,13.265416666666686,13.381666666666687,13.513750000000016
2017-06-09,12.807500000000019,68.33333333333333,2.9583333333333335,6,11.980000000000024,14.040000000000019,14.370000000000024,13.265416666666686,13.381666666666687,13.513750000000016,14.539166666666674
2017-06-10,11.980000000000024,74.5,2.875,6,14.040000000000019,14.370000000000024,13.265416666666686,13.381666666666687,13.513750000000016,14.539166666666674,13.99291666666668
2017-06-11,14.040000000000019,67.04166666666667,2.2916666666666665,6,14.370000000000024,13.265416666666686,13.381666666666687,13.513750000000016,14.539166666666674,13.99291666666668,14.87875000000001
2017-06-12,14.370000000000024,72.33333333333333,2.9166666666666665,6,13.265416666666686,13.381666666666687,13.513750000000016,14.539166666666674,13.99291666666668,14.87875000000001,17.37500000000002
2017-06-13,13.265416666666686,74.16666666666667,3.0416666666666665,6,13.381666666666687,13.513750000000016,14.539166666666674,13.99291666666668,14.87875000000001,17.37500000000002,18.71875000000002
2017-06-14,13.381666666666687,66.375,2.875,6,13.513750000000016,14.539166666666674,13.99291666666668,14.87875000000001,17.37500000000002,18.71875000000002,15.358250000000025
2017-06-15,13.513750000000016,80.125,2.7916666666666665,6,14.539166666666674,13.99291666666668,14.87875000000001,17.37500000000002,18.71875000000002,15.358250000000025,15.891666666666685
2017-06-16,14.539166666666674,90.04166666666667,3.375,6,13.99291666666668,14.87875000000001,17.37500000000002,18.71875000000002,15.358250000000025,15.891666666666685,18.080416666666686
2017-06-17,13.99291666666668,70.70833333333333,2.125,6,14.87875000000001,17.37500000000002,18.71875000000002,15.358250000000025,15.891666666666685,18.080416666666686,20.765000000000025
2017-06-18,14.87875000000001,89.125,2.0833333333333335,6,17.37500000000002,18.71875000000002,15.358250000000025,15.891666666666685,18.080416666666686,20.765000000000025,24.437500000000018
2017-06-19,17.37500000000002,86.95833333333333,2.0,6,18.71875000000002,15.358250000000025,15.891666666666685,18.080416666666686,20.765000000000025,24.437500000000018,20.846250000000023
2017-06-20,18.71875000000002,82.875,1.7916666666666667,6,15.358250000000025,15.891666666666685,18.080416666666686,20.765000000000025,24.437500000000018,20.846250000000023,15.624166666666682
2017-06-21,15.358250000000025,70.83333333333333,1.9166666666666667,6,15.891666666666685,18.080416666666686,20.765000000000025,24.437500000000018,20.846250000000023,15.624166666666682,15.827916666666686
2017-06-22,15.891666666666685,63.333333333333336,2.2083333333333335,6,18.080416666666686,20.765000000000025,24.437500000000018,20.846250000000023,15.624166666666682,15.827916666666686,16.099583333333356
2017-06-23,18.080416666666686,56.708333333333336,2.625,6,20.765000000000025,24.437500000000018,20.846250000000023,15.624166666666682,15.827916666666686,16.099583333333356,19.00208333333335
2017-06-24,20.765000000000025,52.083333333333336,2.5833333333333335,6,24.437500000000018,20.846250000000023,15.624166666666682,15.827916666666686,16.099583333333356,19.00208333333335,17.11958333333335
2017-06-25,24.437500000000018,46.75,2.25,6,20.846250000000023,15.624166666666682,15.827916666666686,16.099583333333356,19.00208333333335,17.11958333333335,16.589738027500015
2017-06-26,20.846250000000023,64.58333333333333,2.75,6,15.624166666666682,15.827916666666686,16.099583333333356,19.00208333333335,17.11958333333335,16.589738027500015,16.75291666666669
2017-06-27,15.624166666666682,74.58333333333333,2.5833333333333335,6,15.827916666666686,16.099583333333356,19.00208333333335,17.11958333333335,16.589738027500015,16.75291666666669,16.108333333333356
2017-06-28,15.827916666666686,74.29166666666667,2.3333333333333335,6,16.099583333333356,19.00208333333335,17.11958333333335,16.589738027500015,16.75291666666669,16.108333333333356,18.40375000000002
2017-06-29,16.099583333333356,75.5,1.625,6,19.00208333333335,17.11958333333335,16.589738027500015,16.75291666666669,16.108333333333356,18.40375000000002,20.149166666666684
2017-06-30,19.00208333333335,71.0,1.75,6,17.11958333333335,16.589738027500015,16.75291666666669,16.108333333333356,18.40375000000002,20.149166666666684,18.69583333333335
2017-07-01,17.11958333333335,74.0,2.4583333333333335,7,16.589738027500015,16.75291666666669,16.108333333333356,18.40375000000002,20.149166666666684,18.69583333333335,17.698333333333355
2017-07-02,16.589738027500015,77.08333333333333,1.375,7,16.75291666666669,16.108333333333356,18.40375000000002,20.149166666666684,18.69583333333335,17.698333333333355,19.410416666666677
2017-07-03,16.75291666666669,74.66666666666667,1.8333333333333333,7,16.108333333333356,18.40375000000002,20.149166666666684,18.69583333333335,17.698333333333355,19.410416666666677,18.266203038541683
2017-07-04,16.108333333333356,72.66666666666667,1.6666666666666667,7,18.40375000000002,20.149166666666684,18.69583333333335,17.698333333333355,19.410416666666677,18.266203038541683,15.893750000000017
2017-07-05,18.40375000000002,57.708333333333336,1.875,7,20.149166666666684,18.69583333333335,17.698333333333355,19.410416666666677,18.266203038541683,15.893750000000017,17.072916666666682
2017-07-06,20.149166666666684,60.0,1.4166666666666667,7,18.69583333333335,17.698333333333355,19.410416666666677,18.266203038541683,15.893750000000017,17.072916666666682,17.99916666666669
2017-07-07,18.69583333333335,67.125,2.6666666666666665,7,17.698333333333355,19.410416666666677,18.266203038541683,15.893750000000017,17.072916666666682,17.99916666666669,16.945000000000014
2017-07-08,17.698333333333355,71.75,1.4166666666666667,7,19.410416666666677,18.266203038541683,15.893750000000017,17.072916666666682,17.99916666666669,16.945000000000014,18.533750000000015
2017-07-09,19.410416666666677,68.29166666666667,1.4166666666666667,7,18.266203038541683,15.893750000000017,17.072916666666682,17.99916666666669,16.945000000000014,18.533750000000015,16.605000000000015
2017-07-10,18.266203038541683,71.25,2.0833333333333335,7,15.893750000000017,17.072916666666682,17.99916666666669,16.945000000000014,18.533750000000015,16.605000000000015,17.039583333333354
2017-07-11,15.893750000000017,69.95833333333333,1.75,7,17.072916666666682,17.99916666666669,16.945000000000014,18.533750000000015,16.605000000000015,17.039583333333354,19.06416666666669
2017-07-12,17.072916666666682,70.04166666666667,1.7083333333333333,7,17.99916666666669,16.945000000000014,18.533750000000015,16.605000000000015,17.039583333333354,19.06416666666669,18.569166666666682
2017-07-13,17.99916666666669,68.25,1.9583333333333333,7,16.945000000000014,18.533750000000015,16.605000000000015,17.039583333333354,19.06416666666669,18.569166666666682,18.824166666666695
2017-07-14,16.945000000000014,71.5,1.3333333333333333,7,18.533750000000015,16.605000000000015,17.039583333333354,19.06416666666669,18.569166666666682,18.824166666666695,17.720833333333353
2017-07-15,18.533750000000015,62.708333333333336,1.8333333333333333,7,16.605000000000015,17.039583333333354,19.06416666666669,18.569166666666682,18.824166666666695,17.720833333333353,21.175416666666692
2017-07-16,16.605000000000015,66.83333333333333,1.9583333333333333,7,17.039583333333354,19.06416666666669,18.569166666666682,18.824166666666695,17.720833333333353,21.175416666666692,20.15833333333335
2017-07-17,17.039583333333354,66.20833333333333,2.6666666666666665,7,19.06416666666669,18.569166666666682,18.824166666666695,17.720833333333353,21.175416666666692,20.15833333333335,18.86458333333335
2017-07-18,19.06416666666669,52.5,1.375,7,18.569166666666682,18.824166666666695,17.720833333333353,21.175416666666692,20.15833333333335,18.86458333333335,20.901250000000015
2017-07-19,18.569166666666682,56.583333333333336,2.0416666666666665,7,18.824166666666695,17.720833333333353,21.175416666666692,20.15833333333335,18.86458333333335,20.901250000000015,20.44500000000003
2017-07-20,18.824166666666695,63.958333333333336,3.4166666666666665,7,17.720833333333353,21.175416666666692,20.15833333333335,18.86458333333335,20.901250000000015,20.44500000000003,17.996666666666687
2017-07-21,17.720833333333353,66.375,1.9166666666666667,7,21.175416666666692,20.15833333333335,18.86458333333335,20.901250000000015,20.44500000000003,17.996666666666687,17.622916666666683
2017-07-22,21.175416666666692,58.541666666666664,2.375,7,20.15833333333335,18.86458333333335,20.901250000000015,20.44500000000003,17.996666666666687,17.622916666666683,18.418333333333347
2017-07-23,20.15833333333335,70.33333333333333,2.6666666666666665,7,18.86458333333335,20.901250000000015,20.44500000000003,17.996666666666687,17.622916666666683,18.418333333333347,20.060416666666686
2017-07-24,18.86458333333335,65.04166666666667,2.2083333333333335,7,20.901250000000015,20.44500000000003,17.996666666666687,17.622916666666683,18.418333333333347,20.060416666666686,19.873333333333353
2017-07-25,20.901250000000015,56.0,1.9583333333333333,7,20.44500000000003,17.996666666666687,17.622916666666683,18.418333333333347,20.060416666666686,19.873333333333353,21.57791666666669
2017-07-26,20.44500000000003,60.458333333333336,1.6666666666666667,7,17.996666666666687,17.622916666666683,18.418333333333347,20.060416666666686,19.873333333333353,21.57791666666669,23.269583333333358
2017-07-27,17.996666666666687,74.58333333333333,2.9166666666666665,7,17.622916666666683,18.418333333333347,20.060416666666686,19.873333333333353,21.57791666666669,23.269583333333358,24.143083333333355
2017-07-28,17.622916666666683,70.75,1.7083333333333333,7,18.418333333333347,20.060416666666686,19.873333333333353,21.57791666666669,23.269583333333358,24.143083333333355,24.75333333333336
2017-07-29,18.418333333333347,65.0,2.25,7,20.060416666666686,19.873333333333353,21.57791666666669,23.269583333333358,24.143083333333355,24.75333333333336,21.06208333333335
2017-07-30,20.060416666666686,65.70833333333333,1.875,7,19.873333333333353,21.57791666666669,23.269583333333358,24.143083333333355,24.75333333333336,21.06208333333335,20.261250000000025
2017-07-31,19.873333333333353,58.75,2.25,7,21.57791666666669,23.269583333333358,24.143083333333355,24.75333333333336,21.06208333333335,20.261250000000025,20.305000000000025
2017-08-01,21.57791666666669,56.791666666666664,2.4583333333333335,8,23.269583333333358,24.143083333333355,24.75333333333336,21.06208333333335,20.261250000000025,20.305000000000025,21.45416666666669
2017-08-02,23.269583333333358,51.291666666666664,2.2083333333333335,8,24.143083333333355,24.75333333333336,21.06208333333335,20.261250000000025,20.305000000000025,21.45416666666669,22.23333333333336
2017-08-03,24.143083333333355,53.916666666666664,1.9583333333333333,8,24.75333333333336,21.06208333333335,20.261250000000025,20.305000000000025,21.45416666666669,22.23333333333336,22.024583333333357
2017-08-04,24.75333333333336,57.875,1.3333333333333333,8,21.06208333333335,20.261250000000025,20.305000000000025,21.45416666666669,22.23333333333336,22.024583333333357,20.814166666666686
2017-08-05,21.06208333333335,66.375,1.9583333333333333,8,20.261250000000025,20.305000000000025,21.45416666666669,22.23333333333336,22.024583333333357,20.814166666666686,18.255000000000027
2017-08-06,20.261250000000025,74.29166666666667,1.7083333333333333,8,20.305000000000025,21.45416666666669,22.23333333333336,22.024583333333357,20.814166666666686,18.255000000000027,18.227083333333358
2017-08-07,20.305000000000025,73.66666666666667,1.7083333333333333,8,21.45416666666669,22.23333333333336,22.024583333333357,20.814166666666686,18.255000000000027,18.227083333333358,16.805000000000014
2017-08-08,21.45416666666669,69.625,2.1666666666666665,8,22.23333333333336,22.024583333333357,20.814166666666686,18.255000000000027,18.227083333333358,16.805000000000014,16.921250000000022
2017-08-09,22.23333333333336,68.41666666666667,1.7916666666666667,8,22.024583333333357,20.814166666666686,18.255000000000027,18.227083333333358,16.805000000000014,16.921250000000022,18.25079166666669
2017-08-10,22.024583333333357,70.66666666666667,1.625,8,20.814166666666686,18.255000000000027,18.227083333333358,16.805000000000014,16.921250000000022,18.25079166666669,18.96333333333335
2017-08-11,20.814166666666686,71.125,1.7083333333333333,8,18.255000000000027,18.227083333333358,16.805000000000014,16.921250000000022,18.25079166666669,18.96333333333335,17.57291666666669
2017-08-12,18.255000000000027,76.29166666666667,2.3333333333333335,8,18.227083333333358,16.805000000000014,16.921250000000022,18.25079166666669,18.96333333333335,17.57291666666669,18.859583333333354
2017-08-13,18.227083333333358,78.75,3.3333333333333335,8,16.805000000000014,16.921250000000022,18.25079166666669,18.96333333333335,17.57291666666669,18.859583333333354,17.49041666666668
2017-08-14,16.805000000000014,65.41666666666667,2.25,8,16.921250000000022,18.25079166666669,18.96333333333335,17.57291666666669,18.859583333333354,17.49041666666668,18.571250000000024
2017-08-15,16.921250000000022,64.25,1.6666666666666667,8,18.25079166666669,18.96333333333335,17.57291666666669,18.859583333333354,17.49041666666668,18.571250000000024,21.202916666666688
2017-08-16,18.25079166666669,59.208333333333336,1.625,8,18.96333333333335,17.57291666666669,18.859583333333354,17.49041666666668,18.571250000000024,21.202916666666688,19.58958333333335
2017-08-17,18.96333333333335,68.625,1.8333333333333333,8,17.57291666666669,18.859583333333354,17.49041666666668,18.571250000000024,21.202916666666688,19.58958333333335,17.724166666666694
2017-08-18,17.57291666666669,71.5,1.8333333333333333,8,18.859583333333354,17.49041666666668,18.571250000000024,21.202916666666688,19.58958333333335,17.724166666666694,16.29791666666669
2017-08-19,18.859583333333354,65.25,1.875,8,17.49041666666668,18.571250000000024,21.202916666666688,19.58958333333335,17.724166666666694,16.29791666666669,17.799166666666686
2017-08-20,17.49041666666668,62.916666666666664,1.7083333333333333,8,18.571250000000024,21.202916666666688,19.58958333333335,17.724166666666694,16.29791666666669,17.799166666666686,20.630000000000024
2017-08-21,18.571250000000024,70.04166666666667,1.8333333333333333,8,21.202916666666688,19.58958333333335,17.724166666666694,16.29791666666669,17.799166666666686,20.630000000000024,22.107500000000027
2017-08-22,21.202916666666688,58.041666666666664,1.5833333333333333,8,19.58958333333335,17.724166666666694,16.29791666666669,17.799166666666686,20.630000000000024,22.107500000000027,22.701666666666686
2017-08-23,19.58958333333335,73.29166666666667,1.8333333333333333,8,17.724166666666694,16.29791666666669,17.799166666666686,20.630000000000024,22.107500000000027,22.701666666666686,19.229583333333355
2017-08-24,17.724166666666694,71.45833333333333,1.7083333333333333,8,16.29791666666669,17.799166666666686,20.630000000000024,22.107500000000027,22.701666666666686,19.229583333333355,19.526250000000026
2017-08-25,16.29791666666669,66.79166666666667,1.7083333333333333,8,17.799166666666686,20.630000000000024,22.107500000000027,22.701666666666686,19.229583333333355,19.526250000000026,18.54166666666669
2017-08-26,17.799166666666686,59.458333333333336,2.0,8,20.630000000000024,22.107500000000027,22.701666666666686,19.229583333333355,19.526250000000026,18.54166666666669,21.382083333333355
2017-08-27,20.630000000000024,54.875,3.0833333333333335,8,22.107500000000027,22.701666666666686,19.229583333333355,19.526250000000026,18.54166666666669,21.382083333333355,23.046250000000015
2017-08-28,22.107500000000027,60.041666666666664,2.9583333333333335,8,22.701666666666686,19.229583333333355,19.526250000000026,18.54166666666669,21.382083333333355,23.046250000000015,22.787083333333346
2017-08-29,22.701666666666686,62.083333333333336,2.125,8,19.229583333333355,19.526250000000026,18.54166666666669,21.382083333333355,23.046250000000015,22.787083333333346,23.529166666666683
2017-08-30,19.229583333333355,71.625,3.0,8,19.526250000000026,18.54166666666669,21.382083333333355,23.046250000000015,22.787083333333346,23.529166666666683,21.74875000000003
2017-08-31,19.526250000000026,79.79166666666667,1.5416666666666667,8,18.54166666666669,21.382083333333355,23.046250000000015,22.787083333333346,23.529166666666683,21.74875000000003,20.51833333333335
2017-09-01,18.54166666666669,69.5,1.625,9,21.382083333333355,23.046250000000015,22.787083333333346,23.529166666666683,21.74875000000003,20.51833333333335,19.294583333333357
2017-09-02,21.382083333333355,50.916666666666664,1.9166666666666667,9,23.046250000000015,22.787083333333346,23.529166666666683,21.74875000000003,20.51833333333335,19.294583333333357,17.070000000000018
2017-09-03,23.046250000000015,65.58333333333333,2.4583333333333335,9,22.787083333333346,23.529166666666683,21.74875000000003,20.51833333333335,19.294583333333357,17.070000000000018,16.345000000000027
2017-09-04,22.787083333333346,60.958333333333336,2.0,9,23.529166666666683,21.74875000000003,20.51833333333335,19.294583333333357,17.070000000000018,16.345000000000027,16.67958333333335
2017-09-05,23.529166666666683,61.166666666666664,1.6666666666666667,9,21.74875000000003,20.51833333333335,19.294583333333357,17.070000000000018,16.345000000000027,16.67958333333335,18.98541666666669
2017-09-06,21.74875000000003,68.45833333333333,1.5833333333333333,9,20.51833333333335,19.294583333333357,17.070000000000018,16.345000000000027,16.67958333333335,18.98541666666669,15.92875000000002
2017-09-07,20.51833333333335,78.875,1.5833333333333333,9,19.294583333333357,17.070000000000018,16.345000000000027,16.67958333333335,18.98541666666669,15.92875000000002,15.575000000000019
2017-09-08,19.294583333333357,84.625,1.875,9,17.070000000000018,16.345000000000027,16.67958333333335,18.98541666666669,15.92875000000002,15.575000000000019,15.077916666666688
2017-09-09,17.070000000000018,77.79166666666667,2.9166666666666665,9,16.345000000000027,16.67958333333335,18.98541666666669,15.92875000000002,15.575000000000019,15.077916666666688,15.714166666666685
2017-09-10,16.345000000000027,81.0,1.625,9,16.67958333333335,18.98541666666669,15.92875000000002,15.575000000000019,15.077916666666688,15.714166666666685,15.277083333333351
2017-09-11,16.67958333333335,66.41666666666667,2.0416666666666665,9,18.98541666666669,15.92875000000002,15.575000000000019,15.077916666666688,15.714166666666685,15.277083333333351,12.496666666666679
2017-09-12,18.98541666666669,64.54166666666667,1.8333333333333333,9,15.92875000000002,15.575000000000019,15.077916666666688,15.714166666666685,15.277083333333351,12.496666666666679,11.606666666666689
2017-09-13,15.92875000000002,72.16666666666667,1.5833333333333333,9,15.575000000000019,15.077916666666688,15.714166666666685,15.277083333333351,12.496666666666679,11.606666666666689,11.157916666666688
2017-09-14,15.575000000000019,64.54166666666667,1.5833333333333333,9,15.077916666666688,15.714166666666685,15.277083333333351,12.496666666666679,11.606666666666689,11.157916666666688,11.484842103750019
2017-09-15,15.077916666666688,51.041666666666664,1.875,9,15.714166666666685,15.277083333333351,12.496666666666679,11.606666666666689,11.157916666666688,11.484842103750019,12.938750000000018
2017-09-16,15.714166666666685,56.083333333333336,1.125,9,15.277083333333351,12.496666666666679,11.606666666666689,11.157916666666688,11.484842103750019,12.938750000000018,14.747083333333357
2017-09-17,15.277083333333351,67.0,2.75,9,12.496666666666679,11.606666666666689,11.157916666666688,11.484842103750019,12.938750000000018,14.747083333333357,14.116666666666688
2017-09-18,12.496666666666679,87.20833333333333,3.5,9,11.606666666666689,11.157916666666688,11.484842103750019,12.938750000000018,14.747083333333357,14.116666666666688,15.777916666666684
2017-09-19,11.606666666666689,86.41666666666667,3.1666666666666665,9,11.157916666666688,11.484842103750019,12.938750000000018,14.747083333333357,14.116666666666688,15.777916666666684,15.992500000000021
2017-09-20,11.157916666666688,88.95833333333333,1.9583333333333333,9,11.484842103750019,12.938750000000018,14.747083333333357,14.116666666666688,15.777916666666684,15.992500000000021,16.432083333333356
2017-09-21,11.484842103750019,87.45833333333333,1.6666666666666667,9,12.938750000000018,14.747083333333357,14.116666666666688,15.777916666666684,15.992500000000021,16.432083333333356,18.691788515083353
2017-09-22,12.938750000000018,69.875,1.4166666666666667,9,14.747083333333357,14.116666666666688,15.777916666666684,15.992500000000021,16.432083333333356,18.691788515083353,18.15875000000002
2017-09-23,14.747083333333357,72.66666666666667,1.75,9,14.116666666666688,15.777916666666684,15.992500000000021,16.432083333333356,18.691788515083353,18.15875000000002,13.81250000000002
2017-09-24,14.116666666666688,69.54166666666667,1.625,9,15.777916666666684,15.992500000000021,16.432083333333356,18.691788515083353,18.15875000000002,13.81250000000002,12.266666666666694
2017-09-25,15.777916666666684,74.375,2.0,9,15.992500000000021,16.432083333333356,18.691788515083353,18.15875000000002,13.81250000000002,12.266666666666694,10.771666666666688
2017-09-26,15.992500000000021,80.625,1.5,9,16.432083333333356,18.691788515083353,18.15875000000002,13.81250000000002,12.266666666666694,10.771666666666688,11.201250000000023
2017-09-27,16.432083333333356,74.58333333333333,2.5833333333333335,9,18.691788515083353,18.15875000000002,13.81250000000002,12.266666666666694,10.771666666666688,11.201250000000023,11.803750000000013
2017-09-28,18.691788515083353,62.375,1.3333333333333333,9,18.15875000000002,13.81250000000002,12.266666666666694,10.771666666666688,11.201250000000023,11.803750000000013,11.396250000000016
2017-09-29,18.15875000000002,70.95833333333333,3.0833333333333335,9,13.81250000000002,12.266666666666694,10.771666666666688,11.201250000000023,11.803750000000013,11.396250000000016,11.80625000000002
2017-09-30,13.81250000000002,76.375,2.7083333333333335,9,12.266666666666694,10.771666666666688,11.201250000000023,11.803750000000013,11.396250000000016,11.80625000000002,12.748750000000022
2017-10-01,12.266666666666694,84.58333333333333,1.875,10,10.771666666666688,11.201250000000023,11.803750000000013,11.396250000000016,11.80625000000002,12.748750000000022,10.886666666666693
2017-10-02,10.771666666666688,80.08333333333333,1.9583333333333333,10,11.201250000000023,11.803750000000013,11.396250000000016,11.80625000000002,12.748750000000022,10.886666666666693,9.401666666666685
2017-10-03,11.201250000000023,72.875,1.75,10,11.803750000000013,11.396250000000016,11.80625000000002,12.748750000000022,10.886666666666693,9.401666666666685,10.65875000000002
2017-10-04,11.803750000000013,65.625,1.7916666666666667,10,11.396250000000016,11.80625000000002,12.748750000000022,10.886666666666693,9.401666666666685,10.65875000000002,8.84250000000002
2017-10-05,11.396250000000016,67.375,0.875,10,11.80625000000002,12.748750000000022,10.886666666666693,9.401666666666685,10.65875000000002,8.84250000000002,8.564583333333351
2017-10-06,11.80625000000002,75.125,2.7916666666666665,10,12.748750000000022,10.886666666666693,9.401666666666685,10.65875000000002,8.84250000000002,8.564583333333351,8.260000000000025
2017-10-07,12.748750000000022,78.25,4.208333333333333,10,10.886666666666693,9.401666666666685,10.65875000000002,8.84250000000002,8.564583333333351,8.260000000000025,6.177166666666686
2017-10-08,10.886666666666693,81.125,2.4166666666666665,10,9.401666666666685,10.65875000000002,8.84250000000002,8.564583333333351,8.260000000000025,6.177166666666686,9.058333333333358
2017-10-09,9.401666666666685,75.75,1.0,10,10.65875000000002,8.84250000000002,8.564583333333351,8.260000000000025,6.177166666666686,9.058333333333358,9.96333333333336
2017-10-10,10.65875000000002,77.125,1.9166666666666667,10,8.84250000000002,8.564583333333351,8.260000000000025,6.177166666666686,9.058333333333358,9.96333333333336,12.16333333333335
2017-10-11,8.84250000000002,78.70833333333333,2.625,10,8.564583333333351,8.260000000000025,6.177166666666686,9.058333333333358,9.96333333333336,12.16333333333335,10.355416666666692
2017-10-12,8.564583333333351,87.04166666666667,2.7916666666666665,10,8.260000000000025,6.177166666666686,9.058333333333358,9.96333333333336,12.16333333333335,10.355416666666692,12.603333333333351
2017-10-13,8.260000000000025,88.54166666666667,1.625,10,6.177166666666686,9.058333333333358,9.96333333333336,12.16333333333335,10.355416666666692,12.603333333333351,9.443750000000025
2017-10-14,6.177166666666686,77.29166666666667,1.7916666666666667,10,9.058333333333358,9.96333333333336,12.16333333333335,10.355416666666692,12.603333333333351,9.443750000000025,7.995833333333351
2017-10-15,9.058333333333358,74.91666666666667,1.375,10,9.96333333333336,12.16333333333335,10.355416666666692,12.603333333333351,9.443750000000025,7.995833333333351,12.56791666666669
2017-10-16,9.96333333333336,82.25,2.2083333333333335,10,12.16333333333335,10.355416666666692,12.603333333333351,9.443750000000025,7.995833333333351,12.56791666666669,11.356666666666685
2017-10-17,12.16333333333335,75.95833333333333,4.916666666666667,10,10.355416666666692,12.603333333333351,9.443750000000025,7.995833333333351,12.56791666666669,11.356666666666685,10.89250000000002
2017-10-18,10.355416666666692,77.29166666666667,3.5416666666666665,10,12.603333333333351,9.443750000000025,7.995833333333351,12.56791666666669,11.356666666666685,10.89250000000002,9.951666666666688
2017-10-19,12.603333333333351,92.75,4.666666666666667,10,9.443750000000025,7.995833333333351,12.56791666666669,11.356666666666685,10.89250000000002,9.951666666666688,11.305833333333352
2017-10-20,9.443750000000025,88.95833333333333,4.541666666666667,10,7.995833333333351,12.56791666666669,11.356666666666685,10.89250000000002,9.951666666666688,11.305833333333352,10.41041666666669
2017-10-21,7.995833333333351,90.16666666666667,3.0833333333333335,10,12.56791666666669,11.356666666666685,10.89250000000002,9.951666666666688,11.305833333333352,10.41041666666669,10.775000000000022
2017-10-22,12.56791666666669,88.5,5.791666666666667,10,11.356666666666685,10.89250000000002,9.951666666666688,11.305833333333352,10.41041666666669,10.775000000000022,10.449583333333356
2017-10-23,11.356666666666685,85.16666666666667,1.875,10,10.89250000000002,9.951666666666688,11.305833333333352,10.41041666666669,10.775000000000022,10.449583333333356,9.34291666666669
2017-10-24,10.89250000000002,80.83333333333333,2.2916666666666665,10,9.951666666666688,11.305833333333352,10.41041666666669,10.775000000000022,10.449583333333356,9.34291666666669,7.362083333333348
2017-10-25,9.951666666666688,86.125,2.25,10,11.305833333333352,10.41041666666669,10.775000000000022,10.449583333333356,9.34291666666669,7.362083333333348,10.50375000000002
2017-10-26,11.305833333333352,86.91666666666667,2.5,10,10.41041666666669,10.775000000000022,10.449583333333356,9.34291666666669,7.362083333333348,10.50375000000002,8.57291666666668
2017-10-27,10.41041666666669,83.33333333333333,2.875,10,10.775000000000022,10.449583333333356,9.34291666666669,7.362083333333348,10.50375000000002,8.57291666666668,3.9250000000000185
2017-10-28,10.775000000000022,81.75,1.2916666666666667,10,10.449583333333356,9.34291666666669,7.362083333333348,10.50375000000002,8.57291666666668,3.9250000000000185,2.553750000000013
2017-10-29,10.449583333333356,89.45833333333333,0.9583333333333334,10,9.34291666666669,7.362083333333348,10.50375000000002,8.57291666666668,3.9250000000000185,2.553750000000013,2.944583333333353
2017-10-30,9.34291666666669,83.375,2.7916666666666665,10,7.362083333333348,10.50375000000002,8.57291666666668,3.9250000000000185,2.553750000000013,2.944583333333353,2.638333333333352
2017-10-31,7.362083333333348,70.625,1.7916666666666667,10,10.50375000000002,8.57291666666668,3.9250000000000185,2.553750000000013,2.944583333333353,2.638333333333352,3.365000000000016
2017-11-01,10.50375000000002,75.95833333333333,2.5416666666666665,11,8.57291666666668,3.9250000000000185,2.553750000000013,2.944583333333353,2.638333333333352,3.365000000000016,7.470874164791685
2017-11-02,8.57291666666668,84.66666666666667,5.416666666666667,11,3.9250000000000185,2.553750000000013,2.944583333333353,2.638333333333352,3.365000000000016,7.470874164791685,7.400274842416685
2017-11-03,3.9250000000000185,92.41666666666667,3.7916666666666665,11,2.553750000000013,2.944583333333353,2.638333333333352,3.365000000000016,7.470874164791685,7.400274842416685,7.227083333333364
2017-11-04,2.553750000000013,81.79166666666667,1.5416666666666667,11,2.944583333333353,2.638333333333352,3.365000000000016,7.470874164791685,7.400274842416685,7.227083333333364,6.140261021958352
2017-11-05,2.944583333333353,94.75,2.9583333333333335,11,2.638333333333352,3.365000000000016,7.470874164791685,7.400274842416685,7.227083333333364,6.140261021958352,10.10583333333335
2017-11-06,2.638333333333352,90.08333333333333,1.2916666666666667,11,3.365000000000016,7.470874164791685,7.400274842416685,7.227083333333364,6.140261021958352,10.10583333333335,10.047083333333354
2017-11-07,3.365000000000016,68.83333333333333,2.2916666666666665,11,7.470874164791685,7.400274842416685,7.227083333333364,6.140261021958352,10.10583333333335,10.047083333333354,8.441666666666682
2017-11-08,7.470874164791685,53.25,2.9166666666666665,11,7.400274842416685,7.227083333333364,6.140261021958352,10.10583333333335,10.047083333333354,8.441666666666682,9.366703565958355
2017-11-09,7.400274842416685,85.33333333333333,1.9166666666666667,11,7.227083333333364,6.140261021958352,10.10583333333335,10.047083333333354,8.441666666666682,9.366703565958355,6.565000000000022
2017-11-10,7.227083333333364,97.20833333333333,1.7083333333333333,11,6.140261021958352,10.10583333333335,10.047083333333354,8.441666666666682,9.366703565958355,6.565000000000022,6.142083333333349
2017-11-11,6.140261021958352,95.0,1.2916666666666667,11,10.10583333333335,10.047083333333354,8.441666666666682,9.366703565958355,6.565000000000022,6.142083333333349,7.420416666666685
2017-11-12,10.10583333333335,88.58333333333333,2.4166666666666665,11,10.047083333333354,8.441666666666682,9.366703565958355,6.565000000000022,6.142083333333349,7.420416666666685,7.06125000000002
2017-11-13,10.047083333333354,87.04166666666667,4.583333333333333,11,8.441666666666682,9.366703565958355,6.565000000000022,6.142083333333349,7.420416666666685,7.06125000000002,7.944583333333358
2017-11-14,8.441666666666682,83.75,7.166666666666667,11,9.366703565958355,6.565000000000022,6.142083333333349,7.420416666666685,7.06125000000002,7.944583333333358,5.442500000000019
2017-11-15,9.366703565958355,74.54166666666667,5.625,11,6.565000000000022,6.142083333333349,7.420416666666685,7.06125000000002,7.944583333333358,5.442500000000019,14.675833333333356
2017-11-16,6.565000000000022,87.29166666666667,3.1666666666666665,11,6.142083333333349,7.420416666666685,7.06125000000002,7.944583333333358,5.442500000000019,14.675833333333356,14.38250000000002
2017-11-17,6.142083333333349,87.33333333333333,3.4166666666666665,11,7.420416666666685,7.06125000000002,7.944583333333358,5.442500000000019,14.675833333333356,14.38250000000002,8.926666666666684
2017-11-18,7.420416666666685,78.45833333333333,2.75,11,7.06125000000002,7.944583333333358,5.442500000000019,14.675833333333356,14.38250000000002,8.926666666666684,7.844166666666685
2017-11-19,7.06125000000002,73.04166666666667,3.0416666666666665,11,7.944583333333358,5.442500000000019,14.675833333333356,14.38250000000002,8.926666666666684,7.844166666666685,9.426666666666693
2017-11-20,7.944583333333358,90.54166666666667,3.4166666666666665,11,5.442500000000019,14.675833333333356,14.38250000000002,8.926666666666684,7.844166666666685,9.426666666666693,6.7041666666666915
2017-11-21,5.442500000000019,95.04166666666667,1.5833333333333333,11,14.675833333333356,14.38250000000002,8.926666666666684,7.844166666666685,9.426666666666693,6.7041666666666915,6.944166666666686
2017-11-22,14.675833333333356,95.79166666666667,3.9583333333333335,11,14.38250000000002,8.926666666666684,7.844166666666685,9.426666666666693,6.7041666666666915,6.944166666666686,6.122916666666687
2017-11-23,14.38250000000002,90.70833333333333,4.291666666666667,11,8.926666666666684,7.844166666666685,9.426666666666693,6.7041666666666915,6.944166666666686,6.122916666666687,9.890000000000043
